spc_id,year,spc_type,selected_by,test_col,x,y,dswe.area,dswe.pa,tri,elev.dpt,elev.abv,postOcc,preOcc,dsweSept7,HLS.Sgreen,HLS.Snir,HLS.Sswir1,HLS.Smndwi,HLS.Smndwi.mx
1168520,2021,dry,annotated,0,546945,5136615,1800,0.1,0.02838211134076118,-0.003326416015625,-0.003326416015625,0.190476194024086,0.3333333432674408,5,0.05900000035762787,0.13689999282360077,0.13449999690055847,-0.4918173849582672,-0.2398190051317215
1168512,2021,dry,annotated,0,546945,5135955,9900,0.0484848484848485,0.17217566072940826,0.500732421875,-0.031005859375,0.3846153914928436,0.3333333432674408,5,0.0471000000834465,0.11330000311136246,0.131400004029274,-0.4793741106986999,-0.3027026951313019
1168574,2021,dry,annotated,0,547005,5135925,9900,0.0484848484848485,0.04174024984240532,0.528656005859375,-0.003082275390625,0.1538461595773697,0.3333333432674408,5,0.03620000183582306,0.07235000282526016,0.11114999651908876,-0.5076727271080017,-0.327531635761261
1168967,2021,dry,annotated,0,547185,5134815,63900,0.0244131455399061,0.29050299525260925,1.989105224609375,-0.2530517578125,0,0,5,0.10289999842643738,0.22779999673366547,0.3194499909877777,-0.5152100920677185,-0.4902290403842926
1169054,2021,em_veg,annotated,0,547245,5134755,63900,0.0244131455399061,0,2.43902587890625,0.196868896484375,0.4583333432674408,0.3333333432674408,4,0.05045000091195106,0.09380000084638596,0.1026500016450882,-0.380001038312912,-0.2541857063770294
1169210,2021,em_veg,annotated,0,547275,5134875,63900,0.0244131455399061,4.8522950237384066e-5,2.43902587890625,0.196868896484375,0.40740740299224854,1,5,0.05654999986290932,0.12049999833106996,0.11834999918937684,-0.3785093426704407,-0.32639649510383606
1168742,2021,em_veg,random_draw,0,547095,5134455,65700,0.028310502283105,0.31030187010765076,0.843292236328125,-0.24639892578125,0,0,5,0.06260000169277191,0.14869999885559082,0.2132000029087067,-0.5974289774894714,-0.4698379933834076
1168909,2021,em_veg,random_draw,0,547155,5134305,65700,0.028310502283105,0.22440087795257568,0.48956298828125,-0.600128173828125,0,0,5,0.07240000367164612,0.14339999854564667,0.26570001244544983,-0.5675733685493469,-0.4706546366214752
1169102,2021,em_veg,random_draw,0,547245,5134365,65700,0.028310502283105,0,1.130523681640625,0.04083251953125,0.20000000298023224,1,5,0.04270000010728836,0.05950000137090683,0.05590000003576279,-0.18158122897148132,0.1633780598640442
1169186,2021,em_veg,random_draw,0,547275,5134245,65700,0.028310502283105,0.2646237313747406,0.497222900390625,-0.59246826171875,0,0,5,0.08344999700784683,0.1488499939441681,0.2170500010251999,-0.4742853045463562,-0.4202166199684143
1169346,2021,em_veg,random_draw,0,547335,5134035,65700,0.028310502283105,0.03012770600616932,1.120330810546875,0.0306396484375,0,1,5,0.05510000139474869,0.09009999781847,0.1265999972820282,-0.2869269847869873,-0.1340388059616089
1169444,2021,em_veg,random_draw,0,547395,5134305,65700,0.028310502283105,0.1897832751274109,0.940673828125,-0.149017333984375,0,0,5,0.0601000003516674,0.11749999970197678,0.16689999401569366,-0.5472249388694763,-0.4450216591358185
1169526,2021,em_veg,random_draw,0,547425,5134185,65700,0.028310502283105,0.11748003214597702,1.005401611328125,-0.08428955078125,0,0,5,0.05590000003576279,0.10509999841451644,0.13940000534057617,-0.4234234094619751,-0.33926981687545776
1169544,2021,em_veg,random_draw,0,547425,5134065,65700,0.028310502283105,0.19270916283130649,0.805633544921875,-0.2840576171875,0,0.3333333432674408,5,0.07074999809265137,0.13774999976158142,0.2195499986410141,-0.5044522285461426,-0.44617223739624023
1163197,2021,deep_viz,annotated,0,544365,5124765,694800,0.00829015544041451,0,3.3870849609375,0.01995849609380684,1,1,1,0.03700000047683716,0.01820000074803829,0.01909999921917915,0.31046929955482483,0.4172932207584381
1163205,2021,dry,annotated,0,544395,5124285,694800,0.00829015544041451,0.1333262324333191,3.366729736328125,-3.967285155681566e-4,1,1,3,0.04774999991059303,0.06300000101327896,0.06084999814629555,-0.0808643028140068,-0.05048859864473343
1163318,2021,dry,annotated,0,544425,5124165,694800,0.00829015544041451,0.19651202857494351,3.001678466796875,-0.36544799804681816,0,0,5,0.07625000178813934,0.20229999721050265,0.23070000112056732,-0.48729419708251953,-0.47744107246398926
1164429,2021,em_veg,annotated,0,544695,5124945,694800,0.00829015544041451,0.1492365002632141,3.222320556640625,-0.14480590820306816,0.625,0.6666666865348816,5,0.0783500000834465,0.17315000295639038,0.18000000715255737,-0.3670312166213989,-0.26465028524398804
1164583,2021,deep_viz,annotated,0,544725,5124225,694800,0.00829015544041451,0,3.3870849609375,0.01995849609380684,1,1,1,0.03429999947547912,0.01579999923706054,0.01214999984949827,0.4603745043277741,0.5148935914039612
1164591,2021,deep_viz,annotated,0,544725,5123745,694800,0.00829015544041451,0,3.3870849609375,0.01995849609380684,1,1,1,0.03530000150203705,0.01549999974668026,0.01370000001043081,0.4408163130283356,0.4600431919097901
1164709,2021,glint,annotated,0,544755,5123415,694800,0.00829015544041451,0.1225120797753334,3.268768310546875,-0.09835815429681816,0.04545454680919647,1,5,0.05609999969601631,0.07559999823570251,0.08659999817609787,-0.2149200737476349,-0.17503392696380615
1164948,2021,dry,annotated,0,544785,5124105,694800,0.00829015544041451,0.31529462337493896,3.192596435546875,-0.17453002929681816,1,1,3,0.05790000036358833,0.07240000367164612,0.07940000295639038,-0.15659140050411224,-0.13410770893096924
1165175,2021,deep_water,random_draw,0,544875,5123265,126000,0.0223809523809524,0.10597912967205048,0.38385009765625,-0.0360107421875,0.47826087474823,0.3333333432674408,5,0.04360000044107437,0.09969999641180038,0.10159999877214432,-0.42097902297973633,-0.31683847308158875
1165313,2021,deep_water,random_draw,0,544905,5123145,126000,0.0223809523809524,0.00240168930031359,0.484710693359375,0.064849853515625,0.6086956262588501,0.6666666865348816,5,0.05020000040531158,0.13224999606609344,0.11285000294446944,-0.42495372891426086,-0.2839506268501282
1165677,2021,deep_water,random_draw,0,545025,5122845,126000,0.0223809523809524,0.03076237626373768,0.475982666015625,0.056121826171875,0.5925925970077515,0.3333333432674408,5,0.031700000166893,0.06049999967217445,0.07419999688863754,-0.4168350100517273,-0.2830188572406769
1165724,2021,deep_water,random_draw,0,545025,5123295,126000,0.0223809523809524,0.16161106526851654,0.161773681640625,-0.258087158203125,0.2083333283662796,0.3333333432674408,5,0.05070000141859054,0.1238500028848648,0.13050000369548798,-0.4271814525127411,-0.3585100769996643
1165767,2021,deep_water,random_draw,0,545055,5123145,126000,0.0223809523809524,0.15902534127235413,0.3236083984375,-0.09625244140625,0,0,5,0.07615000009536743,0.17509999871253967,0.18860000371932983,-0.4560214877128601,-0.42093199491500854
1165797,2021,deep_water,random_draw,0,545055,5122965,126000,0.0223809523809524,0.18044644594192505,0.35040283203125,-0.0694580078125,0.3703703582286834,0,5,0.05505000054836273,0.12060000002384186,0.1436000019311905,-0.425522118806839,-0.4011741578578949
1165929,2021,deep_water,random_draw,0,545175,5123325,126000,0.0223809523809524,0.08342030644416809,0.30419921875,-0.11566162109375,0,0,5,0.09570000320672988,0.2526000142097473,0.335999995470047,-0.5399101376533508,-0.5264590382575989
1165957,2021,deep_water,random_draw,0,545205,5123445,126000,0.0223809523809524,0.09501566737890244,0.386474609375,-0.03338623046875,0.07999999821186066,0,5,0.04825000092387199,0.12690000236034393,0.1326500028371811,-0.4534533023834229,-0.43392857909202576
1165569,2021,deep_water,random_draw,0,544995,5123115,126000,0.0223809523809524,0,0.484710693359375,0.064849853515625,1,1,4,0.01685000024735927,0.0132499998435378,0.0236000008881092,-0.171669602394104,0.22909091413021088
1165576,2021,deep_water,random_draw,0,544995,5123025,126000,0.0223809523809524,1.3014998694416136e-4,0.484710693359375,0.064849853515625,0.9200000166893004,1,5,0.02099999971687793,0.02250000089406967,0.03159999847412109,-0.28421053290367126,0.1631578952074051
1164644,2021,dry,annotated,0,544725,5122365,49500,0.0290909090909091,0.10114643722772598,0.459808349609375,-0.05029296875,0.7692307829856873,0.25,4,0.05950000137090683,0.12939999997615814,0.13740000128746033,-0.3956322968006134,-0.3399103283882141
2416684,2021,em_veg,random_draw,0,544785,5116515,15300,0.0549019607843137,0.12186029553413393,0.568023681640625,0.071258544921875,0.04347826167941093,0,5,0.05920000001788139,0.1543000042438507,0.13660000264644623,-0.4739075005054474,-0.3765139579772949
2416703,2021,em_veg,random_draw,0,544815,5116635,15300,0.0549019607843137,0.07796818763017654,0.5308837890625,0.03411865234375,0.119999997317791,0,5,0.05900000035762787,0.1535000056028366,0.14910000562667847,-0.4444444477558136,-0.32741791009902954
2416540,2021,dry,annotated,0,544635,5110425,3600,0.0833333333333333,0.5858972668647766,-0.19778442382818184,-1.390228271484375,0,0.3333333432674408,5,0.09120000153779984,0.21719999611377716,0.2711000144481659,-0.5434677004814148,-0.468841016292572
2416792,2021,dry,annotated,0,544845,5110485,15300,0.0431372549019608,0.7751805782318115,3.125640869140625,0.00967407226556815,0.26923078298568726,0,5,0.05669999867677688,0.13414999842643738,0.1554500013589859,-0.4701606631278992,-0.4272300601005554
2421622,2021,deep_water,random_draw,0,547125,5110065,38700,0.0310077519379845,0.089164838194847107,0.595428466796875,-0.04150390625005684,0.5454545617103577,0.75,5,0.06204999983310699,0.11079999804496764,0.13075000047683716,-0.4569065570831299,-0.3096707761287689
2421675,2021,deep_water,random_draw,0,547155,5109825,38700,0.0310077519379845,0.272255539894104,0.131134033203125,-0.5057983398438068,0,0,5,0.07935000211000443,0.19394999742507937,0.2691499888896942,-0.53812575340271,-0.47200000286102295
2421836,2021,deep_water,random_draw,0,547185,5109945,38700,0.0310077519379845,5.798339770990424e-6,0.66168212890625,0.02474975585931815,1,1,3,0.0348999984562397,0.03150000050663948,0.03604999929666519,-0.12346774339675903,0.15638449788093567
2421861,2021,deep_water,random_draw,0,547185,5110125,38700,0.0310077519379845,0.05778517201542854,0.61480712890625,-0.02212524414068184,0.8181818127632141,1,4,0.03965000063180923,0.0632999986410141,0.06759999692440033,-0.25065872073173523,-0.17408907413482666
2421148,2021,deep_water,random_draw,0,546975,5109585,49500,0.0303030303030303,0.07446987926959991,4.036041259765625,0.707427978515625,0.04545454680919647,0,5,0.07029999792575836,0.1414999961853027,0.28200000524520874,-0.5917515158653259,-0.47478070855140686
2421483,2021,deep_water,random_draw,0,547095,5109525,49500,0.0303030303030303,0.19771263003349304,1.708953857421875,-1.619659423828125,0,0,5,0.0812000036239624,0.20559999346733093,0.32760000228881836,-0.6188688278198242,-0.46277204155921936
2421837,2021,deep_water,random_draw,0,547185,5109435,49500,0.0303030303030303,0.00310797523707151,3.97265625,0.64404296875,0.8181818127632141,0.5,3,0.03559999912977218,0.06120000034570694,0.08739999681711197,-0.47277557849884033,-0.0704960823059082
2422014,2021,deep_water,random_draw,0,547215,5109525,49500,0.0303030303030303,0.02102870494127273,3.967498779296875,0.638885498046875,1,0.75,3,0.0324999988079071,0.05779999867081642,0.07599999755620956,-0.37130802869796753,-0.11407767236232758
2422028,2021,deep_water,random_draw,0,547245,5109345,49500,0.0303030303030303,0,3.97265625,0.64404296875,1,1,3,0.02979999966919422,0.02569999918341636,0.03280000016093254,-0.08583246916532516,0.3846153914928436
2422335,2021,deep_water,random_draw,0,547305,5109435,49500,0.0303030303030303,0.04803536459803581,3.960723876953125,0.632110595703125,0.8500000238418579,0.6666666865348816,4,0.04320000112056732,0.09544999897480012,0.10774999856948853,-0.4064916968345642,-0.3217279314994812
2603107,2021,dry,annotated,0,549195,5108805,193500,0.0316279069767442,0.12217725068330763,1.026824951171875,-0.1536865234375,0.3684210479259491,1,5,0.0604499988257885,0.14180000126361847,0.1440500020980835,-0.3887098431587219,-0.327036589384079
2604489,2021,deep_water,random_draw,0,549615,5108475,2700,0.0888888888888889,0.18308712542057037,0.538177490234375,-0.09100341796875,0.095238097012043,0.6666666865348816,5,0.04084999859333038,0.14480000734329224,0.15449999272823334,-0.5771815776824951,-0.4877745509147644
2604195,2021,dry,annotated,0,549495,5107905,1800,0.1,0.06074294447898865,0.095733642578125,0.00631713867193184,0.25,0.6666666865348816,5,0.05240000039339065,0.13269999623298645,0.1412999927997589,-0.4589571356773377,-0.4589571356773377
2603353,2021,em_veg,annotated,0,549255,5107545,28800,0.0333333333333333,0.04413957893848419,0.568939208984375,0.032623291015625,0.4000000059604645,0.6666666865348816,5,0.04179999977350235,0.10610000044107436,0.10869999974966048,-0.5133876800537109,-0.2823529541492462
2603384,2021,dry,annotated,0,549285,5107455,28800,0.0333333333333333,0.12257840484380722,0.343658447265625,-0.192657470703125,0.22727273404598236,0.6666666865348816,5,0.09149999916553496,0.22300000488758087,0.2387000024318695,-0.42243435978889465,-0.40051114559173584
2603649,2021,em_veg,annotated,0,549345,5107605,28800,0.0333333333333333,0.03794362768530845,0.57427978515625,0.0379638671875,0.6842105388641357,1,4,0.0568000003695488,0.11429999768733978,0.1184000000357628,-0.2820790410041809,-0.26233765482902527
2603784,2021,em_veg,annotated,0,549375,5107515,28800,0.0333333333333333,0.20617949962615967,0.343231201171875,-0.193084716796875,0.5789473652839661,1,5,0.05514999851584434,0.13085000216960907,0.11990000307559968,-0.3729334771633148,-0.32144978642463684
2603925,2021,dry,annotated,0,549435,5107605,28800,0.0333333333333333,0.16534489393234253,0.3504638671875,-0.18585205078125,0,0.3333333432674408,5,0.0986500009894371,0.263949990272522,0.272599995136261,-0.46182921528816223,-0.41814443469047546
2604461,2021,dry,annotated,0,549585,5105925,577800,0.0130841121495327,0.22835807502269745,2.597747802734375,-0.759490966796875,0,0,5,0.07029999792575836,0.14800000190734863,0.2883000075817108,-0.6005405187606812,-0.5474452376365662
2604471,2021,dry,annotated,0,549585,5106075,577800,0.0130841121495327,0,3.411956787109375,0.054718017578125,0.7142857313156128,1,5,0.04280000180006027,0.08299999684095383,0.07729999721050262,-0.28936171531677246,-0.04784130677580833
2605300,2021,dry,annotated,0,549795,5106015,577800,0.0130841121495327,0.11468058824539185,3.044677734375,-0.31256103515625,0,0,5,0.0714000016450882,0.15700000524520874,0.2685999870300293,-0.5435897707939148,-0.5265498161315918
2604836,2021,dry,annotated,0,549705,5105235,4500,0.0666666666666667,0.07546915858983994,0.36480712890625,0.00396728515625,0.03703703731298447,0.75,5,0.04475000128149986,0.1058500036597252,0.1111000031232834,-0.43663138151168823,-0.3734939694404602
2605039,2021,em_veg,annotated,0,549765,5104755,15300,0.0392156862745098,0.1291898488998413,0.69427490234375,-0.082550048828125,0.27272728085517883,0.3333333432674408,5,0.08020000159740448,0.20250000059604645,0.22059999406337735,-0.4522712230682373,-0.380405992269516
2605302,2021,em_veg,annotated,0,549795,5104665,15300,0.0392156862745098,0.01936324499547481,0.84228515625,0.065460205078125,0.44999998807907104,0.3333333432674408,5,0.03720000013709068,0.06509999930858612,0.07840000092983246,-0.3799999952316284,-0.1851106584072113
2603918,2021,dry,annotated,0,549405,5103705,14400,0.0416666666666667,0.01752812229096889,0.364166259765625,0.059844970703125,0.30000001192092896,0.6666666865348816,5,0.04580000042915344,0.11400000005960464,0.10260000079870224,-0.3827493190765381,-0.2786885201931
2604816,2021,em_veg,annotated,0,549675,5101335,27900,0.0344086021505376,0.19197803735733032,1.09002685546875,-0.087249755859375,0.2857142984867096,0.75,4,0.08624999970197678,0.20100000500679016,0.23385000228881836,-0.4573315382003784,-0.3860008120536804
2605317,2021,em_veg,annotated,0,549795,5101305,27900,0.0344086021505376,0.2051028460264206,1.085205078125,-0.092071533203125,0.4736842215061188,0.75,4,0.07079999893903732,0.16535000503063202,0.18359999358654025,-0.45789462327957153,-0.36021220684051514
2605627,2021,em_veg,annotated,0,549885,5101305,27900,0.0344086021505376,0.05107458680868149,1.258544921875,0.081268310546875,0.9047619104385376,0.5,3,0.03920000046491623,0.07180000096559525,0.08219999819993973,-0.34643733501434326,-0.3110959827899933
2604381,2021,dry,annotated,0,549585,5100915,4500,0.0666666666666667,0.1507057249546051,0.479034423828125,-0.108856201171875,0.3125,0.5,5,0.065700002014637,0.14550000429153442,0.1736000031232834,-0.441478431224823,-0.4043746590614319
2604474,2021,dry,annotated,0,549615,5100975,4500,0.0666666666666667,0.2970653474330902,-0.05511474609375,-0.64300537109375,0,0,5,0.08889999985694885,0.23285000026226044,0.28999999165534973,-0.5287795662879944,-0.5094441175460815
2604536,2021,deep_water,random_draw,0,549615,5100285,17100,0.0385964912280702,0.07894603908061981,0.144500732421875,-0.081573486328125,0.3913043439388275,1,5,0.07644999772310257,0.18000000715255737,0.16590000689029694,-0.369008332490921,-0.3555114269256592
2604968,2021,deep_water,random_draw,0,549735,5100315,17100,0.0385964912280702,0.05894970521330833,0.203125,-0.02294921875,0.5714285969734192,0.3333333432674408,5,0.06620000302791595,0.1667499989271164,0.17184999585151672,-0.4487782120704651,-0.2868068814277649
2603945,2021,em_veg,annotated,0,549405,5100105,7200,0.0666666666666667,0.0782286673784256,0.1783447265625,-0.011383056640625,0.1818181872367859,0.25,5,0.05034999921917915,0.13384999334812164,0.1451999992132187,-0.4792403876781464,-0.4180791079998016
2604146,2021,em_veg,annotated,0,549495,5100075,7200,0.0666666666666667,0.10229572653770448,0.178863525390625,-0.0108642578125,0.1304347813129425,0.25,5,0.06769999861717224,0.1720999926328659,0.1776999980211258,-0.4656103849411011,-0.4192534387111664
2604857,2021,deep_water,random_draw,0,549705,5099505,19800,0.0333333333333333,0.00430274987593293,1.51654052734375,0.043060302734375,0.949999988079071,0.800000011920929,3,0.02400000020861625,0.05970000103116035,0.06809999793767929,-0.24043716490268707,0.22751322388648987
2604940,2021,deep_water,random_draw,0,549735,5099625,19800,0.0333333333333333,0.4547978341579437,1.178680419921875,-0.2947998046875,0.4000000059604645,0,5,0.07649999856948853,0.2079000025987625,0.20829999446868896,-0.4627808928489685,-0.4234234094619751
2604791,2021,deep_water,random_draw,0,549675,5099235,220500,0.0152380952380952,0.12954546511173248,4.90325927734375,0.035064697265625,0.9047619104385376,0.800000011920929,3,0.05880000069737434,0.10459999740123747,0.11299999803304672,-0.32371392846107483,-0.22431258857250216
2604881,2021,deep_water,random_draw,0,549705,5099355,220500,0.0152380952380952,0.1892569661140442,4.860015869140625,-0.0081787109375,0.6190476417541504,0.4000000059604645,5,0.05909999832510948,0.1485999971628189,0.1378999948501587,-0.4085801839828491,-0.22795557975769043
2605371,2021,deep_water,random_draw,0,549825,5099355,220500,0.0152380952380952,0,4.926971435546875,0.05877685546875,1,1,3,0.03575000166893005,0.022749999538064,0.02569999918341636,0.133728489279747,0.49882903695106506
2605373,2021,deep_water,random_draw,0,549825,5099235,220500,0.0152380952380952,0.8629608154296875,4.26214599609375,-0.606048583984375,1,1,4,0.05990000069141388,0.11980000138282776,0.13130000233650208,-0.3641618490219116,-0.24289195239543915
2605845,2021,deep_water,random_draw,0,549945,5099475,220500,0.0152380952380952,0,4.926971435546875,0.05877685546875,1,1,3,0.02910000085830688,0.02730000019073486,0.03734999895095825,-0.05742275714874267,0.3547094166278839
2605874,2021,deep_water,random_draw,0,549945,5099325,220500,0.0152380952380952,0,4.926971435546875,0.05877685546875,1,1,3,0.03784999996423721,0.02594999969005584,0.0260000005364418,0.18051274120807648,0.9617486596107484
2606045,2021,deep_water,random_draw,0,549975,5099655,220500,0.0152380952380952,0.00118448713328689,4.926971435546875,0.05877685546875,0.8888888955116272,1,3,0.02930000051856041,0.031700000166893,0.0575999990105629,-0.42266011238098145,0.23859648406505585
2606270,2021,deep_water,random_draw,0,550035,5099535,220500,0.0152380952380952,0,4.926971435546875,0.05877685546875,1,1,1,0.03009999915957451,0.02549999952316284,0.01899999938905239,0.17972350120544434,0.365609347820282
2606398,2021,deep_water,random_draw,0,550065,5099415,220500,0.0152380952380952,0.5073996782302856,4.363525390625,-0.504669189453125,0.4545454680919647,0.6000000238418579,5,0.07620000094175339,0.1738000065088272,0.1987999975681305,-0.43519365787506104,-0.3774038553237915
2606414,2021,deep_water,random_draw,0,550065,5099655,220500,0.0152380952380952,0,4.926971435546875,0.05877685546875,0.6842105388641357,1,4,0.08860000222921371,0.19050000607967377,0.1981000006198883,-0.3772084712982178,-0.34214091300964355
2604161,2021,dry,annotated,0,549495,5097255,162000,0.0233333333333333,0.3667993247509002,0.5779113769530682,-1.130035400390625,0,0,5,0.11749999970197678,0.25940001010894775,0.3384999930858612,-0.4898608326911926,-0.4581089913845062
2604411,2021,dry,annotated,0,549585,5097945,162000,0.0233333333333333,0.22504016757011416,1.1442565917968182,-0.563690185546875,0,0,5,0.0815500020980835,0.18240000307559967,0.26499998569488525,-0.5475187301635742,-0.44367942214012146
2605081,2021,dry,annotated,0,549765,5097435,162000,0.0233333333333333,0,1.7375183105468182,0.029571533203125,0.699999988079071,1,4,0.05734999850392341,0.10275000333786012,0.10679999738931656,-0.34536194801330566,-0.2317708283662796
2604562,2021,em_veg,annotated,0,549615,5095965,8100,0.0518518518518519,0.04038507491350174,0.501312255859375,0.002532958984375,0.25,0.75,4,0.05689999833703041,0.12960000336170197,0.1518000066280365,-0.44685137271881104,-0.2658064663410187
2604648,2021,dry,annotated,0,549645,5095995,8100,0.0518518518518519,0.13460345566272736,0.428375244140625,-0.070404052734375,0.06666667014360428,0.5,5,0.07699999958276749,0.19769999384880063,0.24130000174045563,-0.4890678822994232,-0.42384105920791626
2602718,2021,em_veg,annotated,0,549105,5095875,5400,0.0666666666666667,0.00610175030305981,0.323150634765625,0.053192138671875,0.8500000238418579,0.5,4,0.02969999983906746,0.08595000207424164,0.09314999729394911,-0.5591790676116943,-0.4230503737926483
2602609,2021,em_veg,annotated,0,549075,5095425,351900,0.0196078431372549,6.183037767186761e-4,2.4189453125,0.04010009765625,1,1,3,0.02349999919533729,0.06270000338554382,0.05249999836087227,-0.3386581540107727,-0.23094959557056427
2602772,2021,dry,annotated,0,549135,5095335,351900,0.0196078431372549,0.13680662214756012,2.19720458984375,-0.181640625,0,1,5,0.09549999982118608,0.22419999539852145,0.2377000004053116,-0.409221887588501,-0.3786739706993103
2602840,2021,em_veg,annotated,0,549105,5095545,351900,0.0196078431372549,0,2.4189453125,0.04010009765625,1,1,3,0.03119999915361404,0.04940000176429748,0.05040000006556511,-0.1257861703634262,-0.03485254570841789
2603369,2021,dry,annotated,0,549255,5095485,351900,0.0196078431372549,0.1478182077407837,1.89129638671875,-0.487548828125,0,0,5,0.08630000054836273,0.20180000364780423,0.2450000047683716,-0.4928004741668701,-0.4622208774089813
2603567,2021,em_veg,annotated,0,549315,5095395,351900,0.0196078431372549,0.02895600348711013,2.41412353515625,0.0352783203125,0.7727272510528564,1,4,0.03015000000596046,0.06464999914169312,0.07500000298023224,-0.42809611558914185,-0.3056163489818573
9283807,2021,dry,annotated,0,548895,5095425,351900,0.0196078431372549,0.2888047397136688,1.84197998046875,-0.536865234375,0,0,5,0.10189999639987946,0.2460500001907349,0.2599000036716461,-0.46939417719841,-0.4128546714782715
2605940,2021,deep_water,random_draw,0,549975,5095335,23400,0.041025641025641,0.0955972671508789,0.6885986328125,-0.0865478515625,0.23529411852359772,1,5,0.0689999982714653,0.15690000355243683,0.14920000731945038,-0.38926827907562256,-0.3675526976585388
2606356,2021,deep_water,random_draw,0,550035,5095245,23400,0.041025641025641,0.3606453835964203,0.58551025390625,-0.18963623046875,0.5,0.6666666865348816,4,0.06150000169873237,0.1518000066280365,0.14710000157356262,-0.3974122107028961,-0.38576483726501465
2606382,2021,deep_water,random_draw,0,550035,5095365,23400,0.041025641025641,0.09464646130800249,0.774505615234375,-6.40869140625e-4,0.46666666865348816,0.75,5,0.0544000007212162,0.12600000202655792,0.1428000032901764,-0.4361542165279389,-0.32042473554611206
2607059,2021,deep_water,random_draw,0,550125,5095275,23400,0.041025641025641,0.02266331762075424,0.851409912109375,0.076263427734375,0.5,0.75,3,0.01515000034123659,0.04084999859333038,0.06150000169873237,-0.5357710719108582,-0.2836134433746338
2607609,2021,deep_water,random_draw,0,550245,5095215,23400,0.041025641025641,0.4656623005867005,0.384185791015625,-0.390960693359375,0,0.75,5,0.08449999988079071,0.1972000002861023,0.20059999823570251,-0.38834598660469055,-0.332710862159729
2606274,2021,deep_water,random_draw,0,550035,5095065,34200,0.0385964912280702,0.02740336582064628,1.13421630859375,0.067230224609375,0.4375,0.6666666865348816,5,0.03739999979734421,0.08429999649524689,0.0949999988079071,-0.3948718011379242,-0.10846245288848876
2606680,2021,deep_water,random_draw,0,550095,5095185,34200,0.0385964912280702,0.30713507533073425,1.0421142578125,-0.024871826171875,0.0833333358168602,0.6666666865348816,5,0.07405000180006027,0.16455000638961792,0.1664000004529953,-0.3785899579524994,-0.3481481373310089
2607303,2021,deep_water,random_draw,0,550185,5095155,34200,0.0385964912280702,0.20895151793956757,0.958251953125,-0.108734130859375,0.2857142984867096,0.75,5,0.06480000168085098,0.1454000025987625,0.14900000393390656,-0.3764434158802033,-0.3716853857040405
2607637,2021,deep_water,random_draw,0,550245,5095035,34200,0.0385964912280702,8.446632418781519e-4,1.19219970703125,0.125213623046875,0.8500000238418579,0.6666666865348816,3,0.03545000031590462,0.06165000051259994,0.07729999721050262,-0.3608953356742859,-0.19371727108955383
2608434,2021,deep_water,random_draw,0,550335,5095095,34200,0.0385964912280702,0.19007354974746704,1.0186767578125,-0.048309326171875,0.3684210479259491,0.4000000059604645,5,0.04969999939203262,0.1412999927997589,0.1555500030517578,-0.5158345103263855,-0.42532220482826233
2622333,2021,em_veg,annotated,0,552435,5094795,56700,0.0296296296296296,0.08758263289928436,1.4129333496094318,-0.148956298828125,0,0,5,0.0758500024676323,0.1639000028371811,0.21535000205039975,-0.46812939643859863,-0.45927679538726807
2622580,2021,em_veg,annotated,0,552465,5094975,56700,0.0296296296296296,0.16050176322460177,1.5401916503906818,-0.021697998046875,0.30000001192092896,1,5,0.0628499984741211,0.119999997317791,0.1388999968767166,-0.3786687850952149,-0.33270764350891113
2622737,2021,dry,annotated,0,552495,5094825,56700,0.0296296296296296,0.15270978212356567,1.5345153808594318,-0.027374267578125,0,1,5,0.06449999660253525,0.1340000033378601,0.16609999537467957,-0.45345067977905273,-0.3579920828342438
2624715,2021,dry,annotated,0,552765,5094945,134100,0.0147651006711409,0.7146655917167664,1.6160888671875,-0.9002685546875,0,0,5,0.1050499975681305,0.25725001096725464,0.2888000011444092,-0.4713042676448822,-0.4572328627109528
2625172,2021,dry,annotated,0,552855,5095155,134100,0.0147651006711409,0.33841484785079956,2.236846923828125,-0.279510498046875,0,0,5,0.10649999976158142,0.25075000524520874,0.2950499951839447,-0.4704210758209229,-0.44559329748153687
2626636,2021,dry,annotated,0,553065,5095005,134100,0.0147651006711409,0.6330453753471375,1.89752197265625,-0.61883544921875,1,0.8333333134651184,4,0.06019999831914902,0.14069999754428864,0.14270000159740448,-0.4101726412773132,-0.37012264132499695
2635722,2021,deep_water,random_draw,0,554535,5094945,1800,0.1,0.31759530305862427,0.418792724609375,-0.02093505859375,0.10000000149011612,0.25,5,0.06260000169277191,0.1793999969959259,0.21930000185966492,-0.5426597595214844,-0.4516128897666931
2635752,2021,em_veg,random_draw,0,554535,5094765,118800,0.0217171717171717,0.01051530987024307,1.019134521484375,0.041015625,0.9523809552192688,1,3,0.03299999982118606,0.06440000236034393,0.08449999988079071,-0.2578616440296173,-0.04020752385258674
2635954,2021,em_veg,random_draw,0,554535,5094525,118800,0.0217171717171717,0.11132612079381944,0.931854248046875,-0.0462646484375,0.8695651888847351,0.800000011920929,4,0.05330000072717666,0.10670000314712524,0.11720000207424164,-0.446522057056427,-0.3747800588607788
2636083,2021,em_veg,random_draw,0,554565,5094675,118800,0.0217171717171717,0,1.019256591796875,0.0411376953125,1,1,3,0.02789999917149543,0.05119999870657921,0.04749999940395355,-0.1617647111415863,-0.06928104907274246
2636659,2021,em_veg,random_draw,0,554625,5094615,118800,0.0217171717171717,0.1910046935081482,0.79595947265625,-0.182159423828125,0.8260869383811951,0.6666666865348816,4,0.06424999982118607,0.1456499993801117,0.14550000429153442,-0.4176705479621887,-0.3721356689929962
2637195,2021,em_veg,random_draw,0,554685,5094945,118800,0.0217171717171717,0.01385524030774831,1.01837158203125,0.040252685546875,1,1,3,0.02474999986588955,0.0466499999165535,0.04715000092983246,-0.3161469101905823,-0.29316338896751404
2637196,2021,em_veg,random_draw,0,554685,5094825,118800,0.0217171717171717,0,1.019256591796875,0.0411376953125,1,1,1,0.02730000019073486,0.02199999988079071,0.02349999919533729,0.00440528616309165,0.5609756112098694
2637497,2021,em_veg,random_draw,0,554715,5095095,118800,0.0217171717171717,0.0864991843700409,0.996307373046875,0.0181884765625,0.7222222089767456,0.20000000298023224,3,0.02920000068843364,0.0997999981045723,0.13910000026226044,-0.5366858839988708,-0.498713344335556
2637553,2021,em_veg,random_draw,0,554715,5094705,118800,0.0217171717171717,0.15385442972183228,0.93072509765625,-0.047393798828125,0.9411764740943908,1,4,0.03584999963641167,0.0839499980211258,0.08604999631643295,-0.4105226695537567,-0.2801932394504547
2638767,2021,em_veg,random_draw,0,554835,5094825,118800,0.0217171717171717,0.01058887876570224,1.018646240234375,0.04052734375,0.9375,1,3,0.02590000070631504,0.05220000073313713,0.06080000102519989,-0.31440162658691406,-0.2021089643239975
2639131,2021,em_veg,random_draw,0,554835,5094915,118800,0.0217171717171717,0,1.019256591796875,0.0411376953125,1,1,1,0.01779999956488609,0.01489999983459711,0.02749999985098838,-0.2141280323266983,-0.2141280323266983
2636454,2021,dry,annotated,0,554565,5094075,10800,0.0444444444444444,0.08660002797842026,0.55560302734375,-0.031402587890625,0.5263158082962036,0.4000000059604645,4,0.05544999986886978,0.10984999686479568,0.1279499977827072,-0.40237167477607727,-0.35766422748565674
2634960,2021,deep_water,random_draw,0,554415,5092995,56700,0.0222222222222222,0.16853442788124084,1.24383544921875,-0.018218994140625,0.7200000286102295,1,4,0.06159999966621399,0.14990000426769257,0.17509999871253967,-0.4093959629535675,-0.3819742500782013
2635725,2021,deep_water,random_draw,0,554505,5093175,56700,0.0222222222222222,0.02090793848037719,1.3262939453125,0.064239501953125,0.9230769276618958,1,3,0.02999999932944774,0.06105000153183937,0.0831499993801117,-0.46752017736434937,-0.2787456512451172
2636252,2021,deep_water,random_draw,0,554565,5092965,56700,0.0222222222222222,0.00360997254028916,1.335540771484375,0.073486328125,0.9230769276618958,1,3,0.02989999949932098,0.04410000145435333,0.05090000107884407,-0.2401524782180786,-0.09334763884544373
2636456,2021,deep_water,random_draw,0,554595,5093055,56700,0.0222222222222222,0,1.335723876953125,0.07366943359375,1,1,1,0.02590000070631504,0.01960000023245811,0.02459999918937683,0.02053712494671344,0.41304346919059753
2636800,2021,deep_water,random_draw,0,554625,5093145,56700,0.0222222222222222,0.06848818063735962,1.27178955078125,0.009735107421875,0.8799999952316284,0.75,3,0.04535000026226044,0.0820000022649765,0.1046999990940094,-0.39838001132011414,-0.31684982776641846
2636128,2021,deep_water,random_draw,0,554565,5091825,900,0.133333333333333,0.12218247354030608,0.08917236328125,-0.034820556640625,0.1304347813129425,0.2857142984867096,5,0.02940000034868717,0.09700000286102296,0.11829999834299088,-0.6018957495689392,-0.5132145285606384
2900125,2021,em_veg,random_draw,0,553995,5089185,35100,0.0273504273504274,0.097679041326046,0.881744384765625,-0.018096923828125,0,0.5,5,0.0737999975681305,0.1582999974489212,0.19130000472068787,-0.4443250894546509,-0.3854607045650482
2900249,2021,em_veg,random_draw,0,554055,5089065,35100,0.0273504273504274,0.1428198367357254,0.762115478515625,-0.137725830078125,0,0.5,5,0.07460000365972519,0.1873999983072281,0.1934999972581863,-0.4266917407512665,-0.32761576771736145
2900716,2021,em_veg,random_draw,0,554145,5089275,35100,0.0273504273504274,0.1736629605293274,0.500396728515625,-0.399444580078125,0,0,5,0.08614999800920486,0.1821500062942505,0.321150004863739,-0.5924009680747986,-0.5313237309455872
2900767,2021,em_veg,random_draw,0,554145,5089155,35100,0.0273504273504274,0,0.9212646484375,0.02142333984375,0.3571428656578064,0.6666666865348816,5,0.01620000042021274,0.01695000007748603,0.02545000053942203,-0.24808703362941745,0.4049586653709411
2901264,2021,em_veg,random_draw,0,554235,5089095,35100,0.0273504273504274,0.34301403164863586,0.3909912109375,-0.50885009765625,0,0,5,0.09359999746084212,0.2069000005722046,0.27709999680519104,-0.49036067724227905,-0.4221092760562897
2900732,2021,em_veg,random_draw,0,554145,5088525,29700,0.0323232323232323,0.36154791712760925,0.5103759765625,-0.29986572265625,0.29032257199287415,0.8571428656578064,5,0.07169999927282333,0.185699999332428,0.16689999401569366,-0.4098210334777832,-0.38635507225990295
2900902,2021,em_veg,random_draw,0,554175,5088645,29700,0.0323232323232323,0.0033476015087217,0.881072998046875,0.070831298828125,1,1,3,0.02349999919533729,0.03875000029802322,0.05000000074505806,-0.3409487009048462,-0.284427285194397
2901451,2021,em_veg,random_draw,0,554265,5088765,29700,0.0323232323232323,4.0555736632086337e-4,0.881072998046875,0.070831298828125,0.8888888955116272,0.6666666865348816,3,0.02260000072419643,0.02859999984502792,0.03739999979734421,-0.3381037712097168,0.608540952205658
2901585,2021,em_veg,random_draw,0,554265,5088675,29700,0.0323232323232323,0.1429642140865326,0.814910888671875,0.004669189453125,0.9629629850387572,0.8571428656578064,4,0.02410000003874302,0.04410000145435333,0.06599999964237213,-0.46503883600234985,-0.4510822594165802
2900203,2021,em_veg,annotated,0,554025,5087235,7200,0.0583333333333333,0.08420887589454651,0.4168701171874432,0.031005859375,0.48148149251937866,0.3333333432674408,4,0.0430000014603138,0.11079999804496764,0.11649999767541884,-0.5420098900794983,-0.3394777178764343
2900405,2021,em_veg,annotated,0,554085,5087265,7200,0.0583333333333333,0.10351042449474336,0.40689086914056816,0.021026611328125,0.7037037014961243,0.4000000059604645,4,0.03200000151991844,0.06279999762773514,0.08820000290870667,-0.4564796984195709,-0.4167190492153168
2900680,2021,dry,annotated,0,554085,5087235,7200,0.0583333333333333,0.16805486381053925,0.35171508789056816,-0.034149169921875,0.5925925970077515,0.4000000059604645,4,0.05579999834299087,0.1152999997138977,0.13809999823570251,-0.43847981095314026,-0.41155070066452026
2897378,2021,dry,annotated,0,553245,5086845,55800,0.0279569892473118,0.17929384112358093,4.579986572265625,0.113861083984375,0.3703703582286834,0.2857142984867096,5,0.0839499980211258,0.18639999628067017,0.18320000171661377,-0.3723125457763672,-0.3324894607067108
2897745,2021,co_precise,annotated,1,553365,5086305,12600,0.0476190476190476,0.07072747498750687,0.816619873046875,0.0218505859375,0.25,0.5714285969734192,5,0.03914999961853027,0.07590000331401825,0.09205000102519988,-0.4005374610424042,-0.30957096815109253
2896605,2021,em_veg,annotated,0,553065,5083335,21600,0.0361111111111111,0.14142927527427673,0.343994140625,-0.112274169921875,0.1315789520740509,0.8888888955116272,5,0.06129999831318855,0.1272999942302704,0.14569999277591705,-0.40808671712875366,-0.35301506519317627
2896612,2021,em_veg,annotated,0,553065,5083425,21600,0.0361111111111111,0,0.502166748046875,0.0458984375,0.6571428775787354,1,5,0.03950000181794166,0.07810000330209732,0.08110000193119049,-0.2938718795776367,-0.19960474967956543
2897013,2021,em_veg,annotated,0,553125,5083335,21600,0.0361111111111111,0.00650594569742679,0.502166748046875,0.0458984375,0.21052631735801697,0.8888888955116272,5,0.05869999900460243,0.13539999723434448,0.13510000705718994,-0.4017769098281861,-0.2526997923851013
2898746,2021,dry,annotated,0,553695,5083155,6300,0.0571428571428571,0.2288476526737213,-0.17559814453125,-0.6299743652343182,0,0.25,5,0.08044999837875366,0.17775000631809235,0.26715001463890076,-0.5421750545501709,-0.48303166031837463
2898886,2021,dry,annotated,0,553725,5083245,6300,0.0571428571428571,0.00600102078169584,0.492095947265625,0.03771972656255684,0,0.5714285969734192,5,0.04369999840855598,0.09279999881982803,0.12319999933242798,-0.4763331413269043,-0.3591606020927429
2897288,2021,hugo_precise,annotated,1,553245,5082555,108900,0.018732782369146,0.08615926653146744,1.37554931640625,-0.02679443359375,0,0.7142857313156128,5,0.05240000039339065,0.1342500001192093,0.1303499937057495,-0.495702862739563,-0.30671295523643494
2897168,2021,dry,annotated,0,553215,5082555,108900,0.018732782369146,0.01812135428190231,1.458404541015625,0.056060791015625,0,1,5,0.08139999955892563,0.15299999713897705,0.12150000035762788,-0.20721475780010223,-0.10748065263032912
2897270,2021,em_veg,annotated,0,553215,5082765,108900,0.018732782369146,0,1.460906982421875,0.058563232421875,0.9696969985961914,0.875,4,0.04520000144839287,0.10499999672174454,0.096500001847744,-0.36021506786346436,-0.2664031684398651
2897356,2021,dry,annotated,0,553245,5082585,108900,0.018732782369146,0.0961366593837738,1.350830078125,-0.051513671875,0,0.5714285969734192,5,0.08529999852180481,0.15440000593662262,0.14380000531673431,-0.2548806965351105,-0.2311912178993225
2897547,2021,glint,annotated,0,553305,5082945,108900,0.018732782369146,0.23361535370349884,0.758941650390625,-0.643402099609375,0,0,5,0.08574999868869781,0.1587499976158142,0.22030000388622284,-0.42693865299224854,-0.2846270799636841
2897613,2021,em_veg,annotated,0,553305,5082615,108900,0.018732782369146,0,1.460906982421875,0.058563232421875,0.96875,1,4,0.04639999940991402,0.09619999676942824,0.08129999786615372,-0.305670827627182,-0.23182207345962524
2897895,2021,dry,annotated,0,553395,5082465,108900,0.018732782369146,0.12261033058166504,0.6622314453125,-0.7401123046875,0,0,5,0.0746999979019165,0.28040000796318054,0.27900001406669617,-0.5776081681251526,-0.5033690929412842
2898102,2021,em_veg,annotated,0,553425,5082555,108900,0.018732782369146,0.3038068413734436,1.320587158203125,-0.081756591796875,0.7714285850524902,0.20000000298023224,4,0.05189999938011169,0.12439999729394911,0.13214999437332153,-0.42751097679138184,-0.34406912326812744
2896719,2021,em_veg,annotated,0,553065,5081895,45000,0.0253333333333333,0.00112208200152963,1.4822387695311932,0.03143310546875,0.4838709533214569,0.5,5,0.0658000037074089,0.1550000011920929,0.17855000495910645,-0.4650253355503082,-0.32879582047462463
2897071,2021,em_veg,annotated,0,553185,5081865,45000,0.0253333333333333,0.00137840572278946,1.4822387695311932,0.03143310546875,0.5161290168762207,0.75,5,0.0324999988079071,0.05689999833703041,0.07020000368356705,-0.41396933794021606,-0.22008368372917175
2897420,2021,em_veg,annotated,0,553275,5082015,45000,0.0253333333333333,0,1.4822387695311932,0.03143310546875,0.800000011920929,0.8333333134651184,4,0.04600000008940697,0.09319999814033508,0.1094999983906746,-0.3987341821193695,-0.22961373627185824
2897964,2021,em_veg,annotated,0,553395,5080935,1800,0.1,0.08581305295228958,0.1622314453125,-0.069915771484375,0.02702702768146991,0.5714285969734192,5,0.05810000002384186,0.15004999935626984,0.16654999554157257,-0.5043789744377136,-0.42436063289642334
2898974,2021,dry,annotated,0,553785,5079855,13500,0.04,0.06619467586278915,0.14141845703125,-0.02539062500005684,0,0.625,5,0.09264999628067017,0.17125000059604645,0.2750999927520752,-0.5049986839294434,-0.4472903609275818
2899047,2021,dry,annotated,0,553785,5079915,13500,0.04,0.01561100594699382,0.16424560546875,-0.00256347656255684,0,0.75,5,0.06525000184774399,0.1080000028014183,0.15729999542236328,-0.4186865389347077,-0.3645680844783783
2896340,2021,deep_water,random_draw,0,552975,5080065,435600,0.0104683195592286,0,2.074310302734375,-0.086456298828125,1,1,1,0.03009999915957451,0.01934999972581863,0.02095000073313713,0.11131961643695833,0.2544987201690674
2896409,2021,deep_water,random_draw,0,553005,5079885,435600,0.0104683195592286,0.01341393683105707,2.064483642578125,-0.096282958984375,1,1,1,0.0203499998897314,0.01899999938905239,0.03229999914765358,-0.11991772055625916,0.10212765634059906
2896411,2021,deep_water,random_draw,0,553005,5079435,435600,0.0104683195592286,0,2.224334716796875,0.063568115234375,1,1,4,0.03550000116229057,0.05984999984502792,0.04134999960660934,-0.10915939509868622,-0.00957592297345399
2896532,2021,deep_water,random_draw,0,553035,5079675,435600,0.0104683195592286,0,2.224334716796875,0.063568115234375,1,1,1,0.02410000003874302,0.01339999958872795,0.01659999974071979,0.1229235902428627,0.2454780340194702
2896559,2021,deep_water,random_draw,0,553035,5079525,435600,0.0104683195592286,0,2.224334716796875,0.063568115234375,1,1,1,0.02555000036954879,0.01365000009536743,0.01789999939501285,0.02974831685423851,0.7254902124404907
2896712,2021,deep_water,random_draw,0,553095,5079405,435600,0.0104683195592286,0.19676485657691956,2.072723388671875,-0.088043212890625,0.03448275849223137,0.1428571492433548,5,0.07450000196695328,0.20260000228881836,0.20270000398159027,-0.46427175402641296,-0.3655292093753814
2896782,2021,deep_water,random_draw,0,553095,5080035,435600,0.0104683195592286,0,2.074310302734375,-0.086456298828125,1,1,1,0.02769999951124191,0.01950000040233135,0.02549999952316284,0.04315197095274925,0.5532646179199219
2896807,2021,deep_water,random_draw,0,553095,5079915,435600,0.0104683195592286,0.34105899930000305,1.6256103515625,-0.53515625,0.06060606241226196,0.4285714328289032,5,0.08815000206232071,0.1927500069141388,0.20250000059604645,-0.3913220167160034,-0.3183225393295288
2896963,2021,deep_water,random_draw,0,553125,5079585,435600,0.0104683195592286,0.6309523582458496,1.716278076171875,-0.444488525390625,0.7272727489471436,0.8571428656578064,4,0.04760000109672546,0.1197500005364418,0.13930000364780426,-0.4868088960647583,-0.39800000190734863
2897247,2021,deep_water,random_draw,0,553215,5079975,435600,0.0104683195592286,0.14515915513038635,1.558074951171875,-0.602691650390625,0,0,5,0.08609999716281891,0.2158000022172928,0.3034999966621399,-0.5484106540679932,-0.3386702239513397
2898531,2021,em_veg,annotated,0,553635,5079345,105300,0.0250712250712251,0.1057523563504219,0.741912841796875,0.11907958984375,0.02702702768146991,0.8333333134651184,5,0.0604499988257885,0.14090000092983246,0.17395000159740448,-0.4874303340911865,-0.33482715487480164
2898853,2021,em_veg,annotated,0,553755,5079435,105300,0.0250712250712251,0,0.797027587890625,0.1741943359375,0.02631578966975212,0.125,5,0.05640000104904175,0.1404999941587448,0.16449999809265137,-0.4774535894393921,-0.3513806164264679
2898923,2021,em_veg,annotated,0,553755,5079255,105300,0.0250712250712251,0.149900421500206,0.637542724609375,0.01470947265625,0,0.3333333432674408,5,0.05389999970793724,0.14569999277591705,0.1825000047683716,-0.541717529296875,-0.5217183828353882
2898574,2021,dry,annotated,0,553635,5078235,45900,0.0235294117647059,0.32581087946891785,9.1552734375e-4,-1.78973388671875,0,0,5,0.06340000033378601,0.13169999420642853,0.26759999990463257,-0.6169184446334839,-0.5098382234573364
2898604,2021,dry,annotated,0,553665,5078295,45900,0.0235294117647059,0.3699340522289276,1.471343994140625,-0.319305419921875,0.12121212482452393,0.2222222238779068,5,0.07699999958276749,0.1128000020980835,0.16699999570846558,-0.3740072250366211,-0.1813206821680069
2898715,2021,dry,annotated,0,553695,5078355,45900,0.0235294117647059,0.32438716292381287,0.0079345703125,-1.78271484375,0,0,5,0.06560000032186508,0.14920000731945038,0.30070000886917114,-0.6284565329551697,-0.517976701259613
2896471,2021,deep_water,random_draw,0,553005,5077695,73800,0.0203252032520325,0,0.37725830078125,1.220703125e-4,0.9428571462631226,1,3,0.03709999844431877,0.06849999725818634,0.05534999817609787,-0.2149563431739807,0.00709219835698604
2896593,2021,deep_water,random_draw,0,553065,5077815,73800,0.0203252032520325,0.12833794951438904,0.3387451171875,-0.03839111328125,0.02857142873108387,0,5,0.07405000180006027,0.16464999318122864,0.2074999958276749,-0.4324471950531006,-0.341370552778244
2897051,2021,deep_water,random_draw,0,553155,5077635,73800,0.0203252032520325,0,0.37725830078125,1.220703125e-4,0.5151515007019043,0.8571428656578064,4,0.066600002348423,0.13494999706745148,0.14225000143051147,-0.3428601622581482,-0.306581050157547
2897180,2021,deep_water,random_draw,0,553215,5077755,73800,0.0203252032520325,0.00323186535388231,0.377288818359375,1.52587890625e-4,0.25925925374031067,0.5,5,0.06849999725818634,0.14624999463558197,0.179749995470047,-0.4419059157371521,-0.34865134954452515
2897476,2021,deep_water,random_draw,0,553275,5077665,73800,0.0203252032520325,0,0.37725830078125,1.220703125e-4,1,1,4,0.04160000011324882,0.06885000318288803,0.05094999819993973,-0.16861020028591156,-0.05574516579508781
2897568,2021,deep_water,random_draw,0,553305,5077755,73800,0.0203252032520325,0,0.37725830078125,1.220703125e-4,0.40740740299224854,0.8571428656578064,5,0.04679999873042106,0.098300002515316,0.11219999939203262,-0.4049429595470429,-0.25589519739151
2897928,2021,deep_water,random_draw,0,553395,5077695,73800,0.0203252032520325,0,0.37725830078125,1.220703125e-4,0.3076923191547394,0.4285714328289032,5,0.03274999931454658,0.06194999814033508,0.0714000016450882,-0.3462005853652954,-0.14239999651908877
2897742,2021,em_veg,annotated,0,553335,5077215,34200,0.0298245614035088,0,0.580169677734375,5.187988280681566e-4,0.3793103396892547,0.6666666865348816,4,0.04129999876022339,0.1137000024318695,0.12049999833106996,-0.5147705674171448,-0.44756096601486206
2897899,2021,dry,annotated,0,553395,5077305,34200,0.0298245614035088,0,0.580169677734375,5.187988280681566e-4,0.03703703731298447,0.6666666865348816,5,0.07410000264644623,0.20350000262260437,0.20489999651908877,-0.4737210869789123,-0.4326186776161194
2897901,2021,em_veg,annotated,0,553395,5077125,34200,0.0298245614035088,0,0.580169677734375,5.187988280681566e-4,0.6666666865348816,0.7142857313156128,4,0.04459999874234199,0.10360000282526016,0.09880000352859496,-0.4275093078613281,-0.34972676634788513
2898155,2021,dry,annotated,0,553455,5077005,34200,0.0298245614035088,0,0.580169677734375,5.187988280681566e-4,0,0.5,5,0.07000000029802322,0.18880000710487368,0.19179999828338623,-0.47537878155708313,-0.41824817657470703
2898274,2021,em_veg,annotated,0,553485,5077095,34200,0.0298245614035088,0.01969112083315849,0.579498291015625,-1.5258789068184342e-4,0.84375,0.6666666865348816,4,0.0418500006198883,0.10095000267028809,0.09059999883174896,-0.3893704414367676,-0.32737430930137634
2896854,2021,deep_water,random_draw,0,553125,5076525,221400,0.0159891598915989,0,3.67742919921875,0.02471923828125,1,1,1,0.01480000000447034,0.00980000011622905,0.01439999975264072,-0.08129439502954483,0.01369863003492355
2896887,2021,deep_water,random_draw,0,553125,5076435,221400,0.0159891598915989,0,3.67742919921875,0.02471923828125,1,1,1,0.01360000018030405,0.00860000029206276,0.01439999975264072,-0.0590841956436634,-0.02857142873108387
2897093,2021,deep_water,random_draw,0,553185,5076675,221400,0.0159891598915989,0,3.67742919921875,0.02471923828125,1,1,1,0.01135000027716159,0.0061499997973442,0.01229999959468841,-0.1809253990650177,0.10481586307287216
2897249,2021,deep_water,random_draw,0,553215,5076765,221400,0.0159891598915989,0,3.67742919921875,0.02471923828125,1,1,1,0.01649999991059303,0.00970000028610229,0.01520000025629997,-0.09340659528970718,0.06461538374423981
2897279,2021,deep_water,random_draw,0,553215,5076405,221400,0.0159891598915989,0,3.67742919921875,0.02471923828125,0.3333333432674408,0.4000000059604645,5,0.04904999956488609,0.13005000352859497,0.13580000400543213,-0.45906034111976624,-0.3984298408031464
2897349,2021,deep_water,random_draw,0,553245,5076525,221400,0.0159891598915989,0,3.67742919921875,0.02471923828125,1,1,1,0.01264999993145465,0.00604999996721744,0.01255000010132789,-0.06996586918830872,0.08148147910833359
2897375,2021,deep_water,random_draw,0,553245,5076885,221400,0.0159891598915989,0.02462352067232132,3.6737060546875,0.02099609375,0,0,5,0.11169999837875366,0.22419999539852145,0.2682499885559082,-0.4405380785465241,-0.3189718425273895
2897578,2021,deep_water,random_draw,0,553305,5076615,221400,0.0159891598915989,0,3.67742919921875,0.02471923828125,1,1,1,0.0170499999076128,0.01140000019222498,0.01530000008642673,-0.02226061373949051,0.0714285746216774
2897916,2021,deep_water,random_draw,0,553395,5076795,221400,0.0159891598915989,0,3.67742919921875,0.02471923828125,0.4193548262119293,0.6666666865348816,5,0.03325000032782554,0.08624999970197678,0.09605000168085098,-0.43893739581108093,-0.233601838350296
2898036,2021,deep_water,random_draw,0,553425,5076525,221400,0.0159891598915989,0,3.67742919921875,0.02471923828125,0.9411764740943908,1,3,0.02245000004768371,0.03075000084936618,0.05424999818205833,-0.38061073422431946,-0.14909091591835022
2897918,2021,dry,annotated,0,553395,5075955,2700,0.0888888888888889,0,0.269622802734375,0.005279541015625,0,0.6000000238418579,5,0.05705000087618828,0.15684999525547028,0.16580000519752502,-0.4778626263141632,-0.40897756814956665
2899059,2021,dry,annotated,0,553785,5062485,12711600,0.00501746436325876,1.1419817209243774,1.4896240234374432,-4.264434814453125,0.2222222238779068,0.2857142984867096,4,0.0737999975681305,0.2159000039100647,0.22589999437332153,-0.5084003210067749,-0.47805455327034
2899345,2021,dry,annotated,0,553875,5061675,12711600,0.00501746436325876,0.4391980469226837,5.152404785156193,-0.601654052734375,0.8235294222831726,0.8333333134651184,3,0.07150000333786011,0.14090000092983246,0.1793999969959259,-0.39611485600471497,-0.3552758991718292
2899768,2021,deep_viz,annotated,0,553935,5061525,12711600,0.00501746436325876,0.00549407443031668,5.721954345703068,-0.0321044921875,0.939393937587738,1,1,0.04430000111460686,0.07360000163316727,0.07020000368356705,-0.2214599102735519,0.01234567910432815
2899902,2021,dry,annotated,0,553965,5061405,12711600,0.00501746436325876,0.00889814551919698,5.697540283203068,-0.0565185546875,0.8125,1,1,0.06449999660253525,0.12790000438690186,0.131400004029274,-0.34150075912475586,-0.1746944636106491
2900740,2021,deep_viz,annotated,0,554115,5061225,12711600,0.00501746436325876,0.05986896157264709,5.693023681640568,-0.06103515625,1,1,1,0.05950000137090683,0.11190000176429749,0.12600000202655792,-0.2567301392555237,-0.21503958106040957
2902362,2021,deep_viz,annotated,0,554445,5061465,12711600,0.00501746436325876,5.616232519969344e-4,5.704101562499943,-0.049957275390625,1,1,1,0.03799999877810478,0.03575000166893005,0.02810000069439411,0.13104017078876495,0.4166666567325592
3109591,2021,dry,annotated,0,553875,5059695,97200,0.0179012345679012,0.09621651470661163,0.475921630859375,-0.35333251953125,1,1,4,0.02969999983906746,0.06780000030994415,0.05700000002980232,-0.3780487775802612,-0.3148788809776306
3109858,2021,dry,annotated,0,553965,5059665,97200,0.0179012345679012,0,1.027984619140625,0.19873046875,0.9047619104385376,0.8333333134651184,3,0.03290000185370445,0.07249999791383743,0.05730000138282776,-0.30645161867141724,-0.26233184337615967
3110226,2021,dry,annotated,0,554085,5059605,97200,0.0179012345679012,0,1.027984619140625,0.19873046875,1,1,3,0.02850000001490116,0.05510000139474869,0.03790000081062317,-0.14156626164913175,-0.14156626164913175
3109280,2021,em_veg,annotated,0,553725,5048475,3600,0.0833333333333333,0.10940636694431304,0.18130493164068184,-0.071563720703125,0.6756756901741028,0.5714285969734192,4,0.03844999894499779,0.10360000282526016,0.11985000222921371,-0.5257784128189087,-0.28828829526901245
5168828,2021,dry,annotated,0,569865,5010195,3600,0.0666666666666667,0.0963660329580307,0.3289794921875,0.02984619140625,0.125,0,4,0.05150000005960464,0.13770000636577606,0.20329999923706055,-0.5759999752044678,-0.5107452869415283
5164785,2021,dry,annotated,0,561375,5009895,11700,0.0461538461538462,0.12391094863414764,0.384918212890625,-0.232574462890625,0.1034482792019844,0.125,4,0.09390000253915788,0.2053000032901764,0.30720001459121704,-0.5168627500534058,-0.4716878831386566
5160460,2021,deep_water,random_draw,0,555135,5010105,22500,0.0373333333333333,0.01884094439446926,0.16168212890625,-0.00442504882818184,0.02857142873108387,0,5,0.03929999843239784,0.12129999697208405,0.17550000548362732,-0.5426552295684814,-0.4440789520740509
5160576,2021,deep_water,random_draw,0,555165,5010225,22500,0.0373333333333333,0,0.169403076171875,0.00329589843744315,0.07894736528396606,0,5,0.06100000068545341,0.12195000052452087,0.18095000088214871,-0.5433850288391113,-0.30203044414520264
5160691,2021,deep_water,random_draw,0,555255,5010165,22500,0.0373333333333333,0.09101803600788116,0.038787841796875,-0.12731933593755684,0,0,5,0.08900000154972076,0.19269999861717224,0.2581999897956848,-0.49776923656463623,-0.4675475955009461
5160764,2021,deep_water,random_draw,0,555315,5010255,22500,0.0373333333333333,0.0823306143283844,-0.02734375,-0.19345092773443184,0.02702702768146991,0,5,0.09380000084638596,0.22179999947547913,0.288349986076355,-0.5111430883407593,-0.49152541160583496
4972469,2021,terrain,annotated,0,547785,5010015,1800,0.1,0.1247430145740509,1.1794433593750568,0.02020263671875,0.8518518805503845,0.7142857313156128,4,0.07129999995231628,0.14309999346733093,0.18289999663829803,-0.4320506453514099,-0.32202303409576416
4972486,2021,deep_viz,annotated,0,547785,5010045,1800,0.1,0.1993745863437653,1.1390686035156818,-0.020172119140625,0.8928571343421936,0.4285714328289032,4,0.06759999692440033,0.14650000631809235,0.17419999837875366,-0.4397367238998413,-0.3164812922477722
4968024,2021,hugo_precise,annotated,1,542745,5010075,75600,0.0214285714285714,0,2.071350097656193,0.06658935546880684,0.0833333358168602,1,5,0.02484999969601631,0.04050000011920929,0.03644999861717224,-0.21076686680316925,0.02748414315283298
4967984,2021,dry,annotated,0,542715,5010255,75600,0.0214285714285714,0,2.071350097656193,0.06658935546880684,0.0882352963089943,0.6666666865348816,5,0.05384999886155128,0.10705000162124634,0.09889999777078629,-0.2976326644420624,-0.26913580298423767
4968070,2021,dry,annotated,0,542745,5010225,75600,0.0214285714285714,0,2.071350097656193,0.06658935546880684,0.21621622145175937,0.625,5,0.0478999987244606,0.0997999981045723,0.09279999881982803,-0.3378469944000244,-0.2357606291770935
4968071,2021,dry,annotated,0,542745,5010015,75600,0.0214285714285714,0.2244175672531128,1.9831542968749432,-0.02160644531244315,0,0.5555555820465088,5,0.06069999933242798,0.1526000052690506,0.15459999442100525,-0.4661061465740204,-0.3786407709121704
4958355,2021,em_veg,annotated,0,535185,5010375,346500,0.0150649350649351,0,1.729248046875,0.00177001953125,0.2631579041481018,0.6666666865348816,5,0.06300000101327896,0.15970000624656677,0.14169999957084656,-0.3689863085746765,-0.31551235914230347
4958386,2021,em_veg,annotated,0,535185,5010285,346500,0.0150649350649351,0,1.729248046875,0.00177001953125,0.1666666716337204,0.3333333432674408,5,0.06509999930858612,0.1712000072002411,0.16940000653266907,-0.4457215964794159,-0.3632037937641144
4958946,2021,em_veg,annotated,0,535245,5010165,346500,0.0150649350649351,0,1.729248046875,0.00177001953125,0.05882352963089943,0.3333333432674408,5,0.07479999959468842,0.19140000641345975,0.1842000037431717,-0.4438346028327942,-0.3525943458080292
4959676,2021,dry,annotated,0,535335,5010105,346500,0.0150649350649351,0,1.729248046875,0.00177001953125,0.949999988079071,1,3,0.03280000016093254,0.07660000026226044,0.06750000268220901,-0.38167738914489746,-0.2956441044807434
4960230,2021,dry,annotated,0,535425,5010045,346500,0.0150649350649351,0.0034078867174685,1.729248046875,0.00177001953125,0.3636363744735718,0.5555555820465088,5,0.03550000116229057,0.0966999977827072,0.08919999748468399,-0.4790109395980835,-0.40833333134651184
4960524,2021,dry,annotated,0,535455,5010195,346500,0.0150649350649351,0.03954369202256203,1.727813720703125,3.35693359375e-4,0.3199999928474426,0.20000000298023224,5,0.07100000232458115,0.17870000004768372,0.1826000064611435,-0.43440690636634827,-0.3892472982406616
4951971,2021,dry,annotated,0,531675,5009925,900,0.133333333333333,0.41068676114082336,1.09991455078125,0,0,0.5,5,0.05979999899864197,0.19920000433921817,0.19339999556541443,-0.5241228342056274,-0.4563636481761933
4950412,2021,dry,annotated,0,527895,5009685,23400,0.0333333333333333,4.657750832848251e-5,0.55999755859375,0.007354736328125,0,0,5,0.10480000078678132,0.265500009059906,0.28360000252723694,-0.469255656003952,-0.43968209624290466
4950427,2021,em_veg,annotated,0,527955,5009655,23400,0.0333333333333333,2.331883879378438e-4,0.55999755859375,0.007354736328125,0.2916666567325592,0.7142857313156128,5,0.04030000045895576,0.07275000214576721,0.07320000231266022,-0.33561646938323975,-0.2599118947982788
4950451,2021,em_veg,annotated,0,527955,5009745,23400,0.0333333333333333,0,0.55999755859375,0.007354736328125,0.1666666716337204,0.1428571492433548,5,0.06060000136494636,0.1619500070810318,0.1344500035047531,-0.3904823064804077,-0.2880098819732666
4950626,2021,em_veg,annotated,0,528075,5009685,23400,0.0333333333333333,0,0.55999755859375,0.007354736328125,0.30434781312942505,0.4285714328289032,5,0.04365000128746033,0.10305000096559525,0.09104999899864195,-0.3513565957546234,-0.2274305522441864
4937512,2021,em_veg,annotated,0,521265,5010105,41400,0.036231884057971,0.7595499157905579,1.989349365234375,-0.069549560546875,0.04545454680919647,1,5,0.06019999831914902,0.14419999718666077,0.15150000154972076,-0.44999998807907104,-0.3977220952510834
4937630,2021,em_veg,annotated,0,521325,5010195,41400,0.036231884057971,0.664095938205719,1.724578857421875,-0.334320068359375,0,0,5,0.06909999996423721,0.16120000183582306,0.25110000371932983,-0.5595492124557495,-0.4080104231834411
4937755,2021,em_veg,annotated,0,521415,5010165,41400,0.036231884057971,0.12307362258434296,1.9774169921875,-0.08148193359375,0.3478260934352875,0.800000011920929,5,0.04805000126361847,0.09960000216960908,0.12665000557899475,-0.4721091687679291,-0.40034863352775574
4934785,2021,deep_viz,annotated,0,520335,5011185,5101200,0.00384615384615385,0,7.24664306640625,0.0614013671875,1,1,1,0.04329999908804893,0.0142000000923872,0.01549999974668026,0.43119266629219055,1
4935107,2021,deep_viz,annotated,0,520425,5011365,5101200,0.00384615384615385,0,7.24664306640625,0.0614013671875,1,1,1,0.05649999901652336,0.0361500009894371,0.02855000086128711,0.35355162620544434,0.7654867172241211
4935151,2021,deep_viz,annotated,0,520425,5011785,5101200,0.00384615384615385,0.00659100990742445,7.24664306640625,0.0614013671875,1,1,1,0.0593000017106533,0.04755000025033951,0.04535000026226044,0.07834838330745697,0.1685214638710022
4935282,2021,dry,annotated,0,520485,5011545,5101200,0.00384615384615385,0.881517231464386,2.97723388671875,-4.2080078125,0,0,5,0.09239999949932098,0.24889999628067017,0.25380000472068787,-0.4597156345844269,-0.4195979833602905
4935470,2021,dry,annotated,0,520545,5011245,83700,0.017921146953405,0.37762296199798584,2.69268798828125,-0.362762451171875,0.3181818127632141,1,5,0.06844999641180038,0.1709499955177307,0.1425500065088272,-0.3545956313610077,-0.25630253553390503
4935570,2021,deep_viz,annotated,0,520575,5011095,83700,0.017921146953405,0,3.27850341796875,0.223052978515625,1,1,1,0.0421999990940094,0.03180000185966492,0.02795000001788139,0.223140686750412,0.5475687384605408
4935648,2021,dry,annotated,0,520635,5011515,83700,0.017921146953405,0.6720826029777527,2.490081787109375,-0.56536865234375,0.6086956262588501,0.4000000059604645,5,0.05739999935030937,0.1362999975681305,0.16459999978542328,-0.4025316536426544,-0.3719976544380188
4935651,2021,deep_viz,annotated,0,520635,5011425,83700,0.017921146953405,0,3.27850341796875,0.223052978515625,1,1,1,0.04515000060200691,0.03435000032186508,0.03130000084638595,0.17586924135684967,0.5228216052055359
4935652,2021,deep_viz,annotated,0,520635,5011245,83700,0.017921146953405,0,3.27850341796875,0.223052978515625,1,1,3,0.04450000077486038,0.03254999965429306,0.02869999967515468,0.2296055108308792,0.4777328073978424
4935833,2021,dry,annotated,0,520695,5011425,83700,0.017921146953405,0.5996413230895996,2.712677001953125,-0.3427734375,0.739130437374115,0.6000000238418579,5,0.06109999865293503,0.11079999804496764,0.13439999520778656,-0.3618676960468292,-0.2794811427593231
4932323,2021,dry,annotated,0,519825,5013165,73800,0.0252032520325203,0.16129712760448456,4.069732666015625,-0.6279296875,0.1304347813129425,0.8333333134651184,5,0.06109999865293503,0.15289999544620514,0.14685000479221344,-0.4169766902923584,-0.36277249455451965
4934051,2021,dry,annotated,0,520125,5013945,2700,0.0888888888888889,0.20898446440696716,0.585601806640625,0.014892578125,0,0.20000000298023224,5,0.05499999970197677,0.13165000081062317,0.15800000727176666,-0.48909991979599,-0.4394394457340241
4934377,2021,co_precise,annotated,1,520215,5015055,54000,0.0288888888888889,0.1043420061469078,2.003875732421875,-0.235504150390625,0.04545454680919647,0.800000011920929,5,0.03440000116825104,0.07440000027418137,0.0786999985575676,-0.37397634983062744,-0.3177366554737091
4934597,2021,dry,annotated,0,520275,5014995,54000,0.0288888888888889,0.2592078447341919,1.121551513671875,-1.117828369140625,0,0.1666666716337204,5,0.07109999656677246,0.2825999855995178,0.218299999833107,-0.5110178589820862,-0.5086385607719421
4935168,2021,dry,annotated,0,520425,5014965,54000,0.0288888888888889,0.25943970680236816,1.3458251953125,-0.8935546875,0.04545454680919647,0.5,5,0.06279999762773514,0.19699999690055847,0.18369999527931213,-0.49046653509140015,-0.43450185656547546
4931724,2021,co_precise,annotated,1,519765,5015655,7200,0.05,0.05731372535228729,0.46539306640625,-0.070556640625,0.095238097012043,0.4000000059604645,5,0.0215499997138977,0.05400000140070915,0.06004999950528145,-0.5012960433959961,0.1875
4934264,2021,dry,annotated,0,520185,5015805,5400,0.0666666666666667,0.8609620928764343,-0.5441589355469318,-2.552734375,0,0,5,0.08924999833106995,0.25485000014305115,0.27570000290870667,-0.511098325252533,-0.5039694905281067
4934280,2021,hugo_precise,annotated,1,520215,5016195,69300,0.0242424242424242,0,2.521759033203125,0.160491943359375,0.119999997317791,1,5,0.01579999923706054,0.04980000108480453,0.03299999982118606,-0.2595744729042053,-0.24300111830234528
4934375,2021,dry,annotated,0,520245,5016105,69300,0.0242424242424242,0.4823305606842041,1.684967041015625,-0.676300048828125,0,0.4000000059604645,5,0.0608999989926815,0.22664999961853027,0.19099999964237213,-0.5189602971076965,-0.4735875129699707
4934813,2021,dry,annotated,0,520335,5016135,69300,0.0242424242424242,0.29482945799827576,1.858673095703125,-0.502593994140625,0,0.6000000238418579,5,0.06230000033974647,0.22624999284744263,0.1904499977827072,-0.5000678300857544,-0.47661077976226807
4935117,2021,dry,annotated,0,520425,5016165,69300,0.0242424242424242,0.3752722442150116,1.85882568359375,-0.50244140625,0,0,5,0.06230000033974647,0.2485000044107437,0.1826000064611435,-0.5017274618148804,-0.4844849109649658
4934288,2021,dry,annotated,0,520185,5019315,27000,0.0333333333333333,0.9400246143341064,2.608551025390625,-1.64874267578125,0.03999999910593033,0.1666666716337204,5,0.07349999994039536,0.19990000128746033,0.2057500034570694,-0.4773138165473938,-0.4266802370548248
4934704,2021,dry,annotated,0,520335,5019495,27000,0.0333333333333333,0.6839473843574524,2.3685302734375,-1.888763427734375,0,0,5,0.11150000244379044,0.24905000627040863,0.33425000309944153,-0.5014172792434692,-0.4704457223415375
4934730,2021,dry,annotated,0,520335,5019375,27000,0.0333333333333333,0.94704270362854,1.570098876953125,-2.68719482421875,0,0.1666666716337204,5,0.08025000244379044,0.2249000072479248,0.2524999976158142,-0.5213119983673096,-0.478331983089447
4927030,2021,dry,annotated,0,519255,5019405,52200,0.028735632183908,0.8146209716796875,5.122344970703125,-0.38421630859375,0.6538461446762085,0.5,4,0.04410000145435333,0.133200004696846,0.11959999799728394,-0.4647887349128723,-0.3735795319080353
4928571,2021,dry,annotated,0,519405,5019435,52200,0.028735632183908,0.6087486147880554,5.2305908203125,-0.275970458984375,0.9545454382896424,0.800000011920929,4,0.04439999908208847,0.1018500030040741,0.10140000283718108,-0.39014947414398193,-0.31728395819664
4928579,2021,dry,annotated,0,519435,5019525,52200,0.028735632183908,0.2533637285232544,4.88629150390625,-0.620269775390625,0.08695652335882187,0.4000000059604645,5,0.06729999929666519,0.1776999980211258,0.1997999995946884,-0.4958207905292511,-0.4569138288497925
4925375,2021,hugo_precise,annotated,1,519045,5019675,32400,0.0425925925925926,0.1270485669374466,1.37823486328125,0.193511962890625,0.04347826167941093,1,5,0.02190000005066394,0.06520000100135803,0.05869999900460243,-0.4667005240917206,-0.3729003369808197
4923977,2021,dry,annotated,0,518925,5019585,32400,0.0425925925925926,0.16656196117401123,1.20977783203125,0.025054931640625,0.0833333358168602,1,5,0.04980000108480453,0.13734999299049375,0.12905000150203705,-0.4441087245941162,-0.42477405071258545
4924760,2021,dry,annotated,0,519015,5019585,32400,0.0425925925925926,0.14599019289016724,0.958251953125,-0.226470947265625,0,1,5,0.06239999830722809,0.20794999599456787,0.1700499951839447,-0.46131888031959534,-0.4480358064174652
4926208,2021,dry,annotated,0,519165,5019675,32400,0.0425925925925926,0.1466800570487976,0.946807861328125,-0.2379150390625,0.03999999910593033,1,5,0.05855000019073486,0.21289999783039093,0.14435000717639923,-0.41775622963905334,-0.3840790092945099
4917428,2021,co_precise,annotated,1,516405,5019615,45900,0.0235294117647059,0.07427605986595154,0.5572204589844318,0.13165283203125,0.4347825944423675,1,4,0.02645000070333481,0.03325000032782554,0.03240000084042549,-0.10112323611974716,-0.08930540084838867
4917521,2021,dry,annotated,0,516435,5019645,45900,0.0235294117647059,0.05807239562273025,0.30984497070318184,-0.11572265625,0,0.800000011920929,5,0.03940000012516975,0.10080000013113022,0.1054999977350235,-0.5106846690177917,-0.4318673312664032
4911174,2021,dry,annotated,0,510285,5019585,5400,0.0555555555555556,0.2427006959915161,0.2420654296875,-0.14129638671875,0,0.3333333432674408,5,0.05469999834895134,0.13770000636577606,0.16910000145435333,-0.5092014670372009,-0.4016578793525696
4909986,2021,dry,annotated,0,509835,5019225,14400,0.0416666666666667,0.23954270780086517,0.698028564453125,0.0240478515625,0,1,5,0.07415000349283218,0.18754999339580536,0.24120000004768372,-0.5296399593353271,-0.4550484120845794
4910127,2021,dry,annotated,0,509895,5019255,14400,0.0416666666666667,0.26108500361442566,-0.279876708984375,-0.953857421875,0,0,5,0.1005999967455864,0.2590000033378601,0.3564000129699707,-0.5494528412818909,-0.5220816135406494
4910177,2021,dry,annotated,0,509895,5019315,14400,0.0416666666666667,0.203451544046402,0.500457763671875,-0.17352294921875,0,1,5,0.0640999972820282,0.15870000422000885,0.18770000338554385,-0.48320820927619934,-0.43089431524276733
4905501,2021,co_precise,annotated,1,507675,5019705,31500,0.04,0.16157986223697662,1.07232666015625,0.22967529296875,0.3333333432674408,1,5,0.03779999911785126,0.07590000331401825,0.08030000329017639,-0.3469387888908386,-0.30741190910339355
4905223,2021,em_veg,annotated,0,507525,5019705,31500,0.04,0.12786312401294708,0.86181640625,0.0191650390625,0.1304347813129425,0.75,5,0.06109999865293503,0.15449999272823334,0.156700000166893,-0.40189874172210693,-0.3691568374633789
4905271,2021,dry,annotated,0,507555,5019645,31500,0.04,0.1644827127456665,0.558258056640625,-0.284393310546875,0,0.25,5,0.0948999971151352,0.2041500061750412,0.2289000004529953,-0.4129583239555359,-0.3945673406124115
4905295,2021,em_veg,annotated,0,507555,5019735,31500,0.04,0.14296264946460724,1.01763916015625,0.17498779296875,0.13636364042758942,0,5,0.05894999951124191,0.14309999346733093,0.12974999845027924,-0.3923134207725525,-0.35159361362457275
4905342,2021,em_veg,annotated,0,507615,5019675,31500,0.04,0.15520495176315308,0.901458740234375,0.058807373046875,0.1304347813129425,0.25,5,0.07450000196695328,0.17614999413490295,0.1717499941587448,-0.39450547099113464,-0.3746086955070496
4905446,2021,dry,annotated,0,507645,5019615,31500,0.04,0.22832302749156952,0.485260009765625,-0.357391357421875,0,1,5,0.04720000177621841,0.09440000355243684,0.1298000067472458,-0.4516746401786804,-0.4265883564949035
4905566,2021,dry,annotated,0,507735,5019705,31500,0.04,0.1539456695318222,-0.0455322265625,-0.88818359375,0,0,5,0.09149999916553496,0.2034000009298325,0.32249999046325684,-0.5700934529304504,-0.5489277839660645
4902283,2021,co_precise,annotated,1,503325,5019705,12600,0.0428571428571429,0.10323869436979294,1.135894775390625,0.152099609375,0.3636363744735718,1,5,0.02690000087022781,0.04780000075697899,0.048700001090765,-0.33139535784721375,-0.11697247624397278
4902165,2021,dry,annotated,0,503265,5019675,12600,0.0428571428571429,0.23793695867061615,0.66748046875,-0.316314697265625,0,1,5,0.07540000230073929,0.15780000388622284,0.16619999706745148,-0.4450797438621521,-0.375827819108963
4902308,2021,dry,annotated,0,503325,5019675,12600,0.0428571428571429,0.23418337106704712,0.61572265625,-0.368072509765625,0.04545454680919647,1,5,0.05480000004172325,0.1136000007390976,0.1237500011920929,-0.3678331673145294,-0.31236597895622253
4899399,2021,em_veg,annotated,0,494085,5016525,85500,0.0273684210526316,0.21527710556983948,2.955047607421818,-0.37109375,0.095238097012043,0.6666666865348816,5,0.05319999903440475,0.17000000178813934,0.1590999960899353,-0.498822420835495,-0.46165263652801514
4899496,2021,em_veg,annotated,0,494175,5016285,85500,0.0273684210526316,0.38162800669670105,2.858001708984318,-0.4681396484375,0.05000000074505806,0.6666666865348816,5,0.07204999774694443,0.1881999969482422,0.17870000004768372,-0.43002116680145264,-0.3568202257156372
4899504,2021,em_veg,annotated,0,494205,5016525,85500,0.0273684210526316,0.34432852268218994,2.501617431640568,-0.82452392578125,0,0,5,0.06679999828338623,0.22789999842643735,0.20160000026226044,-0.45969125628471375,-0.4536057114601135
4899085,2021,dry,annotated,0,493755,5016285,9000,0.06,0.15112809836864471,0.664825439453125,-0.099639892578125,0,0,5,0.04084999859333038,0.10620000213384628,0.1294499933719635,-0.5134567618370056,-0.4466620683670044
4899128,2021,dry,annotated,0,493785,5016195,9000,0.06,0.2160898745059967,0.5693359375,-0.19512939453125,0,0.5,5,0.07739999890327454,0.19380000233650208,0.20970000326633453,-0.4892326295375824,-0.4413461685180664
4899135,2021,dry,annotated,0,493785,5016165,9000,0.06,0.35943466424942017,-0.658233642578125,-1.422698974609375,0,0,5,0.10930000245571136,0.2563999891281128,0.3797999918460846,-0.5521799325942993,-0.5393109321594238
4897903,2021,dry,annotated,0,492645,5016525,11700,0.041025641025641,0.6584653258323669,1.8651123046875,-1.3963928222655682,0,0,5,0.06790000200271606,0.23125000298023224,0.23070000112056732,-0.5282032489776611,-0.4945816993713379
4897532,2021,dry,annotated,0,492165,5016405,10800,0.0555555555555556,0.5340917110443115,1.1668701171875,-0.857879638671875,0,0,5,0.07419999688863754,0.2685999870300293,0.2517000138759613,-0.5217510461807251,-0.4908321499824524
4896624,2021,terrain,annotated,0,491445,5016675,7200,0.05,0.07489658892154694,3.141571044921875,0.413360595703125,0.9444444179534912,1,4,0.03905000165104866,0.05990000069141388,0.06669999659061432,-0.25839507579803467,-0.23777778446674347
4896721,2021,dry,annotated,0,491475,5016705,7200,0.05,0.7941673994064331,0.344757080078125,-2.383453369140625,0,0,5,0.06830000132322311,0.2337000072002411,0.23184999823570251,-0.5440587401390076,-0.5305397510528564
4896382,2021,dry,annotated,0,491085,5016735,16200,0.0333333333333333,0.9829235076904296,-0.229522705078125,-2.234283447265625,0,0,5,0.0892999991774559,0.19040000438690183,0.30399999022483826,-0.5432036519050598,-0.47685906291008
4896386,2021,dry,annotated,0,491085,5016615,16200,0.0333333333333333,1.1928786039352417,-0.2183837890625,-2.22314453125,0.0416666679084301,0.5,5,0.08630000054836273,0.1972000002861023,0.189300000667572,-0.3490028381347656,-0.3244325816631317
4895426,2021,dry,annotated,0,490305,5016645,7200,0.0583333333333333,0.36525511741638184,0.8094482421875,-0.10906982421875,0.22727273404598236,0.5,5,0.04895000159740448,0.13384999334812164,0.1595499962568283,-0.5405511260032654,-0.3805888891220093
4895617,2021,dry,annotated,0,490425,5016645,7200,0.0583333333333333,0.27206993103027344,0.858551025390625,-0.059967041015625,0.08695652335882187,0.3333333432674408,5,0.05290000140666962,0.120899997651577,0.15109999477863312,-0.5372405648231506,-0.2882920801639557
4892691,2021,dry,annotated,0,488775,5016735,27900,0.032258064516129,0.5575386881828308,1.945404052734375,-0.71026611328125,0.04545454680919647,1,5,0.05820000171661377,0.1143999993801117,0.13729999959468842,-0.4046035706996918,-0.40177175402641296
4892798,2021,dry,annotated,0,488865,5016705,27900,0.032258064516129,0.3531021773815155,2.072662353515625,-0.5830078125,0,1,5,0.06639999896287918,0.1606999933719635,0.2127500027418137,-0.5124115943908691,-0.4328882694244385
4892841,2021,dry,annotated,0,488865,5016795,27900,0.032258064516129,0.1315748542547226,2.85943603515625,0.203765869140625,0.6499999761581421,0.5,5,0.02965000085532665,0.0564499981701374,0.07474999874830246,-0.44000476598739624,-0.21947674453258512
4890689,2021,dry,annotated,0,487875,5015985,816300,0.00595369349503859,0.5347732305526733,5.54571533203125,-0.499359130859375,0.6842105388641357,1,4,0.05635000020265579,0.1091499999165535,0.10300000011920928,-0.2928011119365692,-0.27534419298171997
4890929,2021,dry,annotated,0,488025,5016045,816300,0.00595369349503859,0.5196356177330017,5.701263427734375,-0.34381103515625,1,1,4,0.05020000040531158,0.13075000047683716,0.11614999920129776,-0.39465659856796265,-0.37157756090164185
4891011,2021,deep_viz,annotated,0,488055,5015895,816300,0.00595369349503859,0,6.1787109375,0.133636474609375,1,1,2,0.03804999962449074,0.05059999972581863,0.02975000068545341,0.12241888046264648,0.16519173979759216
4891446,2021,deep_viz,annotated,0,488235,5016135,816300,0.00595369349503859,0,6.1787109375,0.133636474609375,1,1,2,0.0267999991774559,0.02390000037848949,0.01830000057816505,0.18847006559371948,0.7508896589279175
4891563,2021,dry,annotated,0,488295,5016345,816300,0.00595369349503859,0.29938244819641113,5.150543212890625,-0.89453125,0.190476194024086,1,5,0.04904999956488609,0.10715000331401824,0.09600000083446504,-0.4091850817203522,-0.22412611544132233
4891822,2021,deep_viz,annotated,0,488385,5016165,816300,0.00595369349503859,0,6.1787109375,0.133636474609375,1,1,2,0.03720000013709068,0.03290000185370445,0.02339999936521053,0.2327868789434433,0.7836065292358398
4885673,2021,shallow_viz,annotated,1,484605,5015715,1800,0.1,5.4629912483505905e-5,0.562957763671875,0.02081298828130684,0.10526315867900848,1,5,0.03554999828338623,0.07005000114440918,0.0815500020980835,-0.34605324268341064,-0.23875433206558228
4885629,2021,hugo_precise,annotated,1,484605,5015445,4500,0.0666666666666667,0,1.189208984375,0.137603759765625,0,1,5,0.03325000032782554,0.06610000133514404,0.07254999876022339,-0.34559866786003113,-0.03304347768425941
4885594,2021,dry,annotated,0,484635,5015415,4500,0.0666666666666667,0.3167109191417694,0.795684814453125,-0.25592041015625,0.15000000596046448,1,5,0.04569999873638153,0.12139999866485596,0.13689999282360077,-0.4994523525238037,-0.4402174055576325
4884165,2021,em_veg,random_draw,0,484155,5012835,60300,0.0328358208955224,0.4689561128616333,4.627899169921875,-0.421051025390625,0.3529411852359772,0.3333333432674408,4,0.05950000137090683,0.1428000032901764,0.18039999902248385,-0.471107542514801,-0.4592994451522827
4884323,2021,em_veg,random_draw,0,484215,5012745,60300,0.0328358208955224,4.760742012877017e-5,5.146728515625,0.0977783203125,1,1,3,0.04899999871850014,0.07090000063180923,0.06669999659061432,-0.1459934115409851,-0.09794238954782486
4884781,2021,em_veg,random_draw,0,484365,5012715,60300,0.0328358208955224,0.2732873260974884,5.55389404296875,0.50494384765625,1,1,4,0.06880000233650208,0.13420000672340393,0.11670000106096268,-0.3330206274986267,-0.1928533911705017
4885243,2021,em_veg,random_draw,0,484515,5012625,60300,0.0328358208955224,0.5616140961647034,4.8477783203125,-0.201171875,1,1,4,0.07320000231266022,0.13580000400543213,0.14839999377727509,-0.3753475546836853,-0.2065040618181229
4885246,2021,em_veg,random_draw,0,484515,5012805,60300,0.0328358208955224,0.29042521119117737,3.550567626953125,-1.498382568359375,0,0,5,0.10599999874830246,0.31984999775886536,0.30720001459121704,-0.4908957779407501,-0.48520106077194214
4885731,2021,em_veg,random_draw,0,484635,5012745,60300,0.0328358208955224,0.06072288006544113,5.640960693359375,0.592010498046875,0.1111111119389534,0.6666666865348816,5,0.03395000100135803,0.12255000323057176,0.13384999334812164,-0.5963365435600281,-0.5885774493217468
4886640,2021,co_precise,annotated,1,484905,5010135,325800,0.0154696132596685,0.11170022189617156,3.6456298828125,-0.135345458984375,0.21052631735801697,1,5,0.03440000116825104,0.08259999752044678,0.0625,-0.3333333432674408,-0.2639029324054718
4886334,2021,dry,annotated,0,484815,5009805,325800,0.0154696132596685,0.7421753406524658,2.08685302734375,-1.694122314453125,0,0,5,0.04809999838471413,0.14869999885559082,0.15115000307559967,-0.5161917805671692,-0.476828008890152
4886446,2021,em_veg,annotated,0,484845,5009835,325800,0.0154696132596685,0.5498318076133728,2.966400146484375,-0.8145751953125,0.1875,1,5,0.05079999938607216,0.10440000146627426,0.08829999715089798,-0.38161560893058777,-0.26959022879600525
4886515,2021,em_veg,annotated,0,484875,5010165,325800,0.0154696132596685,0.5833461284637451,3.168060302734375,-0.6129150390625,0,0,5,0.07599999755620956,0.17579999566078186,0.1915999948978424,-0.43198803067207336,-0.37394067645072937
4886626,2021,dry,annotated,0,484905,5009805,325800,0.0154696132596685,0.05577073991298675,3.615936279296875,-0.1650390625,0.1428571492433548,0.6666666865348816,5,0.05274999886751175,0.15015000104904175,0.08895000070333481,-0.248460054397583,-0.1835443079471588
4886746,2021,dry,annotated,0,484935,5009985,325800,0.0154696132596685,0.12080712616443634,3.32086181640625,-0.460113525390625,0.06666667014360428,0.6666666865348816,5,0.06480000168085098,0.16910000145435333,0.1387999951839447,-0.39147868752479553,-0.3570370376110077
4886819,2021,em_veg,annotated,0,484935,5009745,325800,0.0154696132596685,0.0555218756198883,3.564697265625,-0.216278076171875,0.13333334028720856,0.6666666865348816,5,0.05240000039339065,0.17419999837875366,0.07190000265836716,-0.1568785160779953,-0.1568785160779953
4888581,2021,deep_water,random_draw,0,485595,5009805,7200,0.0583333333333333,0.17581714689731598,0.542205810546875,0.0067138671875,0.9444444179534912,1,3,0.04740000143647194,0.07530000060796738,0.0851999968290329,-0.298345685005188,0.1598916053771973
4895375,2021,deep_viz,annotated,0,490245,5008905,3600,0.0833333333333333,0.14662419259548187,0.80853271484375,-0.109405517578125,0,0.6666666865348816,5,0.06239999830722809,0.155349999666214,0.15029999613761902,-0.4506748616695404,-0.28947368264198303
4895379,2021,deep_viz,annotated,0,490245,5009025,3600,0.0833333333333333,0.23542656004428864,1.166259765625,0.248321533203125,0.0833333358168602,1,5,0.05189999938011169,0.12755000591278076,0.16509999334812164,-0.4881560206413269,-0.36020806431770325
4895568,2021,shallow_viz,annotated,1,490395,5005845,1800,0.1,0.1377798616886139,0.24078369140625,0.00665283203125,0,1,5,0.05979999899864197,0.15115000307559967,0.20524999499320984,-0.5834857225418091,-0.4281567633152008
4895291,2021,hugo_precise,annotated,1,490125,5002695,274500,0.0150819672131148,0.14516054093837738,3.016387939453125,-0.296661376953125,0,0.75,5,0.07639999687671661,0.20239999890327456,0.21729999780654907,-0.49238142371177673,-0.4430176615715027
4894651,2021,dry,annotated,0,489765,5002335,274500,0.0150819672131148,0.13300137221813202,2.933349609375,-0.37969970703125,0,1,5,0.05784999951720238,0.1367499977350235,0.1460999995470047,-0.4373295605182648,-0.4271255135536194
4895094,2021,dry,annotated,0,490035,5002515,274500,0.0150819672131148,1.413844347000122,2.154937744140625,-1.158111572265625,0.30000001192092896,1,5,0.06289999932050705,0.14454999566078186,0.12524999678134918,-0.37184324860572815,-0.24427054822444916
4895248,2021,dry,annotated,0,490125,5002215,274500,0.0150819672131148,0.40720969438552856,2.267578125,-1.04547119140625,0,0.6666666865348816,5,0.07029999792575836,0.22849999368190765,0.22679999470710752,-0.4975999891757965,-0.4225108325481415
4895502,2021,co_precise,annotated,1,490365,5002695,4500,0.0666666666666667,0.279532253742218,0.849884033203125,0.140960693359375,0,1,5,0.05590000003576279,0.1266999989748001,0.16030000150203705,-0.5528424382209778,-0.3901515007019043
4895521,2021,dry,annotated,0,490365,5002755,4500,0.0666666666666667,0.24039724469184875,0.423095703125,-0.28582763671875,0,0,5,0.09719999879598618,0.2321999967098236,0.3255000114440918,-0.5373467206954956,-0.4771241843700409
4895575,2021,dry,annotated,0,490395,5002725,4500,0.0666666666666667,0.22750429809093475,0.7989501953125,0.09002685546875,0,0.75,5,0.04490000009536743,0.10729999840259552,0.13244999945163727,-0.5322924256324768,-0.33280882239341736
4895552,2021,co_precise,annotated,1,490395,5002185,45900,0.0300653594771242,0.12372324615716934,2.6923828125,0.15463256835943184,0.10000000149011612,0.6666666865348816,5,0.02820000052452087,0.0729999989271164,0.03480000048875809,-0.2210526317358017,1
4895522,2021,dry,annotated,0,490365,5002215,45900,0.0300653594771242,0.30388134717941284,2.135345458984375,-0.4024047851561931,0,0,5,0.06669999659061432,0.33500000834465027,0.22910000383853912,-0.5659603476524353,-0.47439759969711304
4895808,2021,dry,annotated,0,490545,5002485,45900,0.0300653594771242,0.22380146384239197,2.100341796875,-0.43740844726556816,0,0,5,0.09619999676942824,0.24300000071525577,0.27000001072883606,-0.47233790159225464,-0.447761207818985
4895943,2021,dry,annotated,0,490635,5002395,45900,0.0300653594771242,0.4837227761745453,1.234466552734375,-1.3032836914061932,0,0,5,0.08020000159740448,0.1907999962568283,0.2851000130176544,-0.5464917421340942,-0.5144703388214111
4895461,2021,co_precise,annotated,1,490335,5001705,45900,0.0418300653594771,0.08343431353569031,2.260589599609375,0.227508544921875,0.2857142984867096,1,5,0.022749999538064,0.02349999919533729,0.03099999949336052,-0.17151154577732086,0.46853145956993103
4895597,2021,dry,annotated,0,490425,5001735,45900,0.0418300653594771,0.6082750558853149,1.43798828125,-0.5950927734375,0.04545454680919647,0.75,5,0.05640000104904175,0.12700000405311584,0.15109999477863312,-0.4369947612285614,-0.34195634722709656
4895833,2021,dry,annotated,0,490545,5001735,45900,0.0418300653594771,0.6565513014793396,1.755279541015625,-0.277801513671875,0.2916666567325592,0.5,5,0.05629999935626983,0.13230000436306,0.14980000257492063,-0.44399183988571167,-0.3457292318344116
4895857,2021,terrain,annotated,0,490575,5001705,45900,0.0418300653594771,0.7383875846862793,2.321136474609375,0.288055419921875,0.9200000166893004,0.5,4,0.05150000005960464,0.09139999747276306,0.09690000116825104,-0.4330966770648956,-0.30592992901802063
4895863,2021,dry,annotated,0,490575,5001645,45900,0.0418300653594771,0.4076150059700012,0.27117919921875,-1.76190185546875,0,0,5,0.08259999752044678,0.20270000398159027,0.2897999882698059,-0.5509849190711975,-0.5264248847961426
4894945,2021,co_precise,annotated,1,489945,5001765,3600,0.0833333333333333,0.07233445346355438,0.73480224609375,0.103851318359375,0.09090909361839294,1,5,0.02115000039339065,0.07405000180006027,0.07660000026226044,-0.6179887056350708,-0.48662206530570984
4894865,2021,dry,annotated,0,489915,5001735,3600,0.0833333333333333,0.3347143232822418,-0.0809326171875,-0.711883544921875,0,0,5,0.07609999924898148,0.2363000065088272,0.24650000035762787,-0.528208315372467,-0.5094619393348694
4986031,2021,hugo_precise,annotated,1,492675,4971675,42300,0.025531914893617,0.0721600130200386,2.26068115234375,0.07717895507818184,0.0476190485060215,1,5,0.01700000092387199,0.06939999759197235,0.05299999937415123,-0.5142857432365417,-0.4009900987148285
4986025,2021,dry,annotated,0,492675,4971945,42300,0.025531914893617,0.15583181381225586,2.115570068359375,-0.06793212890619316,0,0.5,5,0.07739999890327454,0.19120000302791595,0.18870000541210177,-0.42067620158195496,-0.3349875807762146
4986088,2021,dry,annotated,0,492705,4971645,42300,0.025531914893617,0.2511814832687378,1.761566162109375,-0.4219360351561931,0,0.4000000059604645,5,0.05970000103116035,0.23800000548362732,0.16979999840259552,-0.4580118060111999,-0.42526137828826904
4986112,2021,dry,annotated,0,492735,4971885,42300,0.025531914893617,0.2196418195962906,2.197052001953125,0.01354980468755684,0.09090909361839294,0.6666666865348816,5,0.05040000006556511,0.16899999976158142,0.14659999310970306,-0.4626266658306122,-0.406671404838562
5050778,2021,co_precise,annotated,1,493095,4967355,30600,0.0333333333333333,0.11357086896896362,1.26177978515625,0.04876708984375,0,0.8571428656578064,5,0.02999999932944774,0.04720000177621841,0.03640000149607658,-0.17495395243167877,0.0033003301359713
5050759,2021,dry,annotated,0,493065,4967205,30600,0.0333333333333333,0.3201329708099365,1.005218505859375,-0.207794189453125,0,0.3333333432674408,5,0.06239999830722809,0.22190000116825104,0.19599999487400055,-0.48074308037757874,-0.4129110872745514
5050773,2021,dry,annotated,0,493095,4967445,30600,0.0333333333333333,0.2758994698524475,0.958740234375,-0.2542724609375,0,0.8571428656578064,5,0.05465000122785568,0.14094999432563782,0.15449999272823334,-0.4527776837348938,-0.40550071001052856
5050851,2021,dry,annotated,0,493215,4967355,30600,0.0333333333333333,0.2442597895860672,0.950531005859375,-0.262481689453125,0,0.375,5,0.08309999853372574,0.20990000665187836,0.2890999913215637,-0.5811902284622192,-0.505311906337738
5050729,2021,hugo_precise,annotated,1,492945,4962615,57600,0.025,0.06946179270744324,1.1492614746093182,0.025299072265625,0.25,1,5,0.02280000038444996,0.03200000151991844,0.02170000039041042,-0.02411873824894428,0.02471910044550895
5050561,2021,dry,annotated,0,492765,4962405,57600,0.025,0.27625271677970886,-0.39431762695318184,-1.518280029296875,0,0,5,0.10055000334978104,0.28790000081062317,0.3169499933719635,-0.5250291228294373,-0.4980359673500061
5050594,2021,dry,annotated,0,492795,4962525,57600,0.025,0.14417029917240143,0.8941955566405682,-0.229766845703125,0,0.375,5,0.05810000002384186,0.15449999272823334,0.18039999902248385,-0.4914425313472748,-0.45967742800712585
5050615,2021,dry,annotated,0,492825,4962705,57600,0.025,0.423385351896286,0.5010986328124432,-0.62286376953125,0,0.125,5,0.08030000329017639,0.23864999413490295,0.24275000393390656,-0.5120095610618591,-0.4761281907558441
5050419,2021,dry,annotated,0,492525,4957425,11700,0.0512820512820513,0.3254195749759674,1.693115234375,-0.090240478515625,0,0.625,5,0.05110000073909759,0.1359499990940094,0.13574999570846558,-0.4883288145065307,-0.30284956097602844
5050451,2021,dry,annotated,0,492585,4957485,11700,0.0512820512820513,0.4596179127693176,1.64849853515625,-0.134857177734375,0.21739129722118375,0.625,5,0.04639999940991402,0.12240000069141388,0.09529999643564224,-0.5036959052085876,-0.31411677598953247
5050796,2021,hugo_precise,annotated,1,493095,4950825,16200,0.0481481481481481,0.1278955042362213,0.8829345703125,-0.144012451171875,0,0.5714285969734192,5,0.06639999896287918,0.13050000369548798,0.164000004529953,-0.4439549744129181,-0.33266332745552063
5050775,2021,dry,annotated,0,493095,4950855,16200,0.0481481481481481,0.10849398374557497,0.882843017578125,-0.14410400390625,0,0.5,5,0.08079999685287476,0.16500000655651093,0.2222999930381775,-0.5153374075889587,-0.3922119736671448
5050856,2021,dry,annotated,0,493215,4950795,16200,0.0481481481481481,0.2744823396205902,0.860015869140625,-0.16693115234375,0,0.5714285969734192,5,0.05820000171661377,0.10140000283718108,0.11980000138282776,-0.3460674285888672,-0.27982646226882935
5050905,2021,dry,annotated,0,493275,4950705,16200,0.0481481481481481,0.04982359334826469,0.866119384765625,-0.16082763671875,0,0.5714285969734192,5,0.10215000063180923,0.23899999260902405,0.28790000081062317,-0.4749065935611725,-0.4488532841205597
5050542,2021,co_precise,annotated,1,492735,4949535,39600,0.0318181818181818,0.03859895095229149,2.37384033203125,0.0975341796875,0.10000000149011612,0.8571428656578064,5,0.02889999933540821,0.04529999941587448,0.04850000143051147,-0.2864864766597748,-0.20797011256217957
5050527,2021,dry,annotated,0,492705,4949415,39600,0.0318181818181818,0.46006929874420166,1.274322509765625,-1.001983642578125,0,0.2857142984867096,5,0.06814999878406525,0.20010000467300415,0.19140000641345975,-0.47135838866233826,-0.44593387842178345
5050581,2021,dry,annotated,0,492795,4949565,39600,0.0318181818181818,0.04063861444592476,2.09735107421875,-0.178955078125,0,0.7142857313156128,5,0.0478999987244606,0.1031000018119812,0.1703999936580658,-0.6030204892158508,-0.28877678513526917
5050619,2021,dry,annotated,0,492825,4949535,39600,0.0318181818181818,0.12655030190944672,1.8892822265625,-0.38702392578125,0,0.7142857313156128,5,0.07429999858140945,0.19789999723434448,0.32919999957084656,-0.5362052917480469,-0.4879120886325836
5050800,2021,hugo_precise,annotated,1,493125,4947435,9900,0.0484848484848485,0.02491049468517303,0.878143310546875,0.004730224609375,0,1,5,0.05739999935030937,0.12160000205039978,0.22020000219345093,-0.4466838836669922,-0.04305043071508407
5050780,2021,dry,annotated,0,493095,4947465,9900,0.0484848484848485,0.03921995311975479,0.792877197265625,-0.080535888671875,0,1,5,0.11649999767541884,0.2117000073194504,0.34950000047683716,-0.5057339668273926,-0.4859245717525482
5050786,2021,dry,annotated,0,493095,4947405,9900,0.0484848484848485,0.08700043708086014,0.78216552734375,-0.09124755859375,0,0.875,5,0.0771000012755394,0.16439999639987946,0.26489999890327454,-0.510503351688385,-0.4344355762004852
5050843,2021,dry,annotated,0,493185,4947435,9900,0.0484848484848485,0.17281001806259155,0.70367431640625,-0.16973876953125,0,0.625,5,0.0815500020980835,0.16245000064373016,0.26385000348091125,-0.5054953694343567,-0.4374750256538391
5048913,2021,shallow_viz,annotated,1,491145,4943655,4500,0.08,0.09910827875137328,0.282806396484375,0.0445556640625,0,1,5,0.07559999823570251,0.15860000252723694,0.24120000004768372,-0.508442759513855,-0.2985561192035675
5048929,2021,hugo_precise,annotated,1,491175,4943565,4500,0.08,0.11371681839227676,0.22650146484375,-0.011749267578125,0,1,5,0.06515000015497208,0.12434999644756316,0.16169999539852142,-0.4401368498802185,-0.28358209133148193
5048881,2021,dry,annotated,0,491115,4943625,4500,0.08,0.18618302047252655,-0.084381103515625,-0.3226318359375,0,0.7142857313156128,5,0.09849999845027924,0.21089999377727509,0.3675999939441681,-0.5554883480072021,-0.5007144212722778
5048960,2021,dry,annotated,0,491205,4943625,4500,0.08,0.2391269654035568,-0.61785888671875,-0.856109619140625,0,0,5,0.08980000019073486,0.1888999938964844,0.3319000005722046,-0.5541160702705383,-0.48713359236717224
5049218,2021,hugo_precise,annotated,1,491415,4942725,3600,0.0833333333333333,0.08760333806276321,0.335052490234375,0.033905029296875,0,1,5,0.07859999686479568,0.1712999939918518,0.2542000114917755,-0.5075737833976746,0.8714285492897034
5049189,2021,dry,annotated,0,491385,4942725,3600,0.0833333333333333,0.08155567944049835,0.1805419921875,-0.12060546875,0,1,5,0.11195000261068344,0.2508000135421753,0.3478499948978424,-0.4796257615089417,-0.4059081077575683
5049261,2021,dry,annotated,0,491475,4942695,3600,0.0833333333333333,0.21091407537460327,-0.139312744140625,-0.440460205078125,0,0.2857142984867096,5,0.08820000290870667,0.25060001015663147,0.2994000017642975,-0.5576625466346741,-0.5219994783401489
5044585,2021,deep_water,random_draw,0,487995,4941195,550800,0.0164488017429194,0.05245517566800117,6.67498779296875,0.128265380859375,1,1,3,0.00529999984428286,0.01030000019818544,0.01119999960064888,-0.35757574439048767,-0.35757574439048767
5045284,2021,deep_water,random_draw,0,488595,4941225,550800,0.0164488017429194,0,6.72210693359375,0.175384521484375,1,1,3,0.03674999997019768,0.04064999893307686,0.04250000044703483,-0.07025554776191711,-0.04109589010477066
5045470,2021,deep_water,random_draw,0,488715,4941105,550800,0.0164488017429194,0.0452079027891159,6.691650390625,0.144927978515625,1,1,1,0.01775000058114528,0.02015000022947788,0.02044999971985817,-0.09695898741483688,-0.04240282624959946
5046135,2021,deep_water,random_draw,0,489105,4941015,550800,0.0164488017429194,0,6.72210693359375,0.175384521484375,1,1,1,0.02400000020861625,0.01940000057220459,0.02239999920129776,0.03542322292923927,0.03880596905946731
5046227,2021,deep_water,random_draw,0,489165,4941165,550800,0.0164488017429194,0,6.72210693359375,0.175384521484375,1,1,1,0.03139999881386757,0.02594999969005584,0.02814999967813491,0.05168474838137626,0.06916426867246628
5046419,2021,deep_water,random_draw,0,489255,4941135,550800,0.0164488017429194,0,6.72210693359375,0.175384521484375,1,1,1,0.03150000050663948,0.02630000002682209,0.02649999968707561,0.08620689809322357,0.10526315867900848
5046479,2021,deep_water,random_draw,0,489285,4941045,550800,0.0164488017429194,0,6.72210693359375,0.175384521484375,1,1,1,0.03070000000298023,0.02490000054240226,0.02569999918341636,0.04416403919458389,0.08865248411893845
5046531,2021,deep_water,random_draw,0,489315,4940895,550800,0.0164488017429194,0,6.72210693359375,0.175384521484375,1,1,1,0.02810000069439411,0.02470000088214874,0.02669999934732914,0.02554744482040405,0.04178272932767868
5046564,2021,deep_water,random_draw,0,489345,4941195,550800,0.0164488017429194,0.41775134205818176,6.33514404296875,-0.211578369140625,0.7894737124443054,0.5714285969734192,5,0.04329999908804893,0.1420000046491623,0.14419999718666077,-0.5054633617401123,-0.4058988690376282
5046761,2021,deep_water,random_draw,0,489435,4941135,550800,0.0164488017429194,0,6.72210693359375,0.175384521484375,1,1,1,0.03290000185370445,0.03070000000298023,0.03200000151991844,-0.02228826098144054,0.02735562250018119
7042778,2021,dry,annotated,0,486765,4939635,15300,0.0470588235294118,0.5962806940078735,2.154541015625,-0.292510986328125,0,0,5,0.08914999663829803,0.24275000393390656,0.25224998593330383,-0.43933749198913574,-0.3859339654445648
7024037,2021,dry,annotated,0,483015,4926015,4500,0.0666666666666667,0.6764315962791443,1.327392578125,-1.23541259765625,0,0,5,0.07259999960660934,0.2727999985218048,0.2522999942302704,-0.5620782971382141,-0.4841309785842895
7024180,2021,co_precise,annotated,1,483105,4924965,259200,0.0111111111111111,0.09927913546562196,5.5374755859375,0.03570556640625,0.23529411852359772,0.6000000238418579,5,0.01195000018924474,0.04834999889135361,0.04365000128746033,-0.5674107074737549,-0.5239923000335693
7023765,2021,terrain,annotated,0,482775,4924815,259200,0.0111111111111111,1.1671427488327026,4.88336181640625,-0.618408203125,0.8125,0.8333333134651184,4,0.04574999958276749,0.1019499972462654,0.08550000190734863,-0.3345803916454315,-0.29816147685050964
7024062,2021,terrain,annotated,0,483015,4924605,259200,0.0111111111111111,0.5574024319648743,5.49700927734375,-0.0047607421875,0.8947368264198303,0.8571428656578064,4,0.03220000118017197,0.07135000079870224,0.06515000015497208,-0.3345237672328949,-0.23385939002037048
7024085,2021,dry,annotated,0,483045,4925325,259200,0.0111111111111111,0.4513528347015381,4.588623046875,-0.91314697265625,0,0,5,0.06790000200271606,0.22849999368190765,0.23100000619888303,-0.49862930178642273,-0.45597898960113525
7024188,2021,dry,annotated,0,483105,4924905,259200,0.0111111111111111,0.34043842554092407,4.7967529296875,-0.70501708984375,0.0625,0,5,0.05909999832510948,0.21389999985694885,0.16899999976158142,-0.4875153601169586,-0.481806218624115
7024200,2021,dry,annotated,0,483135,4925205,259200,0.0111111111111111,0.6210758090019226,4.02178955078125,-1.47998046875,0,0,5,0.06159999966621399,0.24809999763965607,0.2231000065803528,-0.5077003240585327,-0.4949308633804322
7037928,2021,dry,annotated,0,483735,4921755,501300,0.00945541591861161,1.1033427715301514,2.7474365234375,-5.36279296875,0,0,5,0.07564999908208847,0.24420000612735748,0.24944999814033508,-0.5204968452453613,-0.5029963850975037
7038116,2021,em_veg,annotated,0,483885,4922535,501300,0.00945541591861161,0.22186002135276792,7.458740234375,-0.6514892578125,0.3333333432674408,1,5,0.05119999870657921,0.05640000104904175,0.06400000303983688,-0.13076923787593842,0.4609101414680481
7038163,2021,dry,annotated,0,483915,4921875,501300,0.00945541591861161,0.47902119159698486,7.084716796875,-1.0255126953125,0.699999988079071,0.7142857313156128,4,0.05160000175237655,0.1054999977350235,0.09399999678134918,-0.3574858009815216,-0.29120880365371704
7038448,2021,dry,annotated,0,484125,4922115,501300,0.00945541591861161,1.2194781303405762,3.31268310546875,-4.79754638671875,0,0,5,0.07665000110864639,0.22380000352859497,0.2504499852657318,-0.5181290507316589,-0.4770514667034149
7038490,2021,em_veg,annotated,0,484125,4922295,501300,0.00945541591861161,0.09538659453392027,7.50787353515625,-0.60235595703125,0.6499999761581421,1,4,0.04740000143647194,0.11760000139474867,0.12030000239610672,-0.4319952130317688,-0.380952388048172
7024307,2021,em_veg,random_draw,0,483375,4919775,14400,0.0416666666666667,0.12393734604120256,0.30364990234375,-0.05401611328125,0,0,5,0.08470000326633453,0.1911499947309494,0.2253500074148178,-0.48261818289756775,-0.3667757213115692
7024426,2021,em_veg,random_draw,0,483465,4919685,14400,0.0416666666666667,0.12816892564296722,0.39324951171875,0.03558349609375,0,0,5,0.06239999830722809,0.17020000517368317,0.17775000631809235,-0.45392993092536926,-0.400943398475647
7024476,2021,em_veg,random_draw,0,483495,4919805,14400,0.0416666666666667,0.16703063249588013,0.408935546875,0.05126953125,0,0,5,0.08055000007152557,0.23454999923706055,0.23690000176429749,-0.4871186316013336,-0.4305430650711059
7024482,2021,dry,annotated,0,483495,4919295,9000,0.0466666666666667,0.31881648302078247,1.19866943359375,-0.1097412109375,0.5789473652839661,0.6666666865348816,5,0.04145000129938125,0.12800000607967377,0.11704999953508376,-0.48040151596069336,-0.3650057911872864
7024483,2021,terrain,annotated,0,483495,4919265,9000,0.0466666666666667,0.20287398993968964,1.458740234375,0.15032958984375,0.4000000059604645,0.8333333134651184,4,0.0406000018119812,0.11180000007152556,0.10260000079870224,-0.4399999976158142,-0.3884180784225464
7024560,2021,terrain,annotated,0,483555,4919295,9000,0.0466666666666667,0.05134661123156547,1.591064453125,0.28265380859375,0.3684210479259491,0.5,5,0.0324999988079071,0.08240000158548355,0.07590000331401825,-0.4512055218219757,-0.2535392642021179
7024587,2021,dry,annotated,0,483555,4919325,9000,0.0466666666666667,0.38933783769607544,0.81982421875,-0.48858642578125,0,0.1666666716337204,5,0.06179999932646751,0.18469999730587008,0.1761000007390976,-0.4804539680480957,-0.42500001192092896
7024516,2021,dry,annotated,0,483525,4913145,2700,0.0888888888888889,0.6924294829368591,-0.27911376953125,-0.32861328125,0,0.1428571492433548,5,0.07109999656677246,0.2858000099658966,0.22130000591278076,-0.5136798620223999,-0.4305555522441864
7024478,2021,dry,annotated,0,483495,4912605,17100,0.0385964912280702,1.4056576490402222,1.8155517578125,-0.832763671875,0.2380952388048172,1,5,0.04430000111460686,0.12150000035762788,0.08990000188350677,-0.3900621235370636,-0.2604340612888336
7035843,2021,co_precise,annotated,1,483405,4909965,55800,0.0258064516129032,0.2296641319990158,1.741455078125,-0.51171875,0,0.1428571492433548,5,0.07429999858140945,0.17419999837875366,0.2393999993801117,-0.5227941274642944,-0.38289037346839905
7035735,2021,dry,annotated,0,483315,4909815,55800,0.0258064516129032,0.30744391679763794,0.60760498046875,-1.64556884765625,0,0,5,0.09929999709129332,0.2718000113964081,0.34940001368522644,-0.5690386891365051,-0.510733425617218
7035792,2021,dry,annotated,0,483375,4909695,55800,0.0258064516129032,0.6899706125259399,-0.17437744140625,-2.42755126953125,0,0.1428571492433548,5,0.0731000006198883,0.21825000643730164,0.2463500052690506,-0.5312055945396423,-0.49754711985588074
7035925,2021,dry,annotated,0,483585,4909755,55800,0.0258064516129032,0.639525294303894,1.4208984375,-0.832275390625,0.0476190485060215,0.5714285969734192,5,0.04394999891519546,0.11235000193119048,0.1307000070810318,-0.5212883353233337,-0.45670995116233826
7140723,2021,dry,annotated,0,483735,4909005,10800,0.0444444444444444,0.10585564374923706,0.27301025390625,-0.0594482421875,0,0,5,0.05539999902248382,0.17440000176429749,0.16290000081062317,-0.5112483501434326,-0.35979291796684265
7140739,2021,terrain,annotated,0,483765,4907655,900,0.133333333333333,0.346995085477829,0.59466552734375,0,0,0.8333333134651184,5,0.04484999924898147,0.11765000224113464,0.13795000314712524,-0.5759327411651611,-0.34036940336227417
7140805,2021,dry,annotated,0,483945,4906965,517500,0.0146086956521739,0.522921085357666,2.8277587890625,-0.41290283203125,0.095238097012043,0.5,5,0.06004999950528145,0.18539999425411224,0.1352500021457672,-0.4378088116645813,-0.3511334955692291
7140820,2021,dry,annotated,0,483945,4906815,517500,0.0146086956521739,0.23815657198429108,2.82623291015625,-0.4144287109375,0.05263157933950424,0.8333333134651184,5,0.05474999919533729,0.15115000307559967,0.13204999268054962,-0.419732928276062,-0.39361703395843506
7141324,2021,dry,annotated,0,484305,4907355,517500,0.0146086956521739,0.04050115123391151,2.85931396484375,-0.38134765625,0,0,5,0.06469999998807907,0.155799999833107,0.27035000920295715,-0.6294950246810913,-0.553505539894104
7035852,2021,dry,annotated,0,483435,4902555,23400,0.0333333333333333,0.05936401709914207,0.36279296875,-0.0499267578125,0,0.5,5,0.07270000129938126,0.22460000216960907,0.36059999465942383,-0.6467027068138123,-0.23563696444034576
7035879,2021,dry,annotated,0,483465,4902495,23400,0.0333333333333333,0.05997344478964805,0.3466796875,-0.0660400390625,0,0,5,0.08380000293254852,0.2207999974489212,0.23890000581741333,-0.410271555185318,-0.32101958990097046
7035914,2021,dry,annotated,0,483555,4902645,23400,0.0333333333333333,0.07382510602474213,0.440673828125,0.0279541015625,0,0.4000000059604645,5,0.06785000115633011,0.1898999959230423,0.22179999947547913,-0.5444923639297485,-0.33504360914230347
7035881,2021,dry,annotated,0,483495,4896555,900,0.133333333333333,0.5134865045547485,1.96490478515625,-1.48583984375,0,0,5,0.07275000214576721,0.2872999906539917,0.27035000920295715,-0.5791271924972534,-0.5256257653236389
7035726,2021,terrain,annotated,0,483285,4894845,1800,0.1,0.4434147179126739,2.19525146484375,0.09814453125,0.0555555559694767,1,5,0.05070000141859054,0.10819999873638152,0.12804999947547913,-0.48290663957595825,-0.2996706962585449
8656049,2021,hugo_precise,annotated,1,493545,4814355,7200,0.0583333333333333,0,1.3985595703125,0.02825927734375,0,0.625,5,0.05070000141859054,0.13099999725818634,0.19930000603199005,-0.6077669858932495,-0.544220507144928
8656017,2021,dry,annotated,0,493515,4814295,7200,0.0583333333333333,0,1.3985595703125,0.02825927734375,0,1,5,0.07620000094175339,0.17669999599456787,0.24889999628067017,-0.5338935852050781,-0.4014909565448761
8656026,2021,dry,annotated,0,493515,4814355,7200,0.0583333333333333,0,1.3985595703125,0.02825927734375,0,0.75,5,0.0593000017106533,0.1449999958276749,0.22540000081062317,-0.5949453711509705,-0.5504385828971863
8656087,2021,dry,annotated,0,493635,4814325,7200,0.0583333333333333,0.21130961179733276,-0.232086181640625,-1.602386474609375,0,0,5,0.07445000112056732,0.2795499861240387,0.2772499918937683,-0.5651859641075134,-0.5360900163650513
8657729,2021,dry,annotated,0,495345,4811925,729000,0.0128395061728395,0.37651070952415466,2.743438720703125,-0.98736572265625,0.2666666805744171,0.5,5,0.06745000183582306,0.1579499989748001,0.17315000295639038,-0.4682813584804535,-0.3411049246788025
8658320,2021,dry,annotated,0,495615,4811745,729000,0.0128395061728395,0.13238012790679932,3.571990966796875,-0.1588134765625,0.9285714030265808,1,3,0.04004999995231628,0.04244999960064888,0.05860000103712082,-0.1635533720254898,0.14390243589878082
8658574,2021,dry,annotated,0,495705,4811955,729000,0.0128395061728395,0.44241729378700256,1.067535400390625,-2.66326904296875,0,0,5,0.09905000030994417,0.28940001130104065,0.31470000743865967,-0.5122190117835999,-0.46328672766685486
8657834,2021,hugo_precise,annotated,1,495405,4811685,729000,0.0128395061728395,0.0637507364153862,3.45831298828125,-0.272491455078125,0.7407407164573669,1,4,0.04284999892115593,0.05150000005960464,0.05939999967813492,-0.1764189898967743,0.35892513394355774
8663517,2021,dry,annotated,0,498375,4811085,121500,0.0232098765432099,0.3512100577354431,2.51165771484375,0.19891357421875,0.5925925970077515,0.6363636255264282,5,0.0385500006377697,0.08649999648332596,0.10135000199079514,-0.46659502387046814,-0.3052985668182373
8664340,2021,em_veg,annotated,0,498615,4810995,121500,0.0232098765432099,0.1348978728055954,2.78143310546875,0.46868896484375,0.47999998927116394,0.8888888955116272,5,0.04980000108480453,0.09589999914169312,0.07280000299215317,-0.20060892403125763,-0.13333334028720856
8664601,2021,dry,annotated,0,498735,4811115,121500,0.0232098765432099,0.16266292333602905,1.7589111328125,-0.5538330078125,0,0.800000011920929,5,0.06994999945163727,0.13750000298023224,0.17475000023841858,-0.43623748421669006,-0.37870296835899353
8664605,2021,dry,annotated,0,498705,4810995,121500,0.0232098765432099,0.21130973100662231,1.83880615234375,-0.47393798828125,0.2222222238779068,0.800000011920929,5,0.0604499988257885,0.12359999865293504,0.14315000176429749,-0.445561945438385,-0.37920331954956055
8665118,2021,em_veg,annotated,0,498945,4811355,8100,0.0518518518518519,0.16846664249897003,0.312255859375,-0.1788330078125,0,0,5,0.06060000136494636,0.17910000681877136,0.1704999953508377,-0.4691195785999298,-0.4510638415813446
8665242,2021,em_veg,annotated,0,499005,4811355,8100,0.0518518518518519,0.13691642880439758,0.57269287109375,0.08160400390625,0.10000000149011612,0.125,5,0.04010000079870224,0.1273999959230423,0.11800000071525574,-0.46392837166786194,-0.3993660807609558
8665243,2021,em_veg,annotated,0,499035,4811295,8100,0.0518518518518519,0.04385900869965553,0.5985107421875,0.107421875,0.1515151560306549,0.20000000298023224,5,0.04190000146627426,0.11980000138282776,0.10819999873638152,-0.430715948343277,-0.2734082341194153
8665319,2021,dry,annotated,0,499035,4811355,8100,0.0518518518518519,0.15017099678516388,0.4412841796875,-0.0498046875,0.06666667014360428,0,5,0.05584999918937683,0.16040000319480896,0.14399999380111694,-0.46294349431991577,-0.2761801481246948
8665848,2021,co_precise,annotated,1,499275,4811355,16200,0.037037037037037,0.13608147203922272,1.3380126953125,-0.2210693359375,0.03448275849223137,0.20000000298023224,5,0.04850000143051147,0.08285000175237656,0.1005999967455864,-0.30495941638946533,-0.12161115556955338
8665774,2021,dry,annotated,0,499215,4811325,16200,0.037037037037037,0.13564631342887878,0.728515625,-0.83056640625,0,0.10000000149011612,5,0.07885000109672546,0.1776999980211258,0.29589998722076416,-0.5647994875907898,-0.4351181983947754
8665842,2021,dry,annotated,0,499275,4811235,16200,0.037037037037037,0.3304882049560547,1.3466796875,-0.21240234375,0.10000000149011612,0.800000011920929,5,0.05620000138878822,0.08669999986886978,0.12240000069141388,-0.33921223878860474,-0.30337077379226685
8665955,2021,dry,annotated,0,499335,4811355,16200,0.037037037037037,0.4671612679958343,0.46429443359375,-1.09478759765625,0,0.10000000149011612,5,0.096500001847744,0.1808999925851822,0.24420000612735748,-0.4424346685409546,-0.34852901101112366
8666540,2021,em_veg,random_draw,0,499545,4811475,9000,0.0533333333333333,0.10879984498023988,0.27740478515625,0.02496337890625,0.25,0.3333333432674408,5,0.0520000010728836,0.13079999387264252,0.09600000083446504,-0.34339621663093567,-0.17394757270812988
8666791,2021,em_veg,random_draw,0,499665,4811445,9000,0.0533333333333333,0.13605555891990662,0.26171875,0.00927734375,0.0357142873108387,0,5,0.06179999932646751,0.1701499968767166,0.15964999794960022,-0.4530805349349976,-0.37302324175834656
8670859,2021,dry,annotated,0,501825,4811625,118800,0.0181818181818182,0.5220702886581421,1.101409912109375,-0.735015869140625,0.13793103396892548,0.30000001192092896,5,0.08420000225305557,0.1976500004529953,0.19380000233650208,-0.43185341358184814,-0.35392260551452637
8671696,2021,dry,annotated,0,502095,4811685,118800,0.0181818181818182,0.14312785863876343,1.340118408203125,-0.496307373046875,0,0.375,5,0.05290000140666962,0.17589999735355377,0.18494999408721924,-0.5133245587348938,-0.4212328791618347
8672181,2021,dry,annotated,0,502275,4811565,118800,0.0181818181818182,0.4354884624481201,1.90673828125,0.0703125,1,1,4,0.04984999820590019,0.06199999898672104,0.05864999815821647,-0.11469534039497375,0.02912621386349201
8671858,2021,co_precise,annotated,1,502155,4811505,118800,0.0181818181818182,0.01164351217448711,2.129364013671875,0.292938232421875,1,1,3,0.05139999836683273,0.04884999990463257,0.02474999986588955,0.3611491322517395,0.49514561891555786
8675193,2021,dry,annotated,0,505755,4811445,2700,0.0888888888888889,1.206092119216919,2.36785888671875,-0.504913330078125,0,0.25,5,0.08449999988079071,0.2285500019788742,0.24214999377727509,-0.4694377481937408,-0.4320639371871948
8575117,2021,co_precise,annotated,1,511905,4821135,8127900,0.00545528365260399,0.13639254868030548,2.637969970703125,-1.023345947265625,0.3448275923728943,1,5,0.03830000013113022,0.04390000179409981,0.04850000143051147,-0.1415182799100876,0.02708124369382858
8573823,2021,deep_viz,annotated,0,511485,4821195,8127900,0.00545528365260399,0.1724457889795303,3.62823486328125,-0.0330810546875,1,1,1,0.04809999838471413,0.0357000008225441,0.0364999994635582,0.3113725483417511,0.5948718190193176
8575104,2021,dry,annotated,0,511905,4821465,8127900,0.00545528365260399,0.03340036422014236,2.35858154296875,-1.302734375,0,1,5,0.05880000069737434,0.10779999941587448,0.14104999601840973,-0.4112708866596222,0.3013100326061249
8575137,2021,dry,annotated,0,511905,4821525,8127900,0.00545528365260399,0.03092049807310104,2.412933349609375,-1.248382568359375,0,1,5,0.04315000027418136,0.0930500030517578,0.10005000233650208,-0.3842049539089203,0.15830115973949432
8681359,2021,deep_viz,annotated,0,511215,4820205,8127900,0.00545528365260399,0.07690489292144775,2.76190185546875,-0.8994140625,0.40740740299224854,1,5,0.06610000133514404,0.04879999905824661,0.02630000002682209,0.43073591589927673,0.43073591589927673
8681727,2021,deep_viz,annotated,0,511365,4819185,8127900,0.00545528365260399,0.0957791432738304,3.810302734375,0.14898681640625,1,1,1,0.04019999876618385,0.01640000008046627,0.01494999974966049,0.4828178584575653,0.7506493330001831
8682472,2021,dry,annotated,0,511785,4819485,8127900,0.00545528365260399,0.19860106706619263,1.77471923828125,-1.8865966796875,0,0.25,5,0.07490000128746033,0.21299999952316284,0.2653000056743622,-0.5596708059310913,-0.5381855368614197
8682651,2021,dry,annotated,0,511995,4819875,12600,0.0428571428571429,0.1192828118801117,0.17315673828125,-0.1409912109375,0,1,5,0.05534999817609787,0.15219999849796295,0.1699499934911728,-0.4980824887752533,-0.46310433745384216
8682707,2021,dry,annotated,0,512055,4819815,12600,0.0428571428571429,0.0680919885635376,0.2215576171875,-0.09259033203125,0,1,5,0.03290000185370445,0.07180000096559525,0.09969999641180038,-0.43296921253204346,-0.387159526348114
8682734,2021,dry,annotated,0,512085,4819935,12600,0.0428571428571429,0.216559499502182,0.264862060546875,-0.049285888671875,0,1,5,0.05335000157356262,0.1185000017285347,0.16619999706745148,-0.4994099140167236,-0.4592274725437164
8597160,2021,co_precise,annotated,1,522825,4824615,27000,0.04,0.12198276817798616,2.1180419921875,0.13388061523431816,0,0.7777777910232544,5,0.02920000068843364,0.08420000225305557,0.08780000358819962,-0.3300492465496063,-0.2949640154838562
8597077,2021,dry,annotated,0,522735,4824615,27000,0.04,0.15241506695747375,2.034515380859375,0.05035400390619316,0,1,5,0.04315000027418136,0.09825000166893004,0.09884999692440032,-0.45949283242225647,-0.14613179862499237
8597135,2021,dry,annotated,0,522795,4824675,27000,0.04,0.26572006940841675,1.48590087890625,-0.49826049804693184,0,0,5,0.05920000001788139,0.23364999890327456,0.22589999437332153,-0.5918744802474976,-0.5763066411018372
8597141,2021,dry,annotated,0,522795,4824585,27000,0.04,0.8183689117431641,2.0609130859375,0.07675170898431816,0.46666666865348816,1,5,0.05175000056624412,0.11415000259876253,0.11025000363588332,-0.33068186044692993,-0.21140609681606293
8598745,2021,hugo_precise,annotated,1,523935,4825965,16200,0.0481481481481481,0.10727725923061372,0.95855712890625,0.12799072265625,0,1,5,0.03319999948143959,0.05889999866485596,0.06109999865293503,-0.303964763879776,0.2623574137687683
8598573,2021,dry,annotated,0,523815,4825995,16200,0.0481481481481481,0.05233160406351089,0.722076416015625,-0.108489990234375,0,0.4285714328289032,5,0.07649999856948853,0.2009499967098236,0.23109999299049375,-0.4835015535354614,-0.37991631031036377
8598755,2021,dry,annotated,0,523965,4825905,16200,0.0481481481481481,0.20314018428325653,0.76519775390625,-0.06536865234375,0.03333333507180214,0.25,5,0.06019999831914902,0.1387999951839447,0.1712999939918518,-0.48064136505126953,-0.35628020763397217
8598835,2021,dry,annotated,0,524025,4825935,16200,0.0481481481481481,0.2470849007368088,0.272064208984375,-0.558502197265625,0,0,5,0.08389999717473984,0.23690000176429749,0.2476000040769577,-0.4998367726802826,-0.4873627722263336
8599515,2021,dry,annotated,0,524385,4826055,52200,0.0252873563218391,0.2600593864917755,0.959869384765625,-0.246307373046875,0,0.2857142984867096,5,0.06345000118017197,0.17560000717639923,0.18244999647140503,-0.49502477049827576,-0.440767377614975
8599587,2021,dry,annotated,0,524505,4825965,52200,0.0252873563218391,0.273722767829895,0.3565673828125,-0.849609375,0.03333333507180214,0.1428571492433548,5,0.07774999737739563,0.2762500047683716,0.2350499927997589,-0.5029378533363342,-0.45697328448295593
8599627,2021,dry,annotated,0,524535,4826295,52200,0.0252873563218391,0.0866675078868866,0.9720458984375,-0.234130859375,0,0.7142857313156128,5,0.07244999706745148,0.2138500064611435,0.3131999969482422,-0.5750608444213867,-0.3404388725757599
8601518,2021,shallow_viz,annotated,1,525855,4826175,18900,0.0412698412698413,0.06994464993476868,0.385589599609375,0.0106201171875,0,0.4285714328289032,5,0.04089999943971634,0.12860000133514404,0.1615000069141388,-0.5958498120307922,-0.1785714328289032
8601504,2021,dry,annotated,0,525825,4826085,18900,0.0412698412698413,0.07419996708631516,0.309295654296875,-0.065673828125,0,0.4285714328289032,5,0.07509999722242355,0.2152000069618225,0.3057999908924103,-0.6056707501411438,-0.5559493899345398
8601603,2021,dry,annotated,0,525885,4826205,18900,0.0412698412698413,0.20321403443813324,-0.313629150390625,-0.6885986328125,0,0,5,0.08730000257492065,0.27469998598098755,0.3151000142097473,-0.5455877780914307,-0.5292404890060425
8601673,2021,dry,annotated,0,525915,4826115,18900,0.0412698412698413,0.07095792144536972,0.35455322265625,-0.020416259765625,0,0.4285714328289032,5,0.0575999990105629,0.22390000522136688,0.22920000553131104,-0.5851005911827087,-0.5430773496627808
8602096,2021,shallow_viz,annotated,1,526215,4825905,9000,0.0466666666666667,0.07201007008552551,1.231292724609375,0.107025146484375,0,0.6000000238418579,5,0.02129999920725822,0.0556499995291233,0.05534999817609787,-0.4065220057964325,0.04049844294786453
8602034,2021,dry,annotated,0,526185,4825905,9000,0.0466666666666667,0.08121908456087112,1.1328125,0.008544921875,0,0.6666666865348816,5,0.06804999709129333,0.15755000710487366,0.17270000278949738,-0.4516205191612244,-0.2194029837846756
8602104,2021,dry,annotated,0,526245,4825995,9000,0.0466666666666667,0.11440066993236542,1.147125244140625,0.022857666015625,0,0.2857142984867096,5,0.07249999791383743,0.1820999979972839,0.21089999377727509,-0.47768616676330566,-0.4579133689403534
8602125,2021,dry,annotated,0,526275,4825875,9000,0.0466666666666667,0.6231417655944824,0.59442138671875,-0.52984619140625,0,0,5,0.07935000211000443,0.16740000247955322,0.2101999968290329,-0.428269237279892,-0.4023977816104889
8620661,2021,dry,annotated,0,534945,4826145,11700,0.0461538461538462,0.03650748357176781,0.06427001953125,-0.04559326171875,0,1,5,0.07240000367164612,0.17030000686645508,0.3084000051021576,-0.6108452677726746,-0.4961007833480835
8620840,2021,dry,annotated,0,534975,4826085,11700,0.0461538461538462,0.04894153028726578,0.092254638671875,-0.017608642578125,0,1,5,0.06530000269412994,0.14184999465942383,0.23690000176429749,-0.5511263012886047,-0.2366197109222412
8620962,2021,dry,annotated,0,535005,4826055,11700,0.0461538461538462,0.05999262258410454,0.08428955078125,-0.02557373046875,0,1,5,0.06379999965429306,0.13220000267028809,0.2402999997138977,-0.5528271198272705,-0.4828947484493256
8628334,2021,deep_viz,annotated,0,536805,4826265,7924500,0.00624645088018171,0.0766516849398613,4.703887939453182,-0.30587768554681816,0.9655172228813172,1,1,0.04374999925494194,0.03869999945163727,0.03334999829530716,0.17016786336898804,0.29100528359413147
8629500,2021,dry,annotated,0,537075,4826595,7924500,0.00624645088018171,0.0881272703409195,3.518249511718807,-1.4915161132811932,0,0.8333333134651184,5,0.04380000010132789,0.12449999898672104,0.19120000302791595,-0.5421538352966309,-0.29664430022239685
8630503,2021,deep_viz,annotated,0,537285,4826355,7924500,0.00624645088018171,0.04968958720564842,4.471191406250057,-0.5385742187499432,1,1,2,0.03954999893903732,0.03965000063180923,0.03370000049471855,0.12955418229103088,0.25471699237823486
8630932,2021,deep_viz,annotated,0,537375,4826115,7924500,0.00624645088018171,0,4.309143066406307,-0.7006225585936932,1,1,2,0.05869999900460243,0.06849999725818634,0.05160000175237655,0.08722741156816483,0.2779220640659332
8631052,2021,dry,annotated,0,537405,4826595,7924500,0.00624645088018171,0.13717718422412872,3.159118652343807,-1.8506469726561932,0,0.1666666716337204,5,0.10050000250339508,0.22145000100135803,0.30524998903274536,-0.5042299628257751,-0.4612244963645935
8632965,2021,dry,annotated,0,537795,4826505,7924500,0.00624645088018171,0.23625512421131137,2.841644287109432,-2.168121337890568,0,0.1666666716337204,5,0.07169999927282333,0.17730000615119934,0.2703999876976013,-0.5778688788414001,-0.5138580799102783
8632588,2021,dry,annotated,0,537735,4825755,70200,0.0196581196581197,0.36953431367874146,1.950164794921875,-0.1480712890625,0.4482758641242981,1,5,0.06975000351667404,0.19245000183582303,0.15755000710487366,-0.3947588205337525,-0.35125449299812317
8634145,2021,dry,annotated,0,538005,4825725,70200,0.0196581196581197,0.3711148798465729,1.38018798828125,-0.718048095703125,0.03999999910593033,0,5,0.07050000131130219,0.2484000027179718,0.2101999968290329,-0.42575952410697937,-0.35229068994522095
8634013,2021,hugo_precise,annotated,1,538005,4825965,9900,0.0484848484848485,0.0942147895693779,0.680999755859375,0.06628417968744316,0,1,5,0.02785000018775463,0.05799999833106994,0.06404999643564224,-0.34246933460235596,-0.14323607087135315
8633994,2021,dry,annotated,0,537975,4825935,9900,0.0484848484848485,0.16195815801620483,0.51318359375,-0.10153198242193184,0,0.8333333134651184,5,0.03799999877810478,0.13124999403953552,0.1216999962925911,-0.5205098390579224,-0.38349008560180664
8634325,2021,dry,annotated,0,538065,4825905,9900,0.0484848484848485,0.784932553768158,-0.18084716796875,-0.7955627441406818,0.03846153989434242,0.4000000059604645,5,0.07490000128746033,0.19050000607967377,0.18459999561309817,-0.40374332666397095,-0.3218390941619873
8634621,2021,dry,annotated,0,538095,4825965,9900,0.0484848484848485,0.08380529284477234,0.571563720703125,-0.04315185546880684,0,0.5,5,0.031700000166893,0.09584999829530716,0.09494999796152116,-0.4583392143249512,-0.4145854115486145
8639513,2021,hugo_precise,annotated,1,539385,4825995,171900,0.0143106457242583,0.00399464042857289,1.6063232421875,0.067108154296875,0.42105263471603394,1,4,0.06244999915361404,0.0823500007390976,0.06530000269412994,-0.02893312461674213,0.02805049158632755
8639342,2021,dry,annotated,0,539325,4825965,171900,0.0143106457242583,0.15059806406497955,1.31951904296875,-0.219696044921875,0,0.3333333432674408,5,0.0617000013589859,0.23784999549388883,0.19474999606609344,-0.5267734527587891,-0.4878472089767456
8640137,2021,dry,annotated,0,539535,4826235,171900,0.0143106457242583,0.21398158371448517,1.147308349609375,-0.39190673828125,0,0.1428571492433548,5,0.05640000104904175,0.22849999368190765,0.13529999554157257,-0.4115805923938751,-0.4115805923938751
8641560,2021,dry,annotated,0,539835,4826235,171900,0.0143106457242583,0.3479388952255249,0.44842529296875,-1.090789794921875,0,0,5,0.07355000078678131,0.28714999556541443,0.22085000574588776,-0.5003364086151123,-0.5001733303070068
8645816,2021,co_precise,annotated,1,542085,4826205,50400,0.0226190476190476,0.03530007600784302,2.168304443359375,0.091766357421875,0.21875,1,5,0.02950000017881393,0.048700001090765,0.04010000079870224,0.0260869562625885,0.03317535668611526
8645806,2021,dry,annotated,0,542055,4826325,50400,0.0226190476190476,0.05889938026666641,2.042449951171875,-0.034088134765625,0,0,5,0.05784999951720238,0.14614999294281006,0.14055000245571136,-0.43132078647613525,-0.37139809131622314
8645817,2021,dry,annotated,0,542085,4826115,50400,0.0226190476190476,0.15868012607097626,1.991485595703125,-0.085052490234375,0,0.125,5,0.06620000302791595,0.179299995303154,0.2065500020980835,-0.5196032524108887,-0.4867407977581024
8645948,2021,glint,annotated,0,542145,4826355,50400,0.0226190476190476,0.08447883278131485,2.12469482421875,0.04815673828125,0.06896551698446274,0.7142857313156128,5,0.03799999877810478,0.08479999750852585,0.09350000321865082,-0.3854595422744751,-0.24767225980758667
8646063,2021,dry,annotated,0,542145,4826205,50400,0.0226190476190476,0.22159650921821591,1.983795166015625,-0.092742919921875,0,0.1428571492433548,5,0.05869999900460243,0.1477999985218048,0.16054999828338623,-0.4669918715953827,-0.43152710795402527
8646156,2021,glint,annotated,0,542175,4826325,50400,0.0226190476190476,0.5009880661964417,1.787384033203125,-0.289154052734375,0.1034482792019844,0.2857142984867096,5,0.04484999924898147,0.1042499989271164,0.1124500036239624,-0.4310317933559418,-0.3220164477825165
8646703,2021,dry,annotated,0,542385,4825725,15300,0.0588235294117647,0.04107359796762466,1.075897216796875,-0.021820068359375,0,0.1428571492433548,5,0.10329999774694444,0.24169999361038208,0.302700012922287,-0.4992971122264862,-0.4462585151195526
8649279,2021,dry,annotated,0,543765,4826145,2700,0.0888888888888889,0.6559407114982605,1.763946533203125,-0.2171630859375,0,0,5,0.07460000365972519,0.24050000309944153,0.21870000660419464,-0.4913058280944824,-0.4218533933162689
8649300,2021,terrain,annotated,0,543765,4826085,2700,0.0888888888888889,0.6071746349334717,1.779144287109375,-0.20196533203125,0.09375,0.5,5,0.06340000033378601,0.20679999887943268,0.19740000367164612,-0.4600000083446502,-0.3866050839424134
8650374,2021,terrain,annotated,0,544815,4826085,3600,0.0833333333333333,0.592732310295105,1.3165893554688068,0.27410888671880684,0.9230769276618958,0.2857142984867096,3,0.08749999850988388,0.10740000009536745,0.0908000022172928,-0.01850813254714012,-0.01850813254714012
8829765,2021,dry,annotated,0,551655,4826205,3600,0.0833333333333333,0.42368313670158386,1.8533935546875,-0.204498291015625,0,0.2857142984867096,5,0.06100000068545341,0.1673000007867813,0.18330000340938568,-0.5108749270439148,-0.38067060708999634
8852828,2021,dry,annotated,0,580275,4821705,5400,0.0666666666666667,0.18005752563476565,0.15240478515625,-0.63079833984375,0,0,5,0.0729999989271164,0.21719999611377716,0.2080000042915344,-0.5047770738601685,-0.4804270565509796
8853714,2021,em_veg,random_draw,0,580695,4821735,5400,0.0666666666666667,0.1093594655394554,1.608245849609375,-0.14471435546875,0,0,5,0.07000000029802322,0.43970000743865967,0.2402999997138977,-0.5348125696182251,-0.48676469922065735
8866423,2021,dry,annotated,0,588975,4822395,259200,0.0162037037037037,0.3498498797416687,0.2171630859375,-1.4170532226563068,0,0,5,0.11900000274181366,0.2567499876022339,0.36344999074935913,-0.5181550979614258,-0.45916515588760376
8866598,2021,dry,annotated,0,589065,4822125,259200,0.0162037037037037,0.16252145171165466,1.50543212890625,-0.12878417968755684,0.03703703731298447,0.625,5,0.06150000169873237,0.13130000233650208,0.13210000097751615,-0.33683472871780396,-0.1917005032300949
8867377,2021,dry,annotated,0,589425,4822095,259200,0.0162037037037037,0.08423709869384766,1.60400390625,-0.03021240234380684,0.07999999821186066,1,5,0.04724999889731407,0.08224999904632568,0.0856499969959259,-0.2257883697748184,0.03468208014965057
9206776,2021,terrain,annotated,0,689925,4848195,1800,0.1,0.4334115087985992,1.401580810546875,0.15057373046875,0.7333333492279053,0,4,0.04859999939799309,0.15080000460147858,0.1462000012397766,-0.4616122841835022,-0.3744570016860962
9206802,2021,dry,annotated,0,689955,4848195,1800,0.1,0.7030817270278931,-1.40545654296875,-2.656463623046875,0,0,5,0.06549999862909317,0.3260999917984009,0.24815000593662265,-0.5856561660766602,-0.5203854441642761
9203693,2021,dry,annotated,0,685365,4848345,50400,0.0238095238095238,0.1716136336326599,3.49566650390625,-0.513427734375,0,0,5,0.08794999867677689,0.22394999861717224,0.2558000087738037,-0.5176036953926086,-0.353658527135849
9199046,2021,deep_water,random_draw,0,681675,4847835,482400,0.0425373134328358,0.657899796962738,2.49365234375,-0.9650878906250568,0,0,5,0.07959999889135361,0.2325499951839447,0.23180000483989716,-0.48883944749832153,-0.4732770621776581
9199601,2021,deep_water,random_draw,0,681825,4847955,482400,0.0425373134328358,0.26462522149086,2.893341064453125,-0.5653991699219318,0.1111111119389534,0,5,0.05829999968409538,0.18925000727176663,0.1758500039577484,-0.4961167275905609,-0.4663291275501251
9199774,2021,deep_water,random_draw,0,681885,4848045,482400,0.0425373134328358,0.6061675548553467,3.794891357421875,0.33615112304681816,0.4000000059604645,0,4,0.05380000174045563,0.16660000383853912,0.13490000367164612,-0.4384823739528656,-0.4297827184200287
9200007,2021,deep_water,random_draw,0,682005,4848285,482400,0.0425373134328358,0.15506845712661743,2.322662353515625,-1.1360778808594318,0,0,5,0.08179999887943268,0.27090001106262207,0.28519999980926514,-0.5432718992233276,-0.4933858811855316
9200049,2021,deep_water,random_draw,0,682005,4848165,482400,0.0425373134328358,0.9082835912704468,3.652587890625,0.19384765624994316,0.2222222238779068,0,5,0.05310000106692314,0.15790000557899475,0.15299999713897705,-0.48688048124313354,-0.48347339034080505
9200239,2021,deep_water,random_draw,0,682125,4848225,482400,0.0425373134328358,0.4084746241569519,0.491668701171875,-2.967071533203182,0,0,5,0.06174999848008156,0.212349995970726,0.2064500004053116,-0.5025818347930908,-0.4710937440395355
8286608,2021,em_veg,annotated,0,660105,4850625,1800,0.1,0.10700558871030807,0.225555419921875,0.006744384765625,0,0,5,0.05229999870061874,0.12245000153779984,0.13930000364780426,-0.4509264528751374,-0.3465871512889862
9096102,2021,dry,annotated,0,656265,4850385,30600,0.0274509803921569,0.07294085621833801,0.556396484375,-0.08575439453125,0.125,0.20000000298023224,5,0.0674000009894371,0.16130000352859497,0.17970000207424164,-0.48409098386764526,-0.366810142993927
9096203,2021,dry,annotated,0,656295,4850355,30600,0.0274509803921569,0.07608705759048462,0.53741455078125,-0.104736328125,0.125,0.3333333432674408,5,0.08614999800920486,0.18119999766349792,0.1923000067472458,-0.3939117193222046,-0.3282134234905243
9080940,2021,dry,annotated,0,650295,4850235,1800000,0.00473333333333333,0.8962544202804565,7.6451416015625,-0.89971923828125,0,0.1666666716337204,5,0.08460000157356262,0.21930000185966492,0.21230000257492063,-0.45610424876213074,-0.3710037171840668
9076018,2021,dry,annotated,0,647685,4850205,2700,0.0888888888888889,0.18610264360904696,2.28387451171875,0.270263671875,0.06666667014360428,0,5,0.05110000073909759,0.10339999943971634,0.12359999865293504,-0.427447110414505,-0.33373934030532837
9068176,2021,em_veg,annotated,0,636285,4850055,23400,0.0358974358974359,0.05036323890089989,0.710296630859375,-0.08233642578119316,0,0.1666666716337204,5,0.06390000134706497,0.14270000159740448,0.15060000121593475,-0.4884189367294311,-0.4041958153247833
9068204,2021,em_veg,annotated,0,636345,4849965,23400,0.0358974358974359,0.18287326395511627,0.5687255859375,-0.22390747070306816,0,0.1666666716337204,5,0.07615000009536743,0.2037000060081482,0.21809999644756317,-0.47381460666656494,-0.4393993616104126
9068228,2021,em_veg,annotated,0,636405,4849965,23400,0.0358974358974359,0.05003005638718605,0.703369140625,-0.08926391601556816,0,0.8333333134651184,5,0.05995000153779983,0.13079999387264252,0.11005000025033952,-0.28047195076942444,-0.24808485805988312
9067283,2021,dry,annotated,0,634905,4849545,9000,0.06,1.4046483039855957,1.667694091796875,-0.777618408203125,0,0,5,0.09440000355243684,0.2782999873161316,0.3310999870300293,-0.549214780330658,-0.5237381458282471
9067346,2021,dry,annotated,0,635025,4849575,9000,0.06,0.8020781874656677,-1.11444091796875,-3.55975341796875,0,0,5,0.07850000262260437,0.23579999804496765,0.2838999927043915,-0.5467754006385803,-0.541445255279541
8205268,2021,dry,annotated,0,623805,4851465,33300,0.0342342342342342,0.29991209506988525,1.790191650390625,-0.12640380859375,0,0,5,0.05705000087618828,0.2023500055074692,0.1710000038146973,-0.49967139959335327,-0.4984655976295471
8205434,2021,em_veg,annotated,0,623925,4851645,33300,0.0342342342342342,0.13831636309623718,1.9619140625,0.045318603515625,0,1,5,0.04199999943375587,0.10700000077486038,0.10050000250339508,-0.4285714328289032,-0.32312652468681335
8205599,2021,dry,annotated,0,623985,4851525,33300,0.0342342342342342,0.4566936492919922,1.175079345703125,-0.74151611328125,0,0,5,0.07445000112056732,0.19744999706745148,0.24150000512599945,-0.5181553959846497,-0.4262172281742096
8205612,2021,em_veg,annotated,0,623985,4851585,33300,0.0342342342342342,0.0926942378282547,2.033111572265625,0.11651611328125,0,0.8333333134651184,5,0.02474999986588955,0.07109999656677246,0.06750000268220901,-0.3974902033805847,-0.190476194024086
8201981,2021,dry,annotated,0,619455,4851525,4500,0.0666666666666667,1.1449755430221558,2.812042236328125,-0.827880859375,0,0.4285714328289032,5,0.05959999933838844,0.18119999766349792,0.13670000433921814,-0.43819043040275574,-0.3600439131259918
8201997,2021,dry,annotated,0,619485,4851465,4500,0.0666666666666667,0.11540176719427107,3.71026611328125,0.070343017578125,0,0,5,0.07980000227689743,0.30480000376701355,0.27880001068115234,-0.5662921071052551,-0.5494811534881592
8201365,2021,dry,annotated,0,617625,4851405,11700,0.0615384615384615,0.6275814175605774,1.610015869140625,-0.355926513671875,0,0,5,0.06875000149011612,0.27649998664855957,0.2243500053882599,-0.5105019807815552,-0.474815309047699
8201398,2021,dry,annotated,0,617745,4851375,11700,0.0615384615384615,0.6328401565551758,0.629852294921875,-1.336090087890625,0.05263157933950424,0,5,0.05745000019669533,0.22300000488758087,0.17409999668598175,-0.5145084857940674,-0.4859675168991089
7649122,2021,em_veg,annotated,0,612825,4851195,36900,0.024390243902439,0.01522510778158903,2.35821533203125,0.0517578125,0.2142857164144516,0.4000000059604645,5,0.05009999871253967,0.1416500061750412,0.131400004029274,-0.4504207372665405,-0.3511972725391388
7649245,2021,dry,annotated,0,612885,4851105,36900,0.024390243902439,0.266721248626709,2.0113525390625,-0.29510498046875,0,0,5,0.09130000323057176,0.24060000479221344,0.2538999915122986,-0.49558010697364807,-0.4587762057781219
7649277,2021,em_veg,annotated,0,612915,4851165,36900,0.024390243902439,0.04583057388663292,2.34051513671875,0.0340576171875,0.30000001192092896,0.3333333432674408,4,0.04625000059604645,0.1188500002026558,0.0723000019788742,-0.22285471856594088,-0.13983739912509918
7649490,2021,em_veg,annotated,0,613005,4851105,36900,0.024390243902439,0.1078406348824501,2.3330078125,0.02655029296875,0.2857142984867096,0.4000000059604645,5,0.04654999822378158,0.13089999556541443,0.11954999715089798,-0.44547513127326965,-0.3418043255805969
7647601,2021,hugo_precise,annotated,1,611985,4850895,165600,0.0155797101449275,0,2.201690673828125,0.041595458984375,1,1,3,0.01659999974071979,0.01590000092983246,0.00810000021010637,0.3441295623779297,0.3441295623779297
7647559,2021,dry,annotated,0,611955,4850985,165600,0.0155797101449275,0.246851310133934,1.84246826171875,-0.317626953125,0,0.875,5,0.08905000239610672,0.17820000648498535,0.19460000097751615,-0.36069822311401367,-0.31861957907676697
7647727,2021,deep_viz,annotated,0,612015,4850955,165600,0.0155797101449275,0,2.201690673828125,0.041595458984375,1,1,1,0.02339999936521053,0.04520000144839287,0.00260000000707805,0.7248677015304565,1
7647955,2021,em_veg,annotated,0,612075,4850715,165600,0.0155797101449275,0.20501762628555295,1.899322509765625,-0.260772705078125,0,0,5,0.0980999991297722,0.2240999937057495,0.2563999891281128,-0.44802868366241455,-0.38471099734306335
7648350,2021,em_veg,annotated,0,612255,4850745,165600,0.0155797101449275,0.11435355991125108,2.12469482421875,-0.035400390625,1,1,3,0.04095000028610229,0.06549999862909317,0.04230000078678131,-0.03540033102035522,0.00662251655012369
7648390,2021,deep_viz,annotated,0,612225,4850865,165600,0.0155797101449275,0,2.201690673828125,0.041595458984375,1,1,1,0.02449999935925007,0.01195000018924474,0.01370000001043081,0.2963331639766693,0.34317344427108765
7648590,2021,em_veg,annotated,0,612345,4850715,165600,0.0155797101449275,0.03081742487847805,2.194793701171875,0.034698486328125,1,1,3,0.03940000012516975,0.0697999969124794,0.0694499984383583,-0.2126457691192627,-0.03215926513075828
7648616,2021,deep_viz,annotated,0,612375,4850925,165600,0.0155797101449275,0,2.201690673828125,0.041595458984375,1,1,1,0.03350000083446503,0.02174999937415123,0.02374999970197677,0.19859060645103457,0.4220779240131378
7648672,2021,dry,annotated,0,612435,4850745,165600,0.0155797101449275,0.2972414493560791,1.76849365234375,-0.3916015625,0.11764705926179886,0.2857142984867096,5,0.0940999984741211,0.21209999918937683,0.20890000462532043,-0.3846611082553863,-0.33205556869506836
7648691,2021,dry,annotated,0,612465,4850955,165600,0.0155797101449275,0.4037455022335053,1.088897705078125,-1.071197509765625,0,0,5,0.10170000046491624,0.2370000034570694,0.2863999903202057,-0.48312994837760925,-0.46271705627441406
7643502,2021,dry,annotated,0,610815,4851495,54000,0.0255555555555556,0.2114645391702652,2.19354248046875,-0.00592041015625,0.1666666716337204,1,5,0.05950000137090683,0.11829999834299088,0.12950000166893005,-0.35490497946739197,-0.299175500869751
7643868,2021,dry,annotated,0,610875,4851345,54000,0.0255555555555556,0.2985280156135559,1.4012451171875,-0.7982177734375,0,0,5,0.09130000323057176,0.19939999282360077,0.30709999799728394,-0.5457174181938171,-0.45775654911994934
7644248,2021,dry,annotated,0,610995,4851375,54000,0.0255555555555556,0.3431217670440674,1.313232421875,-0.88623046875,0,0.09090909361839294,5,0.08429999649524689,0.1888999938964844,0.26499998569488525,-0.5100235939025879,-0.4683944284915924
7643982,2021,co_precise,annotated,1,610935,4851375,54000,0.0255555555555556,0.11330042034387589,2.241058349609375,0.041595458984375,0.05000000074505806,1,5,0.05299999937415123,0.08470000326633453,0.09629999846220016,-0.2864651679992676,-0.1472191959619522
7643365,2021,deep_water,random_draw,0,610785,4850715,105300,0.0222222222222222,0.02048023790121078,2.817474365234375,0.0653076171875,0.9090909361839294,1,3,0.05270000174641609,0.06310000270605087,0.07249999791383743,-0.2719298303127289,-0.03225806355476379
7643506,2021,deep_water,random_draw,0,610815,4850865,105300,0.0222222222222222,0.1865268349647522,2.689300537109375,-0.0628662109375,0.9583333134651184,1,4,0.06909999996423721,0.11760000139474867,0.133200004696846,-0.30842912197113037,-0.28245067596435547
7643812,2021,deep_water,random_draw,0,610905,4850655,105300,0.0222222222222222,0.1741390973329544,2.607696533203125,-0.14447021484375,0.6818181872367859,0.8888888955116272,4,0.05669999867677688,0.12094999849796297,0.15559999644756317,-0.4283318519592285,-0.335565984249115
7643900,2021,deep_water,random_draw,0,610905,4850895,105300,0.0222222222222222,0,2.819091796875,0.066925048828125,1,1,4,0.04459999874234199,0.02859999984502792,0.02470000088214874,0.27009645104408264,0.6518518328666687
7643986,2021,deep_water,random_draw,0,610905,4850745,105300,0.0222222222222222,0,2.819091796875,0.066925048828125,1,1,1,0.04329999908804893,0.0248000007122755,0.02300000004470348,0.2581818103790283,0.6037036776542664
7644250,2021,deep_water,random_draw,0,610995,4850895,105300,0.0222222222222222,0,2.819091796875,0.066925048828125,1,1,3,0.04439999908208847,0.02979999966919422,0.02510000020265579,0.20663265883922577,0.6513025760650635
7644305,2021,deep_water,random_draw,0,611025,4850595,105300,0.0222222222222222,0.03861774504184723,2.8111572265625,0.058990478515625,0.6315789222717285,0.5714285969734192,4,0.03950000181794166,0.0527999997138977,0.08609999716281891,-0.3197368383407593,0.05597015097737312
7644628,2021,deep_water,random_draw,0,611085,4850865,105300,0.0222222222222222,0.4803029000759125,1.92144775390625,-0.830718994140625,0,0.2222222238779068,5,0.09430000185966492,0.22059999406337735,0.26179999113082886,-0.4632152616977692,-0.36384543776512146
7645210,2021,deep_water,random_draw,0,611235,4850625,105300,0.0222222222222222,0.05701388046145439,2.614959716796875,-0.13720703125,0.0476190485060215,0.6666666865348816,5,0.07720000296831131,0.16030000150203705,0.17870000004768372,-0.37719297409057617,-0.2897883951663971
9296262,2021,deep_water,random_draw,0,611115,4850565,105300,0.0222222222222222,0.06926675885915756,2.77032470703125,0.018157958984375,0.8500000238418579,0.875,4,0.05469999834895134,0.09414999932050704,0.10689999908208848,-0.3449850380420685,-0.16591252386569977
7636485,2021,deep_water,random_draw,0,608985,4850625,49500,0.0206060606060606,0.13677257299423218,1.80419921875,-0.00750732421875,0.42105263471603394,0.5714285969734192,5,0.0471000000834465,0.1185000017285347,0.0982000008225441,-0.3846418857574463,-0.23477157950401303
7636520,2021,deep_water,random_draw,0,609015,4850715,49500,0.0206060606060606,0,1.85870361328125,0.0469970703125,0.5,1,5,0.02804999984800815,0.02710000053048134,0.02985000051558017,0.0054413815960288,1
7636543,2021,deep_water,random_draw,0,609045,4850835,49500,0.0206060606060606,0.2131172716617584,1.184234619140625,-0.627471923828125,0,0,5,0.08500000089406967,0.3181000053882599,0.2556999921798706,-0.5010590553283691,-0.4731949269771576
7636770,2021,deep_water,random_draw,0,609105,4850595,49500,0.0206060606060606,0.3243800401687622,1.152252197265625,-0.659454345703125,0.04545454680919647,0.1666666716337204,5,0.0803999975323677,0.1794999986886978,0.20360000431537628,-0.4307964742183686,-0.3951219618320465
7636912,2021,deep_water,random_draw,0,609135,4850715,49500,0.0206060606060606,0,1.85870361328125,0.0469970703125,0.9047619104385376,1,4,0.02529999986290931,0.02659999951720237,0.0236000008881092,0.10601719468832016,0.34065935015678406
7636937,2021,deep_water,random_draw,0,609135,4850805,49500,0.0206060606060606,0.27834826707839966,1.429443359375,-0.38226318359375,0,0.5,5,0.066600002348423,0.20319999754428864,0.17030000686645508,-0.4293059110641479,-0.3690702021121979
7637219,2021,deep_water,random_draw,0,609225,4850655,49500,0.0206060606060606,0.3672328293323517,0.873077392578125,-0.938629150390625,0,0,5,0.07729999721050262,0.20839999616146088,0.23240000009536743,-0.49463194608688354,-0.4551083445549011
7627215,2021,hugo_precise,annotated,1,603915,4851135,193500,0.0282170542635659,9.6516523626633e-5,2.587158203125,0.138092041015625,0.1666666716337204,0.800000011920929,5,0.03379999846220016,0.05609999969601631,0.03860000148415565,-0.04607046023011207,-0.00441826228052377
7626643,2021,dry,annotated,0,603735,4851045,193500,0.0282170542635659,0.16233712434768677,2.094635009765625,-0.35443115234375,0,0.20000000298023224,5,0.06769999861717224,0.23340000212192535,0.2567000091075897,-0.5007100105285645,-0.5005964040756226
7626769,2021,dry,annotated,0,603765,4851105,193500,0.0282170542635659,0.19950145483016968,2.30401611328125,-0.145050048828125,0,0.1666666716337204,5,0.0640999972820282,0.1923000067472458,0.21960000693798065,-0.5263571739196777,-0.4723432660102844
7626794,2021,deep_viz,annotated,0,603795,4851015,193500,0.0282170542635659,0,2.587158203125,0.138092041015625,1,1,1,0.02639999985694885,0.00939999986439943,0.00359999993816018,0.7699680328369141,0.8657243847846985
7626962,2021,deep_viz,annotated,0,603855,4851015,193500,0.0282170542635659,0,2.587158203125,0.138092041015625,1,1,1,0.02820000052452087,0.01480000000447034,0.01360000018030405,0.38041001558303833,0.5367847681045532
7627067,2021,deep_viz,annotated,0,603885,4850955,193500,0.0282170542635659,0,2.587158203125,0.138092041015625,1,1,1,0.02769999951124191,0.01059999968856573,0.00850000046193599,0.530386745929718,0.5490716099739075
7627467,2021,dry,annotated,0,603975,4850955,193500,0.0282170542635659,0.5487618446350098,0.82928466796875,-1.619781494140625,0.0833333358168602,0.20000000298023224,5,0.06154999881982803,0.27880001068115234,0.2163500040769577,-0.5378429293632507,-0.5198412537574768
7617314,2021,dry,annotated,0,599895,4851135,154800,0.0147286821705426,0.15101301670074463,1.058685302734375,-0.975189208984375,0,0,5,0.1387999951839447,0.3181000053882599,0.3905999958515167,-0.4784654378890991,-0.4447924792766571
7618075,2021,dry,annotated,0,600285,4851045,154800,0.0147286821705426,0.16801126301288605,0.968780517578125,-1.065093994140625,0,0,5,0.10159999877214432,0.273250013589859,0.2985000014305115,-0.4912904500961304,-0.4627366364002228
7614864,2021,shallow_viz,annotated,1,599385,4850715,4500,0.0666666666666667,0.11215382814407349,0.23309326171880684,-0.032073974609375,0,0.5555555820465088,5,0.06210000067949295,0.14034999907016754,0.25745001435279846,-0.5827018022537231,-0.4311821758747101
7615013,2021,dry,annotated,0,599415,4850685,4500,0.0666666666666667,0.10492554306983948,-0.13058471679681816,-0.395751953125,0,0.1111111119389534,5,0.08309999853372574,0.17679999768733978,0.3050999939441681,-0.5514168739318848,-0.5347316861152649
7615262,2021,dry,annotated,0,599445,4850745,4500,0.0666666666666667,0.04393992945551872,0.27426147460943184,0.00909423828125,0,0.4285714328289032,5,0.05654999986290932,0.12389999628067017,0.22220000624656677,-0.5777637362480164,-0.4973325431346894
7613864,2021,dry,annotated,0,599145,4851165,10800,0.0611111111111111,0.13164269924163818,1.396514892578125,-0.373138427734375,0,0,5,0.11469999700784685,0.29030001163482666,0.3977999985218048,-0.5427700281143188,-0.5173196792602539
7613906,2021,deep_viz,annotated,0,599175,4851165,10800,0.0611111111111111,0.6938654184341431,1.339324951171875,-0.430328369140625,0,0.3333333432674408,5,0.0812000036239624,0.20260000228881836,0.23839999735355377,-0.5027340054512024,-0.4470409750938415
7572176,2021,dry,annotated,0,583125,4850895,8100,0.0518518518518519,0.08031589537858963,0.380096435546875,-0.23175048828125,0,0,5,0.07490000128746033,0.2962999939918518,0.2662000060081482,-0.5237278342247009,-0.4835255444049835
7572203,2021,dry,annotated,0,583155,4850805,8100,0.0518518518518519,0.0862596333026886,0.1600341796875,-0.451812744140625,0,0,5,0.0729999989271164,0.310699999332428,0.24879999458789823,-0.5423250794410706,-0.4853764772415161
7565508,2021,terrain,annotated,0,579945,4850745,2700,0.0888888888888889,0.756174623966217,1.96533203125,-0.11224365234369316,0.40625,1,5,0.05790000036358833,0.08820000290870667,0.14249999821186066,-0.3729523718357086,-0.2452130913734436
7565509,2021,dry,annotated,0,579945,4850685,2700,0.0888888888888889,1.4938594102859497,0.9029541015625,-1.1746215820311932,0,0,5,0.07620000094175339,0.2921999990940094,0.2264000028371811,-0.5085784196853638,-0.48233696818351746
7562557,2021,deep_water,random_draw,0,578655,4850685,161100,0.0480446927374302,0.26020437479019165,5.64984130859375,0.17779541015625,0.931034505367279,1,4,0.06315000355243683,0.09570000320672988,0.12939999997615814,-0.2951112389564514,-0.16170763969421387
7563267,2021,deep_water,random_draw,0,578925,4850745,161100,0.0480446927374302,0.22493982315063477,5.138092041015625,-0.333953857421875,0,1,5,0.0869000032544136,0.16040000319480896,0.22830000519752505,-0.46396157145500183,-0.42535674571990967
7563765,2021,deep_water,random_draw,0,579075,4850745,161100,0.0480446927374302,0.15979693830013275,4.3653564453125,-1.106689453125,0,0.10000000149011612,5,0.07904999703168869,0.15029999613761902,0.2538500130176544,-0.5073448419570923,-0.4576902687549591
7564168,2021,deep_water,random_draw,0,579225,4850715,161100,0.0480446927374302,0.3224266767501831,4.137359619140625,-1.334686279296875,0.25,0.1111111119389534,4,0.07050000131130219,0.13750000298023224,0.19220000505447388,-0.47614410519599915,-0.3940696120262146
7564368,2021,deep_water,random_draw,0,579285,4850985,161100,0.0480446927374302,0.2477923333644867,4.1497802734375,-1.322265625,0,0,5,0.08209999650716782,0.18369999527931213,0.27950000762939453,-0.552466630935669,-0.5126240849494934
7564472,2021,deep_water,random_draw,0,579345,4851075,161100,0.0480446927374302,0.918694257736206,2.74407958984375,-2.72796630859375,0.05882352963089943,0.10000000149011612,5,0.07919999957084656,0.2363000065088272,0.20329999923706055,-0.4726243019104004,-0.40511441230773926
7564546,2021,deep_water,random_draw,0,579375,4850925,161100,0.0480446927374302,0.19633883237838745,1.324951171875,-4.1470947265625,0,0,5,0.06494999676942825,0.3313499987125397,0.2002000063657761,-0.5214647054672241,-0.45582255721092224
7615456,2021,em_veg,random_draw,0,599475,4859265,61200,0.0343137254901961,0.3470015823841095,3.00616455078125,-0.08935546875,0.03125,0.2222222238779068,5,0.05525000020861626,0.17755000293254852,0.15735000371932983,-0.47897058725357056,-0.42105263471603394
7615841,2021,em_veg,random_draw,0,599535,4859415,61200,0.0343137254901961,0.2508506178855896,3.114593505859375,0.019073486328125,0,0,5,0.06179999932646751,0.2289000004529953,0.19789999723434448,-0.5057034492492676,-0.45988601446151733
7616150,2021,em_veg,random_draw,0,599595,4859175,61200,0.0343137254901961,0.24429798126220703,3.107025146484375,0.011505126953125,0.03333333507180214,0.5555555820465088,5,0.04740000143647194,0.15150000154972076,0.1347000002861023,-0.5166738629341125,-0.41305431723594666
7616242,2021,em_veg,random_draw,0,599625,4859265,61200,0.0343137254901961,0.20385897159576416,1.51116943359375,-1.5843505859375,0,0,5,0.06464999914169312,0.27379998564720154,0.26409998536109924,-0.5954409241676331,-0.5503085851669312
7616410,2021,em_veg,random_draw,0,599655,4859415,61200,0.0343137254901961,0.4643268585205078,2.985137939453125,-0.110382080078125,0.04347826167941093,0.20000000298023224,5,0.05799999833106994,0.19269999861717224,0.17710000276565552,-0.4900990128517151,-0.4346218407154083
7616782,2021,em_veg,random_draw,0,599745,4859265,61200,0.0343137254901961,0.4732591211795807,1.564605712890625,-1.530914306640625,0,0,5,0.05849999934434891,0.24490000307559967,0.2013999968767166,-0.5439127683639526,-0.53125
7616839,2021,em_veg,random_draw,0,599745,4859445,61200,0.0343137254901961,0.27313297986984253,3.2093505859375,0.11383056640625,0.03999999910593033,0.4000000059604645,5,0.06134999915957451,0.1903499960899353,0.17685000598430634,-0.4762030243873596,-0.4144375324249267
7617017,2021,em_veg,random_draw,0,599805,4859355,61200,0.0343137254901961,0.3272639513015747,0.906982421875,-2.18853759765625,0,0,5,0.08160000294446945,0.2754000127315521,0.27480000257492065,-0.5420875549316406,-0.5019763112068176
7617059,2021,em_veg,random_draw,0,599805,4859535,61200,0.0343137254901961,0.0704895481467247,3.33587646484375,0.2403564453125,0.0357142873108387,0.5,5,0.02965000085532665,0.08834999799728394,0.09570000320672988,-0.5809854865074158,-0.12023460119962692
7604849,2021,dry,annotated,0,597225,4860135,2700,0.0888888888888889,0.34774476289749146,1.01702880859375,-0.00711059570306815,0.12121212482452393,0,5,0.07190000265836716,0.2492000013589859,0.18310000002384183,-0.4530239701271057,-0.38375064730644226
7604980,2021,terrain,annotated,0,597225,4860105,2700,0.0888888888888889,0.24689972400665283,1.107086181640625,0.08294677734380684,0.53125,0.20000000298023224,4,0.05555000156164169,0.17919999361038208,0.125900000333786,-0.3594371974468231,-0.206423819065094
7605063,2021,hugo_precise,annotated,1,597255,4863735,314100,0.0164278892072588,0.0637272298336029,3.143585205078182,0.052337646484375,0.1428571492433548,1,5,0.03810000047087669,0.09104999899864195,0.08524999767541885,-0.39044326543807983,-0.2888889014720917
7604660,2021,glint,annotated,0,597165,4863675,314100,0.0164278892072588,0.05897433683276176,2.977539062500057,-0.11370849609375,0,0.4000000059604645,5,0.11410000175237656,0.23794999718666077,0.27524998784065247,-0.42916303873062134,-0.32894524931907654
7604734,2021,glint,annotated,0,597195,4863495,314100,0.0164278892072588,0.07405922561883926,2.848632812500057,-0.24261474609375,0,0,5,0.13439999520778656,0.2650499939918518,0.3359000086784363,-0.433193564414978,-0.35877174139022827
7605890,2021,dry,annotated,0,597405,4863825,314100,0.0164278892072588,0.06753170490264893,2.994171142578182,-0.097076416015625,0,0.4444444477558136,5,0.06499999761581421,0.15889999270439148,0.1762000024318695,-0.44407570362091064,-0.3487858772277832
7606113,2021,dry,annotated,0,597435,4863225,314100,0.0164278892072588,0.08537990599870682,2.774047851562557,-0.31719970703125,0,0,5,0.066600002348423,0.164000004529953,0.20499999821186063,-0.5106539130210876,-0.4298003017902374
7606438,2021,dry,annotated,0,597495,4863525,314100,0.0164278892072588,0.20395474135875705,2.746643066406307,-0.3446044921875,0.03225806355476379,0,5,0.06080000102519989,0.1851000040769577,0.1770000010728836,-0.4821235239505768,-0.45175835490226746
7603113,2021,dry,annotated,0,596685,4862895,332100,0.0158988256549232,0.3087799549102783,1.544097900390625,-0.863983154296875,0.03225806355476379,0,5,0.09390000253915788,0.2793000042438507,0.26260000467300415,-0.4848484992980957,-0.4674490094184875
7603447,2021,em_veg,annotated,0,596805,4863045,332100,0.0158988256549232,0.11445576697587968,2.299224853515625,-0.108856201171875,0.15625,0.3333333432674408,5,0.04679999873042106,0.12780000269412994,0.11630000174045564,-0.4225245714187622,-0.32099416851997375
7603462,2021,em_veg,annotated,0,596805,4863105,332100,0.0158988256549232,0.08657167106866837,2.297027587890625,-0.111053466796875,0.23529411852359772,0.20000000298023224,5,0.05380000174045563,0.14569999277591705,0.12630000710487366,-0.4030172526836395,-0.32758620381355286
7603559,2021,dry,annotated,0,596835,4863075,332100,0.0158988256549232,0.46419933438301086,0.972198486328125,-1.435882568359375,0,0,5,0.1075500026345253,0.27994999289512634,0.31825000047683716,-0.4991128444671631,-0.46210163831710815
7603579,2021,em_veg,annotated,0,596865,4862835,332100,0.0158988256549232,0.08893687278032303,2.436676025390625,0.028594970703125,0.5333333611488342,0.3333333432674408,4,0.04179999977350235,0.10279999673366548,0.08309999853372574,-0.3602854013442993,-0.25069379806518555
7603955,2021,dry,annotated,0,596985,4863045,332100,0.0158988256549232,0.2573440670967102,2.0809326171875,-0.3271484375,0,0.4444444477558136,5,0.05770000070333481,0.16099999845027924,0.1615000069141388,-0.4858205616474152,-0.3811219930648804
7603829,2021,em_veg,random_draw,0,596955,4863855,3600,0.0666666666666667,0.04694297909736633,0.410888671875,0.019866943359375,0,0.1818181872367859,5,0.04574999958276749,0.17020000517368317,0.1780499964952469,-0.6013531684875488,-0.4123097360134125
7604278,2021,hugo_precise,annotated,1,597105,4866675,16200,0.0407407407407407,0.04274702444672584,0.7972412109375,0.1190185546875,0,1,5,0.04399999976158142,0.1169999986886978,0.11810000240802764,-0.4193548262119293,0.3978102207183838
7604395,2021,dry,annotated,0,597135,4866585,16200,0.0407407407407407,0.17507773637771606,0.593994140625,-0.084228515625,0,1,5,0.05734999850392341,0.14900000393390656,0.15424999594688416,-0.4665031135082245,-0.3543955981731415
7604670,2021,dry,annotated,0,597195,4866615,16200,0.0407407407407407,0.18664008378982544,0.22027587890625,-0.45794677734375,0,0,5,0.06679999828338623,0.3151000142097473,0.2240000069141388,-0.5170093178749084,-0.4986251294612885
7604774,2021,dry,annotated,0,597195,4866675,16200,0.0407407407407407,0.1788509041070938,0.567108154296875,-0.111114501953125,0,0.800000011920929,5,0.08060000091791153,0.22040000557899475,0.2644500136375427,-0.5282416343688965,-0.4560244083404541
7603036,2021,dry,annotated,0,596655,4869345,17100,0.0350877192982456,0.3286583423614502,0.215057373046875,-1.612091064453125,0,0,5,0.0934000015258789,0.2831000089645386,0.30730000138282776,-0.5315653681755066,-0.5157647132873535
7603389,2021,em_veg,annotated,0,596805,4870425,7200,0.0666666666666667,0.05696712806820869,0.587005615234375,0.041168212890625,0.03125,0.4285714328289032,5,0.04340000078082085,0.12999999523162842,0.10620000213384628,-0.34006309509277344,-0.28042328357696533
7603664,2021,em_veg,annotated,0,596895,4870485,7200,0.0666666666666667,0.10129999369382858,0.52899169921875,-0.016845703125,0.02941176481544971,0,5,0.0575999990105629,0.18359999358654025,0.16584999859333038,-0.42374932765960693,-0.34537413716316223
7605747,2021,dry,annotated,0,597375,4870995,91800,0.0189542483660131,0.32576680183410645,0.931884765625,-0.6209716796875,0,0,5,0.06350000202655792,0.2724500000476837,0.2008499950170517,-0.4960363507270813,-0.4790457785129547
7605992,2021,dry,annotated,0,597435,4870725,91800,0.0189542483660131,0.305644690990448,0.59625244140625,-0.95660400390625,0,0.1111111119389534,5,0.06669999659061432,0.25049999356269836,0.1858000010251999,-0.5045640468597412,-0.47105473279953
7604288,2021,terrain,annotated,0,597105,4871385,22500,0.032,0.02799734286963939,3.151824951171875,0.277862548828125,0.12903225421905518,0.6000000238418579,5,0.03940000012516975,0.10260000079870224,0.08470000326633453,-0.27852004766464233,-0.2669767439365387
7604322,2021,terrain,annotated,0,597105,4871325,22500,0.032,0.3469065725803375,2.903167724609375,0.029205322265625,0.06060606241226196,0.5,5,0.0458500012755394,0.13725000619888306,0.09440000355243684,-0.40968090295791626,-0.20798668265342712
7604333,2021,dry,annotated,0,597135,4871475,22500,0.032,0.642051100730896,2.875335693359375,0.001373291015625,0.19354838132858276,0.8999999761581421,5,0.04154999926686287,0.10080000013113022,0.08290000259876251,-0.2542465925216675,-0.06887754797935486
7604392,2021,terrain,annotated,0,597135,4871505,22500,0.032,0.5333605408668518,2.935455322265625,0.061492919921875,0.06451612710952759,0.10000000149011612,5,0.05355000123381615,0.14634999632835388,0.1262499988079071,-0.39909809827804565,-0.33213213086128235
7604393,2021,dry,annotated,0,597105,4871295,22500,0.032,0.44460782408714294,1.93817138671875,-0.935791015625,0,0,5,0.05669999867677688,0.34869998693466187,0.21060000360012057,-0.5397727489471436,-0.5198792219161987
7604828,2021,dry,annotated,0,597225,4871475,22500,0.032,0.17159797251224518,2.85028076171875,-0.023681640625,0,0.20000000298023224,5,0.07460000365972519,0.23440000414848328,0.25270000100135803,-0.519713282585144,-0.47506412863731384
7603530,2021,co_precise,annotated,1,596835,4871385,63900,0.0366197183098592,0,3.413604736328125,0.125,0.03448275849223137,1,5,0.01920000091195106,0.02580000087618827,0.02449999935925007,-0.1436031311750412,1
7602817,2021,dry,annotated,0,596595,4871505,63900,0.0366197183098592,0.24938732385635376,2.853851318359375,-0.43475341796875,0,0.10000000149011612,5,0.06260000169277191,0.27799999713897705,0.21879999339580536,-0.5550817251205444,-0.5241352915763855
7603290,2021,dry,annotated,0,596745,4871265,63900,0.0366197183098592,0.2949211001396179,2.893157958984375,-0.39544677734375,0.03225806355476379,0.30000001192092896,5,0.05754999816417694,0.2172500044107437,0.15369999408721924,-0.4738521873950958,-0.4268406331539154
7603381,2021,dry,annotated,0,596775,4871385,63900,0.0366197183098592,0,3.413604736328125,0.125,0,1,5,0.05559999868273735,0.12060000002384186,0.11339999735355376,-0.34201183915138245,-0.18405626714229584
7603229,2021,hugo_precise,annotated,1,596715,4872405,12600,0.0476190476190476,0.01803026162087917,0.498779296875,0.0458984375,0,1,5,0.0324999988079071,0.06939999759197235,0.06419999897480011,-0.25,1
7603388,2021,hugo_precise,annotated,1,596805,4872435,12600,0.0476190476190476,0.04362431541085243,0.475128173828125,0.022247314453125,0,0.125,5,0.05880000069737434,0.1451999992132187,0.2226999998092651,-0.5634638071060181,-0.36906376481056213
7603031,2021,dry,annotated,0,596685,4872435,12600,0.0476190476190476,0.06139340251684189,0.474090576171875,0.021209716796875,0,0.375,5,0.06244999915361404,0.1362999975681305,0.2146500051021576,-0.5809400677680969,-0.39502763748168945
7603271,2021,dry,annotated,0,596745,4872465,12600,0.0476190476190476,0.2177831828594208,-0.109954833984375,-0.562835693359375,0,0,5,0.08229999989271164,0.17069999873638153,0.2815999984741211,-0.5466813445091248,-0.4418103396892547
7603295,2021,dry,annotated,0,596745,4872375,12600,0.0476190476190476,0.096974179148674,0.36859130859375,-0.08428955078125,0,0.25,5,0.0723000019788742,0.14489999413490295,0.20434999465942383,-0.5154578685760498,-0.462700217962265
7604018,2021,dry,annotated,0,597045,4874595,412200,0.0125181950509461,0.2719869315624237,0.0572509765625,-2.28125,0,0,5,0.11294999718666077,0.2849999964237213,0.34404999017715454,-0.516989529132843,-0.49907833337783813
7604190,2021,dry,annotated,0,597075,4873995,412200,0.0125181950509461,0.27105164527893066,1.806793212890625,-0.531707763671875,0.07999999821186066,0.5,5,0.06589999794960022,0.18230000138282776,0.17299999296665192,-0.4539315104484558,-0.4126559793949127
7604095,2021,dry,annotated,0,597045,4875615,20700,0.0376811594202899,0.11273477226495744,1.16998291015625,-0.029998779296875,0,0.2222222238779068,5,0.06880000233650208,0.15940000116825104,0.16850000619888306,-0.431570440530777,-0.3437342643737793
7604182,2021,dry,annotated,0,597075,4875675,20700,0.0376811594202899,0.12633343040943146,1.218902587890625,0.0189208984375,0.07999999821186066,0,5,0.05240000039339065,0.11900000274181366,0.12200000137090684,-0.3887427747249603,-0.24495677649974823
7604346,2021,em_veg,annotated,0,597135,4875585,20700,0.0376811594202899,0.06875620782375336,1.331787109375,0.131805419921875,0.2083333283662796,0.5,5,0.03550000116229057,0.07840000092983246,0.06599999964237213,-0.2759680449962616,-0.03999999910593033
7604420,2021,em_veg,annotated,0,597165,4875645,20700,0.0376811594202899,0.1531742811203003,1.134521484375,-0.065460205078125,0.14814814925193787,0,5,0.05640000104904175,0.12880000472068787,0.1397500038146973,-0.3977997899055481,-0.28238341212272644
7604742,2021,dry,annotated,0,597195,4875615,20700,0.0376811594202899,0.3764835000038147,0.69110107421875,-0.508880615234375,0,0,5,0.08145000040531158,0.21525000035762787,0.24480000138282776,-0.4834112226963043,-0.4564265906810761
7603310,2021,co_precise,annotated,1,596775,4876605,60300,0.0318407960199005,0.03177401795983314,1.9759521484375,0.047607421875,0.08695652335882187,1,5,0.02429999969899654,0.05240000039339065,0.05180000141263008,-0.3146204948425293,-0.09645506739616394
7603204,2021,em_veg,annotated,0,596715,4876755,60300,0.0318407960199005,0.07635733485221863,1.96282958984375,0.03448486328125,0,0,5,0.06700000166893005,0.1878000050783157,0.18629999458789823,-0.45252224802970886,-0.3579300343990326
7603293,2021,dry,annotated,0,596745,4876335,60300,0.0318407960199005,0.09105437994003296,1.9124755859375,-0.015869140625,0,0,5,0.06849999725818634,0.2061000019311905,0.1915999948978424,-0.4894472360610962,-0.371111124753952
7603312,2021,em_veg,annotated,0,596745,4876515,60300,0.0318407960199005,0.02957684360444545,1.9681396484375,0.039794921875,0.03999999910593033,0.4285714328289032,5,0.03894999995827675,0.10339999943971634,0.09529999643564224,-0.42639562487602234,-0.32366514205932617
7603387,2021,dry,annotated,0,596805,4876245,60300,0.0318407960199005,0.0817103311419487,1.942840576171875,0.014495849609375,0,0,5,0.06994999945163727,0.18410000205039975,0.1886499971151352,-0.4838559329509735,-0.37261852622032166
7603510,2021,dry,annotated,0,596835,4876575,60300,0.0318407960199005,0.1056254506111145,1.86474609375,-0.0635986328125,0,0,5,0.08460000157356262,0.2087000012397766,0.20880000293254852,-0.41730982065200806,-0.3847967088222504
7603565,2021,em_veg,annotated,0,596835,4876755,60300,0.0318407960199005,0.18799838423728943,1.84881591796875,-0.07952880859375,0.07692307978868484,0.5555555820465088,5,0.04749999940395355,0.1378999948501587,0.1430000066757202,-0.4997580945491791,-0.44107744097709656
7603182,2021,dry,annotated,0,596715,4878015,10800,0.0444444444444444,0.3959169685840606,-0.392669677734375,-1.356292724609375,0,0,5,0.0625,0.2973000109195709,0.24289999902248385,-0.5797101259231567,-0.5375761389732361
7494952,2021,deep_water,random_draw,0,602925,4891995,10800,0.0611111111111111,1.3186843395233154,2.04766845703125,-2.27703857421875,0,0,5,0.06825000047683716,0.24165000021457672,0.20980000495910645,-0.4882949888706207,-0.4684975743293762
7495049,2021,deep_water,random_draw,0,603045,4891935,10800,0.0611111111111111,0.10276088118553162,4.46966552734375,0.14495849609375,0.25,0.3333333432674408,5,0.03590000048279762,0.1451999992132187,0.12479999661445618,-0.4775604009628296,-0.388415664434433
7495153,2021,deep_water,random_draw,0,603135,4891905,10800,0.0611111111111111,0.8066661357879639,2.84844970703125,-1.47625732421875,0.03448275849223137,0,5,0.05775000154972076,0.2090499997138977,0.17845000326633453,-0.511178195476532,-0.4900285005569458
7495007,2021,deep_water,random_draw,0,602985,4892235,1003500,0.0116591928251121,0.7236496210098267,5.893096923828125,-0.4786376953125,0.92592591047287,1,4,0.06340000033378601,0.12999999523162842,0.14669999480247498,-0.3911578953266144,-0.32328560948371887
7495057,2021,deep_water,random_draw,0,603045,4892325,1003500,0.0116591928251121,0,6.574462890625,0.202728271484375,1,1,1,0.02690000087022781,0.01439999975264072,0.01620000042021274,0.24121779203414917,0.6553846001625061
7495060,2021,deep_water,random_draw,0,603045,4892115,1003500,0.0116591928251121,1.5965704917907717,5.34063720703125,-1.031097412109375,0.03448275849223137,0.30000001192092896,5,0.0632999986410141,0.2080000042915344,0.19050000607967377,-0.4974937438964844,-0.4707903861999512
7495099,2021,deep_water,random_draw,0,603075,4892595,1003500,0.0116591928251121,0,6.574462890625,0.202728271484375,1,1,1,0.0397999994456768,0.01530000008642673,0.01600000075995922,0.223300963640213,0.5133079886436462
7495181,2021,deep_water,random_draw,0,603165,4892355,1003500,0.0116591928251121,0,6.574462890625,0.202728271484375,1,1,1,0.05184999853372574,0.03725000098347664,0.03319999948143959,0.24112075567245483,0.2857142984867096
7495210,2021,deep_water,random_draw,0,603195,4892145,1003500,0.0116591928251121,0,6.574462890625,0.202728271484375,1,1,1,0.03130000084638595,0.01410000026226043,0.01569999940693378,0.2189054787158966,0.5456790328025818
7495261,2021,deep_water,random_draw,0,603255,4892595,1003500,0.0116591928251121,0,6.574462890625,0.202728271484375,1,1,1,0.05144999921321869,0.03224999830126762,0.02795000001788139,0.43647244572639465,0.6748466491699219
7495292,2021,deep_water,random_draw,0,603255,4892415,1003500,0.0116591928251121,0.04239470139145851,6.569580078125,0.197845458984375,1,1,2,0.03390000015497207,0.03990000113844871,0.03830000013113022,0.03877005353569984,0.1433628350496292
7495357,2021,deep_water,random_draw,0,603315,4892145,1003500,0.0116591928251121,0,6.574462890625,0.202728271484375,1,1,1,0.03269999846816063,0.01530000008642673,0.01700000092387199,0.18465228378772736,0.5034482479095459
7495474,2021,deep_water,random_draw,0,603405,4892025,1003500,0.0116591928251121,0.6008898019790649,1.08148193359375,-5.290252685546875,0,0,5,0.09025000035762788,0.2935999929904938,0.2727999985218048,-0.509331226348877,-0.4794593155384064
7494989,2021,co_precise,annotated,1,602955,4895265,1800,0.1,1.0097578763961792,2.67803955078125,0.036529541015625,0.03125,0.30000001192092896,5,0.07689999788999557,0.14720000326633453,0.15189999341964722,-0.3759058117866516,-0.25615552067756653
7494924,2021,dry,annotated,0,602895,4895265,1800,0.1,0.1757587045431137,2.604583740234375,-0.03692626953125,0,0,5,0.06610000133514404,0.32190001010894775,0.240899994969368,-0.5709161758422852,-0.4885439872741699
7494895,2021,dry,annotated,0,602805,4897575,3600,0.0666666666666667,0.5298557877540588,1.32537841796875,-0.21484375,0.1818181872367859,0.5,5,0.05420000106096268,0.15960000455379486,0.16189999878406525,-0.4778287410736084,-0.3887698352336883
7494933,2021,dry,annotated,0,602925,4898475,2700,0.0888888888888889,0.1998012661933899,0.113739013671875,-1.13775634765625,0,0,5,0.07000000029802322,0.3301999866962433,0.2727999985218048,-0.5915985703468323,-0.5655356049537659
7494744,2021,dry,annotated,0,602385,4901655,4500,0.0666666666666667,0.9111575484275818,2.416778564453125,-0.17016601562494316,0.24242424964904785,0.7777777910232544,5,0.08299999684095383,0.1746000051498413,0.13989999890327454,-0.3160676658153534,-0.14531314373016355
7346589,2021,dry,annotated,0,602535,4912395,5400,0.0777777777777778,0.2119579166173935,3.168182373046875,-0.844757080078125,0,0,5,0.12099999934434892,0.31279999017715454,0.3709000051021576,-0.5209274888038635,-0.4760061800479889
7346256,2021,terrain,annotated,0,602175,4929045,1800,0.1,0.8952702283859253,2.91998291015625,0.268829345703125,0.03125,0,5,0.06530000269412994,0.19210000336170197,0.20954999327659607,-0.5070817470550537,-0.35695764422416687
7346049,2021,shallow_viz,annotated,1,601995,4930905,24300,0.0395061728395062,0.03274321928620338,1.93902587890625,0.29083251953125,0.09677419066429138,0.2857142984867096,5,0.03449999913573265,0.08739999681711197,0.07209999859333038,-0.19272126257419583,0.3862815797328949
7346078,2021,shallow_viz,annotated,1,601995,4930695,24300,0.0395061728395062,0.06830169260501862,1.81134033203125,0.16314697265625,0.05882352963089943,0.5555555820465088,5,0.03119999915361404,0.07999999821186066,0.06400000303983688,-0.3445378243923187,-0.14598539471626282
7346077,2021,dry,annotated,0,601995,4930785,24300,0.0395061728395062,0.2953181564807892,1.745574951171875,0.097381591796875,0.1111111119389534,0.6666666865348816,5,0.05570000037550926,0.15520000457763672,0.11500000208616255,-0.394128680229187,-0.3009049892425537
7346132,2021,dry,annotated,0,602025,4930635,24300,0.0395061728395062,0.3453546464443207,1.58819580078125,-0.05999755859375,0.0555555559694767,0.4444444477558136,5,0.04540000110864639,0.1388999968767166,0.11810000240802764,-0.4111731946468353,-0.3955119252204895
7346139,2021,dry,annotated,0,602055,4930845,24300,0.0395061728395062,0.3576401472091675,1.501617431640625,-0.146575927734375,0.09375,0.4444444477558136,5,0.05355000123381615,0.14945000410079956,0.1476999968290329,-0.4607984721660614,-0.3648569881916046
7346174,2021,dry,annotated,0,602085,4936035,1800,0.1,1.4626392126083374,2.15093994140625,-1.13677978515625,0.05882352963089943,0,5,0.05779999867081642,0.18469999730587008,0.19200000166893005,-0.5504950284957886,-0.34662237763404846
7346258,2021,shallow_viz,annotated,1,602175,4937655,9000,0.0666666666666667,0.222091943025589,0.74774169921875,-0.072265625,0,0,5,0.05124999955296516,0.22155000269412992,0.1899999976158142,-0.5376750826835632,-0.4567901194095611
7346275,2021,dry,annotated,0,602235,4937595,9000,0.0666666666666667,0.09292326867580414,1.0029296875,0.18292236328125,0.09375,0,5,0.04455000162124634,0.1395999938249588,0.10639999806880952,-0.42754900455474854,-0.3788121938705444
7346299,2021,dry,annotated,0,602295,4937595,9000,0.0666666666666667,0.13403187692165375,0.7259521484375,-0.09405517578125,0,0,5,0.0722000002861023,0.2175000011920929,0.17470000684261322,-0.5080214142799377,-0.4151478409767151
7346395,2021,dry,annotated,0,602355,4937565,9000,0.0666666666666667,0.20126238465309143,0.47991943359375,-0.340087890625,0,0,5,0.06300000101327896,0.2240000069141388,0.21070000529289248,-0.5056726336479187,-0.4652159512042999
7346144,2021,em_veg,annotated,0,602085,4938315,17100,0.0350877192982456,0.06893621385097504,2.52606201171875,0.1156005859375,0.08571428805589676,0.1428571492433548,5,0.04289999976754188,0.14714999496936798,0.10125000029802322,-0.40293702483177185,-0.2987697720527649
7346214,2021,dry,annotated,0,602115,4938345,17100,0.0350877192982456,0.07780671864748001,2.4083251953125,-0.00213623046875,0.02857142873108387,0,5,0.04659999907016754,0.2107499986886978,0.125,-0.467132568359375,-0.3426183760166168
7346165,2021,dry,annotated,0,602085,4938795,27000,0.0311111111111111,0.37492120265960693,2.8233642578125,-0.183349609375,0.09375,0.699999988079071,5,0.04450000077486038,0.15929999947547913,0.16369999945163727,-0.5722309947013855,-0.47297942638397217
7346187,2021,deep_viz,annotated,0,602115,4938645,27000,0.0311111111111111,0.06873226910829544,3.505126953125,0.4984130859375,0.7931034564971924,0.5,3,0.02180000022053718,0.02190000005066394,0.0364999994635582,-0.16513848304748535,1
7346230,2021,dry,annotated,0,602145,4938675,27000,0.0311111111111111,0.5215247869491577,2.63995361328125,-0.36676025390625,0.529411792755127,0.10000000149011612,5,0.04309999942779541,0.14765000343322754,0.1091499999165535,-0.45325228571891785,-0.36431440711021423
7345968,2021,terrain,annotated,0,601905,4939125,31500,0.036190476190476203,1.064223051071167,2.37200927734375,-0.11187744140625,0.09375,0.4444444477558136,5,0.04774999991059303,0.15094999969005585,0.12134999781847,-0.40349259972572327,-0.34205934405326843
7345985,2021,dry,annotated,0,601905,4939215,31500,0.036190476190476203,0.5960662364959717,1.91253662109375,-0.57135009765625,0,0,5,0.05059999972581863,0.22100000083446503,0.1615000069141388,-0.492616206407547,-0.4368184804916382
7345990,2021,dry,annotated,0,601935,4939065,31500,0.036190476190476203,0.04388930276036262,2.531494140625,0.047607421875,0.06451612710952759,0.2222222238779068,5,0.04619999974966049,0.12415000051259996,0.12610000371932983,-0.4254344701766968,-0.3918417692184448
7346000,2021,terrain,annotated,0,601935,4939275,31500,0.036190476190476203,0.6043110489845276,3.08831787109375,0.60443115234375,0.25806450843811035,0.5,5,0.02800000086426735,0.07649999856948853,0.07530000060796738,-0.42344045639038086,-0.1411042958498001
7346008,2021,dry,annotated,0,601935,4939335,31500,0.036190476190476203,0.3231790065765381,2.14984130859375,-0.33404541015625,0.03333333507180214,0,5,0.07829999923706055,0.22709999978542328,0.26089999079704285,-0.521405041217804,-0.45175063610076904
7345834,2021,dry,annotated,0,601665,4939635,3600,0.0666666666666667,0.7566697001457214,2.45697021484375,-0.14599609375,0,0,5,0.05779999867081642,0.24709999561309817,0.20155000686645508,-0.5444214940071106,-0.42422470450401306
9295053,2021,dry,annotated,0,601725,4940325,3600,0.0666666666666667,1.7159206867218018,2.439208984375,-0.7645263671875,0.02857142873108387,0,5,0.05539999902248382,0.2134000062942505,0.1449999958276749,-0.4751132726669311,-0.36167246103286743
5656402,2021,em_veg,random_draw,0,601935,4940535,7200,0.05,0.48258253931999207,1.49267578125,-0.13037109375,0.03125,0,5,0.05579999834299087,0.17350000143051147,0.15800000727176666,-0.47801682353019714,-0.4360759556293487
5656493,2021,dry,annotated,0,601935,4941945,21600,0.0361111111111111,0.7145129442214966,0.00469970703125,-1.5982666015625,0,0,5,0.10920000076293944,0.2809000015258789,0.3116999864578247,-0.48022907972335815,-0.4402881562709808
5656772,2021,dry,annotated,0,601965,4941735,21600,0.0361111111111111,0.28904855251312256,0.4649658203125,-1.13800048828125,0,0.10000000149011612,5,0.06970000267028809,0.16015000641345978,0.2470500022172928,-0.5309134721755981,-0.48022598028182983
5657777,2021,dry,annotated,0,602055,4941855,21600,0.0361111111111111,0.4964832067489624,-0.04058837890625,-1.6435546875,0,0,5,0.07880000025033951,0.17184999585151672,0.29124999046325684,-0.5752077698707581,-0.5087000727653503
5643975,2021,em_veg,annotated,0,600315,4947705,657900,0.0110351117191062,0.09224332123994829,6.34710693359375,0.0162353515625,0.6538461446762085,0.6666666865348816,5,0.04610000178217888,0.10819999873638152,0.07150000333786011,-0.20256204903125763,-0.06474819779396057
5644115,2021,dry,annotated,0,600315,4947165,657900,0.0110351117191062,0.3826172351837158,5.03558349609375,-1.2952880859375,0,0.4000000059604645,5,0.07090000063180923,0.26260000467300415,0.2134000062942505,-0.5017852187156677,-0.458480566740036
5644198,2021,em_veg,annotated,0,600315,4947555,657900,0.0110351117191062,0,6.68914794921875,0.3582763671875,1,1,3,0.01720000058412552,0.02755000069737434,0.02484999969601631,-0.2125900834798813,1
5644636,2021,em_veg,annotated,0,600405,4947615,657900,0.0110351117191062,0.10867687314748764,6.39215087890625,0.061279296875,0.9285714030265808,0.8888888955116272,4,0.02384999953210354,0.0361500009894371,0.03759999945759773,-0.2051457017660141,0.21830986440181732
5645047,2021,deep_viz,annotated,0,600435,4947195,657900,0.0110351117191062,0,6.68914794921875,0.3582763671875,0.96875,1,3,0.02910000085830688,0.01429999992251396,0.0163000002503395,-0.08560311049222946,0.2819383144378662
5645078,2021,dry,annotated,0,600465,4947375,657900,0.0110351117191062,0.5983006954193115,4.5589599609375,-1.77191162109375,0,0,5,0.07620000094175339,0.24584999680519104,0.2433999925851822,-0.5153431296348572,-0.5036725997924805
5645855,2021,dry,annotated,0,600525,4947255,657900,0.0110351117191062,0.34935325384140015,6.48175048828125,0.15087890625,0.774193525314331,0.4000000059604645,5,0.03089999966323375,0.09749999642372131,0.09730000048875807,-0.5179407000541687,-0.2522851824760437
5646451,2021,deep_viz,annotated,0,600615,4947135,657900,0.0110351117191062,0,6.68914794921875,0.3582763671875,1,1,3,0.03144999966025352,0.02934999950230121,0.02730000019073486,0.04516652598977089,0.29203540086746216
5647193,2021,deep_viz,annotated,0,600705,4947045,657900,0.0110351117191062,0,6.68914794921875,0.3582763671875,0.9677419066429138,1,3,0.02920000068843364,0.0255999993532896,0.02309999987483024,0.05960294604301452,0.4153846204280853
5647022,2021,hugo_precise,annotated,1,600645,4946565,657900,0.0110351117191062,0.02211514487862587,6.685791015625,0.35491943359375,1,1,3,0.02995000034570694,0.03040000051259994,0.03765000030398369,-0.10276796668767928,0.9525423645973206
5644488,2021,dry,annotated,0,600375,4949775,55800,0.032258064516129,0.3904944360256195,1.093505859375,-0.6219482421875,0,0.5555555820465088,5,0.06769999861717224,0.25885000824928284,0.18074999749660492,-0.4569498300552368,-0.38411518931388855
5644858,2021,dry,annotated,0,600405,4949955,55800,0.032258064516129,0.08107669651508331,1.21331787109375,-0.50213623046875,0,0,5,0.10270000249147417,0.2824000120162964,0.3231000006198883,-0.5176420211791992,-0.4939527809619904
5644928,2021,dry,annotated,0,600435,4950015,55800,0.032258064516129,0.2067808359861374,1.6864013671875,-0.029052734375,0.07692307978868484,0.2222222238779068,5,0.04394999891519546,0.11535000056028366,0.1051499992609024,-0.35119912028312683,-0.25066429376602173
5644666,2021,terrain,annotated,0,600375,4950765,247500,0.0126060606060606,0.05352798849344253,4.63641357421875,0.23992919921875,0.9642857313156128,1,3,0.03299999982118606,0.03150000050663948,0.05700000002980232,-0.2800000011920929,0.2226027399301529
5644926,2021,deep_viz,annotated,0,600435,4950585,247500,0.0126060606060606,0,4.6441650390625,0.2476806640625,1,1,1,0.03009999915957451,0.02260000072419643,0.02229999937117099,0.12204724550247192,0.4333333373069763
5645831,2021,terrain,annotated,0,600525,4950645,247500,0.0126060606060606,0.2926195561885834,4.09527587890625,-0.30120849609375,0.9642857313156128,1,3,0.03680000081658363,0.05490000173449516,0.06440000236034393,-0.26915115118026733,-0.07782426476478577
5645996,2021,deep_viz,annotated,0,600555,4950555,247500,0.0126060606060606,0,4.6441650390625,0.2476806640625,1,1,1,0.03024999983608722,0.0260000005364418,0.02804999984800815,0.01319993566721677,0.34246575832366943
5646143,2021,dry,annotated,0,600555,4950735,247500,0.0126060606060606,0.2909278869628906,4.1185302734375,-0.2779541015625,0.9655172228813172,1,3,0.02335000038146972,0.03390000015497207,0.05195000022649765,-0.3234282433986664,-0.1666666716337204
5646355,2021,dry,annotated,0,600585,4950315,247500,0.0126060606060606,0.4477667510509491,3.14703369140625,-1.24945068359375,0.2666666805744171,0.699999988079071,5,0.05700000002980232,0.12330000102519988,0.1695999950170517,-0.4935876131057739,-0.4106680452823639
5646367,2021,dry,annotated,0,600615,4950615,247500,0.0126060606060606,0.45989665389060974,3.677978515625,-0.718505859375,0.517241358757019,0.30000001192092896,4,0.06350000202655792,0.16290000081062317,0.18019999563694,-0.5089666843414307,-0.35519126057624817
5648208,2021,deep_viz,annotated,0,600795,4950495,247500,0.0126060606060606,0,4.6441650390625,0.2476806640625,0.9666666388511658,1,1,0.02229999937117099,0.01400000043213367,0.01539999991655349,0.03482586890459061,0.4910714328289032
5648523,2021,terrain,annotated,0,600855,4950555,247500,0.0126060606060606,0.09110482037067412,4.62713623046875,0.23065185546875,0.9677419066429138,1,3,0.02419999986886978,0.0324999988079071,0.04650000110268593,-0.13711413741111755,-0.08559498935937881
5641993,2021,deep_viz,annotated,0,599745,4951635,34200,0.0298245614035088,1.1842830181121826,2.29876708984375,-0.33111572265625,0.24137930572032928,0,5,0.05110000073909759,0.15649999678134918,0.1602499932050705,-0.502045214176178,-0.43615496158599854
5642075,2021,dry,annotated,0,599745,4951575,34200,0.0298245614035088,0.6485293507575989,2.29669189453125,-0.33319091796875,0.09677419066429138,0.3333333432674408,5,0.05169999971985817,0.1582999974489212,0.15129999816417694,-0.48119279742240906,-0.37971699237823486
5642286,2021,dry,annotated,0,599835,4951575,34200,0.0298245614035088,0.1628427356481552,2.95501708984375,0.32513427734375,0.1666666716337204,0.1111111119389534,5,0.04390000179409981,0.11810000240802764,0.0868000015616417,-0.3708708584308624,-0.1033925712108612
5642401,2021,deep_viz,annotated,0,599895,4951515,34200,0.0298245614035088,0.10266442596912384,3.1051025390625,0.4752197265625,0.35483869910240173,0.2222222238779068,5,0.01240000035613775,0.03660000115633011,0.04129999876022339,-0.5555555820465088,0.3821989595890045
5642431,2021,dry,annotated,0,599895,4951455,34200,0.0298245614035088,0.29694223403930664,2.24554443359375,-0.38433837890625,0.06451612710952759,0,5,0.05660000070929527,0.1768999993801117,0.1851000040769577,-0.5065047740936279,-0.46720895171165466
5643507,2021,em_veg,random_draw,0,600195,4952355,20700,0.0463768115942029,0.8824478983879089,-0.928466796875,-2.83453369140625,0,0,5,0.1054999977350235,0.2888000011444092,0.3028999865055084,-0.4929956793785095,-0.4672209918498993
5643752,2021,em_veg,random_draw,0,600255,4952235,20700,0.0463768115942029,0.3131125271320343,1.216796875,-0.68927001953125,0,0.2222222238779068,5,0.09070000052452087,0.21150000393390656,0.24619999527931213,-0.4427190124988556,-0.387490451335907
5644251,2021,em_veg,random_draw,0,600345,4952265,20700,0.0463768115942029,0.31803789734840393,0.96881103515625,-0.937255859375,0,0,5,0.11845000088214874,0.25920000672340393,0.31654998660087585,-0.4501902759075165,-0.41760390996932983
5644838,2021,em_veg,random_draw,0,600435,4952175,20700,0.0463768115942029,0.30176252126693726,1.6629638671875,-0.24310302734375,0,0,5,0.0617000013589859,0.18050000071525577,0.1920499950647354,-0.5148866772651672,-0.38593482971191406
5642723,2021,dry,annotated,0,599985,4952685,44100,0.0244897959183673,0.22750763595104215,1.89678955078125,0.04327392578125,0.5,0.4444444477558136,4,0.03770000115036964,0.07590000331401825,0.10610000044107436,-0.4776966869831085,-0.17784257233142853
5642802,2021,em_veg,annotated,0,600015,4952835,44100,0.0244897959183673,0.0741010531783104,2.03240966796875,0.17889404296875,0.800000011920929,1,3,0.02910000085830688,0.04830000177025795,0.06319999694824219,-0.392497718334198,1
5643075,2021,em_veg,annotated,0,600105,4952745,44100,0.0244897959183673,0.39713412523269653,1.1800537109375,-0.6734619140625,0.27586206793785095,0.3333333432674408,4,0.05465000122785568,0.10665000230073927,0.14524999260902405,-0.4685222804546356,-0.3994490504264831
5643133,2021,dry,annotated,0,600105,4952805,44100,0.0244897959183673,0.35503873229026794,1.47540283203125,-0.37811279296875,0.4516128897666931,0.6666666865348816,4,0.04089999943971634,0.07940000295639038,0.11980000138282776,-0.4834544062614441,-0.36370107531547546
5643147,2021,em_veg,annotated,0,600135,4952595,44100,0.0244897959183673,0.29184576869010925,1.32171630859375,-0.53179931640625,0.09677419066429138,0.3333333432674408,5,0.04670000076293945,0.10350000113248824,0.13670000433921814,-0.5179810523986816,-0.3384363055229187
5643490,2021,terrain,annotated,0,600195,4953105,156600,0.0272030651340996,0.3536908030509949,3.6361083984375,1.11102294921875,0.96875,1,4,0.04529999941587448,0.07779999822378159,0.09719999879598618,-0.3345679044723511,-0.1596139520406723
5643539,2021,terrain,annotated,0,600195,4952895,156600,0.0272030651340996,0.5987005829811096,3.145263671875,0.62017822265625,0.3793103396892547,1,4,0.06830000132322311,0.13259999454021454,0.13220000267028809,-0.3333333432674408,-0.28038740158081055
5643750,2021,em_veg,annotated,0,600255,4953165,156600,0.0272030651340996,0.16034318506717682,3.6947021484375,1.16961669921875,0.96875,1,4,0.03454999998211861,0.07169999927282333,0.07750000059604645,-0.40903085470199585,-0.19272726774215695
5643946,2021,em_veg,annotated,0,600285,4952955,156600,0.0272030651340996,0.31150081753730774,3.31414794921875,0.7890625,0.5517241358757019,0.375,4,0.05914999917149544,0.11595000326633452,0.14659999310970306,-0.4144686460494995,-0.299498051404953
5643982,2021,dry,annotated,0,600285,4953225,156600,0.0272030651340996,0.291535884141922,2.77294921875,0.24786376953125,0,0,5,0.10090000182390212,0.22499999403953552,0.2533999979496002,-0.4371357262134552,-0.3005272448062897
5643901,2021,dry,annotated,0,600255,4955325,27000,0.0355555555555556,0.1601547747850418,1.57904052734375,-0.268310546875,0,0.5,5,0.06840000301599503,0.14920000731945038,0.1995999962091446,-0.4858199656009674,-0.43527787923812866
5643917,2021,dry,annotated,0,600285,4955415,27000,0.0355555555555556,0.09359969943761826,1.66778564453125,-0.1795654296875,0,0.3333333432674408,5,0.065700002014637,0.16200000047683716,0.2799000144004822,-0.6012446284294128,-0.529496431350708
5643981,2021,dry,annotated,0,600285,4955265,27000,0.0355555555555556,0.20478788018226624,1.74609375,-0.10125732421875,0,0.800000011920929,5,0.05265000090003013,0.1099499985575676,0.14509999752044678,-0.44618216156959534,-0.3858875334262848
5643389,2021,hugo_precise,annotated,1,600195,4955205,27000,0.0355555555555556,0.7933722734451294,1.61004638671875,-0.2373046875,0.17142857611179352,1,5,0.05150000005960464,0.09279999881982803,0.096500001847744,-0.31886982917785645,-0.23019571602344513
5643871,2021,dry,annotated,0,600285,4957545,10800,0.0444444444444444,0.4475087225437164,1.9146728515625,0.15234375,0.699999988079071,0.6000000238418579,4,0.04899999871850014,0.10239999741315842,0.11490000039339066,-0.4138171672821045,-0.20616114139556885
5643950,2021,dry,annotated,0,600315,4957485,10800,0.0444444444444444,0.553178071975708,1.2421875,-0.5201416015625,0,0,5,0.06390000134706497,0.23180000483989716,0.2335000038146973,-0.5560314059257507,-0.4942736625671386
5644282,2021,dry,annotated,0,600345,4958175,9900,0.0484848484848485,0.24030502140522003,0.2203369140625,-1.02337646484375,0,0,5,0.09319999814033508,0.2190999984741211,0.33880001306533813,-0.5668849349021912,-0.5354633927345276
5645158,2021,dry,annotated,0,600465,4958115,9900,0.0484848484848485,0.44135451316833496,0.32696533203125,-0.916748046875,0,0.1111111119389534,5,0.07559999823570251,0.15520000457763672,0.2404000014066696,-0.5250965356826782,-0.490111768245697
5642423,2021,dry,annotated,0,599895,4960005,17100,0.0596491228070175,0.8078232407569885,5.19842529296875,-0.7774658203125,0,0.27272728085517883,5,0.09290000051259996,0.17059999704360962,0.2378000020980835,-0.4150013029575348,-0.3938100337982178
5642721,2021,dry,annotated,0,600015,4959765,17100,0.0596491228070175,1.3018068075180054,3.55810546875,-2.41778564453125,0,0,5,0.07360000163316727,0.18649999797344208,0.24369999766349792,-0.5360857248306274,-0.5190321803092957
5643127,2021,terrain,annotated,0,600105,4961625,417600,0.0110632183908046,0,5.98956298828125,0.16351318359375,1,1,1,0.03125,0.02005000039935112,0.01834999956190586,0.1775825321674347,1
5643228,2021,terrain,annotated,0,600135,4961925,417600,0.0110632183908046,1.5726207494735718,3.87890625,-1.9471435546875,0.7272727489471436,0.25,4,0.07620000094175339,0.18490000069141388,0.19564999639987943,-0.4278998374938965,-0.34589219093322754
5643388,2021,dry,annotated,0,600195,4961595,417600,0.0110632183908046,0.13617275655269623,5.87591552734375,0.04986572265625,1,1,3,0.04320000112056732,0.06190000101923942,0.04050000011920929,-0.0621669627726078,0.12274368107318878
5643757,2021,deep_viz,annotated,0,600255,4961685,417600,0.0110632183908046,0,5.98956298828125,0.16351318359375,1,1,1,0.03514999896287918,0.0203499998897314,0.02080000005662441,0.2557641565799713,0.6834532618522644
5643770,2021,dry,annotated,0,600285,4961535,417600,0.0110632183908046,0.22387373447418213,5.85491943359375,0.02886962890625,1,1,3,0.05700000002980232,0.10249999910593031,0.06140000000596046,-0.2206759452819824,0.04779411852359772
5644277,2021,deep_viz,annotated,0,600315,4961895,417600,0.0110632183908046,0,5.98956298828125,0.16351318359375,1,1,1,0.03290000185370445,0.01620000042021274,0.01489999983459711,0.3404255211353302,0.5670731663703918
5645218,2021,deep_viz,annotated,0,600465,4961775,417600,0.0110632183908046,0,5.98956298828125,0.16351318359375,1,1,1,0.02879999950528145,0.00765000004321336,0.01004999969154596,0.5260657072067261,0.8987341523170471
5645492,2021,terrain,annotated,0,600465,4961655,417600,0.0110632183908046,1.220703143189894e-5,5.98956298828125,0.16351318359375,1,1,1,0.03310000151395798,0.01720000058412552,0.02239999920129776,0.19700747728347776,0.9622641801834106
5646897,2021,dry,annotated,0,600645,4961775,417600,0.0110632183908046,0.10009410232305528,5.84130859375,0.0152587890625,1,1,3,0.02950000017881393,0.04704999923706055,0.04230000078678131,-0.20549695193767548,0.12319999933242798
5642369,2021,shallow_viz,annotated,1,599865,4962225,4500,0.0666666666666667,0.09979591518640518,2.4320068359375,0.29150390625,0,0.5454545617103577,5,0.03200000151991844,0.09470000118017197,0.11559999734163284,-0.5613707304000854,-0.00223713647574186
5642198,2021,dry,annotated,0,599805,4962195,4500,0.0666666666666667,0.4490667581558227,1.13946533203125,-1.00103759765625,0,0,5,0.08959999680519104,0.3077999949455261,0.28995001316070557,-0.5286715626716614,-0.48312291502952576
5642255,2021,dry,annotated,0,599835,4962255,4500,0.0666666666666667,1.1850532293319702,-0.33953857421875,-2.48004150390625,0,0,5,0.08100000023841858,0.3077999949455261,0.290800005197525,-0.5624662041664124,-0.5504587292671204
5642383,2021,dry,annotated,0,599895,4962195,4500,0.0666666666666667,1.0720629692077637,0.9759521484375,-1.16455078125,0,0.1818181872367859,5,0.06624999642372131,0.20925000309944153,0.2055000066757202,-0.5112162828445435,-0.4807108938694
5642000,2021,deep_water,random_draw,0,599715,4964445,34200,0.0263157894736842,0.2637541890144348,2.3731689453125,-0.96240234375,0.02777777798473835,0,5,0.0778999999165535,0.2782000005245209,0.22824999690055847,-0.4873325228691101,-0.3943412899971008
5642029,2021,deep_water,random_draw,0,599745,4964595,34200,0.0263157894736842,0.2211042046546936,3.56805419921875,0.23248291015625,0.8285714387893677,0.3333333432674408,4,0.04149999842047691,0.11124999821186066,0.10294999927282332,-0.4612511694431305,-0.0220994483679533
5642253,2021,deep_water,random_draw,0,599835,4964505,34200,0.0263157894736842,0.6765164136886597,2.801025390625,-0.5345458984375,0.75,0.30000001192092896,4,0.04509999975562095,0.16120000183582306,0.13490000367164612,-0.48240962624549866,-0.2712188959121704
5642345,2021,deep_water,random_draw,0,599865,4964655,34200,0.0263157894736842,0.2838347852230072,3.53045654296875,0.19488525390625,1,1,4,0.03875000029802322,0.0621500015258789,0.06735000014305115,-0.30816689133644104,-0.06647605448961258
5642294,2021,dry,annotated,0,599865,4965105,6300,0.0571428571428571,0.9540942907333374,1.302978515625,-0.197265625,0,0,5,0.0820000022649765,0.23319999873638153,0.22304999828338623,-0.46023979783058167,-0.3602033257484436
5642458,2021,deep_water,random_draw,0,599895,4964925,13677300,0.00377267443135707,0.5135717988014221,8.3543701171875,-0.245849609375,0.970588207244873,1,3,0.06260000169277191,0.08380000293254852,0.08529999852180481,-0.16133424639701843,-4.7326076310127974e-4
5642533,2021,deep_water,random_draw,0,599925,4965135,13677300,0.00377267443135707,0.260553777217865,8.537841796875,-0.0623779296875,0.9714285731315612,1,3,0.06989999860525131,0.09640000015497208,0.1108499988913536,-0.26489874720573425,0.02802460640668869
5642764,2021,deep_water,random_draw,0,599985,4964835,13677300,0.00377267443135707,0.09728243201971054,8.67999267578125,0.07977294921875,1,1,3,0.03739999979734421,0.03554999828338623,0.0430000014603138,0.04018445312976837,0.16049382090568542
5643088,2021,deep_water,random_draw,0,600105,4965195,13677300,0.00377267443135707,0,8.6947021484375,0.094482421875,1,1,1,0.0393499992787838,0.01610000059008598,0.01565000042319297,0.4741948246955872,0.6724891066551208
5643227,2021,deep_water,random_draw,0,600135,4965615,13677300,0.00377267443135707,0.23537105321884155,8.15521240234375,-0.44500732421875,0.875,1,4,0.05330000072717666,0.11900000274181366,0.10305000096559525,-0.3784445524215698,-0.19332048296928409
5643376,2021,deep_water,random_draw,0,600195,4965525,13677300,0.00377267443135707,0,8.6947021484375,0.094482421875,1,1,1,0.03240000084042549,0.01759999990463257,0.01810000091791153,0.32786884903907776,0.4965358078479767
5644296,2021,deep_water,random_draw,0,600345,4965825,13677300,0.00377267443135707,0.47254034876823425,6.643310546875,-1.9569091796875,0,0,5,0.06150000169873237,0.17215000092983246,0.26475000381469727,-0.6087533831596375,-0.5105105042457581
5644950,2021,deep_water,random_draw,0,600435,4966125,13677300,0.00377267443135707,0.3427027761936188,8.21234130859375,-0.38787841796875,0.6060606241226196,0.2222222238779068,4,0.04280000180006027,0.13979999721050262,0.1347000002861023,-0.5019572973251343,-0.28940218687057495
5644970,2021,deep_water,random_draw,0,600405,4964835,13677300,0.00377267443135707,0,8.6947021484375,0.094482421875,1,1,1,0.04380000010132789,0.02040000073611736,0.01779999956488609,0.42719709873199463,0.8252426981925964
5645452,2021,deep_water,random_draw,0,600495,4965615,13677300,0.00377267443135707,0,8.6947021484375,0.094482421875,1,1,1,0.03599999845027923,0.0134500004351139,0.01374999992549419,0.4821541905403137,0.7973333597183228
5642725,2021,deep_water,random_draw,0,599985,4967715,297900,0.0147029204431017,0.00130657956469804,3.2818603515625,0.185302734375,1,1,3,0.04050000011920929,0.0527999997138977,0.05579999834299087,-0.18918919563293457,0.01694915257394313
5642893,2021,deep_water,random_draw,0,600045,4967895,297900,0.0147029204431017,0,3.2818603515625,0.185302734375,1,1,1,0.03119999915361404,0.02769999951124191,0.02319999970495701,0.13590264320373535,1
5643160,2021,deep_water,random_draw,0,600135,4967745,297900,0.0147029204431017,0,3.2818603515625,0.185302734375,1,1,1,0.03379999846220016,0.02470000088214874,0.01590000092983246,0.2862069010734558,0.625
5643552,2021,deep_water,random_draw,0,600225,4967865,297900,0.0147029204431017,0,3.2818603515625,0.185302734375,1,1,1,0.03150000050663948,0.02060000039637088,0.0163000002503395,0.254004567861557,0.7260273694992065
5643959,2021,deep_water,random_draw,0,600285,4967955,297900,0.0147029204431017,0.4361786246299744,2.42779541015625,-0.66876220703125,0.24242424964904785,1,4,0.07415000349283218,0.19529999792575836,0.1773499995470047,-0.4203127920627594,-0.35066118836402893
5643989,2021,deep_water,random_draw,0,600315,4967715,297900,0.0147029204431017,0.2672010660171509,2.372802734375,-0.7237548828125,0.03030303120613098,0,5,0.08560000360012054,0.25999999046325684,0.24729999899864197,-0.48878923058509827,-0.4015301764011383
5644206,2021,deep_water,random_draw,0,600345,4968135,297900,0.0147029204431017,0.12368451058864594,3.0965576171875,0,1,1,3,0.03200000151991844,0.04670000076293945,0.03629999980330467,-0.06679389625787735,0.37186896800994873
5644399,2021,deep_water,random_draw,0,600345,4968285,297900,0.0147029204431017,0.14836029708385468,2.783935546875,-0.3126220703125,0.14705882966518402,0,5,0.06440000236034393,0.16220000386238098,0.15164999663829803,-0.415991723537445,-0.27891892194747925
5644842,2021,deep_water,random_draw,0,600405,4968075,297900,0.0147029204431017,0.13543282449245453,3.09722900390625,6.7138671875e-4,1,1,4,0.03840000182390213,0.06390000134706497,0.03765000030398369,-0.02444848045706749,0.40928271412849426
5645070,2021,deep_water,random_draw,0,600435,4967925,297900,0.0147029204431017,0.39751070737838745,2.98089599609375,-0.11566162109375,1,0.8888888955116272,4,0.05099999904632568,0.11479999870061874,0.11959999799728394,-0.42675158381462097,-0.2730414867401123
4098944,2021,dry,annotated,0,633885,5034765,65700,0.0246575342465753,0.7189595699310303,3.76568603515625,-1.219970703125,0,0,5,0.09700000286102296,0.2619999945163727,0.29304999113082886,-0.5017497539520264,-0.47322720289230347
4099465,2021,deep_viz,annotated,0,633945,5034705,65700,0.0246575342465753,0,5.29608154296875,0.3104248046875,1,1,3,0.02099999971687793,0.01920000091195106,0.02009999938309192,0.04504504427313804,0.32270917296409607
4099532,2021,dry,annotated,0,633945,5034585,65700,0.0246575342465753,0.9408726692199708,2.37176513671875,-2.6138916015625,0.02941176481544971,0.1818181872367859,5,0.09059999883174896,0.21359999477863312,0.25440001487731934,-0.4940873980522156,-0.442930668592453
4099617,2021,deep_viz,annotated,0,633975,5034825,65700,0.0246575342465753,0,5.29608154296875,0.3104248046875,0.96875,1,3,0.01860000006854534,0.01200000010430812,0.02270000055432319,-0.05138339847326279,1
4099939,2021,deep_viz,annotated,0,634005,5034675,65700,0.0246575342465753,0,5.29608154296875,0.3104248046875,0.96875,1,3,0.01970000006258487,0.01730000041425228,0.01970000006258487,0.01319261174649,0.532608687877655
4100063,2021,dry,annotated,0,634035,5034585,65700,0.0246575342465753,0.4463624060153961,3.94085693359375,-1.0447998046875,0,0,5,0.09960000216960908,0.257099986076355,0.30219998955726624,-0.4998365342617035,-0.4673862159252167
4096816,2021,deep_viz,annotated,0,633585,5034645,246600,0.0121654501216545,0.4642757773399353,5.37225341796875,-0.02362060546875,0.939393937587738,1,3,0.0442500002682209,0.06430000066757202,0.06915000081062317,-0.27000942826271057,-0.09591836482286452
4097311,2021,dry,annotated,0,633645,5034645,246600,0.0121654501216545,0.5419576168060303,1.89031982421875,-3.50555419921875,0,0,5,0.07989999651908875,0.24824999272823337,0.2544499933719635,-0.5285540819168091,-0.47990256547927856
4097593,2021,deep_viz,annotated,0,633675,5034915,246600,0.0121654501216545,0.2996300458908081,5.53955078125,0.1436767578125,0.9666666388511658,0.8888888955116272,3,0.05180000141263008,0.08375000208616257,0.1140500009059906,-0.3946737349033356,-0.19846351444721225
4097659,2021,dry,annotated,0,633705,5034735,246600,0.0121654501216545,0.2509586215019226,5.4949951171875,0.09912109375,0.9677419066429138,1,3,0.04565000161528587,0.08470000326633453,0.08015000075101852,-0.30076465010643005,-0.13120567798614502
4097807,2021,deep_viz,annotated,0,633705,5034795,246600,0.0121654501216545,0,5.634765625,0.2388916015625,1,1,1,0.03539999946951866,0.022749999538064,0.0203499998897314,0.24405640363693237,1
4098022,2021,dry,annotated,0,633765,5034795,246600,0.0121654501216545,0.8673964142799377,5.0235595703125,-0.372314453125,0.5806451439857483,0,5,0.07739999890327454,0.17614999413490295,0.17915000021457672,-0.3959159851074219,-0.33469054102897644
4098403,2021,dry,annotated,0,633795,5034945,18900,0.0349206349206349,1.2693480253219604,3.60162353515625,-1.4385986328125,0,0,5,0.11219999939203262,0.26269999146461487,0.30515000224113464,-0.47077906131744385,-0.4524216651916504
4098455,2021,terrain,annotated,0,633825,5035005,18900,0.0349206349206349,0.01238304004073143,5.556640625,0.51641845703125,0.90625,0.800000011920929,3,0.02690000087022781,0.06219999864697456,0.07819999754428864,-0.4197573661804199,-0.06719367951154709
4098718,2021,terrain,annotated,0,633855,5035065,18900,0.0349206349206349,0.36538243293762207,5.38909912109375,0.348876953125,0.7878788113594055,0.4000000059604645,5,0.04625000059604645,0.09719999879598618,0.1143999993801117,-0.46319159865379333,-0.2394195944070816
4099074,2021,dry,annotated,0,633915,5034975,18900,0.0349206349206349,1.190657138824463,2.52679443359375,-2.513427734375,0.03125,0.20000000298023224,5,0.08510000258684158,0.2170500010251999,0.2480500042438507,-0.4917181730270386,-0.46229228377342224
4099292,2021,terrain,annotated,0,633915,5035005,18900,0.0349206349206349,0.27597808837890625,5.3924560546875,0.35223388671875,0.5161290168762207,0.6000000238418579,5,0.03334999829530716,0.0839499980211258,0.1031000018119812,-0.453338235616684,-0.2957516312599182
4099325,2021,dry,annotated,0,633945,5035065,18900,0.0349206349206349,0.4425441324710846,4.91607666015625,-0.1241455078125,0.5483871102333069,0.699999988079071,5,0.06885000318288803,0.1534000039100647,0.16859999299049375,-0.4248407781124115,-0.3342803120613098
4098717,2021,deep_viz,annotated,0,633885,5035665,49500,0.0254545454545455,0,8.07110595703125,0.3204345703125,1,1,1,0.031700000166893,0.0203000009059906,0.02590000070631504,0.07391911000013351,1
4098942,2021,dry,annotated,0,633885,5035605,49500,0.0254545454545455,1.6840296983718872,2.54241943359375,-5.208251953125,0.0625,0.20000000298023224,5,0.07010000199079514,0.21410000324249268,0.2379000037908554,-0.5400927662849426,-0.505892276763916
4099235,2021,deep_viz,annotated,0,633945,5035725,49500,0.0254545454545455,0,8.07110595703125,0.3204345703125,1,0.8999999761581421,1,0.03030000068247318,0.02370000071823597,0.02290000021457672,0.18309858441352844,0.46268656849861145
4099571,2021,dry,annotated,0,633975,5035905,49500,0.0254545454545455,0.8154326677322388,5.7281494140625,-2.02252197265625,0,0,5,0.10080000013113022,0.26600000262260437,0.3034000098705292,-0.49180740118026733,-0.4430379867553711
4099700,2021,deep_viz,annotated,0,633975,5035785,49500,0.0254545454545455,0,8.07110595703125,0.3204345703125,1,1,1,0.03030000068247318,0.01930000074207782,0.02235000021755695,0.11435817927122116,0.8714859485626221
4099789,2021,dry,annotated,0,634005,5035665,49500,0.0254545454545455,1.8927216529846191,3.67401123046875,-4.07666015625,0.375,0.30000001192092896,5,0.05779999867081642,0.16369999945163727,0.1881999969482422,-0.5170648694038391,-0.4832826852798462
4098879,2021,dry,annotated,0,633885,5036175,11700,0.0461538461538462,1.4719173908233645,-0.3043212890625,-3.38140869140625,0,0,5,0.08340000361204147,0.2484000027179718,0.28220000863075256,-0.5538881421089172,-0.508991003036499
4098889,2021,dry,annotated,0,633885,5036085,11700,0.0461538461538462,0.03457319736480713,3.33624267578125,0.2591552734375,0.800000011920929,0.800000011920929,4,0.0305000003427267,0.05480000004172325,0.07000000029802322,-0.431978315114975,-0.19659936428070068
4096096,2021,deep_viz,annotated,0,633525,5036235,53100,0.0305084745762712,0.0339752733707428,3.77532958984375,-0.79632568359375,0.7878788113594055,0.4444444477558136,3,0.02769999951124191,0.07739999890327454,0.08100000023841858,-0.5269001126289368,-0.01511879079043865
4096284,2021,deep_viz,annotated,0,633525,5036145,53100,0.0305084745762712,0,3.7786865234375,-0.79296875,1,0.8888888955116272,3,0.02669999934732914,0.02879999950528145,0.04259999841451645,-0.27539780735969543,1
4096285,2021,dry,annotated,0,633525,5036115,53100,0.0305084745762712,0.4679400622844696,3.4207763671875,-1.15087890625,0.774193525314331,0.5555555820465088,4,0.04760000109672546,0.10660000145435332,0.13259999454021454,-0.4550766944885254,-0.2976190447807312
4096555,2021,deep_viz,annotated,0,633585,5036265,53100,0.0305084745762712,0,3.7786865234375,-0.79296875,1,0.7777777910232544,3,0.02050000056624412,0.02510000020265579,0.03950000181794166,-0.2783825695514679,1
4097048,2021,dry,annotated,0,633645,5036265,53100,0.0305084745762712,0.6412510871887207,1.70196533203125,-2.86968994140625,0,0,5,0.06889999657869339,0.26739999651908875,0.2572999894618988,-0.5541437864303589,-0.513992190361023
4095564,2021,em_veg,annotated,0,633435,5036475,21600,0.0333333333333333,0.9184786081314088,2.15496826171875,-0.96832275390625,0.4545454680919647,0.5555555820465088,5,0.05900000035762787,0.17249999940395355,0.18289999663829803,-0.5567829012870789,-0.4427730441093445
4095666,2021,dry,annotated,0,633465,5036535,21600,0.0333333333333333,0.5780102610588074,0.660400390625,-2.462890625,0,0,5,0.08829999715089798,0.25220000743865967,0.2919999957084656,-0.5451326370239258,-0.5008141398429871
4095889,2021,em_veg,annotated,0,633495,5036415,21600,0.0333333333333333,0.2685239315032959,3.4151611328125,0.2918701171875,0.96875,0.8888888955116272,4,0.02270000055432319,0.0544000007212162,0.06210000067949295,-0.4064081013202667,-0.21052631735801697
4096119,2021,deep_viz,annotated,0,633525,5036475,21600,0.0333333333333333,0,3.50640869140625,0.38311767578125,1,1,3,0.01499999966472387,0.01169999968260526,0.01960000023245811,-0.20071685314178467,1
4096172,2021,em_veg,annotated,0,633525,5036565,21600,0.0333333333333333,0.5105105638504028,3.04742431640625,-0.07586669921875,0.3030303120613098,0.1111111119389534,5,0.065700002014637,0.18449999392032623,0.1899999976158142,-0.49840596318244934,-0.406315803527832
4096657,2021,dry,annotated,0,633585,5036415,21600,0.0333333333333333,0.9241842031478882,-0.54901123046875,-3.67230224609375,0,0,5,0.09589999914169312,0.24650000035762787,0.2881999909877777,-0.5244234800338745,-0.48710009455680847
4096940,2021,dry,annotated,0,633615,5036805,3600,0.0666666666666667,0.5213024020195007,-1.04925537109375,-2.23101806640625,0,0,5,0.1037999987602234,0.2618499994277954,0.33160001039505005,-0.5217704176902771,-0.4818956255912781
4098659,2021,dry,annotated,0,633885,5037375,7200,0.0583333333333333,0.7022748589515686,0.69390869140625,-1.0517578125,0,0,5,0.07460000365972519,0.2310499995946884,0.2575500011444092,-0.5454797744750977,-0.4980769157409668
4098432,2021,em_veg,random_draw,0,633825,5037615,7200,0.05,0.15403957664966583,0.77191162109375,-0.0169677734375,0.27586206793785095,0.2222222238779068,5,0.06509999930858612,0.16494999825954437,0.18539999425411224,-0.5029746890068054,-0.3476234972476959
4098658,2021,em_veg,random_draw,0,633855,5037555,7200,0.05,0.16284231841564178,0.78411865234375,-0.0047607421875,0.5806451439857483,0.5555555820465088,5,0.03070000000298023,0.08919999748468399,0.07980000227689743,-0.5120313167572021,-0.372071236371994
4096618,2021,dry,annotated,0,633585,5040105,13500,0.04,0.8740426898002625,3.47259521484375,0.53253173828125,0,0,5,0.07750000059604645,0.29030001163482666,0.25999999046325684,-0.5531054735183716,-0.5148447751998901
4093069,2021,dry,annotated,0,633165,5041485,900,0.133333333333333,0.3043745458126068,-0.4295654296875,-0.86358642578125,0,0,5,0.09430000185966492,0.23440000414848328,0.2791000008583069,-0.508614718914032,-0.4909188151359558
4055250,2021,em_veg,annotated,0,629535,5041995,132300,0.01859410430839,0.25516268610954285,1.09326171875,-0.2275390625,0.1538461595773697,1,5,0.06475000083446503,0.15360000729560852,0.15760000050067902,-0.4358235001564026,-0.30621573328971863
4055251,2021,deep_viz,annotated,0,629535,5041905,132300,0.01859410430839,0.07572750002145767,1.36297607421875,0.04217529296875,0.8846153616905212,1,4,0.0260000005364418,0.03429999947547912,0.04120000079274177,-0.24576270580291748,0.688622772693634
4056502,2021,deep_viz,annotated,0,629625,5041995,132300,0.01859410430839,0.00958465225994587,1.4036865234375,0.0828857421875,0.9615384340286256,1,4,0.01970000006258487,0.02459999918937683,0.03209999948740005,-0.2468085139989853,0.3675675690174103
4056506,2021,em_veg,annotated,0,629655,5041845,132300,0.01859410430839,0.1540301889181137,1.24920654296875,-0.07159423828125,0.11538461595773696,0.5,5,0.031700000166893,0.08129999786615372,0.10429999977350236,-0.5160806179046631,-0.371921181678772
4057769,2021,dry,annotated,0,629745,5041845,132300,0.01859410430839,0.3770730197429657,0.763427734375,-0.557373046875,0,0.1666666716337204,5,0.06279999762773514,0.15770000219345093,0.19499999284744263,-0.5128006339073181,-0.4472620487213135
4058776,2021,em_veg,annotated,0,629835,5041845,132300,0.01859410430839,0.3143802583217621,0.9637451171875,-0.3570556640625,0,0.2857142984867096,5,0.04439999908208847,0.12600000202655792,0.1534000039100647,-0.5478180050849915,-0.4616484045982361
4059218,2021,deep_viz,annotated,0,629865,5041935,132300,0.01859410430839,1.8310546465727384e-6,1.4053955078125,0.0845947265625,0.9583333134651184,0.8571428656578064,3,0.02590000070631504,0.01640000008046627,0.01909999921917915,0.00552486209198832,0.6602563858032227
4059853,2021,dry,annotated,0,629925,5041935,132300,0.01859410430839,0.2025145888328552,1.12554931640625,-0.19525146484375,0.5384615659713745,1,5,0.04419999942183494,0.096500001847744,0.1137000024318695,-0.4257630705833435,-0.29312169551849365
4050953,2021,em_veg,random_draw,0,629205,5041425,4500,0.0666666666666667,0.12667226791381836,0.181884765625,-0.0733642578125,0.0714285746216774,0.125,5,0.0828000009059906,0.19920000433921817,0.21469999849796295,-0.4547053575515747,-0.43330150842666626
4052067,2021,em_veg,random_draw,0,629295,5041485,4500,0.0666666666666667,0.11831654608249664,0.1485595703125,-0.106689453125,0,0.125,5,0.09799999743700027,0.23325000703334808,0.2593500018119812,-0.4553696215152741,-0.4164222776889801
4049818,2021,em_veg,random_draw,0,629115,5041695,1800,0.1,0.07951778173446655,0.3062744140625,0.0361328125,0.25925925374031067,0.625,5,0.03370000049471855,0.09640000015497208,0.13079999387264252,-0.5674518346786499,-0.24607330560684204
4036931,2021,dry,annotated,0,628095,5041605,12600,0.0476190476190476,0.296654611825943,-0.33660888671875,-0.93017578125,0,0,5,0.1148499995470047,0.2782999873161316,0.32284998893737793,-0.4839906990528106,-0.45515695214271545
4036932,2021,em_veg,annotated,0,628095,5041515,12600,0.0476190476190476,0.11221389472484589,0.5823974609375,-0.01116943359375,0.692307710647583,0.8888888955116272,4,0.07329999655485153,0.15209999680519104,0.1776999980211258,-0.4202597439289093,-0.23121626675128937
4037250,2021,deep_viz,annotated,0,628125,5041545,12600,0.0476190476190476,0,0.60736083984375,0.0137939453125,0.959999978542328,1,3,0.01830000057816505,0.02645000070333481,0.04650000110268593,-0.3522163927555084,0.3799999952316284
4037334,2021,em_veg,annotated,0,628125,5041635,12600,0.0476190476190476,0.09661199897527696,0.54949951171875,-0.0440673828125,0.6538461446762085,0.5555555820465088,4,0.07145000249147415,0.16740000247955322,0.19599999487400055,-0.455342173576355,-0.1489361673593521
4037940,2021,em_veg,annotated,0,628155,5041605,12600,0.0476190476190476,0.02015145123004913,0.60699462890625,0.013427734375,0.959999978542328,0.8888888955116272,3,0.04434999823570251,0.08534999936819077,0.09775000065565108,-0.37491631507873535,-0.14756672084331512
4033220,2021,em_veg,annotated,0,627825,5041425,900,0.133333333333333,0.16686230897903442,0.38275146484375,0,0.07999999821186066,0.5,5,0.05635000020265579,0.11914999783039092,0.15244999527931213,-0.491546094417572,-0.3348810076713562
4018227,2021,terrain,annotated,0,626895,5041425,18900,0.0380952380952381,0.23565727472305295,2.07000732421875,0.1463623046875,0.6666666865348816,0.6666666865348816,4,0.07090000063180923,0.13359999656677246,0.17219999432563782,-0.4341580271720886,-0.3602391481399536
4018622,2021,dry,annotated,0,626925,5041365,18900,0.0380952380952381,0.191142275929451,0.39923095703125,-1.5244140625,0,0,5,0.10334999859333038,0.2039999961853027,0.3427000045776367,-0.5188536643981934,-0.4491634368896485
4019095,2021,terrain,annotated,0,626955,5041455,18900,0.0380952380952381,0.57253265380859375,1.51611328125,-0.40753173828125,0.7777777910232544,0.6666666865348816,4,0.08169999718666077,0.1168999969959259,0.13750000298023224,-0.26082131266593933,-0.2279069721698761
4021012,2021,terrain,annotated,0,627105,5041455,18900,0.0380952380952381,0.5356713533401489,1.62762451171875,-0.2960205078125,0.7407407164573669,0.4444444477558136,4,0.08055000007152557,0.12725000083446503,0.16805000603199005,-0.3384067714214325,-0.280433714389801
4014430,2021,em_veg,annotated,0,626655,5041515,9900,0.0484848484848485,0.29856812953948975,0.9677734375,-0.27294921875,0.07407407462596893,0.4444444477558136,5,0.07970000058412552,0.1745000034570694,0.21860000491142273,-0.4622524678707123,-0.41472336649894714
4014827,2021,em_veg,annotated,0,626655,5041605,9900,0.0484848484848485,0.2925790846347809,0.944091796875,-0.296630859375,0.03703703731298447,0.25,5,0.07360000163316727,0.17960000038146973,0.21549999713897705,-0.4865424335002899,-0.4656014144420624
4015247,2021,dry,annotated,0,626715,5041545,9900,0.0484848484848485,0.19421708583831787,1.195556640625,-0.045166015625,0.1428571492433548,0.5,5,0.05040000006556511,0.13089999556541443,0.1509000062942505,-0.5213464498519897,-0.401312917470932
4015697,2021,em_veg,annotated,0,626715,5041575,9900,0.0484848484848485,0.0577557273209095,1.38763427734375,0.14691162109375,0.3333333432674408,0.6000000238418579,5,0.02769999951124191,0.0674000009894371,0.08619999885559082,-0.4751552939414978,-0.19750000536441803
4010228,2021,deep_viz,annotated,0,626325,5041815,84600,0.0177304964539007,0,4.10845947265625,0.1566162109375,0.9642857313156128,1,1,0.02789999917149543,0.02040000073611736,0.0248000007122755,0.02521008439362049,1
4010677,2021,dry,annotated,0,626355,5041695,84600,0.0177304964539007,0.2849712073802948,3.46630859375,-0.48553466796875,0.03703703731298447,0.6666666865348816,5,0.08919999748468399,0.18639999628067017,0.22470000386238095,-0.43229812383651733,-0.35261112451553345
4011152,2021,deep_viz,annotated,0,626415,5041875,84600,0.0177304964539007,0,4.10845947265625,0.1566162109375,1,1,1,0.03040000051259994,0.01940000057220459,0.02349999919533729,0.11791730672121048,0.388127863407135
4011960,2021,deep_viz,annotated,0,626475,5041815,84600,0.0177304964539007,0,4.10845947265625,0.1566162109375,0.9629629850387572,1,1,0.02610000036656856,0.0175000000745058,0.02070000022649765,0.080684594810009,0.5523114204406738
4014394,2021,dry,annotated,0,626625,5041695,84600,0.0177304964539007,0.2864406108856201,3.83154296875,-0.12030029296875,0.1111111119389534,0,5,0.06350000202655792,0.1859000027179718,0.19920000433921817,-0.5112434029579163,-0.42642319202423096
3999146,2021,deep_viz,annotated,0,625515,5041755,13500,0.0533333333333333,0,1.4503173828125,0.09942626953125,0.8799999952316284,0.875,3,0.02410000003874302,0.02810000069439411,0.04380000010132789,-0.2380952388048172,1
3999593,2021,dry,annotated,0,625545,5041755,13500,0.0533333333333333,0.33942267298698425,1.156982421875,-0.19390869140625,0.11538461595773696,0.875,5,0.05860000103712082,0.10599999874830246,0.1457500010728836,-0.4275856614112854,-0.3333333432674408
3983009,2021,dry,annotated,0,624315,5041305,86400,0.0152777777777778,0.4445424973964691,4.09075927734375,-0.20257568359375,1,1,3,0.05539999902248382,0.11065000295639038,0.13394999504089355,-0.4087929427623749,-0.2898172438144684
3983945,2021,terrain,annotated,0,624375,5041365,86400,0.0152777777777778,0.4743114113807678,4.18707275390625,-0.10626220703125,1,1,3,0.05995000153779983,0.1132500022649765,0.13950000703334808,-0.3810532093048096,-0.3419216275215149
3984992,2021,dry,annotated,0,624465,5041125,86400,0.0152777777777778,1.146630048751831,2.21343994140625,-2.07989501953125,0.46666666865348816,0.7777777910232544,4,0.07119999825954437,0.13680000603199005,0.1973000019788742,-0.44435417652130127,-0.30016863346099854
3986093,2021,dry,annotated,0,624585,5041155,86400,0.0152777777777778,0.203623965382576,4.2911376953125,-0.002197265625,1,1,3,0.0499499998986721,0.0746999979019165,0.0831499993801117,-0.2572824954986572,-0.08311688154935837
3986651,2021,terrain,annotated,0,624585,5041365,86400,0.0152777777777778,0.06498601287603378,4.3851318359375,0.091796875,1,1,3,0.04809999838471413,0.05694999918341637,0.06769999861717224,-0.15058845281600952,0.0282352939248085
3973716,2021,dry,annotated,0,623565,5041305,54000,0.0266666666666667,0.2863188683986664,7.43548583984375,-0.09283447265625,0.699999988079071,1,4,0.062950000166893,0.13979999721050262,0.1746000051498413,-0.46868759393692017,-0.34514120221138
3975092,2021,terrain,annotated,0,623625,5041245,54000,0.0266666666666667,0,7.673095703125,0.144775390625,1,1,2,0.02910000085830688,0.01329999975860118,0.01979999989271164,0.08896797150373459,1
3975206,2021,terrain,annotated,0,623655,5041335,54000,0.0266666666666667,0,7.673095703125,0.144775390625,1,1,3,0.03044999949634075,0.01840000040829181,0.02889999933540821,0.02966633439064026,0.7416267991065979
3975945,2021,dry,annotated,0,623685,5041245,54000,0.0266666666666667,0.31510061025619507,7.37957763671875,-0.14874267578125,1,1,4,0.05869999900460243,0.10080000013113022,0.13439999520778656,-0.40438130497932434,-0.2331223636865616
3976206,2021,terrain,annotated,0,623715,5041365,54000,0.0266666666666667,0.3961318135261536,7.3836669921875,-0.1446533203125,0.9642857313156128,1,3,0.06404999643564224,0.07699999958276749,0.09640000015497208,-0.2027554214000702,-0.13399504125118256
3961543,2021,deep_viz,annotated,0,622605,5041575,13426200,0.00642177235554364,0.14306291937828064,11.9486083984375,-0.07745361328125,1,1,3,0.02740000002086162,0.0324999988079071,0.04084999859333038,-0.1110260933637619,0.5424354076385498
3961773,2021,deep_viz,annotated,0,622635,5041005,13426200,0.00642177235554364,0.457096129655838,11.60614013671875,-0.419921875,0.8999999761581421,0.8571428656578064,4,0.05530000105500221,0.14239999651908877,0.13600000739097595,-0.4560439586639404,-0.31614938378334045
3961844,2021,dry,annotated,0,622635,5041335,13426200,0.00642177235554364,0.04844997823238373,12.149169921875,0.12310791015625,0.9666666388511658,1,4,0.0560000017285347,0.11935000121593475,0.1261499971151352,-0.3703773617744446,-0.19596722722053528
3963030,2021,dry,annotated,0,622725,5041215,13426200,0.00642177235554364,0.6875618100166321,10.881103515625,-1.14495849609375,0.699999988079071,0.6666666865348816,4,0.06759999692440033,0.16030000150203705,0.17990000545978546,-0.4530409574508667,-0.3303437829017639
3963072,2021,deep_viz,annotated,0,622725,5041515,13426200,0.00642177235554364,0.01249782461673021,12.1573486328125,0.13128662109375,1,1,3,0.02494999952614307,0.01755000092089176,0.02125000022351741,0.03520535677671432,1
3963073,2021,dry,annotated,0,622695,5041455,13426200,0.00642177235554364,0.29160094261169434,11.80743408203125,-0.2186279296875,0.8333333134651184,1,4,0.04100000113248825,0.07329999655485153,0.08839999884366989,-0.3750060200691223,-0.20266667008399963
3965672,2021,em_veg,annotated,0,622905,5042115,22500,0.0293333333333333,0.4042090177536011,0.910400390625,-0.49346923828125,0.6333333253860474,0.6666666865348816,4,0.06334999948740005,0.1221499964594841,0.17784999310970306,-0.4640304744243622,-0.36192333698272705
3965964,2021,dry,annotated,0,622935,5042115,22500,0.0293333333333333,0.4335193634033203,0.65972900390625,-0.744140625,0.5333333611488342,0.5555555820465088,4,0.07524999976158142,0.1527000069618225,0.2080000042915344,-0.4565022587776184,-0.3796898424625397
3966775,2021,em_veg,annotated,0,622965,5042235,22500,0.0293333333333333,0.2295234352350235,1.15203857421875,-0.2518310546875,0.1538461595773697,0.8888888955116272,5,0.04230000078678131,0.10490000247955322,0.13220000267028809,-0.5033947825431824,-0.2656773626804352
3957610,2021,dry,annotated,0,622305,5042445,63000,0.020952380952381,0.305381178855896,4.0029296875,-0.27392578125,0.7272727489471436,0.8999999761581421,4,0.06714999675750732,0.15729999542236328,0.16975000500679016,-0.4472874402999878,-0.3823271989822388
3959268,2021,em_veg,annotated,0,622425,5042415,63000,0.020952380952381,0.1970338374376297,4.4473876953125,0.1705322265625,1,1,3,0.03229999914765358,0.04890000075101852,0.07519999891519547,-0.35895463824272156,-0.1644100546836853
3960313,2021,em_veg,annotated,0,622515,5042535,63000,0.020952380952381,0.08248089998960495,4.50238037109375,0.22552490234375,0.65625,0.4000000059604645,4,0.02940000034868717,0.06809999793767929,0.08959999680519104,-0.5573770403862,-0.2035541236400604
3960650,2021,em_veg,annotated,0,622545,5042475,63000,0.020952380952381,0.38912078738212585,4.24853515625,-0.0283203125,1,0.4000000059604645,4,0.04439999908208847,0.10620000213384628,0.1145000010728836,-0.43306010961532593,-0.3586956560611725
3964021,2021,terrain,annotated,0,622785,5043315,41400,0.0246376811594203,1.4820091724395752,1.0498046875,-2.51385498046875,0,0.20000000298023224,5,0.1001499965786934,0.17219999432563782,0.1911499947309494,-0.303362101316452,-0.2905983030796051
3964807,2021,deep_viz,annotated,0,622875,5043225,41400,0.0246376811594203,0,3.85162353515625,0.2879638671875,1,1,1,0.05130000039935112,0.01355000026524067,0.02529999986290931,0.36744049191474915,1
3964962,2021,deep_viz,annotated,0,622875,5043345,41400,0.0246376811594203,0,3.85162353515625,0.2879638671875,1,1,1,0.05734999850392341,0.01950000040233135,0.02490000054240226,0.3684511482715606,0.9748653769493104
3965209,2021,deep_viz,annotated,0,622905,5043315,41400,0.0246376811594203,0,3.85162353515625,0.2879638671875,1,1,1,0.05654999986290932,0.01695000007748603,0.02180000022053718,0.42368245124816895,0.6312684416770935
3966085,2021,terrain,annotated,0,622935,5043225,41400,0.0246376811594203,0.316307932138443,3.69573974609375,0.132080078125,1,1,4,0.05590000003576279,0.08550000190734863,0.09049999713897704,-0.28130361437797546,-0.11170212924480438
3966801,2021,terrain,annotated,0,622995,5043255,41400,0.0246376811594203,0.3909471929073334,3.5372314453125,-0.02642822265625,1,1,3,0.05909999832510948,0.08969999849796295,0.10909999907016754,-0.2828556001186371,-0.02635914273560047
3963526,2021,dry,annotated,0,622755,5044575,31500,0.0380952380952381,1.0295671224594116,3.7000732421875,-0.411376953125,0.8333333134651184,1,4,0.0560000017285347,0.1001499965786934,0.10670000314712524,-0.31034111976623535,-0.25391849875450134
3958237,2021,deep_water,random_draw,0,622365,5044905,23400,0.0282051282051282,0.9096251130104064,3.5302734375,-0.3973388671875,0.47058823704719543,0.4000000059604645,4,0.05209999904036522,0.1407500058412552,0.15760000050067902,-0.5002865791320801,-0.3518963158130646
3958857,2021,deep_water,random_draw,0,622425,5045025,23400,0.0282051282051282,2.240210014861077e-4,4.27117919921875,0.34356689453125,1,1,3,0.01940000057220459,0.02254999987781047,0.04214999824762344,-0.2687133550643921,1
3959265,2021,deep_water,random_draw,0,622425,5044905,23400,0.0282051282051282,0.01818589121103286,4.2698974609375,0.34228515625,1,1,3,0.02425000071525573,0.03040000051259994,0.04125000163912773,-0.2555525302886963,0.33834585547447205
3962383,2021,dry,annotated,0,622695,5045625,138600,0.0164502164502165,0.7317485213279724,0.4290771484375,-5.28076171875,0,0,5,0.0718500018119812,0.2683500051498413,0.2671000063419342,-0.5798632502555847,-0.5613275766372681
3963574,2021,deep_viz,annotated,0,622755,5045595,138600,0.0164502164502165,3.3533776877447963e-4,5.9754638671875,0.265625,1,1,3,0.03099999949336052,0.03575000166893005,0.05584999918937683,-0.24595727026462555,0.5406976938247681
3964018,2021,dry,annotated,0,622815,5045085,138600,0.0164502164502165,0.4959227442741394,4.74835205078125,-0.96148681640625,0.02941176481544971,0,5,0.08030000329017639,0.21979999542236328,0.25940001010894775,-0.5138608813285828,-0.4800202250480652
3964127,2021,dry,annotated,0,622785,5045655,138600,0.0164502164502165,0.8115284442901611,2.311767578125,-3.3980712890625,0,0,5,0.07705000042915344,0.2334499955177307,0.27250000834465027,-0.5542808175086975,-0.5313531160354614
3964657,2021,deep_viz,annotated,0,622845,5045385,138600,0.0164502164502165,0.31920456886291504,5.86639404296875,0.15655517578125,1,1,3,0.0333000011742115,0.03734999895095825,0.04814999923110008,-0.2219441384077072,-0.04347826167941093
3964658,2021,deep_viz,annotated,0,622815,5045325,138600,0.0164502164502165,0,5.9754638671875,0.265625,1,1,1,0.02879999950528145,0.01140000019222498,0.01860000006854534,0.16246499121189115,1
3956603,2021,dry,annotated,0,622215,5045565,6300,0.0571428571428571,0.8296042084693909,0.72174072265625,-2.29119873046875,0,0.09090909361839294,5,0.1031000018119812,0.20555000007152557,0.29074999690055847,-0.4750099778175354,-0.4463306367397308
3963713,2021,dry,annotated,0,622785,5046765,25200,0.030952380952381,0.3914044201374054,4.10205078125,-0.03814697265625,0.800000011920929,0.800000011920929,4,0.05480000004172325,0.11079999804496764,0.14730000495910645,-0.4556862711906433,-0.24383561313152313
3963953,2021,dry,annotated,0,622785,5046975,25200,0.030952380952381,0.8895906209945679,2.27099609375,-1.86920166015625,0,0,5,0.0940999984741211,0.23100000619888303,0.2467000037431717,-0.4764726459980011,-0.4309041500091553
3963954,2021,em_veg,annotated,0,622785,5046945,25200,0.030952380952381,0.3048552870750427,4.20062255859375,0.0604248046875,1,1,4,0.05469999834895134,0.10649999976158142,0.0982000008225441,-0.2913505434989929,-0.2079615592956543
3964436,2021,em_veg,annotated,0,622815,5046765,25200,0.030952380952381,0.0974622443318367,4.428466796875,0.28826904296875,0.8888888955116272,0.800000011920929,4,0.03709999844431877,0.06870000064373016,0.08780000358819962,-0.3922106325626374,-0.1184631809592247
3964545,2021,em_veg,annotated,0,622845,5046885,25200,0.030952380952381,1.1123749017715454,2.97576904296875,-1.1644287109375,0.4117647111415863,0.3333333432674408,5,0.06440000236034393,0.15880000591278076,0.1589999943971634,-0.42790043354034424,-0.35860058665275574
3965127,2021,dry,annotated,0,622875,5046825,25200,0.030952380952381,0.6525835394859314,2.45025634765625,-1.68994140625,0.03030303120613098,0,5,0.09700000286102296,0.24529999494552612,0.3028999865055084,-0.5118234157562256,-0.4946952760219574
3963847,2021,dry,annotated,0,622785,5047125,4500,0.0666666666666667,0.9768797159194946,1.9268798828125,0.03826904296875,0.45945945382118225,0.20000000298023224,4,0.05860000103712082,0.1436000019311905,0.15489999949932098,-0.45982375741004944,-0.2661948800086975
3963290,2021,em_veg,annotated,0,622755,5047545,40500,0.0311111111111111,0.05285133793950081,4.08636474609375,0.31207275390625,1,0.7142857313156128,3,0.03539999946951866,0.05860000103712082,0.07779999822378159,-0.37334510684013367,-0.21841004490852356
3963523,2021,em_veg,annotated,0,622755,5047335,40500,0.0311111111111111,0.01892326399683952,4.0909423828125,0.316650390625,0.970588207244873,1,3,0.03620000183582306,0.04639999940991402,0.0632999986410141,-0.2422535270452499,-0.01199040748178958
3963539,2021,dry,annotated,0,622755,5047275,40500,0.0311111111111111,0.639859139919281,1.40777587890625,-2.36651611328125,0,0,5,0.08460000157356262,0.23800000548362732,0.27059999108314514,-0.5235560536384583,-0.4876507818698883
3963950,2021,em_veg,annotated,0,622785,5047455,40500,0.0311111111111111,0.38369619846343994,3.5938720703125,-0.180419921875,0.78125,0.625,4,0.06360000371932983,0.12770000100135803,0.14920000731945038,-0.4169096350669861,-0.3613138794898987
3964313,2021,dry,annotated,0,622815,5047425,40500,0.0311111111111111,0.506672739982605,2.07745361328125,-1.69683837890625,0,0,5,0.10329999774694444,0.22419999539852145,0.3248000144958496,-0.5232558250427246,-0.5066789388656616
3959881,2021,glint,annotated,0,622485,5047635,25200,0.0285714285714286,0.11984454840421677,1.2100830078125,0.011474609375,0.774193525314331,0.7777777910232544,3,0.04275000095367431,0.0921500027179718,0.09794999659061432,-0.4542790651321411,-0.26051661372184753
3961110,2021,glint,annotated,0,622575,5047695,25200,0.0285714285714286,0,1.27703857421875,0.07843017578125,1,1,2,0.02649999968707561,0.01889999955892563,0.02370000071823597,0.06425702571868896,0.6645161509513855
3959088,2021,em_veg,annotated,0,622455,5048085,78300,0.0206896551724138,0.2767971158027649,3.9625244140625,-0.15966796875,0.8823529481887817,1,4,0.06655000150203705,0.13774999976158142,0.1350499987602234,-0.3374750018119812,-0.2803531885147095
3959550,2021,deep_viz,annotated,0,622485,5048055,78300,0.0206896551724138,0,4.321044921875,0.1988525390625,1,1,3,0.03135000169277191,0.02745000086724758,0.02700000070035457,0.04592680186033249,0.5570934414863586
3959783,2021,deep_viz,annotated,0,622485,5047965,78300,0.0206896551724138,0,4.321044921875,0.1988525390625,1,1,3,0.02690000087022781,0.02089999988675117,0.02160000056028366,0.1089385449886322,1
3960059,2021,dry,annotated,0,622515,5048145,78300,0.0206896551724138,0.26648902893066406,3.50518798828125,-0.61700439453125,0.03030303120613098,0.3333333432674408,5,0.08810000121593475,0.21060000360012057,0.21709999442100525,-0.4208526909351349,-0.3808854520320892
3960358,2021,em_veg,annotated,0,622545,5047875,78300,0.0206896551724138,0.22002600133419037,3.66363525390625,-0.45855712890625,0.03225806355476379,0.1111111119389534,5,0.07410000264644623,0.19820000231266025,0.211899995803833,-0.47497639060020447,-0.441925048828125
3960755,2021,em_veg,annotated,0,622575,5048175,78300,0.0206896551724138,0.1607896089553833,4.153076171875,0.0308837890625,1,1,3,0.04439999908208847,0.07620000094175339,0.0551999993622303,-0.1007462665438652,0.1258741319179535
3961163,2021,deep_viz,annotated,0,622575,5048115,78300,0.0206896551724138,0,4.321044921875,0.1988525390625,1,1,2,0.03310000151395798,0.02009999938309192,0.02140000090003013,0.1666666716337204,0.8666666746139526
3961385,2021,dry,annotated,0,622605,5048025,78300,0.0206896551724138,0.48600804805755615,3.16668701171875,-0.95550537109375,0.20588235557079315,0.5555555820465088,5,0.07580000162124634,0.2039999961853027,0.19370000064373016,-0.4409423768520355,-0.326171875
3961757,2021,dry,annotated,0,622635,5048325,78300,0.0206896551724138,0.7305803894996643,3.46685791015625,-0.65533447265625,0.27272728085517883,0.4000000059604645,5,0.07010000199079514,0.18160000443458557,0.1809999942779541,-0.44720497727394104,-0.37196260690689087
3965477,2021,em_veg,annotated,0,622875,5049135,23400,0.0333333333333333,0.16390451788902283,0.43585205078125,-0.16644287109375,0.4642857015132904,0.5714285969734192,4,0.09000000357627869,0.20190000534057617,0.22955000400543213,-0.43035072088241577,-0.40180179476737976
3966584,2021,em_veg,annotated,0,622995,5049045,23400,0.0333333333333333,0.216798797249794,0.22503662109375,-0.37725830078125,0.09677419066429138,0.4444444477558136,5,0.08869999647140503,0.20354999601840973,0.24150000512599945,-0.4524421989917755,-0.4138646721839905
3967658,2021,em_veg,annotated,0,623115,5049165,23400,0.0333333333333333,0.16920968890190125,0.200927734375,-0.4013671875,0.03225806355476379,0,5,0.10729999840259552,0.23510000109672544,0.2752000093460083,-0.4390934705734253,-0.4089858829975128
3968112,2021,em_veg,annotated,0,623115,5050275,193500,0.0130232558139535,0.1861257553100586,1.94036865234375,-0.4188232421875,0.06451612710952759,0.5714285969734192,5,0.08410000056028366,0.18700000643730164,0.23280000686645508,-0.4547812044620514,-0.34097665548324585
3968485,2021,terrain,annotated,0,623145,5050275,193500,0.0130232558139535,0.16820482909679413,2.06494140625,-0.29425048828125,0.32258063554763794,0.75,4,0.07930000126361847,0.15000000596046448,0.19519999623298645,-0.4077380895614624,-0.26759061217308044
3968694,2021,terrain,annotated,0,623145,5050425,193500,0.0130232558139535,0.29562968015670776,1.85595703125,-0.50323486328125,0.28125,0.1428571492433548,5,0.0877000018954277,0.18459999561309817,0.22030000388622284,-0.4436042904853821,-0.33258679509162903
3969789,2021,terrain,annotated,0,623235,5050305,193500,0.0130232558139535,0.06173396483063698,2.389892578125,0.03070068359375,0.9677419066429138,1,3,0.06199999898672104,0.05629999935626983,0.05900000035762787,-0.01565690897405147,0.3357731103897095
3970557,2021,em_veg,annotated,0,623325,5050485,193500,0.0130232558139535,0.17793643474578855,1.84149169921875,-0.5177001953125,0,0,5,0.08470000326633453,0.2046000063419342,0.22769999504089355,-0.4712503850460053,-0.42589232325553894
3971594,2021,em_veg,annotated,0,623385,5050575,193500,0.0130232558139535,0.1911119818687439,2.25225830078125,-0.10693359375,0.75,1,4,0.05979999899864197,0.10125000029802322,0.11964999884366988,-0.3475595712661743,-0.14061477780342102
3969803,2021,em_veg,annotated,0,623235,5052975,9900,0.0484848484848485,0.06101095303893089,1.75628662109375,0.07415771484375,0.7647058963775635,0.6666666865348816,3,0.04199999943375587,0.09700000286102296,0.10199999809265135,-0.4272300601005554,-0.32755905389785767
3969962,2021,em_veg,annotated,0,623265,5053005,9900,0.0484848484848485,0.04329527914524078,1.78125,0.09912109375,0.7878788113594055,0.8571428656578064,3,0.02070000022649765,0.0390000008046627,0.05380000174045563,-0.422287404537201,1
3970813,2021,em_veg,annotated,0,623295,5053005,9900,0.0484848484848485,0.04244148358702659,1.7607421875,0.07861328125,0.625,0.625,4,0.0364999994635582,0.08110000193119049,0.08749999850988388,-0.4220532178878784,-0.2419227808713913
3972452,2021,dry,annotated,0,623445,5053545,3600,0.0833333333333333,0.4330978393554687,0.6531982421875,-0.562255859375,0,0,5,0.1005999967455864,0.26260000467300415,0.3019999861717224,-0.5121006965637207,-0.4730322659015655
3973051,2021,em_veg,annotated,0,623475,5053575,3600,0.0833333333333333,0.47657862305641174,1.343505859375,0.1280517578125,0.4375,0.75,4,0.05950000137090683,0.16459999978542328,0.1687999963760376,-0.4949494898319245,-0.3308302164077759
3974127,2021,terrain,annotated,0,623565,5053965,63900,0.0234741784037559,0.29189082980155945,2.87701416015625,0.02716064453125,0.9354838728904724,1,3,0.06844999641180038,0.07599999755620956,0.08760000020265579,-0.14520329236984253,0.05932721868157387
3974367,2021,terrain,annotated,0,623565,5054115,63900,0.0234741784037559,0.42543211579322815,2.36785888671875,-0.48199462890625,0.4000000059604645,0.875,5,0.09600000083446504,0.1080000028014183,0.12394999712705612,-0.13168491423130035,-0.07321867346763611
3974516,2021,deep_viz,annotated,0,623595,5054235,63900,0.0234741784037559,0.01514160260558128,2.9832763671875,0.1334228515625,1,1,1,0.05669999867677688,0.05139999836683273,0.06729999929666519,-0.10533910244703291,0.2800000011920929
3974542,2021,dry,annotated,0,623595,5053905,63900,0.0234741784037559,0.33359184861183167,2.4923095703125,-0.3575439453125,1,0.75,4,0.07045000046491623,0.14880000054836273,0.1684499979019165,-0.3849259614944458,-0.31502240896224976
3975630,2021,deep_viz,annotated,0,623685,5054025,63900,0.0234741784037559,0,2.9832763671875,0.1334228515625,0.9677419066429138,1,1,0.04760000109672546,0.0203000009059906,0.0198999997228384,0.4015037715435028,0.8888888955116272
3976153,2021,dry,annotated,0,623715,5053965,63900,0.0234741784037559,0.6429301500320435,1.73138427734375,-1.11846923828125,0.17241379618644714,0.375,5,0.06289999932050705,0.12280000001192092,0.17640000581741333,-0.4716406464576721,-0.3138871192932129
3976194,2021,dry,annotated,0,623715,5054235,63900,0.0234741784037559,0.5570903420448303,1.93695068359375,-0.91290283203125,0.20000000298023224,0.1111111119389534,5,0.07859999686479568,0.2280000001192093,0.22010000050067904,-0.4634670615196228,-0.41712358593940735
3976473,2021,deep_viz,annotated,0,623745,5054175,63900,0.0234741784037559,0.4330956637859345,2.5736083984375,-0.2762451171875,1,0.75,4,0.06589999794960022,0.13779999315738678,0.15279999375343323,-0.36733779311180115,-0.24658283591270447
3977853,2021,deep_viz,annotated,0,623835,5056755,3044700,0.00384274312740171,0.3194611668586731,7.7080078125,-0.0430908203125,1,1,3,0.04769999906420708,0.06369999796152115,0.0786999985575676,-0.1926470547914505,0.01459346804767847
3978189,2021,dry,annotated,0,623865,5056635,3044700,0.00384274312740171,0.5218920707702637,5.27557373046875,-2.47552490234375,0,0.27272728085517883,5,0.06069999933242798,0.2248000055551529,0.2214999943971634,-0.5726856589317322,-0.4754944145679474
3978519,2021,dry,annotated,0,623895,5057145,3044700,0.00384274312740171,0.4023858308792114,6.66107177734375,-1.09002685546875,0.17142857611179352,0.3636363744735718,5,0.0962499976158142,0.20634999871253967,0.22634999454021457,-0.4047791361808777,-0.28686100244522095
3979846,2021,dry,annotated,0,624015,5055975,3044700,0.00384274312740171,0.3318071663379669,6.28070068359375,-1.47039794921875,0.03333333507180214,0.4000000059604645,5,0.09589999914169312,0.250900000333786,0.2699500024318695,-0.4777907729148865,-0.4330826997756958
3981056,2021,deep_viz,annotated,0,624105,5056035,3044700,0.00384274312740171,0,7.832275390625,0.0811767578125,1,1,1,0.0426499992609024,0.0044999998062849,0.00659999996423721,0.6636111736297607,1
3982501,2021,deep_viz,annotated,0,624255,5057055,3044700,0.00384274312740171,0.43113353848457336,7.67388916015625,-0.07720947265625,0.9142857193946838,0.6363636255264282,4,0.05615000054240227,0.0860000029206276,0.11020000278949738,-0.24078908562660217,-0.08637236058712006
3650100,2021,dry,annotated,0,624075,5060235,56700,0.0201058201058201,0.16484418511390686,1.37725830078125,-0.234130859375,0.1428571492433548,0.800000011920929,5,0.0520000010728836,0.12710000574588776,0.08980000019073486,-0.2978566288948059,-0.16527943313121796
3650112,2021,em_veg,annotated,0,624075,5060415,56700,0.0201058201058201,0.2555275857448578,1.600341796875,-0.01104736328125,0.7272727489471436,1,4,0.04969999939203262,0.11479999870061874,0.09929999709129332,-0.32519829273223877,-0.20694445073604584
3650720,2021,dry,annotated,0,624195,5060565,56700,0.0201058201058201,0.4916777014732361,0.2635498046875,-1.34783935546875,0,0,5,0.08560000360012054,0.24070000648498535,0.27000001072883606,-0.5127118825912476,-0.4649021923542022
3650766,2021,em_veg,annotated,0,624195,5060325,56700,0.0201058201058201,0.1698143631219864,1.68621826171875,0.0748291015625,0.90625,1,4,0.04659999907016754,0.11550000309944151,0.06369999796152115,-0.13213981688022614,0.03908484429121017
3650787,2021,em_veg,annotated,0,624195,5060385,56700,0.0201058201058201,0.14046558737754822,1.85748291015625,0.24609375,1,1,3,0.03819999843835831,0.07280000299215317,0.03460000082850456,0.01675977744162082,0.2933754026889801
3650896,2021,dry,annotated,0,624255,5060355,56700,0.0201058201058201,0.4647749066352844,-1.0382080078125,-2.64959716796875,0,0,5,0.09510000050067902,0.2757999897003174,0.31450000405311584,-0.5371978282928467,-0.5256157517433167
3648353,2021,deep_viz,annotated,0,623715,5060835,9992700,0.0053499054309646,0,10.8203125,-0.1466064453125,1,1,3,0.02924999967217445,0.02800000086426735,0.03269999846816063,-0.00169581349473446,1
3648707,2021,deep_viz,annotated,0,623775,5060595,9992700,0.0053499054309646,0.04914954304695129,10.80859375,-0.1583251953125,1,1,3,0.02940000034868717,0.03119999915361404,0.03460000082850456,-0.04829210788011551,0.2163461595773697
3648891,2021,deep_viz,annotated,0,623805,5060655,9992700,0.0053499054309646,0.13015206158161163,10.79974365234375,-0.16717529296875,1,1,3,0.03294999897480011,0.03730000182986259,0.04044999927282333,-0.10158032178878784,0.03660886362195015
3649230,2021,dry,annotated,0,623895,5060745,9992700,0.0053499054309646,0.6068289279937744,5.19720458984375,-5.76971435546875,0,0,5,0.08624999970197678,0.283050000667572,0.2627499997615814,-0.508435070514679,-0.484094500541687
3650122,2021,dry,annotated,0,624075,5061075,24300,0.0296296296296296,0.7334426641464233,2.89617919921875,-0.12054443359375,0.7058823704719543,0.800000011920929,4,0.06024999916553497,0.1363999992609024,0.15719999372959137,-0.3900616765022278,-0.30832356214523315
3650454,2021,dry,annotated,0,624135,5061285,24300,0.0296296296296296,0.419514536857605,2.2896728515625,-0.72705078125,0,0,5,0.08150000125169754,0.2535499930381775,0.2320999950170517,-0.4749840497970581,-0.4345434606075287
3650513,2021,em_veg,random_draw,0,624165,5062455,201600,0.0136904761904762,0.11434955894947052,8.30780029296875,0.14227294921875,0.6756756901741028,0.800000011920929,4,0.04320000112056732,0.07729999721050262,0.1039000004529953,-0.43266332149505615,-0.18553757667541504
3650515,2021,em_veg,random_draw,0,624135,5062365,201600,0.0136904761904762,0.00665364135056734,8.3543701171875,0.1888427734375,1,1,3,0.03680000081658363,0.03469999879598617,0.0385500006377697,-0.03559058904647827,0.4265734255313874
3650999,2021,em_veg,random_draw,0,624255,5062305,201600,0.0136904761904762,1.0117141008377075,6.70416259765625,-1.46136474609375,0.6000000238418579,1,4,0.07084999978542328,0.16869999468326569,0.1902499943971634,-0.45924240350723267,-0.4000000059604645
3651290,2021,em_veg,random_draw,0,624315,5062215,201600,0.0136904761904762,0.06950210779905319,8.34869384765625,0.18316650390625,1,1,2,0.04659999907016754,0.03990000113844871,0.04529999941587448,-0.02338811755180359,0.14673243463039398
3651318,2021,em_veg,random_draw,0,624315,5062485,201600,0.0136904761904762,0.9446468353271484,7.504150390625,-0.661376953125,0.8285714387893677,0.7777777910232544,4,0.06889999657869339,0.1587499976158142,0.157150000333786,-0.4033591747283935,-0.31495097279548645
3651319,2021,em_veg,random_draw,0,624315,5062095,201600,0.0136904761904762,0.39909282326698303,8.05572509765625,-0.10980224609375,0.6285714507102966,1,4,0.06300000101327896,0.12894999980926514,0.1559499949216843,-0.4351129531860352,-0.26933935284614563
3651437,2021,em_veg,random_draw,0,624345,5062005,201600,0.0136904761904762,0.4383346140384674,8.1632080078125,-0.0023193359375,0.911764681339264,1,3,0.05225000157952309,0.07360000163316727,0.08990000188350677,-0.26870664954185486,-0.08585445582866669
3652032,2021,em_veg,random_draw,0,624435,5062095,201600,0.0136904761904762,0.00142496125772595,8.3546142578125,0.1890869140625,1,1,1,0.04304999858140945,0.02429999969899654,0.02404999919235706,0.2807817757129669,0.46967071294784546
3648034,2021,terrain,annotated,0,623685,5062635,1800,0.1,0.27817925810813904,0.59527587890625,-0.04840087890625,0.3333333432674408,0,5,0.05555000156164169,0.125,0.12964999675750732,-0.4228757619857788,-0.31985852122306824
3651145,2021,terrain,annotated,0,624285,5063145,10800,0.05,0.1300908774137497,2.2286376953125,0.3626708984375,0.25,1,5,0.02769999951124191,0.04619999974966049,0.05784999951720238,-0.3022690713405609,1
3651221,2021,dry,annotated,0,624315,5063055,10800,0.05,0.4850268065929413,1.265869140625,-0.60009765625,0,0.4000000059604645,5,0.06759999692440033,0.16509999334812164,0.19380000233650208,-0.46491849422454834,-0.4203636348247528
3647026,2021,deep_viz,annotated,0,623505,5062965,90000,0.018,0,4.57159423828125,0.2376708984375,1,1,1,0.03804999962449074,0.02604999952018261,0.02135000005364418,0.27378079295158386,0.5723270177841187
3647205,2021,deep_viz,annotated,0,623535,5062905,90000,0.018,0,4.57159423828125,0.2376708984375,1,1,1,0.03830000013113022,0.02225000038743019,0.02164999954402446,0.23939114809036255,0.702349841594696
3647448,2021,deep_viz,annotated,0,623595,5062965,90000,0.018,0,4.57159423828125,0.2376708984375,1,1,1,0.03714999929070473,0.02415000088512897,0.02125000022351741,0.2543778717517853,0.5489614009857178
3647449,2021,dry,annotated,0,623595,5062845,90000,0.018,0.49813908338546753,4.0264892578125,-0.30743408203125,0.9677419066429138,1,4,0.05660000070929527,0.11855000257492064,0.1120000034570694,-0.33871418237686157,-0.20814479887485504
3647715,2021,dry,annotated,0,623655,5063085,90000,0.018,1.1277378797531128,2.301025390625,-2.03289794921875,0.02857142873108387,0,5,0.07729999721050262,0.1831499934196472,0.2168000042438507,-0.4785917401313782,-0.43095535039901733
3647969,2021,terrain,annotated,0,623685,5063055,90000,0.018,0.04022061824798584,4.5638427734375,0.22991943359375,0.911764681339264,0.8999999761581421,3,0.04114999994635582,0.06615000218153,0.0726500004529953,-0.23112007975578308,-0.04905660450458526
3648021,2021,terrain,annotated,0,623685,5062875,90000,0.018,0.14845937490463257,4.49871826171875,0.164794921875,1,1,3,0.04315000027418136,0.04845000058412552,0.04340000078082085,-0.02446890994906425,0.27519381046295166
3648350,2021,terrain,annotated,0,623715,5062995,90000,0.018,0.02937614731490612,4.56829833984375,0.234375,1,1,3,0.03945000097155571,0.04969999939203262,0.0544000007212162,-0.16368693113327026,0.05920344591140747
3648352,2021,dry,annotated,0,623745,5062905,90000,0.018,0.8472768664360046,1.55682373046875,-2.777099609375,0,0,5,0.08254999667406082,0.2544499933719635,0.27524998784065247,-0.5429286360740662,-0.5135753154754639
3649553,2021,deep_water,random_draw,0,623955,5064285,34200,0.0263157894736842,0.4615447521209717,0.07867431640625,-5.61273193359375,0.02857142873108387,0,5,0.0697999969124794,0.26440000534057617,0.2361000031232834,-0.5434568524360657,-0.525676965713501
3649816,2021,deep_water,random_draw,0,624015,5064375,34200,0.0263157894736842,0.5958508849143982,5.590576171875,-0.100830078125,0.7878788113594055,0.375,4,0.04919999837875366,0.11020000278949738,0.14350000023841858,-0.4611145257949829,-0.31396010518074036
3650057,2021,deep_water,random_draw,0,624075,5064195,34200,0.0263157894736842,0.987844705581665,4.65045166015625,-1.04095458984375,0.7647058963775635,0.8999999761581421,4,0.06019999831914902,0.1414999961853027,0.16359999775886536,-0.4490699768066406,-0.35544338822364807
3650329,2021,deep_water,random_draw,0,624105,5064285,34200,0.0263157894736842,0,6.04150390625,0.35009765625,1,1,1,0.03130000084638595,0.02129999920725822,0.02380000054836273,0.04923076927661896,0.700348436832428
3650629,2021,deep_water,random_draw,0,624165,5064405,34200,0.0263157894736842,0.8569252490997314,4.5286865234375,-1.1627197265625,0.5,0.7272727489471436,4,0.05169999971985817,0.13619999587535858,0.15880000591278076,-0.4919394254684448,-0.4410041868686676
3654208,2021,deep_water,random_draw,0,625185,5064045,69300,0.0199134199134199,0.647493839263916,2.3197021484375,-1.61151123046875,0,0.1111111119389534,5,0.0949999988079071,0.23469999432563785,0.2502000033855438,-0.45976394414901733,-0.423804223537445
3654617,2021,deep_water,random_draw,0,625305,5064045,69300,0.0199134199134199,0,4.16326904296875,0.2320556640625,1,1,1,0.02930000051856041,0.01689999923110008,0.01879999972879886,0.20385675132274628,1
3654863,2021,deep_water,random_draw,0,625395,5064165,69300,0.0199134199134199,0.6825481653213501,1.06103515625,-2.87017822265625,0,0,5,0.08619999885559082,0.2483000010251999,0.2870999872684479,-0.532937228679657,-0.4900375306606293
3655053,2021,deep_water,random_draw,0,625425,5064015,69300,0.0199134199134199,0,4.16326904296875,0.2320556640625,1,1,1,0.03310000151395798,0.01889999955892563,0.01899999938905239,0.25242719054222107,0.5223880410194397
3655176,2021,deep_water,random_draw,0,625485,5063895,69300,0.0199134199134199,0.4148295521736145,1.41650390625,-2.51470947265625,0,0,5,0.09449999779462814,0.2799000144004822,0.26159998774528503,-0.4750462174415589,-0.4568288922309875
3655411,2021,deep_water,random_draw,0,625515,5064075,69300,0.0199134199134199,0,4.16326904296875,0.2320556640625,1,1,1,0.02859999984502792,0.02309999987483024,0.03180000185966492,-0.04685714468359947,1
3655749,2021,deep_water,random_draw,0,625605,5063985,69300,0.0199134199134199,1.1345396041870115,2.3360595703125,-1.59515380859375,0.30000001192092896,0.375,5,0.06030000001192093,0.17589999735355377,0.18230000138282776,-0.4862385392189026,-0.4247598648071289
3654277,2021,terrain,annotated,0,625215,5064315,13500,0.0444444444444444,0.02305608801543712,1.48846435546875,0.03436279296875,0,0,5,0.04774999991059303,0.1441500037908554,0.10369999706745148,-0.45320233702659607,0.38235294818878174
3654278,2021,dry,annotated,0,625185,5064255,13500,0.0444444444444444,0.0648435577750206,1.4478759765625,-0.0062255859375,0,0,5,0.08444999903440475,0.23810000717639923,0.23280000686645508,-0.43906503915786743,-0.2616822421550751
3654877,2021,deep_water,random_draw,0,625395,5064465,26100,0.032183908045977,0.2612978219985962,1.20013427734375,-0.905029296875,0,0,5,0.10010000318288804,0.2806999981403351,0.3109000027179718,-0.5234624147415161,-0.4982927441596985
3654880,2021,deep_water,random_draw,0,625395,5064285,26100,0.032183908045977,0,2.20513916015625,0.0999755859375,1,1,1,0.02349999919533729,0.01530000008642673,0.0260000005364418,-0.06908266991376877,1
3655273,2021,deep_water,random_draw,0,625485,5064315,26100,0.032183908045977,0,2.20513916015625,0.0999755859375,1,1,2,0.02569999918341636,0.02080000005662441,0.02940000034868717,-0.05327413976192474,0.5836431384086609
3653733,2021,em_veg,annotated,0,624945,5064735,13500,0.04,0.1824080795049667,1.5299072265625,0.08807373046875,0.59375,0.5555555820465088,4,0.05570000037550926,0.12825000286102295,0.1392499953508377,-0.423483669757843,-0.2597498297691345
3653767,2021,em_veg,annotated,0,625005,5064675,13500,0.04,0.16145819425582886,1.5650634765625,0.12322998046875,0.9354838728904724,1,4,0.03635000064969063,0.06109999865293503,0.05934999883174896,-0.2373371422290802,0.05864197388291359
3653853,2021,em_veg,annotated,0,625065,5064735,13500,0.04,0.3921817839145661,1.03955078125,-0.40228271484375,0.1428571492433548,0.1111111119389534,5,0.07694999873638153,0.16944999992847443,0.1976000070571899,-0.43709659576416016,-0.39210283756256104
3654734,2021,em_veg,annotated,0,625365,5064645,20700,0.0521739130434783,0.09396344423294067,0.84197998046875,-0.04229736328125,0.7586206793785095,0.5,4,0.04975000023841858,0.122249998152256,0.1423500031232834,-0.4373095631599426,-0.3795435428619385
3654856,2021,dry,annotated,0,625395,5064675,20700,0.0521739130434783,0.20374365150928497,0.73248291015625,-0.15179443359375,0.24137930572032928,0,5,0.08009999990463257,0.19769999384880063,0.22460000216960907,-0.4675282835960388,-0.44805875420570374
3654972,2021,em_veg,annotated,0,625455,5064615,20700,0.0521739130434783,0.03548812493681908,1.04473876953125,0.16046142578125,0.9032257795333862,0.625,3,0.03200000151991844,0.05229999870061874,0.0608999989926815,-0.3081081211566925,-0.1428571492433548
3655065,2021,em_veg,annotated,0,625455,5064675,20700,0.0521739130434783,0.22718274593353271,0.92999267578125,0.04571533203125,0.800000011920929,0.4444444477558136,4,0.05330000072717666,0.12184999883174896,0.1420000046491623,-0.4552903771400452,-0.3789173662662506
3654160,2021,dry,annotated,0,625155,5065425,1268100,0.0078069552874379,0.3125505745410919,11.3121337890625,-4.244873046875,0,0,5,0.08974999934434891,0.29965001344680786,0.3249500095844269,-0.559451162815094,-0.5413408875465393
3654210,2021,deep_viz,annotated,0,625185,5065365,1268100,0.0078069552874379,8.473850903101265e-4,15.82159423828125,0.26458740234375,1,1,3,0.03629999980330467,0.0393499992787838,0.05829999968409538,-0.16073459386825562,0.4293059110641479
3654292,2021,deep_viz,annotated,0,625215,5065455,1268100,0.0078069552874379,0,15.82159423828125,0.26458740234375,1,1,1,0.03705000132322311,0.0132499998435378,0.0203000009059906,0.2986988127231598,1
3654440,2021,dry,annotated,0,625245,5065185,1268100,0.0078069552874379,1.5576318502426147,11.717041015625,-3.8399658203125,0.1818181872367859,0.4444444477558136,5,0.06655000150203705,0.17870000004768372,0.2021999955177307,-0.5093501210212708,-0.4214145243167877
3654540,2021,deep_viz,annotated,0,625275,5065215,1268100,0.0078069552874379,2.518159744795412e-4,15.82159423828125,0.26458740234375,1,1,1,0.03765000030398369,0.02704999968409538,0.02969999983906746,0.23095884919166565,0.3747323453426361
3653965,2021,terrain,annotated,0,625095,5068545,140400,0.0141025641025641,0.715040922164917,6.6256103515625,0.04644775390625,1,1,3,0.05959999933838844,0.11590000241994858,0.12700000405311584,-0.3676975965499878,-0.2109803855419159
3653975,2021,dry,annotated,0,625095,5068695,140400,0.0141025641025641,0.3579157590866089,3.96099853515625,-2.6181640625,0.03125,0,5,0.11550000309944151,0.2854999899864197,0.3407999873161316,-0.4908998906612396,-0.4621311724185944
3654011,2021,dry,annotated,0,625125,5068365,140400,0.0141025641025641,0.8632121086120605,4.98040771484375,-1.5987548828125,0,0.5,5,0.07850000262260437,0.2529999911785126,0.2125999927520752,-0.4721835851669311,-0.3776867985725403
3654037,2021,terrain,annotated,0,625095,5068395,140400,0.0141025641025641,0.7987513542175293,4.9298095703125,-1.64935302734375,0,0.3333333432674408,5,0.06970000267028809,0.2736999988555908,0.2002999931573868,-0.4886956512928009,-0.41444867849349976
3654358,2021,dry,annotated,0,625245,5068335,140400,0.0141025641025641,0.5665663480758667,5.473388671875,-1.10577392578125,0,0.27272728085517883,5,0.1040000021457672,0.26910001039505005,0.2477000057697296,-0.41367265582084656,-0.34610244631767273
3654603,2021,terrain,annotated,0,625305,5068425,140400,0.0141025641025641,0.01591137237846851,7.118896484375,0.53973388671875,1,1,3,0.03525000065565109,0.02510000020265579,0.02795000001788139,0.0939134955406189,0.46195653080940247
3653117,2021,em_veg,annotated,0,624705,5069325,674100,0.0110369381397419,0.934918999671936,11.62603759765625,-0.71844482421875,1,1,4,0.05730000138282776,0.13369999825954437,0.1282999962568283,-0.4046783745288849,-0.27476635575294495
3653140,2021,deep_viz,annotated,0,624705,5069175,674100,0.0110369381397419,0.6093588471412659,12.09552001953125,-0.24896240234375,0.9677419066429138,0.8571428656578064,4,0.04190000146627426,0.11599999666213988,0.1005999967455864,-0.41192981600761414,-0.31058990955352783
3653164,2021,dry,annotated,0,624705,5069595,674100,0.0110369381397419,0.3585037589073181,11.9993896484375,-0.3450927734375,0.8387096524238586,0.75,4,0.06700000166893005,0.1500999927520752,0.1712000072002411,-0.4339759945869446,-0.2636229693889618
3653252,2021,em_veg,annotated,0,624705,5069445,674100,0.0110369381397419,0,12.61260986328125,0.26812744140625,1,1,1,0.0272000003606081,0.01250000018626451,0.0142000000923872,0.3486725687980652,1
3653382,2021,dry,annotated,0,624765,5069445,674100,0.0110369381397419,0.9022275805473328,7.9449462890625,-4.3995361328125,0.03225806355476379,0.2222222238779068,5,0.05490000173449516,0.1834000051021576,0.18039999902248385,-0.5375426411628723,-0.3803748488426209
3653518,2021,deep_viz,annotated,0,624855,5069805,674100,0.0110369381397419,0.8946748971939087,11.92919921875,-0.415283203125,1,1,4,0.04434999823570251,0.097850002348423,0.11140000075101852,-0.4129873216152191,-0.219321146607399
3653632,2021,deep_viz,annotated,0,624885,5069925,674100,0.0110369381397419,0.00610508397221565,12.612548828125,0.26806640625,1,1,1,0.0267999991774559,0.02170000039041042,0.01970000006258487,0.10691823810338974,0.6897689700126648
3653643,2021,em_veg,annotated,0,624915,5069655,674100,0.0110369381397419,0.8943900465965271,11.86358642578125,-0.48089599609375,1,0.8999999761581421,4,0.04740000143647194,0.10999999940395357,0.1242000013589859,-0.44522741436958313,-0.3603818714618683
3653789,2021,em_veg,annotated,0,625005,5070195,66600,0.018018018018018,1.6823846101760864,3.9503173828125,-2.09417724609375,0,0,5,0.06800000369548798,0.20579999685287476,0.25380000472068787,-0.5607162714004517,-0.49659863114356995
3653791,2021,em_veg,annotated,0,625005,5070075,66600,0.018018018018018,0.12294620275497437,6.26068115234375,0.2161865234375,1,1,3,0.03319999948143959,0.06100000068545341,0.08049999922513962,-0.3865336775779724,-0.16104869544506073
3653796,2021,em_veg,annotated,0,625005,5069955,66600,0.018018018018018,0.3534955680370331,6.05560302734375,0.0111083984375,0.911764681339264,1,4,0.04280000180006027,0.09149999916553496,0.1080000028014183,-0.42889517545700073,-0.31232091784477234
3653876,2021,deep_viz,annotated,0,625065,5070135,66600,0.018018018018018,0,6.32513427734375,0.2806396484375,1,1,1,0.0236000008881092,0.01190000027418136,0.01759999990463257,0.15671642124652865,0.7152542471885681
3653887,2021,dry,annotated,0,625065,5069925,66600,0.018018018018018,0.8314008116722107,5.39813232421875,-0.6463623046875,0.0625,0.7777777910232544,5,0.06019999831914902,0.19059999287128448,0.1662999987602234,-0.4693356156349182,-0.3665943741798401
3653914,2021,dry,annotated,0,625095,5070195,66600,0.018018018018018,1.9998779296875,2.91522216796875,-3.1292724609375,0.03125,0,5,0.06965000182390213,0.18565000593662265,0.2127500027418137,-0.5114737153053284,-0.4676007032394409
3653926,2021,deep_viz,annotated,0,625065,5070015,66600,0.018018018018018,0,6.32513427734375,0.2806396484375,1,1,1,0.0255999993532896,0.01769999973475933,0.0215000007301569,0.05334846675395965,1
3654006,2021,deep_viz,annotated,0,625095,5070075,66600,0.018018018018018,0,6.32513427734375,0.2806396484375,1,1,1,0.02569999918341636,0.01659999974071979,0.01759999990463257,0.15759311616420746,0.49275362491607666
3653815,2021,em_veg,annotated,0,625035,5070345,1800,0.1,0.3388120234012604,1.09326171875,-0.5714111328125,0,0,5,0.07450000196695328,0.195700004696846,0.2556999921798706,-0.5292376279830933,-0.4722222089767456
3653816,2021,dry,annotated,0,625005,5070315,1800,0.1,0.45234164595603943,1.4443359375,-0.2203369140625,0.5555555820465088,0.5454545617103577,4,0.0463000014424324,0.10320000350475313,0.15109999477863312,-0.5123739838600159,-0.3552311360836029
3653667,2021,dry,annotated,0,624885,5070345,1800,0.1,1.236318588256836,-1.635498046875,-2.45556640625,0,0,5,0.09700000286102296,0.26269999146461487,0.31995001435279846,-0.5327664017677307,-0.4806368350982666
3653678,2021,em_veg,annotated,0,624915,5070315,1800,0.1,0.34438422322273254,0.778076171875,-0.0419921875,0.35483869910240173,0.4000000059604645,4,0.03909999877214432,0.10159999877214432,0.16060000658035278,-0.604538083076477,-0.3673769235610962
3653683,2021,dry,annotated,0,624915,5070765,13500,0.04,1.1346482038497925,3.71112060546875,-1.08575439453125,0.03030303120613098,0.1111111119389534,5,0.0685499981045723,0.1660500019788742,0.2033499926328659,-0.4980204701423645,-0.4349150955677033
3653684,2021,dry,annotated,0,624915,5070645,13500,0.04,0.9350176453590392,4.37945556640625,-0.41741943359375,0.21875,0.3333333432674408,5,0.03830000013113022,0.11344999819993971,0.14214999973773956,-0.5643550753593445,-0.4309368133544922
3653759,2021,em_veg,annotated,0,624975,5071245,11700,0.0461538461538462,0.19101598858833313,3.289794921875,0.05328369140625,0.4333333373069763,0.5555555820465088,4,0.04865000024437904,0.11065000295639038,0.1168999969959259,-0.4506259262561798,-0.35511714220046997
3653809,2021,em_veg,annotated,0,625035,5071275,11700,0.0461538461538462,0.2812740206718445,2.99652099609375,-0.239990234375,0.0714285746216774,0.2222222238779068,5,0.06809999793767929,0.18129999935626984,0.19910000264644623,-0.5112069249153137,-0.4480000138282776
3653836,2021,em_veg,annotated,0,625065,5071185,11700,0.0461538461538462,0.1873452514410019,3.34869384765625,0.1121826171875,0.09677419066429138,0.5555555820465088,5,0.05249999836087227,0.12870000302791595,0.155799999833107,-0.5227714776992798,-0.42510905861854553
3653637,2021,dry,annotated,0,624915,5071275,9900,0.0484848484848485,1.4646989107131958,1.9681396484375,-1.75689697265625,0,0,5,0.08810000121593475,0.23499999940395355,0.27639999985694885,-0.5077098608016968,-0.4413459300994873
3652213,2021,dry,annotated,0,624495,5071665,13500,0.04,0.5431941747665405,1.71441650390625,-0.8717041015625,0,0.27272728085517883,5,0.06364999711513519,0.18664999306201935,0.21035000681877136,-0.5392206907272339,-0.4937179982662201
3653835,2021,dry,annotated,0,625035,5072025,900,0.133333333333333,0.52531498670578,3.12060546875,0.3770751953125,0,0,5,0.09470000118017197,0.294050008058548,0.3230000138282776,-0.544329822063446,-0.5082405209541321
3653044,2021,em_veg,annotated,0,624675,5072505,17100,0.0421052631578947,0.2950088679790497,0.83758544921875,-0.2076416015625,0.4482758641242981,0.5,4,0.06565000116825104,0.1543000042438507,0.19679999351501465,-0.49139177799224854,-0.4266929626464844
3653290,2021,em_veg,annotated,0,624765,5072565,17100,0.0421052631578947,0.32779017090797424,0.58538818359375,-0.4598388671875,0.517241358757019,0.375,4,0.0778999999165535,0.17419999837875366,0.21780000627040863,-0.46932220458984375,-0.4512152075767517
3653322,2021,dry,annotated,0,624765,5072505,17100,0.0421052631578947,0.10502804815769196,1.15191650390625,0.106689453125,0.7931034564971924,0.75,3,0.02700000070035457,0.05499999970197677,0.07970000058412552,-0.5299145579338074,-0.205263152718544
3653532,2021,em_veg,annotated,0,624855,5072535,17100,0.0421052631578947,0.06318290531635284,1.18902587890625,0.143798828125,0.4482758641242981,0.25,5,0.0272000003606081,0.06880000233650208,0.10100000351667404,-0.5756630301475525,-0.29189518094062805
3653533,2021,dry,annotated,0,624855,5072505,17100,0.0421052631578947,0.33573639392852783,0.73040771484375,-0.3148193359375,0.13793103396892548,0.125,5,0.06430000066757202,0.17219999432563782,0.20434999465942383,-0.5285395979881287,-0.4529500901699066
3653937,2021,dry,annotated,0,625065,5072895,9900,0.0424242424242424,0.5473805069923401,2.62933349609375,-0.1209716796875,0,0.125,5,0.0689999982714653,0.20000000298023224,0.21414999663829803,-0.517595648765564,-0.3929510712623596
3653964,2021,em_veg,annotated,0,625125,5072865,9900,0.0424242424242424,0.45190155506134033,2.6195068359375,-0.13079833984375,0.1515151560306549,0.10000000149011612,5,0.05505000054836273,0.1652500033378601,0.16509999334812164,-0.493363618850708,-0.4631936550140381
3653968,2021,em_veg,annotated,0,625125,5072925,9900,0.0424242424242424,1.3486027717590332,1.69476318359375,-1.0555419921875,0.02941176481544971,0.10000000149011612,5,0.06414999812841415,0.1899999976158142,0.20155000686645508,-0.5089936256408691,-0.4600726068019867
3653465,2021,dry,annotated,0,624825,5075085,4500,0.0666666666666667,1.4635300636291504,-2.57525634765625,-4.10601806640625,0,0,5,0.11339999735355376,0.2356500029563904,0.28859999775886536,-0.43759438395500183,-0.4055671989917755
3652545,2021,glint,annotated,0,624555,5076075,9900,0.0545454545454545,1.202243089675903,0.7711181640625,-1.27923583984375,0,0.5,5,0.11945000290870668,0.2627499997615814,0.29330000281333923,-0.4263972938060761,-0.3918837010860443
3652601,2021,em_veg,annotated,0,624585,5076015,9900,0.0545454545454545,0.05737065151333809,2.18597412109375,0.1356201171875,0.20588235557079315,1,5,0.0243999995291233,0.05169999971985817,0.07199999690055847,-0.3871559500694275,0.10000000149011612
3652776,2021,dry,annotated,0,624645,5075985,9900,0.0545454545454545,0.38017013669013977,-0.91510009765625,-2.9654541015625,0,0,5,0.08834999799728394,0.251800000667572,0.30125001072883606,-0.5460271835327148,-0.4938947260379791
3652812,2021,em_veg,annotated,0,624615,5076105,9900,0.0545454545454545,0.1894793063402176,2.07720947265625,0.02685546875,0.20588235557079315,0.625,5,0.04170000180602074,0.09619999676942824,0.12470000237226486,-0.44764795899391174,-0.3003901243209839
3652885,2021,em_veg,annotated,0,624645,5076045,9900,0.0545454545454545,0.3445626497268677,1.82757568359375,-0.2227783203125,0.1515151560306549,0.375,5,0.06194999814033508,0.17170000076293945,0.18664999306201935,-0.4851861894130707,-0.4330708682537079
3653547,2021,em_veg,random_draw,0,624855,5076465,6300,0.0571428571428571,0.19500979781150815,4.55303955078125,0.059814453125,0.25806450843811035,0.125,5,0.03429999947547912,0.10095000267028809,0.1137000024318695,-0.5017332434654236,-0.39208632707595825
3653462,2021,dry,annotated,0,624795,5077035,12600,0.0380952380952381,1.5160349607467651,0.7288818359375,-2.423095703125,0.03125,0.4285714328289032,5,0.08470000326633453,0.20569999516010284,0.2257999926805496,-0.4518968164920807,-0.4013015329837799
3653555,2021,dry,annotated,0,624855,5076975,12600,0.0380952380952381,0.7600030303001404,2.5738525390625,-0.578125,0.12903225421905518,0.4444444477558136,5,0.04814999923110008,0.14749999344348907,0.16545000672340393,-0.5465861558914185,-0.4585196077823639
3653609,2021,terrain,annotated,0,624885,5077035,12600,0.0380952380952381,0.01928483508527279,3.4691162109375,0.317138671875,0.09677419066429138,0.5714285969734192,5,0.02294999919831752,0.05144999921321869,0.07259999960660934,-0.5290911197662354,-0.265263170003891
3653700,2021,dry,annotated,0,624915,5077035,12600,0.0380952380952381,0.7860492467880249,1.9095458984375,-1.242431640625,0.03448275849223137,0,5,0.05979999899864197,0.19670000672340393,0.21424999833106995,-0.534230649471283,-0.4728553593158722
3666445,2021,dry,annotated,0,627555,5087685,45900,0.0313725490196078,0.06840751320123672,1.152557373046875,0.123504638671875,0.0833333358168602,0,5,0.05240000039339065,0.0945499986410141,0.195700004696846,-0.5165767669677734,0.6594594717025757
3665972,2021,em_veg,annotated,0,627555,5088675,2700,0.0888888888888889,0.10099546611309052,0.34533691406255684,0.00439453124994315,0,0.1428571492433548,5,0.05840000137686729,0.1573999971151352,0.17810000479221344,-0.5259259343147278,-0.3734005391597748
3665982,2021,dry,annotated,0,627555,5088615,2700,0.0888888888888889,0.15284471213817596,0.33029174804693184,-0.01065063476568184,0.09090909361839294,0.1428571492433548,5,0.05375000089406967,0.1420000046491623,0.18289999663829803,-0.4989129602909088,-0.4212098717689514
3413336,2021,em_veg,random_draw,0,627375,5092905,16200,0.037037037037037,0.16003505885601044,0.4111328125,0.002960205078125,0.1111111119389534,0,5,0.06560000032186508,0.15334999561309814,0.18389999866485596,-0.4982631802558899,-0.3556174635887146
3413505,2021,em_veg,random_draw,0,627405,5092995,16200,0.037037037037037,0.1722763180732727,0.3265380859375,-0.081634521484375,0.03448275849223137,0,5,0.06650000065565109,0.195700004696846,0.2294999957084656,-0.5315315127372742,-0.4681861400604248
3407550,2021,deep_water,random_draw,0,625965,5096235,4751100,0.00394014017806403,0,9.20220947265625,0.078765869140625,1,1,1,0.04199999943375587,0.02140000090003013,0.0243999995291233,0.23749999701976776,0.6502947211265564
3408028,2021,deep_water,random_draw,0,626085,5096145,4751100,0.00394014017806403,0.05412663891911506,9.198944091796877,0.07550048828125,1,1,1,0.04535000026226044,0.0523499995470047,0.04535000026226044,-0.12935328483581543,0.2893401086330414
3408166,2021,deep_water,random_draw,0,626115,5095365,4751100,0.00394014017806403,0.7050608992576599,8.08819580078125,-1.035247802734375,0,0,5,0.09790000319480896,0.28859999775886536,0.29980000853538513,-0.5061968564987183,-0.41491737961769104
3408216,2021,deep_water,random_draw,0,626115,5095545,4751100,0.00394014017806403,0.13516345620155334,8.873321533203125,-0.2501220703125,0,0,5,0.08500000089406967,0.2393999993801117,0.24940000474452972,-0.5278564691543579,-0.4757940173149109
3408662,2021,deep_water,random_draw,0,626235,5095275,4751100,0.00394014017806403,0,9.20220947265625,0.078765869140625,1,1,1,0.03130000084638595,0.00279999990016222,0.00730000017210841,0.4965517222881317,0.9380804896354676
3408700,2021,deep_water,random_draw,0,626235,5095455,4751100,0.00394014017806403,0.3690087795257568,9.0394287109375,-0.084014892578125,0.91304349899292,0.4285714328289032,4,0.06605000048875809,0.08474999666213989,0.11320000141859056,-0.29775843024253845,-0.1489361673593521
3408786,2021,deep_water,random_draw,0,626265,5096445,4751100,0.00394014017806403,0,9.20220947265625,0.078765869140625,1,1,1,0.02810000069439411,0.0089999996125698,0.01169999968260526,0.34262949228286743,0.4227848052978515
3408959,2021,deep_water,random_draw,0,626295,5095665,4751100,0.00394014017806403,0,9.20220947265625,0.078765869140625,1,1,1,0.02140000090003013,0.01499999966472387,0.01759999990463257,0.1955307275056839,0.35495495796203613
3410015,2021,deep_water,random_draw,0,626535,5094765,4751100,0.00394014017806403,0.3277409076690674,9.154052734375,0.030609130859375,1,1,1,0.0430000014603138,0.05164999887347221,0.06154999881982803,-0.13267812132835388,0.2017316073179245
3414139,2021,deep_water,random_draw,0,627555,5094495,4751100,0.00394014017806403,2.1945278644561768,6.825653076171875,-2.29779052734375,1,1,3,0.05795000120997429,0.10329999774694444,0.11209999769926073,-0.3291552662849426,0.01285714283585548
3407505,2021,dry,annotated,0,625965,5094705,53100,0.0214689265536723,0.2985086143016815,1.274200439453125,-0.192535400390625,0.7142857313156128,0.5714285969734192,4,0.0908000022172928,0.18694999814033508,0.195700004696846,-0.3649742007255554,-0.29219919443130493
3407592,2021,deep_viz,annotated,0,625965,5094615,53100,0.0214689265536723,0,1.54229736328125,0.0755615234375,1,1,1,0.0568000003695488,0.02795000001788139,0.0215000007301569,0.4879713356494904,0.7015873193740845
3407715,2021,deep_viz,annotated,0,625995,5094555,53100,0.0214689265536723,0,1.54229736328125,0.0755615234375,1,1,1,0.05770000070333481,0.02810000069439411,0.02180000022053718,0.4944320619106293,0.9142367243766784
3407805,2021,dry,annotated,0,626025,5094465,53100,0.0214689265536723,0.27746421098709106,-0.034332275390625,-1.501068115234375,0,0,5,0.07349999994039536,0.14409999549388883,0.2531000077724457,-0.5433823466300964,-0.4883032143115998
3408143,2021,dry,annotated,0,626115,5094495,53100,0.0214689265536723,0.2773592174053192,0.455108642578125,-1.011627197265625,0,0,5,0.06679999828338623,0.1412000060081482,0.243149995803833,-0.5542362928390503,-0.48385149240493774
3407568,2021,dry,annotated,0,625995,5095245,20700,0.0347826086956522,0.5606465935707092,0.574981689453125,-2.748687744140625,0.2380952388048172,0.1428571492433548,4,0.07460000365972519,0.2222999930381775,0.2544499933719635,-0.5342434644699097,-0.4896303117275238
3406642,2021,dry,annotated,0,625695,5096865,6300,0.0666666666666667,0.16563299298286438,1.649444580078125,-0.00103759765625,0,0,5,0.08789999783039093,0.2551000118255615,0.24950000643730164,-0.5099273324012756,-0.4667842388153076
3406768,2021,terrain,annotated,0,625725,5096835,6300,0.0666666666666667,0.04504489526152611,1.806427001953125,0.15594482421875,0.40740740299224854,0.5714285969734192,4,0.01830000057816505,0.06539999693632126,0.08829999715089798,-0.6566604375839233,-0.03900709375739097
3406812,2021,dry,annotated,0,625755,5096775,6300,0.0666666666666667,0.1996835470199585,1.637725830078125,-0.01275634765625,0.03846153989434242,0,5,0.06270000338554382,0.1949000060558319,0.2198999971151352,-0.5205073952674866,-0.4128084182739258
3407317,2021,em_veg,annotated,0,625905,5096835,4500,0.0666666666666667,0.03150035068392753,0.84747314453125,0.02557373046875,0.47999998927116394,0.5714285969734192,3,0.01720000058412552,0.03689999878406525,0.04890000075101852,-0.4795764088630676,0.7358490824699402
3407608,2021,em_veg,annotated,0,625995,5097105,4500,0.0666666666666667,0.23090560734272003,0.42364501953125,-6.103515625e-5,0.4000000059604645,0.1666666716337204,4,0.04639999940991402,0.11394999921321868,0.10715000331401824,-0.507129430770874,-0.2863371968269348
3407609,2021,dry,annotated,0,625995,5097045,4500,0.0666666666666667,0.16320905089378357,0.3878173828125,-0.035888671875,0,0,5,0.09179999679327012,0.2467000037431717,0.26350000500679016,-0.47495681047439575,-0.43339863419532776
3403393,2021,deep_water,random_draw,0,624855,5098305,549900,0.00949263502454992,0,5.12335205078125,0.085235595703125,1,1,1,0.02985000051558017,0.01489999983459711,0.01785000041127205,0.2815789580345154,0.9449541568756104
3403767,2021,deep_water,random_draw,0,624975,5098365,549900,0.00949263502454992,0.725716769695282,3.84234619140625,-1.195770263671875,0.05263157933950424,0,5,0.10270000249147417,0.22245000302791595,0.2635999917984009,-0.4527667462825775,-0.3898039162158966
3404335,2021,deep_water,random_draw,0,625125,5098665,549900,0.00949263502454992,0.01773540303111076,5.1219482421875,0.083831787109375,1,1,3,0.03950000181794166,0.07325000315904617,0.09224999696016312,-0.39058685302734375,-0.03945578262209892
3404339,2021,deep_water,random_draw,0,625125,5098485,549900,0.00949263502454992,1.1323884245939551e-4,5.12335205078125,0.085235595703125,1,1,1,0.03290000185370445,0.03745000064373016,0.05065000057220459,-0.1095830500125885,1
3404755,2021,deep_water,random_draw,0,625215,5097795,549900,0.00949263502454992,0,5.12335205078125,0.085235595703125,1,1,1,0.02830000035464763,0.00499999988824129,0.01064999960362911,0.33350321650505066,0.6373937726020813
3405056,2021,deep_water,random_draw,0,625305,5098305,549900,0.00949263502454992,0,5.12335205078125,0.085235595703125,1,1,1,0.04160000011324882,0.01979999989271164,0.0175000000745058,0.31437599658966064,0.4166666567325592
3405078,2021,deep_water,random_draw,0,625305,5098155,549900,0.00949263502454992,0.1088542342185974,5.07647705078125,0.038360595703125,1,1,3,0.04284999892115593,0.06265000253915787,0.07440000027418137,-0.25701919198036194,-0.06032906845211983
3406248,2021,deep_water,random_draw,0,625575,5097795,549900,0.00949263502454992,0.5647128820419312,4.826324462890625,-0.2117919921875,1,1,4,0.05000000074505806,0.07680000364780426,0.08640000224113464,-0.3013972043991089,-0.1710323542356491
3406544,2021,deep_water,random_draw,0,625665,5098035,549900,0.00949263502454992,0.20283234119415283,5.084503173828125,0.04638671875,1,1,4,0.05330000072717666,0.0828000009059906,0.10429999977350236,-0.321926474571228,-0.2224653512239456
3406742,2021,deep_water,random_draw,0,625725,5097525,549900,0.00949263502454992,0.42449021339416504,4.66546630859375,-0.372650146484375,0.07692307978868484,0.6666666865348816,5,0.07739999890327454,0.2226999998092651,0.22830000519752505,-0.45798319578170776,-0.4039030075073242
3407750,2021,deep_water,random_draw,0,626025,5097855,20700,0.0434782608695652,0.28938719630241394,1.301544189453125,-0.096649169921875,0.6000000238418579,0.6666666865348816,4,0.05335000157356262,0.11704999953508376,0.13779999315738678,-0.49751749634742737,-0.3780952394008637
3407850,2021,deep_water,random_draw,0,626055,5097915,20700,0.0434782608695652,0.01981388032436371,1.482269287109375,0.084075927734375,0.23999999463558197,0.1666666716337204,5,0.02529999986290931,0.08834999799728394,0.11235000193119048,-0.6411289572715759,-0.17265354096889496
3408545,2021,deep_water,random_draw,0,626205,5097855,20700,0.0434782608695652,0.2312256246805191,1.313720703125,-0.08447265625,0.9090909361839294,1,4,0.03040000051259994,0.07810000330209732,0.07490000128746033,-0.44186046719551086,-0.3719663321971894
3406266,2021,dry,annotated,0,625605,5098395,75600,0.0174603174603175,0.33573898673057556,3.514373779296875,-0.025665283203125,0.8846153616905212,1,4,0.06430000066757202,0.13934999704360962,0.1500999927520752,-0.4140626788139343,-0.29422301054000854
3406288,2021,dry,annotated,0,625605,5098245,75600,0.0174603174603175,0.7684258222579956,2.12274169921875,-1.41729736328125,0.125,0.3333333432674408,5,0.0831499993801117,0.2146500051021576,0.2236499935388565,-0.46338436007499695,-0.44300517439842224
3406448,2021,deep_viz,annotated,0,625635,5098395,75600,0.0174603174603175,0,3.70257568359375,0.16253662109375,1,1,1,0.03990000113844871,0.02390000037848949,0.02999999932944774,0.06630465388298035,1
3406463,2021,deep_viz,annotated,0,625635,5098305,75600,0.0174603174603175,0,3.70257568359375,0.16253662109375,1,1,1,0.02539999969303608,0.01679999940097332,0.0163000002503395,0.23262840509414673,1
3406696,2021,dry,annotated,0,625725,5098155,75600,0.0174603174603175,0.9575256109237672,2.268951416015625,-1.271087646484375,0.3913043439388275,0.6666666865348816,4,0.07680000364780426,0.17784999310970306,0.2127500027418137,-0.46273520588874817,-0.4254966974258423
3406810,2021,deep_viz,annotated,0,625725,5098215,75600,0.0174603174603175,0,3.70257568359375,0.16253662109375,0.9523809552192688,1,1,0.02569999918341636,0.00879999995231628,0.01200000010430812,0.09090909361839294,1
3404235,2021,deep_viz,annotated,0,625095,5109645,47700,0.0251572327044025,0,0.702301025390625,0.05230712890625,0.8799999952316284,1,3,0.03530000150203705,0.04179999977350235,0.04610000178217888,-0.22761596739292145,0.0872092992067337
3404243,2021,deep_viz,annotated,0,625095,5109765,47700,0.0251572327044025,0,0.702301025390625,0.05230712890625,0.9615384340286256,1,3,0.02820000052452087,0.02140000090003013,0.02429999969899654,0.01643262058496475,0.38498789072036743
3404394,2021,deep_viz,annotated,0,625125,5109705,47700,0.0251572327044025,0,0.702301025390625,0.05230712890625,1,1,2,0.03274999931454658,0.02209999971091747,0.02254999987781047,0.06561039388179779,0.24660193920135495
3404430,2021,em_veg,annotated,0,625125,5109795,47700,0.0251572327044025,6.949680391699076e-4,0.702301025390625,0.05230712890625,0.739130437374115,1,3,0.02979999966919422,0.03274999931454658,0.03799999877810478,-0.1412641853094101,0.04234527796506882
3404545,2021,em_veg,annotated,0,625185,5109615,47700,0.0251572327044025,0.03790802508592605,0.684326171875,0.034332275390625,0.9200000166893004,1,3,0.03644999861717224,0.05059999972581863,0.06809999793767929,-0.28772595524787903,-0.16919486224651337
3404661,2021,dry,annotated,0,625215,5109615,47700,0.0251572327044025,0.2068856805562973,0.37164306640625,-0.278350830078125,0.20000000298023224,0.6000000238418579,5,0.08115000277757645,0.16850000619888306,0.20434999465942383,-0.4356668889522553,-0.4036363661289215
3404806,2021,em_veg,annotated,0,625245,5109735,47700,0.0251572327044025,0,0.702301025390625,0.05230712890625,0.5199999809265137,1,5,0.05530000105500221,0.10419999808073044,0.1111999973654747,-0.3602094352245331,-0.1978609561920166
3401787,2021,dry,annotated,0,624375,5116035,1609200,0.00764354958985831,0.28474679589271545,6.03009033203125,-0.28961181640625,0,0.20000000298023224,5,0.08505000174045563,0.22134999930858612,0.24979999661445615,-0.4817785024642944,-0.46683353185653687
3401876,2021,em_veg,annotated,0,624405,5116275,1609200,0.00764354958985831,0.05054664611816406,6.3702392578125,0.050537109375,1,1,3,0.0693499967455864,0.09115000069141388,0.09574999660253523,-0.1887956261634827,-0.04773269593715668
3402008,2021,deep_viz,annotated,0,624465,5116125,1609200,0.00764354958985831,0,6.395599365234375,0.075897216796875,1,1,1,0.06260000169277191,0.02429999969899654,0.02170000039041042,0.48517200350761414,0.8992592692375183
3402279,2021,dry,annotated,0,624525,5116275,1609200,0.00764354958985831,0.11650899797677994,6.2650146484375,-0.0546875,0.6800000071525574,0.5714285969734192,4,0.07339999824762344,0.1692499965429306,0.179749995470047,-0.4338415265083313,-0.3191111087799072
3402333,2021,deep_viz,annotated,0,624525,5116215,1609200,0.00764354958985831,0,6.395599365234375,0.075897216796875,1,1,1,0.06440000236034393,0.02759999968111515,0.02400000020861625,0.46248599886894226,0.6683937907218933
3402334,2021,em_veg,annotated,0,624555,5116155,1609200,0.00764354958985831,0.05485151708126068,6.36492919921875,0.04522705078125,1,1,3,0.05730000138282776,0.08760000020265579,0.08659999817609787,-0.0962025299668312,0.2335844933986664
3402426,2021,em_veg,annotated,0,624585,5116275,1609200,0.00764354958985831,0.06779763847589493,6.3419189453125,0.022216796875,0.9583333134651184,1,3,0.06970000267028809,0.11249999701976776,0.10840000212192535,-0.30288460850715637,-0.1571512669324875
3402588,2021,dry,annotated,0,624615,5116095,1609200,0.00764354958985831,0.6302611231803894,5.758148193359375,-0.561553955078125,0,0,5,0.07625000178813934,0.24265000224113464,0.251800000667572,-0.5344476699829102,-0.5176358222961426
3402614,2021,deep_viz,annotated,0,624615,5116215,1609200,0.00764354958985831,0,6.395599365234375,0.075897216796875,1,1,1,0.05409999936819076,0.02700000070035457,0.0215000007301569,0.43121692538261414,0.7625570893287659
1715711,2021,em_veg,random_draw,0,624405,5120205,12600,0.0619047619047619,0.04817910492420196,0.419219970703125,0.12701416015625,0,0,5,0.06700000166893005,0.1559000015258789,0.2272000014781952,-0.5274611115455627,-0.3898847699165344
1715718,2021,em_veg,random_draw,0,624405,5120085,12600,0.0619047619047619,0.06426046043634415,-0.0574951171875,-0.349700927734375,0,0,5,0.06939999759197235,0.14059999585151672,0.23340000212192535,-0.5245255827903748,-0.5002203583717346
1715891,2021,em_veg,random_draw,0,624555,5120115,12600,0.0619047619047619,0.05036624521017074,0.59564208984375,0.303436279296875,0.0416666679084301,0,5,0.05590000003576279,0.12710000574588776,0.2054000049829483,-0.5567129850387573,-0.37998101115226746
1720737,2021,glint,annotated,0,648975,5138475,32400,0.0296296296296296,0.1980077922344208,0.966552734375,-0.057098388671875,0,0,5,0.08950000256299973,0.18619999289512632,0.26330000162124634,-0.5169928073883057,-0.0793650820851326
1706688,2021,glint,annotated,0,615825,5144085,82800,0.0543478260869565,0.6796836256980896,8.802978515625,0.732391357421875,0.774193525314331,1,4,0.08739999681711197,0.1908500045537949,0.22145000100135803,-0.42891743779182434,-0.2885572016239166
1706928,2021,dry,annotated,0,615885,5144145,82800,0.0543478260869565,0.14919079840183258,5.134063720703125,-2.9365234375,0,0,5,0.05620000138878822,0.23080000281333923,0.19580000638961792,-0.5440573692321777,-0.4820435047149658
1595978,2021,dry,annotated,0,612465,5143905,72900,0.0205761316872428,0.26296156644821167,2.88128662109375,-0.091766357421875,0.7931034564971924,0.75,4,0.0499499998986721,0.10570000112056732,0.12415000051259996,-0.4333627223968506,-0.3570370376110077
1591916,2021,em_veg,annotated,0,609615,5143665,1800,0.1,0.08948357403278351,0.324951171875,-0.03582763671875,0.4583333432674408,0.20000000298023224,4,0.05649999901652336,0.13009999692440033,0.14810000360012054,-0.4913563728332519,-0.43826472759246826
1592110,2021,em_veg,annotated,0,609645,5143665,1800,0.1,0.04422854259610176,0.396575927734375,0.035797119140625,0.47826087474823,0.20000000298023224,4,0.02089999988675117,0.07159999758005142,0.10339999943971634,-0.6948904991149902,-0.4867002069950104
1586690,2021,em_veg,random_draw,0,607815,5143875,6300,0.0761904761904762,0.09358802437782288,0.2742919921875,-0.009979248046875,0.03333333507180214,0,5,0.07029999792575836,0.16539999842643738,0.2612000107765198,-0.4940855205059051,-0.4093529880046845
1586747,2021,em_veg,random_draw,0,607875,5143995,6300,0.0761904761904762,0.13223619759082794,0.267303466796875,-0.0169677734375,0,0,5,0.06915000081062317,0.15950000286102295,0.2856999933719635,-0.5548649430274963,-0.517241358757019
1582573,2021,deep_water,random_draw,0,606645,5144295,162000,0.0192592592592593,0.33267542719841003,3.889801025390625,-0.30419921875,0,0.1666666716337204,5,0.10130000114440918,0.24709999561309817,0.3206999897956848,-0.5267460942268372,-0.4500525891780853
1582776,2021,deep_water,random_draw,0,606765,5144265,162000,0.0192592592592593,0.5882702469825745,1.266265869140625,-2.927734375,0,0,5,0.1079000011086464,0.3068999946117401,0.33149999380111694,-0.5148717761039734,-0.4553502798080444
1582861,2021,deep_water,random_draw,0,606825,5144385,162000,0.0192592592592593,0.3506554663181305,4.135284423828125,-0.0587158203125,0.8148148059844971,0.6666666865348816,4,0.07289999723434448,0.157150000333786,0.15489999949932098,-0.38496458530426025,-0.35311827063560486
1582927,2021,deep_water,random_draw,0,606825,5144505,162000,0.0192592592592593,0.05016373097896576,4.32305908203125,0.129058837890625,0.8275862336158752,0.3333333432674408,4,0.02979999966919422,0.08330000191926956,0.09229999780654909,-0.5131147503852844,-0.2705099880695343
1583012,2021,deep_water,random_draw,0,606855,5144625,162000,0.0192592592592593,0.14314386248588562,4.250640869140625,0.056640625,0.9655172228813172,0.8333333134651184,3,0.04749999940395355,0.0989999994635582,0.10350000113248824,-0.3708609342575073,-0.19897304475307465
1583015,2021,deep_water,random_draw,0,606855,5144175,162000,0.0192592592592593,0.1239396035671234,4.21917724609375,0.025177001953125,0.8148148059844971,0.6666666865348816,4,0.04354999959468841,0.09510000050067902,0.0986500009894371,-0.42862552404403687,-0.31766918301582336
1583307,2021,deep_water,random_draw,0,606945,5144355,162000,0.0192592592592593,0,4.33935546875,0.145355224609375,1,0.8333333134651184,3,0.01830000057816505,0.01999999955296516,0.02180000022053718,-0.09273182600736618,0.9612902998924256
1583397,2021,deep_water,random_draw,0,606945,5144265,162000,0.0192592592592593,0.01101983804255724,4.33935546875,0.145355224609375,0.9642857313156128,0.6666666865348816,3,0.01970000006258487,0.02730000019073486,0.02930000051856041,-0.29411765933036804,-0.01408450677990913
1583493,2021,deep_water,random_draw,0,607005,5144625,162000,0.0192592592592593,0.01136013492941856,4.338348388671875,0.14434814453125,1,0.8333333134651184,3,0.02380000054836273,0.02459999918937683,0.03200000151991844,-0.14754098653793335,-0.00777604989707469
1583558,2021,deep_water,random_draw,0,607005,5144535,162000,0.0192592592592593,0.7650274634361267,3.534149169921875,-0.65985107421875,0.4137931168079376,0.1666666716337204,5,0.05860000103712082,0.12555000185966492,0.1362500041723251,-0.3872972428798675,-0.354436457157135
1583094,2021,deep_water,random_draw,0,606885,5144055,8100,0.0518518518518519,0.13520897924900055,1.24951171875,0.046630859375,0.6896551847457886,0.4000000059604645,4,0.05350000038743019,0.12039999663829803,0.125900000333786,-0.4720857441425323,-0.31410256028175354
1583456,2021,deep_water,random_draw,0,607005,5144085,8100,0.0518518518518519,0.21321603655815125,1.086822509765625,-0.116058349609375,0.0714285746216774,0,5,0.08389999717473984,0.20679999887943268,0.2372999936342239,-0.4740079939365387,-0.4004565179347992
1582037,2021,dry,annotated,0,606435,5143785,9000,0.0666666666666667,0.07525839656591415,0.79541015625,0.00738525390625,0.3571428656578064,0.4000000059604645,4,0.08299999684095383,0.18449999392032623,0.17309999465942383,-0.3546067476272583,-0.3071786165237427
1577932,2021,deep_water,random_draw,0,604815,5143875,298800,0.0188755020080321,0.02823004312813282,3.8785400390625,0.129302978515625,0.8928571343421936,1,3,0.03610000014305115,0.04069999977946281,0.0601000003516674,-0.2122241109609604,-0.04013663530349731
1577997,2021,deep_water,random_draw,0,604875,5144025,298800,0.0188755020080321,0.11373498290777206,3.8297119140625,0.080474853515625,0.9642857313156128,1,3,0.04859999939799309,0.08179999887943268,0.09610000252723694,-0.32130950689315796,0.02358490601181984
1578277,2021,deep_water,random_draw,0,604995,5143845,298800,0.0188755020080321,0.1083180010318756,3.789825439453125,0.04058837890625,0.6666666865348816,1,4,0.0507499985396862,0.10329999774694444,0.09094999730587006,-0.35090261697769165,-0.17260274291038513
1578297,2021,deep_water,random_draw,0,604995,5143995,298800,0.0188755020080321,0.2754901349544525,3.306427001953125,-0.44281005859375,0.03703703731298447,0,5,0.12809999287128448,0.29510000348091125,0.3330000042915344,-0.4407334625720978,-0.43137693405151367
1578633,2021,deep_water,random_draw,0,605085,5143725,298800,0.0188755020080321,0.1494063138961792,3.727325439453125,-0.02191162109375,0.1428571492433548,0.6666666865348816,5,0.06700000166893005,0.1679999977350235,0.1716500073671341,-0.45215728878974915,-0.3565147817134857
1578682,2021,deep_water,random_draw,0,605115,5143815,298800,0.0188755020080321,0.06303589046001434,3.8509521484375,0.101715087890625,0.5925925970077515,0.5,4,0.03095000050961971,0.06199999898672104,0.08495000004768372,-0.4251547455787658,-0.00922266114503145
1578924,2021,deep_water,random_draw,0,605205,5143725,298800,0.0188755020080321,0,3.887451171875,0.138214111328125,0.8518518805503845,1,3,0.03480000048875809,0.01899999938905239,0.0284000001847744,0.02179176732897758,0.417677640914917
1579078,2021,deep_water,random_draw,0,605295,5143635,298800,0.0188755020080321,0,3.887451171875,0.138214111328125,1,1,2,0.03604999929666519,0.0163000002503395,0.01860000006854534,0.3402906656265259,0.5076923370361328
1579701,2021,deep_water,random_draw,0,605505,5143635,298800,0.0188755020080321,0.05646325647830963,3.8560791015625,0.106842041015625,0.7857142686843872,0.3333333432674408,5,0.04349999874830246,0.08060000091791153,0.10329999774694444,-0.3653087913990021,0.01039501000195741
1579972,2021,deep_water,random_draw,0,605595,5143695,298800,0.0188755020080321,0.01822431199252605,3.882537841796875,0.13330078125,0.7857142686843872,0.3333333432674408,3,0.03860000148415565,0.06769999861717224,0.09520000219345091,-0.36781609058380127,-0.20980392396450043
1577700,2021,dry,annotated,0,604665,5143935,8100,0.0592592592592593,0.17749959230422974,0.806976318359375,-0.329620361328125,0.03703703731298447,0,5,0.08169999718666077,0.16609999537467957,0.262800008058548,-0.47664517164230347,-0.43867403268814087
1577470,2021,em_veg,annotated,0,604515,5143995,3600,0.0666666666666667,0.07524798810482025,0.28570556640625,-0.0155029296875,0.4444444477558136,0.4000000059604645,4,0.04394999891519546,0.09905000030994417,0.11824999749660492,-0.4593854248523712,-0.34363412857055664
1577522,2021,dry,annotated,0,604575,5144055,3600,0.0666666666666667,0.5954468846321106,-0.275726318359375,-0.576934814453125,0,0,5,0.09619999676942824,0.24269999563694,0.3075999915599823,-0.5148590207099915,-0.4797004461288452
1577560,2021,dry,annotated,0,604545,5143995,3600,0.0666666666666667,0.08594048768281937,0.29632568359375,-0.0048828125,0.3333333432674408,0.20000000298023224,4,0.03680000081658363,0.1037999987602234,0.131400004029274,-0.5315085649490356,-0.4126473665237427
1575922,2021,em_veg,random_draw,0,603705,5143845,26100,0.0390804597701149,0.07457957416772842,0.509368896484375,0.00299072265625,0.24137930572032928,0.800000011920929,5,0.05640000104904175,0.1316000074148178,0.13289999961853027,-0.42069631814956665,-0.25539159774780273
1575951,2021,em_veg,random_draw,0,603735,5143695,26100,0.0390804597701149,0.13910840451717377,0.454742431640625,-0.0516357421875,0.35483869910240173,0.6000000238418579,5,0.0697999969124794,0.16050000488758087,0.14259999990463257,-0.2817147970199585,-0.18266978859901428
1576115,2021,em_veg,random_draw,0,603825,5143755,26100,0.0390804597701149,0.1295222043991089,0.198944091796875,-0.30743408203125,0,0,5,0.08375000208616257,0.16744999587535858,0.26260000467300415,-0.5253909826278687,-0.4804573357105255
1560013,2021,dry,annotated,0,589785,5143875,182700,0.0141215106732348,0.16353005170822144,2.381378173828125,-0.115997314453125,0.2857142984867096,0.800000011920929,5,0.07370000332593918,0.17305000126361847,0.18320000171661377,-0.45451584458351135,-0.37995511293411255
1560022,2021,dry,annotated,0,589785,5143965,182700,0.0141215106732348,0.06929313391447067,2.435791015625,-0.06158447265625,0.2142857164144516,0.6000000238418579,5,0.08060000091791153,0.18479999899864197,0.1875,-0.4293785393238067,-0.32945090532302856
1560071,2021,em_veg,annotated,0,589845,5143905,182700,0.0141215106732348,0.07090012729167938,2.464111328125,-0.03326416015625,0.92592591047287,1,3,0.02749999985098838,0.04390000179409981,0.03390000015497207,-0.10965630412101746,0.21263669431209564
1560102,2021,dry,annotated,0,589845,5143845,182700,0.0141215106732348,0.2985824942588806,2.367431640625,-0.12994384765625,0.5416666865348816,0.4000000059604645,4,0.04969999939203262,0.125,0.13965000212192535,-0.4216629266738891,-0.33008524775505066
1560119,2021,em_veg,annotated,0,589845,5144085,182700,0.0141215106732348,0.10870743542909622,2.435516357421875,-0.061859130859375,0.25925925374031067,0.6666666865348816,5,0.0831499993801117,0.1889999955892563,0.2163500040769577,-0.43656352162361145,-0.3371475338935852
1560171,2021,em_veg,annotated,0,589875,5143995,182700,0.0141215106732348,0.05920342355966568,2.463470458984375,-0.033905029296875,0.8518518805503845,0.800000011920929,4,0.04475000128149986,0.09059999883174896,0.06539999693632126,-0.18974938988685608,-0.1332046389579773
1560172,2021,deep_viz,annotated,0,589875,5143875,182700,0.0141215106732348,0,2.5291748046875,0.03179931640625,0.7083333134651184,1,3,0.02510000020265579,0.01960000023245811,0.02309999987483024,0.0040000001899898,0.39743590354919434
1560427,2021,deep_viz,annotated,0,590025,5143905,182700,0.0141215106732348,0,2.5291748046875,0.03179931640625,0.8571428656578064,1,3,0.02390000037848949,0.01899999938905239,0.01960000023245811,0.07662834972143173,0.47924527525901794
1560466,2021,deep_viz,annotated,0,590055,5144055,182700,0.0141215106732348,0,2.5291748046875,0.03179931640625,0.800000011920929,1,3,0.02610000036656856,0.02319999970495701,0.02830000035464763,-0.05000000074505806,0.7975708246231079
1560103,2021,em_veg,annotated,0,589845,5143755,32400,0.0296296296296296,0.06490670889616013,0.66961669921875,0.02850341796875,0.10526315867900848,0.75,5,0.04919999837875366,0.12680000066757202,0.1184000000357628,-0.48002129793167114,-0.2723059058189392
1560162,2021,em_veg,annotated,0,589905,5143725,32400,0.0296296296296296,0.0935884565114975,0.6466064453125,0.0054931640625,0.2857142984867096,1,5,0.05514999851584434,0.12919999659061432,0.12184999883174896,-0.3934178650379181,-0.2815920412540436
1560189,2021,dry,annotated,0,589905,5143785,32400,0.0296296296296296,0.082353875041008,0.652618408203125,0.011505126953125,0.1666666716337204,0.5,5,0.07919999957084656,0.17829999327659607,0.18549999594688416,-0.4207142889499664,-0.3238805830478668
1560269,2021,dry,annotated,0,589935,5143785,32400,0.0296296296296296,0.07272203266620636,0.66400146484375,0.02288818359375,0.2222222238779068,1,5,0.06165000051259994,0.14059999585151672,0.1367499977350235,-0.3933304250240326,-0.30000001192092896
1560334,2021,em_veg,annotated,0,589995,5143785,32400,0.0296296296296296,0.06609011441469193,0.673980712890625,0.032867431640625,0.30000001192092896,0.800000011920929,5,0.03905000165104866,0.08869999647140503,0.10029999911785126,-0.4620320200920105,-0.35175201296806335
1560378,2021,dry,annotated,0,590025,5143695,32400,0.0296296296296296,0.28580930829048157,0.064971923828125,-0.576141357421875,0,0,5,0.08299999684095383,0.1817999929189682,0.25040000677108765,-0.5347111821174622,-0.48787063360214233
1556399,2021,dry,annotated,0,586005,5143965,7200,0.0583333333333333,0.14607205986976624,0.348388671875,-0.08233642578125,0.3333333432674408,0.20000000298023224,5,0.06385000050067902,0.1683499962091446,0.17329999804496765,-0.4790938794612885,-0.4245762825012207
1551719,2021,co_precise,annotated,1,582315,5145675,26100,0.0344827586206897,6.347656017169356e-5,0.524505615234375,0.069915771484375,0.17241379618644714,1,5,0.0527999997138977,0.096500001847744,0.10409999638795853,-0.32540270686149597,-0.09323308616876602
1551626,2021,dry,annotated,0,582255,5145645,26100,0.0344827586206897,0.07856081426143646,0.4783935546875,0.0238037109375,0.03125,0.6666666865348816,5,0.05640000104904175,0.11800000071525574,0.1501999944448471,-0.45401743054389954,-0.3277893364429474
1551644,2021,dry,annotated,0,582285,5145615,26100,0.0344827586206897,0.13324077427387238,0.351104736328125,-0.103485107421875,0.03125,0.3333333432674408,5,0.06129999831318855,0.12269999831914902,0.15569999814033508,-0.4495479166507721,-0.3276059627532959
1551782,2021,em_veg,annotated,0,582375,5145705,26100,0.0344827586206897,0.01170589681714773,0.523529052734375,0.068939208984375,0.19354838132858276,0.5,5,0.05020000040531158,0.10520000010728836,0.10830000042915344,-0.3979646265506744,-0.20229555666446689
1551795,2021,em_veg,annotated,0,582375,5145645,26100,0.0344827586206897,0.06445720791816711,0.422515869140625,-0.032073974609375,0.22580644488334656,1,5,0.04340000078082085,0.08410000056028366,0.07315000146627426,-0.299474835395813,-0.1405094563961029
1551866,2021,dry,annotated,0,582435,5145705,26100,0.0344827586206897,0.10924434661865234,0.374755859375,-0.079833984375,0,0.1666666716337204,5,0.05629999935626983,0.11524999886751176,0.15610000491142273,-0.4442072808742523,-0.41831502318382263
1547695,2021,deep_water,random_draw,0,580785,5148075,460800,0.0106770833333333,0.07633855193853378,1.1453552246093182,-0.061279296875,0.1764705926179886,0.6666666865348816,5,0.05400000140070915,0.15469999611377716,0.16519999504089355,-0.5306036472320557,-0.37337109446525574
1548116,2021,deep_water,random_draw,0,580845,5148375,460800,0.0106770833333333,0,1.2177429199218182,0.0111083984375,0.939393937587738,1,1,0.02305000089108944,0.01319999992847442,0.01400000043213367,0.1486438661813736,0.3526569902896881
1548317,2021,deep_water,random_draw,0,580905,5148255,460800,0.0106770833333333,0,1.2177429199218182,0.0111083984375,0.9696969985961914,1,1,0.02219999954104423,0.01209999993443489,0.01169999968260526,0.3097345232963562,0.4361445903778076
1548320,2021,deep_water,random_draw,0,580905,5148165,460800,0.0106770833333333,0,1.2177429199218182,0.0111083984375,0.96875,1,1,0.01970000006258487,0.01260000001639127,0.01209999993443489,0.2142857164144516,0.41791045665740967
1548608,2021,deep_water,random_draw,0,580965,5148345,460800,0.0106770833333333,0,1.2177429199218182,0.0111083984375,0.9375,1,1,0.0324999988079071,0.0163000002503395,0.01350000035017728,0.2893773019313812,0.41304346919059753
1548736,2021,deep_water,random_draw,0,580995,5148195,460800,0.0106770833333333,0,1.2177429199218182,0.0111083984375,0.9629629850387572,1,1,0.02879999950528145,0.01520000025629997,0.0118000004440546,0.3031674325466156,0.4611872136592865
1548769,2021,deep_water,random_draw,0,580995,5148075,460800,0.0106770833333333,0,1.2177429199218182,0.0111083984375,0.9629629850387572,1,1,0.02229999937117099,0.00850000046193599,0.00944999977946281,0.3854534029960632,0.4523227512836456
1549197,2021,deep_water,random_draw,0,581085,5148315,460800,0.0106770833333333,0,1.2177429199218182,0.0111083984375,0.9354838728904724,1,2,0.0239499993622303,0.01795000024139881,0.01799999922513961,0.04198160767555237,0.5643044710159302
1549292,2021,deep_water,random_draw,0,581115,5148105,460800,0.0106770833333333,0,1.2177429199218182,0.0111083984375,0.9655172228813172,1,2,0.02950000017881393,0.01530000008642673,0.01339999958872795,0.3752913773059845,0.3752913773059845
1549309,2021,deep_water,random_draw,0,581115,5148195,460800,0.0106770833333333,0.01290656346827745,1.2121887207030682,0.00555419921875,0.800000011920929,0.5,3,0.02345000021159649,0.04125000163912773,0.04820000007748604,-0.336246132850647,-0.03021582774817943
1530221,2021,dry,annotated,0,575775,5146935,5400,0.0666666666666667,0.07617540657520294,0.162933349609375,-0.031036376953125,0.1388888955116272,1,5,0.07209999859333038,0.1898999959230423,0.2039999961853027,-0.438138872385025,-0.4228018522262573
1528384,2021,glint,annotated,0,575385,5146635,73800,0.016260162601626,0.2353293299674988,1.2007446289063068,-0.356201171875,0,0,5,0.06750000268220901,0.19920000433921817,0.2287999987602234,-0.549893856048584,-0.5019649863243103
1528444,2021,em_veg,annotated,0,575385,5146545,73800,0.016260162601626,0.08673634380102158,1.4637145996094318,-0.093231201171875,0.0882352963089943,0.3333333432674408,5,0.07559999823570251,0.1996999979019165,0.21230000257492063,-0.4846900701522827,-0.40620872378349304
1528532,2021,dry,annotated,0,575415,5146725,73800,0.016260162601626,0.18437398970127103,1.3424987792969318,-0.214447021484375,0.02941176481544971,0.1666666716337204,5,0.05629999935626983,0.17229999601840973,0.17180000245571136,-0.524218738079071,-0.4448128938674927
1528901,2021,em_veg,annotated,0,575505,5146575,73800,0.016260162601626,0.20566478371620175,1.3099060058594318,-0.247039794921875,0.4137931168079376,0.3333333432674408,4,0.0596500001847744,0.15320000052452087,0.2008499950170517,-0.4947006702423096,-0.4405677020549774
1529512,2021,em_veg,annotated,0,575625,5146785,73800,0.016260162601626,0.16110964119434357,1.3556213378906818,-0.201324462890625,0.3214285671710968,0.6666666865348816,4,0.0771000012755394,0.1826999932527542,0.2001499980688095,-0.44198712706565857,-0.36016371846199036
1529579,2021,em_veg,random_draw,0,575625,5146215,4500,0.08,0.3089240491390228,-0.35308837890625,-0.535430908203125,0,0,5,0.09539999812841415,0.243599995970726,0.31450000405311584,-0.5356534719467163,-0.5091038346290588
1530360,2021,shallow_viz,annotated,1,575835,5145375,7200,0.05,0.01620081625878811,1.157928466796875,0.085052490234375,0.22499999403953552,1,5,0.04924999922513962,0.09889999777078629,0.18764999508857727,-0.47657081484794617,0.5058823823928833
1530343,2021,dry,annotated,0,575865,5145405,7200,0.05,0.0861726775765419,1.10894775390625,0.03607177734375,0.0731707289814949,1,5,0.05530000105500221,0.11569999903440475,0.24424999952316284,-0.5323728322982788,-0.17699910700321198
1530361,2021,dry,annotated,0,575835,5145345,7200,0.05,0.04593612626194954,1.145965576171875,0.073089599609375,0.17499999701976776,1,5,0.0560000017285347,0.11535000056028366,0.20755000412464145,-0.5665909647941589,-0.144841268658638
1530466,2021,dry,annotated,0,575895,5145285,7200,0.05,0.2059537768363953,-0.4451904296875,-1.51806640625,0,0,5,0.08174999803304672,0.1696999967098236,0.34375,-0.6165154576301575,-0.5438752770423889
1528334,2021,co_precise,annotated,1,575385,5143335,66600,0.0198198198198198,0.20558851957321167,1.2552490234375,-0.0740966796875,0.29032257199287415,1,5,0.04879999905824661,0.10050000250339508,0.1128999963402748,-0.4063989222049713,-0.31738436222076416
1528016,2021,dry,annotated,0,575295,5143365,66600,0.0198198198198198,0.08152113109827042,1.347412109375,0.01806640625,0.6666666865348816,1,4,0.05299999937415123,0.1111999973654747,0.11580000072717668,-0.3305039703845978,-0.2052505910396576
1528137,2021,glint,annotated,0,575325,5143515,66600,0.0198198198198198,0.06442178040742874,1.313232421875,-0.01611328125,0.02777777798473835,0.6000000238418579,5,0.0860000029206276,0.1881999969482422,0.17749999463558197,-0.3854166567325592,-0.1282234936952591
1528240,2021,deep_viz,annotated,0,575355,5143455,66600,0.0198198198198198,0,1.38623046875,0.056884765625,1,1,3,0.02995000034570694,0.02865000069141388,0.02555000036954879,0.07027794420719147,0.2629399597644806
1528620,2021,deep_viz,annotated,0,575445,5143485,66600,0.0198198198198198,0,1.38623046875,0.056884765625,1,1,1,0.02710000053048134,0.02140000090003013,0.01979999989271164,0.16923077404499054,0.38496583700180054
1528922,2021,dry,annotated,0,575505,5143575,66600,0.0198198198198198,0.17251458764076233,1.120025634765625,-0.209320068359375,0,0,5,0.07564999908208847,0.18035000562667847,0.18404999375343323,-0.4398280084133148,-0.30024659633636475
1529092,2021,deep_viz,annotated,0,575505,5143455,66600,0.0198198198198198,0,1.38623046875,0.056884765625,1,1,1,0.02749999985098838,0.02339999936521053,0.02099999971687793,0.11447083950042725,0.35652172565460205
1529392,2021,dry,annotated,0,575595,5143395,66600,0.0198198198198198,0.3232611417770386,0.787353515625,-0.5419921875,0,0,5,0.07440000027418137,0.20180000364780423,0.23420000076293945,-0.5149586200714111,-0.4943420588970184
1528290,2021,dry,annotated,0,575385,5143755,251100,0.010752688172043,0.2026076763868332,1.795867919921875,-0.30426025390625,0.29411765933036804,1,4,0.08399999886751175,0.16599999368190765,0.19519999623298645,-0.39807212352752686,-0.3792093694210053
1528955,2021,dry,annotated,0,575505,5144415,251100,0.010752688172043,0.14322534203529358,1.98699951171875,-0.113128662109375,0.0833333358168602,1,5,0.06729999929666519,0.1704999953508377,0.1941000074148178,-0.4964459538459778,-0.37890973687171936
1529118,2021,deep_viz,annotated,0,575505,5143875,251100,0.010752688172043,0,2.12969970703125,0.029571533203125,1,1,3,0.02484999969601631,0.0142000000923872,0.01510000042617321,0.2245611548423767,0.3677419424057007
1529236,2021,deep_viz,annotated,0,575535,5144145,251100,0.010752688172043,0,2.12969970703125,0.029571533203125,1,0.8333333134651184,3,0.02804999984800815,0.01579999923706054,0.01530000008642673,0.2652813494205475,0.372197300195694
1529520,2021,deep_viz,annotated,0,575625,5144265,251100,0.010752688172043,0,2.12969970703125,0.029571533203125,1,0.8333333134651184,2,0.02584999985992908,0.01315000001341104,0.01649999991059303,0.20502911508083344,0.30000001192092896
1529618,2021,dry,annotated,0,575655,5143785,251100,0.010752688172043,0.4897190928459167,1.20086669921875,-0.899261474609375,0,0,5,0.07240000367164612,0.1582999974489212,0.22779999673366547,-0.516310453414917,-0.4957532286643982
4957838,2021,em_veg,annotated,0,535125,5009925,448200,0.00856760374832664,0.06202173233032226,0.3223876953125,-0.401824951171875,0,0.25,5,0.08115000277757645,0.20794999599456787,0.1951500028371811,-0.4122006893157959,-0.36032092571258545
4959062,2021,em_veg,annotated,0,535245,5009715,448200,0.00856760374832664,0.05029866099357605,0.434234619140625,-0.28997802734375,0,1,5,0.05505000054836273,0.1371999979019165,0.10909999907016754,-0.3110153377056122,-0.2892880141735077
4959490,2021,deep_viz,annotated,0,535305,5009565,448200,0.00856760374832664,0,1.04931640625,0.325103759765625,1,1,3,0.03269999846816063,0.04809999838471413,0.03449999913573265,-0.04827586188912392,0.02150537632405758
4959957,2021,deep_viz,annotated,0,535365,5009715,448200,0.00856760374832664,0,1.04931640625,0.325103759765625,1,0.8999999761581421,2,0.02060000039637088,0.02040000073611736,0.01799999922513961,-0.018050542101264,0.3333333432674408
4960147,2021,deep_viz,annotated,0,535365,5009895,448200,0.00856760374832664,0,1.04931640625,0.325103759765625,1,1,3,0.01004999969154596,0.01090000011026859,0.01480000000447034,-0.1806727647781372,-0.08724832534790039
4960395,2021,em_veg,annotated,0,535455,5009685,448200,0.00856760374832664,0.05245339870452881,0.489654541015625,-0.23455810546875,0.07407407462596893,0.800000011920929,5,0.0377499982714653,0.10894999653100967,0.08784999698400497,-0.44829967617988586,-0.1972789168357849
2626644,2021,deep_water,random_draw,0,553095,5095245,378900,0.0155186064924782,0.5893464088439941,2.695892333984375,-0.26666259765625,0,0.3333333432674408,5,0.09019999951124193,0.21379999816417697,0.24490000307559967,-0.4616532325744629,-0.39020979404449463
2626784,2021,deep_water,random_draw,0,553095,5095425,378900,0.0155186064924782,0,3.02838134765625,0.065826416015625,1,1,3,0.04235000163316727,0.03519999980926514,0.03720000013709068,0.02640842832624912,1
2626857,2021,deep_water,random_draw,0,553095,5095575,378900,0.0155186064924782,4.272460955689894e-6,3.02838134765625,0.065826416015625,1,1,3,0.04659999907016754,0.06150000169873237,0.06549999862909317,-0.15477792918682098,0.07227332144975662
2627100,2021,deep_water,random_draw,0,553125,5095725,378900,0.0155186064924782,0,3.02838134765625,0.065826416015625,1,1,3,0.03610000014305115,0.0478999987244606,0.06430000066757202,-0.24934382736682892,0.2255319207906723
2627492,2021,deep_water,random_draw,0,553185,5095485,378900,0.0155186064924782,0.00252452143467962,3.028350830078125,0.0657958984375,1,1,3,0.04479999840259552,0.04989999905228615,0.04699999839067459,-0.07160096615552902,-0.0011299435282126
2627542,2021,deep_water,random_draw,0,553185,5095575,378900,0.0155186064924782,0,3.02838134765625,0.065826416015625,1,1,1,0.04039999842643738,0.02199999988079071,0.02050000056624412,0.26760563254356384,0.3928571343421936
2627950,2021,deep_water,random_draw,0,553245,5095665,378900,0.0155186064924782,0,3.02838134765625,0.065826416015625,1,1,1,0.045499999076128,0.02610000036656856,0.02749999985098838,0.24657534062862396,0.7156862616539001
2628585,2021,deep_water,random_draw,0,553335,5095725,378900,0.0155186064924782,0.7782475352287292,1.1954345703125,-1.767120361328125,0.2857142984867096,0.6666666865348816,5,0.07129999995231628,0.20479999482631683,0.19099999964237213,-0.4400904178619385,-0.4063641130924225
7625795,2021,deep_water,random_draw,0,603585,4850715,1769400,0.00566293658867413,0,2.719940185546875,0.022552490234375,0.3125,1,5,0.02085000090301037,0.00999999977648258,0.01365000009536743,0.7899265885353088,1
7625850,2021,deep_water,random_draw,0,603615,4850865,1769400,0.00566293658867413,0.01440702192485332,2.718597412109375,0.021209716796875,0.2142857164144516,0.75,5,0.03779999911785126,0.06265000253915787,0.08089999854564667,-0.31141704320907593,-0.2963549792766571
7626590,2021,deep_water,random_draw,0,603735,4850775,1769400,0.00566293658867413,0,2.719940185546875,0.022552490234375,0.9333333373069764,1,4,0.02199999988079071,0.01209999993443489,0.00669999979436397,0.48262548446655273,0.641873300075531
7626674,2021,deep_water,random_draw,0,603735,4850865,1769400,0.00566293658867413,0,2.719940185546875,0.022552490234375,0.5,1,5,0.0260000005364418,0.0236000008881092,0.03189999982714653,-0.1111111119389534,0.17584370076656342
7627040,2021,deep_water,random_draw,0,603855,4850595,1769400,0.00566293658867413,0,2.719940185546875,0.022552490234375,1,1,1,0.02969999983906746,0.01640000008046627,0.01080000028014183,0.56886225938797,0.6855345964431763
7627217,2021,deep_water,random_draw,0,603915,4850805,1769400,0.00566293658867413,0,2.719940185546875,0.022552490234375,0.9411764740943908,1,2,0.02824999950826168,0.00600000005215406,0.00850000046193599,0.5606971979141235,1
7627268,2021,deep_water,random_draw,0,603945,4850895,1769400,0.00566293658867413,0.6108207702636719,1.778839111328125,-0.918548583984375,0.25,0.8333333134651184,5,0.06224999949336052,0.14630000293254852,0.16660000383853912,-0.4511263370513916,-0.4046511650085449
8888126,2021,deep_water,random_draw,0,603585,4850415,1769400,0.00566293658867413,0,2.719940185546875,0.022552490234375,1,1,1,0.02009999938309192,0.01190000027418136,0.00600000005215406,0.5461538434028625,0.6694214940071106
8888669,2021,deep_water,random_draw,0,603735,4850505,1769400,0.00566293658867413,0,2.719940185546875,0.022552490234375,1,1,1,0.02319999970495701,0.01319999992847442,0.0059000002220273,0.5945017337799072,0.6901408433914185
8888957,2021,deep_water,random_draw,0,603825,4850415,1769400,0.00566293658867413,0,2.719940185546875,0.022552490234375,1,1,1,0.03139999881386757,0.01769999973475933,0.01219999976456165,0.3673805594444275,0.6396867036819458
7603870,2021,dry,annotated,0,596955,4872495,114300,0.0183727034120735,0.3967251479625702,0.55419921875,-1.41943359375,0,0,5,0.07800000160932541,0.28700000047683716,0.26269999146461487,-0.538221538066864,-0.5110727548599243
7604040,2021,dry,annotated,0,597045,4872285,114300,0.0183727034120735,0.2251952737569809,1.483123779296875,-0.490509033203125,0,0,5,0.09014999866485596,0.24529999494552612,0.2731499969959259,-0.5041465759277344,-0.4462682008743286
1975733,2022,shallow_viz,annotated,1,541845,5135925,1800,0.1,0.08098693937063217,0.24554443359375,0.00921630859375,0.1034482792019844,0.11764705926179886,5,0.03840000182390213,0.11190000176429749,0.10864999890327454,-0.5002346634864807,-0.433004230260849
1975602,2022,dry,annotated,0,541845,5135865,1800,0.1,0.11156881600618362,0.10015869140625,-0.13616943359375,0,0,5,0.06030000001192093,0.3858000040054322,0.2079000025987625,-0.5354505181312561,-0.5183706283569336
1977079,2022,em_veg,annotated,0,542175,5135325,4500,0.0666666666666667,0.2362177073955536,0.513031005859375,0.0125732421875,0.07999999821186066,0,5,0.03660000115633011,0.09380000084638596,0.10000000149011612,-0.5044007897377014,-0.38610902428627014
1977267,2022,dry,annotated,0,542205,5135355,4500,0.0666666666666667,0.24534451961517337,0.341766357421875,-0.15869140625,0.0714285746216774,0,5,0.03660000115633011,0.09369999915361404,0.11240000277757645,-0.511343777179718,-0.47826087474823
1977497,2022,em_veg,annotated,0,542235,5135325,4500,0.0666666666666667,0.213592529296875,0.529541015625,0.029083251953125,0.14814814925193787,0,5,0.03660000115633011,0.08560000360012054,0.09149999916553496,-0.47564470767974854,-0.37805840373039246
1976957,2022,deep_water,random_draw,0,542115,5133795,71100,0.020253164556962,0.5906261801719666,0.8614196777344318,-0.775238037109375,0,0,5,0.07235000282526016,0.15354999899864197,0.1756500005722046,-0.41737860441207886,-0.40409401059150696
1977269,2022,deep_water,random_draw,0,542175,5134065,71100,0.020253164556962,0.07067340612411499,1.6464843750000568,0.00982666015625,1,0.4615384638309479,4,0.02965000085532665,0.06035000085830688,0.06750000268220901,-0.3935065567493438,-0.2321608066558838
1977275,2022,deep_water,random_draw,0,542205,5133945,71100,0.020253164556962,0,1.6995849609375568,0.06292724609375,1,1,1,0.01135000027716159,0.0092000002041459,0.01539999991655349,-0.12641243636608124,0.11666666716337204
1977542,2022,deep_water,random_draw,0,542235,5133795,71100,0.020253164556962,0,1.6995849609375568,0.06292724609375,1,0.9411764740943908,3,0.01025000028312206,0.00944999977946281,0.01439999975264072,-0.15711641311645508,0.02164502255618572
1977920,2022,deep_water,random_draw,0,542295,5133885,71100,0.020253164556962,0,1.6995849609375568,0.06292724609375,1,0.9411764740943908,3,0.01070000045001506,0.01035000011324882,0.0175000000745058,-0.18467183411121368,0.08520179241895676
1978179,2022,deep_water,random_draw,0,542355,5134035,71100,0.020253164556962,0.13255338370800018,0.6097106933594318,-1.026947021484375,0,0,5,0.07530000060796738,0.18424999713897705,0.26635000109672546,-0.5603556632995605,-0.5495638251304626
1978207,2022,deep_water,random_draw,0,542355,5133795,71100,0.020253164556962,0.2745312452316284,-0.46987915039056816,-2.106536865234375,0,0,5,0.06605000048875809,0.2583500146865845,0.2637999951839447,-0.5994740724563599,-0.5695203542709351
1976513,2022,shallow_viz,annotated,1,542055,5133495,4500,0.0666666666666667,0.11317199468612672,0.308441162109375,-0.06597900390625,0.03125,0,5,0.04275000095367431,0.07519999891519547,0.10119999945163728,-0.4059101939201355,-0.3509749174118042
1969350,2022,dry,annotated,0,540645,5133705,37800,0.0380952380952381,0.5863134860992432,1.1962585449219318,-0.54559326171875,0,0,5,0.06955000013113022,0.2039999961853027,0.20980000495910645,-0.5020656585693359,-0.5010660886764526
1969793,2022,dry,annotated,0,540735,5133735,37800,0.0380952380952381,0.14589451253414154,1.7012634277344318,-0.04058837890625,0.17241379618644714,0,5,0.03640000149607658,0.10350000113248824,0.0934000015258789,-0.43913713097572327,-0.405637264251709
1970119,2022,dry,annotated,0,540765,5133795,37800,0.0380952380952381,0.11600130051374435,1.3983764648438068,-0.343475341796875,0,0,5,0.0653500035405159,0.1412000060081482,0.17970000207424164,-0.4692275226116181,-0.4561330676078797
1968713,2022,dry,annotated,0,540555,5133375,111600,0.0198924731182796,0.09837332367897034,1.0075683593749432,0.009918212890625,0.13793103396892548,0,5,0.03265000134706497,0.0601000003516674,0.07355000078678131,-0.3844907283782959,-0.1938775479793549
1970133,2022,dry,annotated,0,540765,5133465,111600,0.0198924731182796,0.21492622792720795,0.6940612792968182,-0.3035888671875,0.03703703731298447,0,5,0.04199999943375587,0.13950000703334808,0.10939999669790268,-0.4451783299446106,-0.4449152648448944
1970324,2022,dry,annotated,0,540795,5133345,111600,0.0198924731182796,0.15805399417877197,1.0968322753905682,0.09918212890625,0.07407407462596893,0,5,0.03629999980330467,0.0917000025510788,0.07329999655485153,-0.3914501368999481,-0.2638036906719208
1962273,2022,em_veg,random_draw,0,539475,5133375,1800,0.1,0.09731787443161012,0.259002685546875,-0.03924560546869316,0.22580644488334656,0,5,0.06235000118613243,0.13760000467300415,0.13414999842643738,-0.3827415406703949,-0.26416152715682983
1956879,2022,em_veg,random_draw,0,538605,5133705,74700,0.0337349397590361,0.23074238002300265,1.1787109375,-0.173736572265625,0.27272728085517883,0,5,0.04100000113248825,0.12125000357627869,0.1281999945640564,-0.5162391662597656,-0.4931662976741791
1957084,2022,em_veg,random_draw,0,538635,5133885,74700,0.0337349397590361,0.08083150535821915,1.539031982421875,0.18658447265625,0.7692307829856873,0.2142857164144516,5,0.04129999876022339,0.10329999774694444,0.1257999986410141,-0.5048789381980896,-0.4935567080974579
1957132,2022,em_veg,random_draw,0,538665,5134035,74700,0.0337349397590361,0.14260558784008026,1.44244384765625,0.089996337890625,0.6399999856948853,0,4,0.03449999913573265,0.10270000249147417,0.10589999705553056,-0.5085470080375671,-0.3728223145008087
1957696,2022,em_veg,random_draw,0,538725,5133705,74700,0.0337349397590361,0.05831633508205414,1.5767822265625,0.224334716796875,0.6000000238418579,0.0714285746216774,4,0.02070000022649765,0.05840000137686729,0.0729999989271164,-0.5581643581390381,-0.5581643581390381
1957819,2022,em_veg,random_draw,0,538755,5133825,74700,0.0337349397590361,0.1770874261856079,1.24298095703125,-0.109466552734375,0.3333333432674408,0,5,0.04879999905824661,0.12240000069141388,0.12929999828338623,-0.45199325680732727,-0.45199325680732727
1957894,2022,em_veg,random_draw,0,538755,5134005,74700,0.0337349397590361,0.28534504771232605,1.01739501953125,-0.335052490234375,0.4347825944423675,0,5,0.04470000043511391,0.11330000311136246,0.13339999318122864,-0.498034805059433,-0.498034805059433
1958908,2022,em_veg,random_draw,0,538905,5133555,15300,0.0470588235294118,0.8569531440734863,-0.38330078125,-1.1263427734375,0,0,5,0.08449999988079071,0.29109999537467957,0.2547999918460846,-0.5019419193267822,-0.4920634925365448
1959290,2022,em_veg,random_draw,0,538995,5133435,15300,0.0470588235294118,0.17575815320014954,0.83905029296875,0.09600830078125,0.0357142873108387,0,5,0.04529999941587448,0.15839999914169312,0.13910000026226044,-0.5005571246147156,-0.4534731209278106
1959716,2022,em_veg,random_draw,0,539055,5133555,15300,0.0470588235294118,0.15230855345726013,0.434356689453125,-0.308685302734375,0,0,5,0.05344999954104423,0.1818999946117401,0.21199999749660492,-0.5817323923110962,-0.5299145579338074
1958127,2022,em_veg,random_draw,0,538815,5132925,7200,0.0583333333333333,0.15466463565826416,0.260986328125,-0.05740356445318184,0.1071428582072258,0,5,0.0463000014424324,0.11614999920129776,0.12084999680519104,-0.44245970249176025,-0.40408700704574585
1958604,2022,em_veg,random_draw,0,538875,5132835,7200,0.0583333333333333,0.11809305101633072,0.32489013671875,0.00650024414056815,0.03846153989434242,0,5,0.0324999988079071,0.093299999833107,0.121799997985363,-0.5473537445068359,-0.42227378487586975
1958990,2022,em_veg,random_draw,0,538935,5132505,81900,0.0388278388278388,0.1818704754114151,0.8643798828125,-0.153564453125,0.18518517911434176,0,5,0.04989999905228615,0.1096000000834465,0.12929999828338623,-0.44513458013534546,-0.4430803656578064
1959335,2022,em_veg,random_draw,0,538995,5132685,81900,0.0388278388278388,0.17662526667118073,0.9638671875,-0.0540771484375,0.2222222238779068,0,5,0.04690000042319298,0.11249999701976776,0.13654999434947968,-0.4886217415332794,-0.4612021744251251
1959380,2022,em_veg,random_draw,0,538995,5132355,81900,0.0388278388278388,0.14439427852630615,1.06903076171875,0.05108642578125,0.17241379618644714,0,5,0.0406000018119812,0.10525000095367432,0.11500000208616255,-0.4780113101005554,-0.44738540053367615
1959494,2022,em_veg,random_draw,0,539025,5132565,81900,0.0388278388278388,0.18542732298374176,1.03338623046875,0.01544189453125,0.20000000298023224,0,5,0.04955000057816505,0.11940000206232072,0.1481499969959259,-0.4987809956073761,-0.4944944977760315
1960115,2022,em_veg,random_draw,0,539115,5132715,81900,0.0388278388278388,0.12740099430084229,0.870361328125,-0.1475830078125,0.07407407462596893,0,5,0.05550000071525574,0.1274999976158142,0.16110000014305115,-0.4946942925453186,-0.487534612417221
1960166,2022,em_veg,random_draw,0,539115,5132415,81900,0.0388278388278388,0.2275101542472839,0.971099853515625,-0.046844482421875,0.3703703582286834,0,5,0.06125000119209289,0.1379999965429306,0.1656000018119812,-0.4601716995239258,-0.43968531489372253
1960396,2022,em_veg,random_draw,0,539145,5132565,81900,0.0388278388278388,0.06777099519968033,1.101806640625,0.0838623046875,0.1111111119389534,0,5,0.04729999974370003,0.10419999808073044,0.120899997651577,-0.4375743269920349,-0.42402827739715576
1961046,2022,em_veg,random_draw,0,539235,5132475,81900,0.0388278388278388,0.10361471027135848,1.12713623046875,0.10919189453125,0.30000001192092896,0,5,0.03880000114440918,0.0731000006198883,0.07980000227689743,-0.29326048493385315,-0.2902182638645172
1961468,2022,em_veg,random_draw,0,539325,5132535,81900,0.0388278388278388,0.12378883361816406,0.989013671875,-0.0289306640625,0.12121212482452393,0,5,0.05499999970197677,0.10944999754428864,0.17000000178813934,-0.4997139275074005,-0.47927460074424744
1961470,2022,em_veg,random_draw,0,539325,5132415,81900,0.0388278388278388,0.10174500197172164,1.135223388671875,0.117279052734375,0.22580644488334656,0,5,0.02700000070035457,0.04859999939799309,0.03804999962449074,-0.1280154287815094,-0.0240549836307764
1957142,2022,em_veg,random_draw,0,538665,5131365,53100,0.0372881355932203,0.2104819416999817,0.767486572265625,0.1357421875,0.20000000298023224,0,5,0.04125000163912773,0.10875000059604643,0.11185000091791152,-0.4606361389160156,-0.4496919810771942
1957351,2022,em_veg,random_draw,0,538695,5131575,53100,0.0372881355932203,0.25933897495269775,0.547210693359375,-0.08453369140625,0.04347826167941093,0,5,0.06644999980926514,0.15049999952316284,0.1551000028848648,-0.3961060345172882,-0.35898733139038086
1957537,2022,em_veg,random_draw,0,538695,5131275,53100,0.0372881355932203,0.2454601675271988,0.583740234375,-0.048004150390625,0.03999999910593033,0,5,0.04289999976754188,0.12449999898672104,0.13680000603199005,-0.5285714268684387,-0.49835705757141113
1957583,2022,em_veg,random_draw,0,538725,5131485,53100,0.0372881355932203,0.20624685287475583,0.534942626953125,-0.0968017578125,0.25,0,5,0.04659999907016754,0.1243000030517578,0.13404999673366547,-0.4841291904449463,-0.4757709205150604
1957989,2022,em_veg,random_draw,0,538785,5131395,53100,0.0372881355932203,0.19755324721336365,0.831817626953125,0.2000732421875,0.23999999463558197,0,5,0.03840000182390213,0.1042499989271164,0.10535000264644624,-0.46569469571113586,-0.4645441472530365
1958262,2022,em_veg,random_draw,0,538815,5131305,53100,0.0372881355932203,0.1901458352804184,0.580963134765625,-0.05078125,0.03703703731298447,0,5,0.0231500007212162,0.07904999703168869,0.07609999924898148,-0.5441246032714844,-0.4987755119800568
1958384,2022,em_veg,random_draw,0,538845,5131515,53100,0.0372881355932203,0.21179847419261932,0.302093505859375,-0.32965087890625,0.03999999910593033,0,5,0.05330000072717666,0.1303499937057495,0.1273999959230423,-0.4050514996051788,-0.3720626533031464
1958674,2022,em_veg,random_draw,0,538875,5131395,53100,0.0372881355932203,0.23647473752498627,0.57244873046875,-0.059295654296875,0.119999997317791,0,5,0.04280000180006027,0.12555000185966492,0.1237500011920929,-0.4857215881347656,-0.4810045063495636
1961004,2022,shallow_viz,annotated,1,539235,5130195,6300,0.0666666666666667,0.07233862578868866,0.46240234375,-0.001708984375,0.1764705926179886,0,5,0.03804999962449074,0.05045000091195106,0.05629999935626983,-0.22157737612724304,0.1879699230194092
1959754,2022,em_veg,random_draw,0,539055,5130045,1800,0.1,0.14056162536144257,0.00897216796875,-0.456298828125,0,0,5,0.06975000351667404,0.14534999430179596,0.22920000553131104,-0.5369170904159546,-0.5071542263031006
1959272,2022,em_veg,annotated,0,538995,5129565,36900,0.0390243902439024,0.09969373047351836,0.801788330078125,-0.02343750000005684,0.125,0,5,0.02649999968707561,0.0926000028848648,0.08100000023841858,-0.5069767236709595,-0.3826771676540375
1959679,2022,dry,annotated,0,539055,5129535,36900,0.0390243902439024,0.22014161944389343,0.7041015625,-0.12112426757818184,0.07407407462596893,0,5,0.05310000106692314,0.15610000491142273,0.12439999729394911,-0.4275759160518646,-0.3938356041908264
1959755,2022,em_veg,annotated,0,539055,5129595,36900,0.0390243902439024,0.13165853917598724,0.66546630859375,-0.15975952148443184,0.1599999964237213,0,5,0.0414000004529953,0.09300000220537186,0.10189999639987946,-0.5102040767669678,-0.401650607585907
1956740,2022,dry,annotated,0,538575,5127195,107100,0.0151260504201681,0.09076985716819765,0.633575439453125,0.02447509765625,0.739130437374115,0,5,0.03929999843239784,0.06840000301599503,0.05590000003576279,-0.17436975240707395,-0.17436975240707395
1957765,2022,dry,annotated,0,538785,5127225,107100,0.0151260504201681,0.5355177521705627,0.243316650390625,-0.36578369140625,0.8571428656578064,0,4,0.05040000006556511,0.11469999700784685,0.13279999792575836,-0.4497816562652588,-0.4497816562652588
1957948,2022,dry,annotated,0,538785,5126805,107100,0.0151260504201681,0.06846893578767776,0.02276611328125,-0.586334228515625,0,0,5,0.08110000193119049,0.17270000278949738,0.2865000069141388,-0.5610522627830505,-0.5484219193458557
1959299,2022,em_veg,random_draw,0,538995,5125425,214200,0.0142857142857143,0.11530185490846634,0.854644775390625,-0.1910400390625,0.1428571492433548,0,5,0.04134999960660934,0.08760000020265579,0.098750002682209,-0.4086769819259643,-0.338733434677124
1959814,2022,em_veg,random_draw,0,539055,5125155,214200,0.0142857142857143,0.067647784948349,1.10931396484375,0.063629150390625,0.5769230723381042,0,5,0.01579999923706054,0.01724999956786632,0.01284999959170818,0.10481748729944228,0.31690141558647156
1960145,2022,em_veg,random_draw,0,539115,5125245,214200,0.0142857142857143,0.08551269769668579,0.70648193359375,-0.339202880859375,0.03703703731298447,0,5,0.0502999983727932,0.1242000013589859,0.14470000565052032,-0.4841025769710541,-0.4841025769710541
1960266,2022,em_veg,random_draw,0,539115,5125395,214200,0.0142857142857143,0.08558385074138641,1.067779541015625,0.0220947265625,0.6296296119689941,0,5,0.01889999955892563,0.03595000132918358,0.0215000007301569,-0.06543388217687607,0.19801980257034305
1960586,2022,em_veg,random_draw,0,539175,5125545,214200,0.0142857142857143,0.07895806431770325,1.055084228515625,0.0093994140625,0.4444444477558136,0,5,0.01850000023841858,0.03525000065565109,0.0364999994635582,-0.33146563172340393,-0.14042553305625916
1960796,2022,em_veg,random_draw,0,539205,5125185,214200,0.0142857142857143,0.0287063643336296,1.2115478515625,0.165863037109375,0.4615384638309479,0,5,0.02630000002682209,0.02630000002682209,0.02190000005066394,0.0912863090634346,0.0912863090634346
1960829,2022,em_veg,random_draw,0,539205,5125335,214200,0.0142857142857143,0.04530553519725799,1.09332275390625,0.047637939453125,0.7599999904632568,0,3,0.01080000028014183,0.0333000011742115,0.01679999940097332,-0.20295202732086184,-0.01183431968092918
1961360,2022,em_veg,random_draw,0,539295,5125455,214200,0.0142857142857143,0.08083432167768478,1.039947509765625,-0.0057373046875,0.48148149251937866,0,5,0.0260000005364418,0.06319999694824219,0.05040000006556511,-0.38967135548591614,-0.262734591960907
1961447,2022,em_veg,random_draw,0,539325,5125575,214200,0.0142857142857143,0.08680500090122223,0.55670166015625,-0.488983154296875,0,0,5,0.05305000022053718,0.14079999923706055,0.20874999463558197,-0.5953179597854614,-0.5452405214309692
1961616,2022,em_veg,random_draw,0,539355,5125335,214200,0.0142857142857143,0.03331992402672767,1.105743408203125,0.06005859375,0.6399999856948853,0,4,0.01260000001639127,0.03849999979138374,0.01889999955892563,-0.1781609207391739,0.6050955653190613
1956281,2022,shallow_viz,annotated,1,538485,5125695,23400,0.041025641025641,0.095676489174366,0.589141845703125,-0.079925537109375,0.12121212482452393,0,5,0.04390000179409981,0.07289999723434448,0.08195000141859055,-0.36271971464157104,-0.21504497528076172
1956355,2022,shallow_viz,annotated,1,538515,5125875,23400,0.041025641025641,0.09147937595844267,0.76715087890625,0.09808349609375,0.20588235557079315,0,5,0.03379999846220016,0.03884999826550484,0.05434999987483024,-0.25478073954582214,-0.15086781978607178
1952712,2022,dry,annotated,0,537945,5125785,58500,0.0348717948717949,0.06414489448070526,0.4750366210938069,-0.194610595703125,0,0,5,0.0658000037074089,0.1265999972820282,0.17395000159740448,-0.45478180050849915,-0.4376054108142853
1954196,2022,dry,annotated,0,538095,5125725,58500,0.0348717948717949,0.1639329493045807,0.23898315429693184,-0.4306640625,0,0,5,0.07890000194311142,0.14949999749660492,0.23215000331401825,-0.504036009311676,-0.46176373958587646
1954963,2022,dry,annotated,0,538275,5125755,58500,0.0348717948717949,0.28740882873535156,0.14648437500005684,-0.523162841796875,0,0,5,0.07940000295639038,0.15025000274181366,0.23624999821186063,-0.4911365509033203,-0.473438024520874
1954039,2022,em_veg,random_draw,0,538095,5125485,48600,0.0209876543209877,0.08481378853321075,1.162628173828125,0.046417236328125,0.1071428582072258,0,5,0.0397999994456768,0.08389999717473984,0.10729999840259552,-0.4421864151954651,-0.4412357211112976
1954611,2022,em_veg,random_draw,0,538185,5125575,48600,0.0209876543209877,0.11606553196907043,1.1864013671875,0.0701904296875,0.2222222238779068,0,5,0.03420000150799751,0.08219999819993973,0.09350000321865082,-0.4600822925567627,-0.3614958524703979
1954755,2022,em_veg,random_draw,0,538215,5125335,48600,0.0209876543209877,0.09448524564504623,1.094024658203125,-0.022186279296875,0.1111111119389534,0,5,0.04699999839067459,0.10570000112056732,0.1451999992132187,-0.5109261274337769,-0.48144274950027466
1955249,2022,em_veg,random_draw,0,538275,5125575,48600,0.0209876543209877,0.12687382102012634,1.190216064453125,0.074005126953125,0.11538461595773696,0,5,0.05209999904036522,0.11264999955892564,0.12484999746084212,-0.4141036570072174,-0.3599562346935272
1955549,2022,em_veg,random_draw,0,538335,5125365,48600,0.0209876543209877,0.10961046814918518,0.72918701171875,-0.38702392578125,0,0,5,0.06385000050067902,0.1538500040769577,0.2486000061035156,-0.5662729144096375,-0.3783382773399353
1948074,2022,dry,annotated,0,537345,5125485,89100,0.0276094276094276,0.11456548422574996,0.297882080078125,-0.24261474609375,0,0,5,0.04839999973773956,0.1080000028014183,0.1526000052690506,-0.518407940864563,-0.5
1948845,2022,em_veg,annotated,0,537435,5125365,89100,0.0276094276094276,0.14989906549453735,0.475311279296875,-0.065185546875,0.11764705926179886,0,5,0.03889999911189079,0.08269999921321869,0.10530000180006029,-0.4604715704917908,-0.43396225571632385
1949508,2022,em_veg,annotated,0,537525,5125515,89100,0.0276094276094276,0.11838924139738084,0.638427734375,0.097930908203125,0.10000000149011612,0,5,0.04255000129342079,0.10114999860525133,0.10055000334978104,-0.4062791466712952,-0.3796358704566955
1942339,2022,dry,annotated,0,536445,5125035,63900,0.0253521126760563,0.2064141035079956,0.5576171875,-0.052215576171875,0.17241379618644714,0,5,0.04399999976158142,0.09884999692440032,0.09309999644756316,-0.34712398052215576,-0.3209003210067749
1942648,2022,dry,annotated,0,536505,5125245,63900,0.0253521126760563,0.12124581634998322,0.37640380859375,-0.233428955078125,0,0,5,0.06714999675750732,0.11794999986886978,0.16030000150203705,-0.4082850515842438,-0.3281653821468353
1944058,2022,em_veg,random_draw,0,536715,5125005,45900,0.0379084967320261,0.17032794654369354,0.899658203125,0.074981689453125,0.27586206793785095,0,5,0.02270000055432319,0.0568000003695488,0.0729999989271164,-0.5256008505821228,-0.5256008505821228
1944142,2022,em_veg,random_draw,0,536745,5125095,45900,0.0379084967320261,0.09510207176208496,0.898529052734375,0.0738525390625,0.24242424964904785,0,5,0.02325000055134296,0.04230000078678131,0.06324999779462814,-0.40006163716316223,-0.1916932910680771
1944397,2022,em_veg,random_draw,0,536775,5124795,45900,0.0379084967320261,0.08500801026821136,0.885894775390625,0.06121826171875,0.40625,0,5,0.02080000005662441,0.03460000082850456,0.03350000083446503,-0.23388582468032837,-0.23388582468032837
1944970,2022,em_veg,random_draw,0,536865,5124855,45900,0.0379084967320261,0.13655099272727966,0.315521240234375,-0.5091552734375,0,0,5,0.08110000193119049,0.16030000150203705,0.25999999046325684,-0.5244796276092529,-0.5078729391098022
1945007,2022,em_veg,random_draw,0,536865,5125005,45900,0.0379084967320261,0.08269628882408142,0.93017578125,0.105499267578125,0.1875,0,5,0.03009999915957451,0.04919999837875366,0.0406000018119812,-0.17983651161193848,-0.1404494345188141
1945010,2022,em_veg,random_draw,0,536865,5124645,45900,0.0379084967320261,0.20511390268802643,0.451446533203125,-0.37322998046875,0,0,5,0.0617000013589859,0.125,0.2117999941110611,-0.5440945029258728,-0.4548528790473938
1945250,2022,shallow_viz,annotated,1,536895,5123235,720000,0.0160833333333333,0.10078123211860655,1.4453125,0.22552490234375,0.2571428716182709,0.0625,5,0.0406000018119812,0.02960000000894069,0.02264999970793724,0.2841672897338867,0.7580071091651917
1945389,2022,shallow_viz,annotated,1,536925,5123355,720000,0.0160833333333333,0.07750733196735382,1.36785888671875,0.1480712890625,0.2571428716182709,0,5,0.03849999979138374,0.03804999962449074,0.03610000014305115,0.10547581315040588,0.37634408473968506
1945014,2022,dry,annotated,0,536865,5123685,720000,0.0160833333333333,0.09094132483005524,0.845672607421875,-0.374114990234375,0,0,5,0.07810000330209732,0.1477999985218048,0.24050000309944153,-0.5176034569740295,-0.4831945598125458
1946264,2022,dry,annotated,0,537075,5122965,720000,0.0160833333333333,0.1322287619113922,1.185028076171875,-0.034759521484375,0.09090909361839294,0,5,0.04089999943971634,0.07980000227689743,0.11789999902248384,-0.4068814814090729,-0.40509089827537537
1946777,2022,dry,annotated,0,537165,5123055,720000,0.0160833333333333,0.1558506041765213,1.226348876953125,0.006561279296875,0.09090909361839294,0,5,0.05559999868273735,0.11230000108480452,0.11590000241994858,-0.35160350799560547,-0.3425975441932678
1942137,2022,shallow_viz,annotated,1,536445,5123565,1800,0.1,0.11720919609069824,0.36541748046875,0.044769287109375,0.15625,0,5,0.04129999876022339,0.05750000104308128,0.08550000190734863,-0.27043089270591736,-0.17729084193706512
1942224,2022,dry,annotated,0,536475,5123595,1800,0.1,0.10541988164186478,0.1964111328125,-0.124237060546875,0,0,5,0.06620000302791595,0.11829999834299088,0.17020000517368317,-0.4699646532535553,-0.43993231654167175
1942495,2022,dry,annotated,0,536475,5123415,2700,0.0888888888888889,0.1805061846971512,0.0782470703125,-0.380950927734375,0.02777777798473835,0,5,0.08460000157356262,0.15889999270439148,0.26989999413490295,-0.5322976112365723,-0.5227080583572388
1942936,2022,terrain,annotated,0,536535,5123415,2700,0.0888888888888889,0.21461546421051023,0.661865234375,0.202667236328125,0.1428571492433548,0,5,0.04419999942183494,0.06199999898672104,0.0763000026345253,-0.2602510452270508,-0.19029568135738373
1944580,2022,shallow_viz,annotated,1,536805,5123085,5400,0.0666666666666667,0.05454377084970474,0.546142578125,0.147125244140625,0.1764705926179886,0.13333334028720856,5,0.02989999949932098,0.04039999842643738,0.04334999993443489,-0.10779372602701189,0.3677811622619629
1943356,2022,dry,annotated,0,536625,5122485,12600,0.0523809523809524,0.09842132776975632,1.2098388671875,-0.086578369140625,0.02941176481544971,0,5,0.04650000110268593,0.08749999850988388,0.0926000028848648,-0.3314162492752075,-0.3314162492752075
1943467,2022,dry,annotated,0,536625,5122455,12600,0.0523809523809524,0.0988720804452896,1.17633056640625,-0.120086669921875,0.02941176481544971,0,5,0.05469999834895134,0.09560000151395798,0.11640000343322754,-0.3606078326702118,-0.3606078326702118
1943716,2022,dry,annotated,0,536685,5122515,12600,0.0523809523809524,0.6291908025741577,0.74664306640625,-0.549774169921875,0,0,5,0.05900000035762787,0.14579999446868896,0.16439999639987946,-0.47179946303367615,-0.47179946303367615
1942526,2022,dry,annotated,0,536505,5121375,110700,0.0227642276422764,0.11549346148967744,1.0211486816406818,-0.24481201171875,0,0,5,0.03894999995827675,0.09234999865293504,0.1340000033378601,-0.5572779178619385,-0.5082458853721619
1943194,2022,dry,annotated,0,536595,5121165,110700,0.0227642276422764,0.05765995383262634,1.0815734863281818,-0.18438720703125,0.07407407462596893,0,5,0.03054999932646751,0.09350000321865082,0.08380000293254852,-0.4645403027534485,-0.45945945382118225
1943328,2022,dry,annotated,0,536625,5121255,110700,0.0227642276422764,0.11104506254196168,0.8622436523438068,-0.403717041015625,0,0,5,0.04535000026226044,0.1656000018119812,0.1648000031709671,-0.5675761699676514,-0.5589473843574524
1943693,2022,shallow_viz,annotated,1,536685,5119965,5400,0.0777777777777778,0.5231740474700928,1.2373046874999432,-0.07855224609375,0.13793103396892548,0,5,0.04899999871850014,0.1128000020980835,0.12970000505447388,-0.392742782831192,-0.3884190022945404
1943501,2022,dry,annotated,0,536655,5120025,5400,0.0777777777777778,0.06185312569141388,1.4256591796874432,0.10980224609375,0.06666667014360428,0.0714285746216774,5,0.03795000165700912,0.08495000004768372,0.09860000014305116,-0.41433995962142944,-0.39465874433517456
4966744,2022,dry,annotated,0,536805,5118645,19800,0.0424242424242424,0.1544000506401062,0.670745849609375,0.03741455078125,0.08571428805589676,0,5,0.05139999836683273,0.08540000021457672,0.0925000011920929,-0.326977014541626,-0.08470846712589264
4967096,2022,dry,annotated,0,536865,5118615,19800,0.0424242424242424,0.18978534638881683,0.37286376953125,-0.260467529296875,0,0,5,0.06915000081062317,0.1140500009059906,0.1700499951839447,-0.4406397044658661,-0.394041121006012
4964518,2022,em_veg,random_draw,0,536475,5117325,58500,0.0348717948717949,0.204530730843544,0.586822509765625,-0.09832763671875,0.6551724076271057,0.2857142984867096,4,0.05310000106692314,0.124099999666214,0.14239999651908877,-0.44164037704467773,-0.4204488694667816
4964783,2022,em_veg,random_draw,0,536505,5117175,58500,0.0348717948717949,0,0.748382568359375,0.063232421875,1,0.9166666865348816,3,0.01350000035017728,0.03720000013709068,0.03990000113844871,-0.4747081696987152,-0.265625
4965058,2022,em_veg,random_draw,0,536535,5117625,58500,0.0348717948717949,0,0.748382568359375,0.063232421875,0.7599999904632568,0.3571428656578064,5,0.00529999984428286,0.0186999998986721,0.02749999985098838,-0.6768292784690857,-0.6768292784690857
4965216,2022,em_veg,random_draw,0,536565,5117415,58500,0.0348717948717949,0,0.748382568359375,0.063232421875,0.9230769276618958,0.6000000238418579,3,0.00910000037401914,0.02555000036954879,0.02865000069141388,-0.563562273979187,-0.3154362440109253
4965362,2022,em_veg,random_draw,0,536565,5117505,58500,0.0348717948717949,0,0.748382568359375,0.063232421875,0.9166666865348816,0.5333333611488342,3,0.00999999977648258,0.01695000007748603,0.02969999983906746,-0.602015495300293,-0.27893736958503723
4965844,2022,em_veg,random_draw,0,536655,5117445,58500,0.0348717948717949,0.30166095495224,0.395294189453125,-0.28985595703125,0.3333333432674408,0.2142857164144516,5,0.05389999970793724,0.12039999663829803,0.1404000073671341,-0.4356709122657776,-0.4068136215209961
4965913,2022,em_veg,random_draw,0,536655,5117355,58500,0.0348717948717949,0.08584462851285934,0.67791748046875,-0.007232666015625,0.5909090638160706,0.3571428656578064,5,0.02539999969303608,0.06419999897480011,0.0737999975681305,-0.514340341091156,-0.38721805810928345
4966301,2022,terrain,annotated,0,536715,5117385,37800,0.0396825396825397,0.25556203722953796,0.7872314453125,0.07415771484380684,0.3199999928474426,0,5,0.04129999876022339,0.10109999775886536,0.1046999990940094,-0.40909090638160706,-0.4014492630958557
4966356,2022,terrain,annotated,0,536715,5117685,37800,0.0396825396825397,0.22336916625499725,0.79345703125,0.08038330078130684,0.3461538553237915,0,5,0.04019999876618385,0.09749999642372131,0.0885000005364418,-0.3594646155834198,-0.3358490467071533
4966418,2022,dry,annotated,0,536745,5117565,37800,0.0396825396825397,0.06993547827005386,0.45428466796875,-0.25878906249994316,0,0,5,0.06620000302791595,0.1055999994277954,0.1617999970912933,-0.46162745356559753,-0.3333333432674408
4966561,2022,dry,annotated,0,536775,5117535,37800,0.0396825396825397,0.09718933701515198,0.58221435546875,-0.13085937499994316,0.03846153989434242,0,5,0.05189999938011169,0.10289999842643738,0.14820000529289246,-0.4763912260532379,-0.4676923155784607
4966627,2022,dry,annotated,0,536775,5117685,37800,0.0396825396825397,0.17145733535289764,0.664031982421875,-0.04904174804681816,0,0,5,0.0523499995470047,0.11124999821186066,0.1859000027179718,-0.5258486270904541,-0.38668662309646606
4966726,2022,dry,annotated,0,536805,5116935,11700,0.0666666666666667,0.36190441250801086,0.890594482421875,-0.1751708984375,0.28125,0,5,0.03700000047683716,0.18410000205039975,0.16110000014305115,-0.626451313495636,-0.47835052013397217
4966747,2022,em_veg,annotated,0,536805,5116785,11700,0.0666666666666667,0.09007281064987184,1.02032470703125,-0.045440673828125,0.06060606241226196,0,5,0.0203000009059906,0.0948999971151352,0.10369999706745148,-0.6725806593894958,-0.42039355635643005
4966849,2022,em_veg,annotated,0,536835,5116935,11700,0.0666666666666667,0.0466916598379612,1.32452392578125,0.258758544921875,0.625,0.0714285746216774,5,0.01569999940693378,0.03590000048279762,0.05380000174045563,-0.6439909338951111,-0.385294109582901
4967063,2022,em_veg,annotated,0,536865,5116875,11700,0.0666666666666667,0.2459502071142197,0.892242431640625,-0.17352294921875,0.29032257199287415,0,5,0.04565000161528587,0.11620000004768372,0.13944999873638153,-0.5085774660110474,-0.4770173728466034
4967153,2022,dry,annotated,0,536895,5116905,11700,0.0666666666666667,0.3389210104942322,0.969635009765625,-0.09613037109375,0.17241379618644714,0,5,0.04645000025629997,0.14755000174045563,0.1789499968290329,-0.5882807374000549,-0.5782312750816345
4967459,2022,glint,annotated,0,536955,5115525,123300,0.0316301703163017,0.08273563534021378,0.884674072265625,0.06298828125,0.12903225421905518,0,5,0.04520000144839287,0.045499999076128,0.03319999948143959,0.14489421248435974,0.1649484485387802
4967766,2022,glint,annotated,0,537015,5115555,123300,0.0316301703163017,0.16882474720478058,0.6224365234375,-0.199249267578125,0.09677419066429138,0,5,0.05135000124573707,0.09839999675750732,0.11864999681711196,-0.39434465765953064,-0.3740219175815582
4968083,2022,dry,annotated,0,537075,5115405,123300,0.0316301703163017,0.11016133427619934,0.843597412109375,0.02191162109375,0.15625,0,5,0.04740000143647194,0.08505000174045563,0.08285000175237656,-0.2783122956752777,-0.23296888172626495
4968646,2022,glint,annotated,0,537165,5115345,123300,0.0316301703163017,0.16052088141441345,0.632720947265625,-0.18896484375,0.10000000149011612,0,5,0.04964999854564667,0.09929999709129332,0.1168999969959259,-0.4063309133052826,-0.3491635322570801
4968604,2022,em_veg,random_draw,0,537165,5114835,2700,0.0888888888888889,0.1758849322795868,0.19854736328125,-0.1158447265625,0,0,5,0.0803999975323677,0.148499995470047,0.2041500061750412,-0.4434179961681366,-0.4293552935123443
4964360,2022,deep_water,random_draw,0,536445,5111925,89100,0.0262626262626263,0.02504805475473404,3.470977783203182,0.190399169921875,0.8928571343421936,0.3333333432674408,4,0.03660000115633011,0.05189999938011169,0.06435000151395798,-0.2198362648487091,-0.2177191376686096
4964390,2022,deep_water,random_draw,0,536445,5112345,89100,0.0262626262626263,0.09923722594976424,3.061523437500057,-0.21905517578125,0.26923078298568726,0,5,0.04650000110268593,0.1509000062942505,0.13109999895095825,-0.45577311515808105,-0.4146835505962372
4965068,2022,deep_water,random_draw,0,536535,5112225,89100,0.0262626262626263,0.15706409513950348,3.309112548828182,0.028533935546875,0.6296296119689941,0,5,0.04129999876022339,0.0812000036239624,0.08739999681711197,-0.40108585357666016,-0.3062605857849121
4965072,2022,deep_water,random_draw,0,536535,5111925,89100,0.0262626262626263,3.6841124529019e-4,3.476684570312557,0.19610595703125,0.92592591047287,1,3,0.03245000168681145,0.02944999933242798,0.03390000015497207,-0.04069193825125694,0.05295007675886154
4965504,2022,deep_water,random_draw,0,536595,5112045,89100,0.0262626262626263,0,3.476684570312557,0.19610595703125,0.9629629850387572,1,3,0.03334999829530716,0.04104999825358391,0.04524999856948852,-0.1320652961730957,-0.04424778744578361
4965643,2022,deep_water,random_draw,0,536625,5111715,89100,0.0262626262626263,1.0109400749206543,2.729278564453182,-0.551300048828125,1,1,3,0.05689999833703041,0.0738999992609024,0.07670000195503235,-0.1481228619813919,-0.1424265205860138
4965687,2022,deep_water,random_draw,0,536625,5112135,89100,0.0262626262626263,0.410342812538147,2.028442382812557,-1.25213623046875,0,0,5,0.0714000016450882,0.19859999418258667,0.22200000286102295,-0.517702579498291,-0.5132924318313599
4965733,2022,deep_water,random_draw,0,536625,5111865,89100,0.0262626262626263,0,3.476684570312557,0.19610595703125,0.9642857313156128,1,3,0.0305000003427267,0.03099999949336052,0.03864999860525131,-0.07555340230464935,-0.01750772446393966
4966087,2022,deep_water,random_draw,0,536685,5111595,89100,0.0262626262626263,0.3518795073032379,2.783264160156307,-0.497314453125,0.9655172228813172,1,4,0.0697999969124794,0.08980000019073486,0.10729999840259552,-0.2117447704076767,-0.20663650333881375
4966136,2022,deep_water,random_draw,0,536685,5111745,13500,0.0444444444444444,0.8411109447479248,1.47296142578125,-0.383636474609375,0.6399999856948853,0.3076923191547394,4,0.08009999990463257,0.1449999958276749,0.15680000185966492,-0.34155362844467163,-0.3088480830192566
4966140,2022,deep_water,random_draw,0,536685,5111565,13500,0.0444444444444444,0.3985987603664398,1.553955078125,-0.302642822265625,0.7931034564971924,0.0714285746216774,4,0.0689999982714653,0.13079999387264252,0.13979999721050262,-0.33107125759124756,-0.29307281970977783
4966653,2022,deep_water,random_draw,0,536805,5111715,13500,0.0444444444444444,0.8306412696838379,1.503082275390625,-0.353515625,0.5833333134651184,0.7142857313156128,4,0.07479999959468842,0.14900000393390656,0.1876000016927719,-0.4289297759532929,-0.4000000059604645
4965191,2022,dry,annotated,0,536535,5110485,2700,0.0888888888888889,0.1989855319261551,-4.8828125e-4,-0.2637939453125,0,0,5,0.0714000016450882,0.15860000252723694,0.24869999289512632,-0.5538893938064575,-0.5503920912742615
4965853,2022,dry,annotated,0,536655,5110515,2700,0.0888888888888889,0.6790497303009033,0.12713623046875,-0.13616943359375,0.0357142873108387,0,5,0.05590000003576279,0.17149999737739563,0.18629999458789823,-0.538398027420044,-0.5039370059967041
4968622,2022,shallow_viz,annotated,1,537165,5110065,7200,0.05,0.08488645404577255,0.23895263671875,-0.040069580078125,0.03333333507180214,0,5,0.05530000105500221,0.10419999808073044,0.14569999277591705,-0.44975125789642334,-0.417639434337616
4968588,2022,dry,annotated,0,537135,5110095,7200,0.05,0.10752136260271072,0.158416748046875,-0.12060546875,0.06666667014360428,0,5,0.06599999964237213,0.12280000001192092,0.1670999974012375,-0.42881572246551514,-0.39921391010284424
4963630,2022,deep_water,random_draw,0,536295,5108835,57600,0.0239583333333333,0.0812719315290451,3.945404052734375,0.34625244140619316,0.6551724076271057,0,4,0.03875000029802322,0.09035000205039978,0.07514999806880951,-0.31136706471443176,-0.18497653305530548
4963749,2022,deep_water,random_draw,0,536325,5108715,57600,0.0239583333333333,0.2803654968738556,1.847137451171875,-1.7520141601563068,0,0,5,0.07559999823570251,0.25850000977516174,0.2865999937057495,-0.5735122561454773,-0.5210472345352173
4964212,2022,deep_water,random_draw,0,536415,5108775,57600,0.0239583333333333,0,4.013336181640625,0.4141845703124432,0.9615384340286256,1,3,0.03229999914765358,0.02500000037252903,0.03400000184774399,-0.11011236160993576,0.7554348111152649
4964281,2022,deep_water,random_draw,0,536415,5108955,57600,0.0239583333333333,0.24005652964115143,3.184783935546875,-0.4143676757813069,0,0,5,0.08789999783039093,0.2496999949216843,0.27489998936653137,-0.515435516834259,-0.515435516834259
4965224,2022,deep_water,random_draw,0,536565,5108925,57600,0.0239583333333333,0.4662535488605499,3.6153564453125,0.01620483398431815,1,0.07692307978868484,4,0.05160000175237655,0.13760000467300415,0.11079999804496764,-0.4118918776512146,-0.3645320236682892
4965252,2022,deep_water,random_draw,0,536565,5108835,57600,0.0239583333333333,0.3044469952583313,3.7796630859375,0.18051147460931816,0.800000011920929,0.07692307978868484,4,0.0520000010728836,0.1315000057220459,0.1168999969959259,-0.3949091732501984,-0.28496041893959045
4965858,2022,deep_water,random_draw,0,536655,5109015,57600,0.0239583333333333,0.6226375699043274,0.20770263671875,-3.391448974609432,0,0,5,0.09109999984502792,0.2843500077724457,0.2659499943256378,-0.4815877974033356,-0.4360313415527344
4967486,2022,dry,annotated,0,536925,5108685,20700,0.0405797101449275,0.25375279784202576,0.7212524414061932,-0.23248291015625,0.800000011920929,0,4,0.06219999864697456,0.13689999282360077,0.14800000190734863,-0.4310189485549927,-0.4081826806068421
4967487,2022,em_veg,annotated,0,536925,5108655,20700,0.0405797101449275,0.23423704504966736,0.8152465820311932,-0.13848876953125,0.774193525314331,0,4,0.04940000176429748,0.11909999698400496,0.14219999313354492,-0.4574409723281861,-0.3989178538322449
4967651,2022,terrain,annotated,0,536985,5108745,20700,0.0405797101449275,0.00958042591810226,1.0161437988280682,0.062408447265625,0.8709677457809448,0.5,3,0.02470000088214874,0.04120000079274177,0.05999999865889549,-0.3560042381286621,0.00934579409658908
4968492,2022,terrain,annotated,0,537135,5108805,20700,0.0405797101449275,0.288135290145874,0.26242065429681816,-0.691314697265625,0,0.0714285746216774,5,0.09160000085830688,0.2073500007390976,0.26980000734329224,-0.4946597218513489,-0.4776918590068817
4964947,2022,dry,annotated,0,536505,5106915,61200,0.0254901960784314,0.14651907980442047,0.020721435546875,-0.559112548828125,0,0,5,0.07760000228881836,0.16060000658035278,0.21230000257492063,-0.48122867941856384,-0.4646429717540741
4966026,2022,deep_water,random_draw,0,536685,5106135,9900,0.0606060606060606,0.2800842821598053,0.39306640625,-0.226776123046875,0.1428571492433548,0,5,0.05065000057220459,0.13899999856948853,0.1569499969482422,-0.4900151789188385,-0.378113865852356
4966484,2022,deep_water,random_draw,0,536775,5105985,9900,0.0606060606060606,0.25382286310195923,0.23638916015625,-0.383453369140625,0,0,5,0.07039999961853027,0.1703999936580658,0.2046000063419342,-0.486810564994812,-0.4628004431724548
4964172,2022,dry,annotated,0,536385,5104725,49500,0.0303030303030303,0.10384267568588255,0.5224609375,-0.47409057617181816,0,0.1111111119389534,5,0.08685000240802765,0.18005000054836273,0.2371000051498413,-0.4746653139591217,-0.45553869009017944
4964313,2022,glint,annotated,0,536415,5104905,49500,0.0303030303030303,0.17872250080108645,0.9267578125,-0.06979370117181816,0.25,0,5,0.05685000121593475,0.10019999742507936,0.11535000056028366,-0.3393811583518982,-0.2819247245788574
4964647,2022,dry,annotated,0,536475,5104905,49500,0.0303030303030303,0.18914081156253815,0.3602294921875,-0.6363220214843182,0,0,5,0.09064999967813492,0.18494999408721924,0.28235000371932983,-0.49364498257637024,-0.4617319405078888
4964693,2022,dry,annotated,0,536475,5104785,49500,0.0303030303030303,0.1481073796749115,0.738372802734375,-0.25817871093744316,0.06896551698446274,0.1666666716337204,5,0.07429999858140945,0.15565000474452972,0.1790499985218048,-0.3913366198539734,-0.36409854888916016
4964073,2022,shallow_viz,annotated,1,536385,5104815,49500,0.0303030303030303,0.04676967114210129,1.230712890625,0.23416137695318184,0.6399999856948853,0.05882352963089943,5,0.03739999979734421,0.03440000116825104,0.03750000149011612,0.05949008464813232,0.15196599066257477
4964171,2022,shallow_viz,annotated,1,536415,5104875,49500,0.0303030303030303,0.0132165877148509,1.25250244140625,0.25595092773443184,0.5769230723381042,0.05882352963089943,5,0.0430000014603138,0.04259999841451645,0.0421999990940094,0.00289017334580421,0.04847801476716995
4966904,2022,dry,annotated,0,536835,5104545,100800,0.0261904761904762,0.15101417899131775,0.371826171875,-0.286346435546875,0,0,5,0.06369999796152115,0.16304999589920044,0.1554500013589859,-0.41288313269615173,-0.3797678351402282
4967014,2022,em_veg,annotated,0,536865,5104515,100800,0.0261904761904762,0.24134479463100433,0.616729736328125,-0.04144287109375,0.13333334028720856,0,5,0.04984999820590019,0.1221499964594841,0.1206500008702278,-0.4138534963130951,-0.40213048458099365
4967120,2022,em_veg,annotated,0,536865,5104635,100800,0.0261904761904762,0.2471838146448135,0.581878662109375,-0.0762939453125,0.03448275849223137,0,5,0.04960000142455101,0.1246500015258789,0.1352500021457672,-0.4606768786907196,-0.44337812066078186
4967186,2022,deep_viz,annotated,0,536895,5104455,100800,0.0261904761904762,0.40434807538986206,0.659210205078125,0.00103759765625,0.22580644488334656,0,5,0.05649999901652336,0.13760000467300415,0.1412000060081482,-0.42842692136764526,-0.3982195854187012
4967187,2022,dry,annotated,0,536895,5104395,100800,0.0261904761904762,0.33747759461402893,0.670928955078125,0.01275634765625,0.22580644488334656,0,5,0.04980000108480453,0.11460000276565552,0.12960000336170197,-0.44481605291366577,-0.403832495212555
4967357,2022,deep_viz,annotated,0,536925,5104695,100800,0.0261904761904762,0.29483306407928467,1.064422607421875,0.40625,0.6206896305084229,0,4,0.03130000084638595,0.08649999648332596,0.07769999653100967,-0.4334038197994232,-0.42568808794021606
4967374,2022,dry,annotated,0,536925,5104275,100800,0.0261904761904762,0.1045915111899376,0.463287353515625,-0.19488525390625,0,0,5,0.0608999989926815,0.1881999969482422,0.1785999983549118,-0.4914405047893524,-0.48182761669158936
4967806,2022,em_veg,annotated,0,537015,5104785,100800,0.0261904761904762,0.2453058809041977,0.614532470703125,-0.04364013671875,0.3870967626571655,0,5,0.04210000112652778,0.09440000355243684,0.06745000183582306,-0.23194071650505063,-0.2218370884656906
4968185,2022,glint,annotated,0,537045,5104755,100800,0.0261904761904762,0.11218129098415376,0.6083984375,-0.049774169921875,0,0,5,0.07370000332593918,0.12240000069141388,0.15520000457763672,-0.4543904662132263,-0.35605067014694214
4966126,2022,dry,annotated,0,536715,5102625,10800,0.0555555555555556,0.10551875084638596,0.27301025390625,-0.109893798828125,0.03225806355476379,0,5,0.05620000138878822,0.15174999833106995,0.14569999277591705,-0.4439254403114319,-0.4159806370735169
4964695,2022,deep_water,random_draw,0,536505,5101125,20700,0.0405797101449275,0.2367732673883438,0.824462890625,-0.73504638671875,0,0,5,0.08269999921321869,0.1639000028371811,0.2468000054359436,-0.49802732467651367,-0.4852897524833679
4965522,2022,deep_water,random_draw,0,536595,5101215,20700,0.0405797101449275,0.1386578530073166,1.8568115234375,0.29730224609375,0.25806450843811035,0,5,0.01510000042617321,0.03119999915361404,0.04030000045895576,-0.4728682041168213,0.8083832263946533
4965626,2022,deep_water,random_draw,0,536595,5101125,20700,0.0405797101449275,0.22793731093406677,1.698974609375,0.13946533203125,0.24137930572032928,0,5,0.0243999995291233,0.06859999895095825,0.05299999937415123,-0.3695090413093567,-0.07854984700679779
4965992,2022,deep_water,random_draw,0,536655,5100675,46800,0.0307692307692308,0.307501882314682,0.558441162109375,-0.001220703125,0.5666666626930237,0,4,0.0608999989926815,0.12549999356269836,0.1459999978542328,-0.4113098084926605,-0.3840864300727844
4965994,2022,deep_water,random_draw,0,536655,5100525,46800,0.0307692307692308,0.27472105622291565,0.54559326171875,-0.014068603515625,0.5161290168762207,0,5,0.06544999778270721,0.14869999885559082,0.16245000064373016,-0.42559465765953064,-0.4238499402999878
4966031,2022,deep_water,random_draw,0,536685,5100405,46800,0.0307692307692308,0.163185253739357,0.405426025390625,-0.15423583984375,0.3103448152542114,0,5,0.03884999826550484,0.11569999903440475,0.10854999721050262,-0.4759674072265625,-0.433986097574234
4966093,2022,deep_water,random_draw,0,536685,5100825,46800,0.0307692307692308,0.11832192540168762,0.702545166015625,0.14288330078125,0.7241379022598267,0,3,0.03790000081062317,0.11500000208616255,0.08399999886751175,-0.39650872349739075,-0.1495601236820221
4966622,2022,deep_water,random_draw,0,536775,5100585,46800,0.0307692307692308,0.12747174501419067,-0.186676025390625,-0.746337890625,0,0,5,0.12870000302791595,0.2451999932527542,0.33070001006126404,-0.4590163826942444,-0.3894957900047302
4966711,2022,deep_water,random_draw,0,536805,5100705,46800,0.0307692307692308,0.1616406291723251,0.66937255859375,0.109710693359375,0.6333333253860474,0,5,0.02710000053048134,0.06069999933242798,0.05719999969005585,-0.3875706195831299,-0.04491018131375313
4967304,2022,deep_water,random_draw,0,536925,5100315,47700,0.030188679245283,0.14463259279727936,0.98876953125,-0.07257080078125,0.3235294222831726,0,5,0.03480000048875809,0.09435000270605089,0.11219999939203262,-0.5279631614685059,-0.5066921710968018
4967474,2022,deep_water,random_draw,0,536955,5100165,47700,0.030188679245283,0,1.20703125,0.14569091796875,1,1,3,0.01734999939799308,0.01730000041425228,0.03034999966621399,-0.28497013449668884,-0.17514124512672424
4967856,2022,deep_water,random_draw,0,537015,5100285,47700,0.030188679245283,0.2207522988319397,1.00042724609375,-0.0609130859375,0.774193525314331,0.0625,4,0.04250000044703483,0.09584999829530716,0.09754999727010728,-0.39280709624290466,-0.376906305551529
4967919,2022,deep_water,random_draw,0,537015,5100405,47700,0.030188679245283,0.12252241373062134,1.00579833984375,-0.0555419921875,0.53125,0.0625,5,0.04524999856948852,0.09274999797344208,0.1071000024676323,-0.4059855043888092,-0.40567824244499207
4968024,2022,deep_water,random_draw,0,537045,5100165,47700,0.030188679245283,0,1.20703125,0.14569091796875,1,1,2,0.01429999992251396,0.01755000092089176,0.02914999984204769,-0.3553538918495178,-0.2829457223415375
4968518,2022,deep_water,random_draw,0,537135,5100435,47700,0.030188679245283,0.18737930059432983,0.918121337890625,-0.143218994140625,0,0,5,0.04839999973773956,0.11620000004768372,0.1815000027418137,-0.5318091511726379,-0.455954909324646
4969837,2022,dry,annotated,0,537345,5100225,10800,0.0555555555555556,0.12873657047748566,0.25872802734375,-0.172271728515625,0,0,5,0.05424999818205833,0.09009999781847,0.13064999878406525,-0.3919350206851959,-0.37353435158729553
4975103,2022,em_veg,annotated,0,538185,5099955,10800,0.0444444444444444,0.28109070658683777,0.6282958984375,-0.047943115234375,0.11428571492433548,0.07692307978868484,5,0.05570000037550926,0.09769999980926514,0.14000000059604645,-0.4632352888584137,-0.375921368598938
4975333,2022,dry,annotated,0,538185,5100015,10800,0.0444444444444444,0.11413752287626266,0.455841064453125,-0.22039794921875,0.03225806355476379,0,5,0.04439999908208847,0.0786999985575676,0.07150000333786011,-0.2805139124393463,-0.1843711882829666
4976555,2022,dry,annotated,0,538365,5099865,13500,0.0444444444444444,0.04891745746135712,0.26068115234380684,-0.011016845703125,0.1666666716337204,0,5,0.05700000002980232,0.08079999685287476,0.05249999836087227,-0.00662251655012369,0.1661442071199417
4979325,2022,co_precise,annotated,1,538815,5100015,4500,0.08,0.15646952390670776,0.46893310546875,-0.10031127929681816,0,0,5,0.06669999659061432,0.11330000311136246,0.17090000212192535,-0.43855220079422,-0.327965646982193
4979112,2022,dry,annotated,0,538785,5100045,4500,0.08,0.1985919773578644,0.794403076171875,0.22515869140630684,0.3125,0,5,0.05909999832510948,0.08775000274181366,0.09790000319480896,-0.2789774537086487,-0.18648648262023929
4979539,2022,dry,annotated,0,538845,5100015,4500,0.08,0.14113271236419678,0.0146484375,-0.5545959472655682,0,0,5,0.10080000013113022,0.19339999556541443,0.3165999948978424,-0.5101085305213928,-0.5052151083946228
4984626,2022,dry,annotated,0,539655,5099565,225900,0.0177954847277556,0.17223875224590302,1.664794921875,-0.46826171875,0.03225806355476379,0,5,0.05860000103712082,0.2061000019311905,0.19020000100135803,-0.493513822555542,-0.4891808331012726
4986283,2022,deep_water,random_draw,0,539955,5100375,18000,0.04,0.16653864085674286,0.477996826171875,-0.236907958984375,0.1071428582072258,0,5,0.05750000104308128,0.15129999816417694,0.181999996304512,-0.5403677225112915,-0.4637436866760254
4986741,2022,deep_water,random_draw,0,540045,5100285,18000,0.04,0.06432449817657471,0.71514892578125,2.44140625e-4,0.92592591047287,0.692307710647583,3,0.02500000037252903,0.06210000067949295,0.0746999979019165,-0.498495489358902,-0.42914173007011414
4986978,2022,deep_water,random_draw,0,540075,5100375,18000,0.04,0.09239642322063446,0.685272216796875,-0.029632568359375,0.8518518805503845,0.4615384638309479,4,0.02380000054836273,0.06849999725818634,0.08569999784231186,-0.6291126608848572,-0.4331103563308716
4987428,2022,deep_water,random_draw,0,540135,5100285,18000,0.04,0.2061526924371719,0.515960693359375,-0.198944091796875,0.6666666865348816,0.2142857164144516,4,0.05249999836087227,0.1193000003695488,0.14470000565052032,-0.5035260915756226,-0.46754562854766846
4986499,2022,shallow_viz,annotated,1,540015,5099775,10800,0.0555555555555556,0.1543073058128357,0.7762451171875,0.302642822265625,0.3333333432674408,0.06666667014360428,5,0.02934999950230121,0.02284999936819076,0.01930000074207782,0.6759190559387207,1
4986898,2022,shallow_viz,annotated,1,540075,5099775,10800,0.0555555555555556,0.16678068041801453,0.472412109375,-0.001190185546875,0.14705882966518402,0,5,0.04535000026226044,0.0778999999165535,0.09600000083446504,-0.3835760354995727,-0.3244837820529938
4987311,2022,dry,annotated,0,540105,5099745,10800,0.0555555555555556,0.108293354511261,0.240936279296875,-0.232666015625,0.03125,0,5,0.05059999972581863,0.10440000146627426,0.13449999690055847,-0.4532684981822967,-0.39505040645599365
4988958,2022,dry,annotated,0,540345,5100195,31500,0.0457142857142857,0.38100308179855347,1.925537109375,-0.21258544921875,0.5666666626930237,0.3571428656578064,4,0.04800000041723251,0.10769999772310256,0.12770000100135803,-0.4443817138671875,-0.43661972880363464
4990034,2022,dry,annotated,0,540495,5100255,31500,0.0457142857142857,0.35528814792633057,2.0196533203125,-0.11846923828125,0.7666666507720947,0.5714285969734192,4,0.04820000007748604,0.0783500000834465,0.1221499964594841,-0.4232630133628845,-0.33917397260665894
4995008,2022,dry,annotated,0,541095,5099175,82800,0.0188405797101449,0.120230033993721,0.43121337890625,-0.24114990234375,0.14705882966518402,0,5,0.04639999940991402,0.11935000121593475,0.12645000219345093,-0.47488120198249817,-0.4261603355407715
4995289,2022,dry,annotated,0,541155,5099265,82800,0.0188405797101449,0.28068554401397705,0.357818603515625,-0.314544677734375,0.06451612710952759,0,5,0.06565000116825104,0.17354999482631683,0.1720999926328659,-0.46980151534080505,-0.4101783335208893
4995579,2022,dry,annotated,0,541185,5099385,82800,0.0188405797101449,0.16179247200489044,0.5550537109375,-0.1173095703125,0.02941176481544971,0,5,0.0681999996304512,0.14010000228881836,0.18140000104904175,-0.4385964870452881,-0.4313063025474548
4997256,2022,shallow_viz,annotated,1,541365,5098635,8100,0.0444444444444444,0.1124776527285576,0.43777465820306816,-0.107177734375,0,0,5,0.062950000166893,0.10164999961853027,0.13224999606609344,-0.3632795214653015,-0.32369643449783325
4997759,2022,shallow_viz,annotated,1,541425,5098575,8100,0.0444444444444444,0.0827215388417244,0.6083984374999432,0.063446044921875,0.29032257199287415,0,5,0.05530000105500221,0.07029999792575836,0.03370000049471855,0.13810741901397705,0.3894472420215606
5000739,2022,shallow_viz,annotated,1,541815,5098485,136800,0.0254385964912281,0.11860249191522598,2.227813720703125,-0.003143310546875,0.09677419066429138,0,5,0.02270000055432319,0.07410000264644623,0.05869999900460243,-0.536649227142334,-0.1629464328289032
5002032,2022,shallow_viz,annotated,1,541965,5098515,136800,0.0254385964912281,0.1059265211224556,2.178497314453125,-0.052459716796875,0.1428571492433548,0,5,0.02730000019073486,0.07410000264644623,0.05539999902248382,-0.39546599984169006,-0.26436781883239746
5001515,2022,dry,annotated,0,541935,5098665,136800,0.0254385964912281,0.13494069874286652,2.103363037109375,-0.127593994140625,0.0625,0,5,0.04459999874234199,0.10930000245571136,0.11749999970197678,-0.44972237944602966,-0.4315789341926574
5001516,2022,dry,annotated,0,541905,5098545,136800,0.0254385964912281,0.11950601637363434,2.189453125,-0.04150390625,0.0625,0,5,0.03020000085234642,0.10249999910593031,0.1151999980211258,-0.5310218930244446,-0.454120397567749
5002101,2022,dry,annotated,0,541995,5098455,136800,0.0254385964912281,0.23643192648887632,1.766815185546875,-0.464141845703125,0.03225806355476379,0,5,0.06909999996423721,0.16660000383853912,0.19529999792575836,-0.48966026306152344,-0.4334600865840912
4998972,2022,shallow_viz,annotated,1,541605,5096955,7200,0.0583333333333333,0.06492079049348831,0.77288818359375,0.161376953125,0.03030303120613098,0,5,0.04830000177025795,0.11789999902248384,0.0794999971985817,-0.27075812220573425,0.01684210449457168
4998792,2022,dry,annotated,0,541575,5096985,7200,0.0583333333333333,0.06437623500823975,0.512298583984375,-0.099212646484375,0,0,5,0.05674999952316284,0.2111999988555908,0.1526000052690506,-0.423650324344635,-0.39242133498191833
4998928,2022,dry,annotated,0,541605,5096925,7200,0.0583333333333333,0.19243504106998444,0.490692138671875,-0.120819091796875,0,0,5,0.06069999933242798,0.248199999332428,0.1639000028371811,-0.4497090578079224,-0.41578441858291626
4995354,2022,dry,annotated,0,541155,5097105,56700,0.0232804232804233,0.19253358244895935,0.678466796875,-0.133880615234375,0.1034482792019844,0,5,0.04360000044107437,0.1387999951839447,0.12380000203847884,-0.479092001914978,-0.4243146479129791
4995560,2022,dry,annotated,0,541185,5096835,56700,0.0232804232804233,0.5070996880531311,0.520263671875,-0.292083740234375,0,0,5,0.06449999660253525,0.16339999437332153,0.18619999289512632,-0.4939191937446594,-0.4122670888900757
4995636,2022,terrain,annotated,0,541215,5096865,56700,0.0232804232804233,3.7113536382094026e-4,0.87799072265625,0.065643310546875,0.25925925374031067,0.0833333358168602,5,0.01669999957084655,0.04740000143647194,0.05590000003576279,-0.5399448871612549,-0.3674197494983673
4996290,2022,deep_viz,annotated,0,541275,5096925,56700,0.0232804232804233,0,0.87799072265625,0.065643310546875,0.14814814925193787,0,5,0.02930000051856041,0.07840000092983246,0.06800000369548798,-0.3732620179653168,-0.3356461524963379
4996300,2022,dry,annotated,0,541275,5097045,56700,0.0232804232804233,0.20295485854148865,0.512939453125,-0.299407958984375,0.0357142873108387,0,5,0.05225000157952309,0.18299999833106995,0.1578499972820282,-0.4999196231365204,-0.4909623861312866
4996433,2022,terrain,annotated,0,541305,5096865,56700,0.0232804232804233,0,0.87799072265625,0.065643310546875,0.2222222238779068,0,5,0.02085000090301037,0.05510000139474869,0.05689999833703041,-0.46407195925712585,-0.3938618898391723
4997328,2022,deep_viz,annotated,0,541395,5096925,56700,0.0232804232804233,1.311675296165049e-4,0.87799072265625,0.065643310546875,0.42307692766189575,0.07692307978868484,5,0.02095000073313713,0.04565000161528587,0.03905000165104866,-0.26058536767959595,-0.19904077053070068
4995400,2022,em_veg,annotated,0,541185,5096685,74700,0.0184738955823293,0.03433041647076607,0.527587890625,-0.013092041015625,0.29629629850387573,0,5,0.02565000019967556,0.06210000067949295,0.08079999685287476,-0.5283780097961426,-0.43892166018486023
4996668,2022,dry,annotated,0,541335,5096625,74700,0.0184738955823293,0,0.548004150390625,0.00732421875,0.03846153989434242,0,5,0.06729999929666519,0.14630000293254852,0.13420000672340393,-0.3530941307544708,-0.32805541157722473
4996933,2022,dry,annotated,0,541365,5096715,74700,0.0184738955823293,0,0.548004150390625,0.00732421875,0.03846153989434242,0,5,0.06769999861717224,0.1382499933242798,0.13279999792575836,-0.3278517723083496,-0.2952575087547302
4997866,2022,em_veg,annotated,0,541425,5096745,74700,0.0184738955823293,0.0074537037871778,0.546630859375,0.005950927734375,0.26923078298568726,0,5,0.03730000182986259,0.06949999928474426,0.06520000100135803,-0.27305862307548523,-0.27199190855026245
4997962,2022,em_veg,annotated,0,541425,5096535,74700,0.0184738955823293,0.08087404072284698,0.458404541015625,-0.082275390625,0.03125,0,5,0.04704999923706055,0.10445000231266022,0.12219999730587006,-0.44424715638160706,-0.3884572684764862
4998643,2022,dry,annotated,0,541545,5096775,8100,0.0592592592592593,0.03723819181323051,0.303009033203125,-0.00732421875,0.03225806355476379,0,5,0.05779999867081642,0.14270000159740448,0.16169999539852142,-0.4705357253551483,-0.4222954511642456
4999357,2022,shallow_viz,annotated,1,541635,5096235,14400,0.0375,0.08556181192398071,0.3945922851561931,-0.030609130859375,0.02941176481544971,0,5,0.04399999976158142,0.1720999926328659,0.10689999908208848,-0.4475831687450409,-0.3784655034542084
4999489,2022,shallow_viz,annotated,1,541665,5096265,14400,0.0375,0.06243186071515083,0.46719360351556816,0.0419921875,0.02941176481544971,0,5,0.03220000118017197,0.08049999922513962,0.05319999903440475,-0.2711111009120941,-0.19207316637039185
4999299,2022,dry,annotated,0,541635,5096175,14400,0.0375,0.10308913141489028,0.43649291992181816,0.01129150390625,0.02941176481544971,0,5,0.04589999839663505,0.17170000076293945,0.11320000141859056,-0.45259392261505127,-0.37964656949043274
4999373,2022,dry,annotated,0,541665,5096145,14400,0.0375,0.0867665484547615,0.18945312499994316,-0.235748291015625,0,0,5,0.06719999760389328,0.2973000109195709,0.19769999384880063,-0.47795552015304565,-0.4633604884147644
5000012,2022,dry,annotated,0,541725,5096235,14400,0.0375,0.0714443027973175,0.23556518554681816,-0.18963623046875,0,0,5,0.05770000070333481,0.2319999933242798,0.17599999904632568,-0.5049848556518555,-0.4886499345302582
4984814,2022,shallow_viz,annotated,1,539715,5095005,13500,0.04,0.03851146250963211,0.487060546875,0.006500244140625,0.1621621549129486,0,5,0.02610000036656856,0.04160000011324882,0.03730000182986259,-0.17665615677833557,-0.17665615677833557
4984910,2022,shallow_viz,annotated,1,539715,5094945,13500,0.04,0.06741099804639816,0.63006591796875,0.149505615234375,0.17142857611179352,0,5,0.03144999966025352,0.03844999894499779,0.03999999910593033,-0.11719614267349245,-0.08295626193284988
4984603,2022,dry,annotated,0,539685,5094975,13500,0.04,0.08768007904291153,0.379058837890625,-0.10150146484375,0.1428571492433548,0,5,0.0564499981701374,0.11665000021457672,0.14474999904632568,-0.44350704550743103,-0.4179983139038086
4985046,2022,dry,annotated,0,539745,5094915,13500,0.04,0.23090112209320068,0.440093994140625,-0.04046630859375,0.1515151560306549,0,5,0.04809999838471413,0.09749999642372131,0.10665000230073927,-0.3847540318965912,-0.3415869474411011
4982665,2022,shallow_viz,annotated,1,539355,5090595,9000,0.0733333333333333,0.08182654529809952,0.2391357421875,0.0504150390625,0.1034482792019844,0,5,0.02355000004172325,0.07580000162124634,0.07074999809265137,-0.49435877799987793,-0.3705357015132904
4983287,2022,shallow_viz,annotated,1,539445,5090475,9000,0.0733333333333333,0.0526568666100502,0.240936279296875,0.052215576171875,0.03703703731298447,0,5,0.05220000073313713,0.08739999681711197,0.11540000140666962,-0.4178082048892975,-0.3770883083343506
4982620,2022,dry,annotated,0,539325,5090535,9000,0.0733333333333333,0.17413447797298431,-0.385894775390625,-0.574615478515625,0,0,5,0.08754999935626984,0.17714999616146088,0.26759999990463257,-0.5073115825653076,-0.504186749458313
4982802,2022,dry,annotated,0,539355,5090625,9000,0.0733333333333333,0.07382244616746902,0.194305419921875,0.005584716796875,0.03448275849223137,0,5,0.03404999896883964,0.09754999727010728,0.11124999821186066,-0.5195782780647278,-0.4434499740600586
4983100,2022,dry,annotated,0,539415,5090565,9000,0.0733333333333333,0.09024331718683244,0.151763916015625,-0.036956787109375,0,0,5,0.05510000139474869,0.125,0.1585499942302704,-0.4770738184452057,-0.4312638640403747
5331219,2022,em_veg,annotated,0,538155,5089365,900,0.133333333333333,0.07006265968084335,0.212158203125,5.684341886080804e-14,0.4375,0,4,0.03680000081658363,0.07720000296831131,0.10119999945163728,-0.4921875,-0.3191489279270172
5338439,2022,dry,annotated,0,539055,5086485,35100,0.041025641025641,0.1584039032459259,0.694580078125,-0.28057861328125,0,0,5,0.06400000303983688,0.2569499909877777,0.1780499964952469,-0.4710825979709625,-0.469696968793869
5338924,2022,em_veg,annotated,0,539085,5086545,35100,0.041025641025641,0.15126629173755646,0.8597412109375,-0.11541748046875,0.1034482792019844,0,5,0.05615000054240227,0.13279999792575836,0.15950000286102295,-0.48009809851646423,-0.4633715748786926
5339425,2022,em_veg,annotated,0,539175,5086485,35100,0.041025641025641,0.0740511566400528,1.009918212890625,0.034759521484375,0.0714285746216774,0,5,0.03920000046491623,0.11209999769926073,0.06785000115633011,-0.27572062611579895,-0.2217709124088287
5339769,2022,dry,annotated,0,539205,5086455,35100,0.041025641025641,0.1021953597664833,0.984375,0.00921630859375,0.06451612710952759,0,5,0.04890000075101852,0.15584999322891235,0.11964999884366988,-0.4201648533344269,-0.41701680421829224
5341051,2022,dry,annotated,0,539385,5083935,24300,0.0493827160493827,0.08379475772380829,0.273681640625,-0.187774658203125,0,0,5,0.05469999834895134,0.11760000139474867,0.14910000562667847,-0.4631992280483246,-0.4631992280483246
5335609,2022,dry,annotated,0,538695,5082255,67500,0.0328888888888889,0.15674838423728943,0.73907470703125,0.04132080078125,0.07692307978868484,0,5,0.04390000179409981,0.14534999430179596,0.11344999819993971,-0.4465622007846832,-0.39697322249412537
5337059,2022,dry,annotated,0,538845,5082375,67500,0.0328888888888889,0.12988513708114624,0.527587890625,-0.170166015625,0,0,5,0.04450000077486038,0.16930000483989716,0.125900000333786,-0.47769951820373535,-0.47769951820373535
5337594,2022,dry,annotated,0,538905,5082225,67500,0.0328888888888889,0.11847318708896636,0.427032470703125,-0.270721435546875,0,0,5,0.06960000097751617,0.2059500068426132,0.20090000331401825,-0.48475268483161926,-0.4733542203903198
5338715,2022,terrain,annotated,0,539085,5082135,14400,0.0583333333333333,0.08775199949741364,0.23797607421875,-0.067413330078125,0.03333333507180214,0.05882352963089943,5,0.0421999990940094,0.11465000361204147,0.13734999299049375,-0.5351532101631165,-0.4724935591220856
5339103,2022,dry,annotated,0,539115,5082165,14400,0.0583333333333333,0.1095149740576744,0.237884521484375,-0.0675048828125,0.0357142873108387,0,5,0.04224999994039535,0.10474999994039536,0.14435000717639923,-0.5464336276054382,-0.4667387902736664
5337602,2022,dry,annotated,0,538905,5081895,10800,0.0666666666666667,0.13619793951511383,0.297637939453125,-0.11810302734380684,0,0,5,0.06004999950528145,0.19629999995231628,0.16449999809265137,-0.46433478593826294,-0.44756555557250977
5337829,2022,dry,annotated,0,538935,5081955,10800,0.0666666666666667,0.10819565504789352,0.432403564453125,0.01666259765619315,0.03225806355476379,0,5,0.05609999969601631,0.1602499932050705,0.14624999463558197,-0.446910947561264,-0.40506935119628906
5338044,2022,dry,annotated,0,538965,5081865,10800,0.0666666666666667,0.09808900952339172,0.406036376953125,-0.00970458984380684,0.0357142873108387,0,5,0.0551999993622303,0.1449999958276749,0.1306000053882599,-0.40581271052360535,-0.40581271052360535
5338085,2022,dry,annotated,0,538965,5081355,2700,0.0888888888888889,0,5.684341886080804e-14,5.684341886080804e-14,0,0,5,0.0463000014424324,0.1388999968767166,0.17190000414848328,-0.5756186842918396,-0.5756186842918396
5340497,2022,dry,annotated,0,539295,5081265,9900,0.0545454545454545,0.11619958281517027,0.19329833984375,-1.5258789056815658e-4,0,0,5,0.0494999997317791,0.1071000024676323,0.11569999903440475,-0.4007263779640198,-0.4007263779640198
5339933,2022,dry,annotated,0,539235,5080995,40500,0.0340740740740741,0,0.3572998046875,0.002166748046875,0.10000000149011612,0.0625,5,0.04399999976158142,0.0949999988079071,0.09849999845027924,-0.3824067711830139,-0.3723554313182831
5337614,2022,glint,annotated,0,538935,5080845,9000,0.0466666666666667,0.00217146356590092,0.24148559570318184,0.01123046875,0.10000000149011612,0,5,0.03525000065565109,0.08839999884366989,0.10530000180006029,-0.5106648206710815,-0.40712466835975647
5338109,2022,dry,annotated,0,538995,5080935,9000,0.0466666666666667,0.12524043023586273,0.00326538085943184,-0.22698974609375,0,0,5,0.0803999975323677,0.1830500066280365,0.24944999814033508,-0.5138621926307678,-0.4922989308834076
5348432,2022,deep_water,random_draw,0,540405,5080965,9000,0.0533333333333333,0.27492982149124146,1.875213623046932,-0.0546875,0.09677419066429138,0,5,0.05299999937415123,0.14180000126361847,0.15189999341964722,-0.47118642926216125,-0.4322442412376404
5355835,2022,deep_water,random_draw,0,541395,5080935,18900,0.0412698412698413,0.3459351658821106,1.7806701660156818,-0.153076171875,0.25925925374031067,0.13333334028720856,5,0.05649999901652336,0.1188500002026558,0.1334500014781952,-0.4007655084133148,-0.38353273272514343
5357075,2022,deep_water,random_draw,0,541545,5080905,18900,0.0412698412698413,3.051757744287898e-7,1.9842834472656816,0.050537109375,0.1923076957464218,0,5,0.03519999980926514,0.09619999676942824,0.08869999647140503,-0.431799829006195,-0.431799829006195
5356365,2022,dry,annotated,0,541485,5080725,13500,0.0488888888888889,0.1439688801765442,0.35900878906255684,-0.033416748046875,0,0,5,0.04699999839067459,0.09040000289678574,0.10480000078678132,-0.3807641565799713,-0.3807641565799713
5366835,2022,dry,annotated,0,542595,5081055,82800,0.027536231884058,0.2528339624404907,1.850250244140625,-0.712677001953125,0,0,5,0.06480000168085098,0.1396999955177307,0.17835000157356262,-0.4666942358016968,-0.43094152212142944
5367056,2022,dry,annotated,0,542625,5080995,82800,0.027536231884058,1.0725651979446411,2.162994384765625,-0.399932861328125,0.5517241358757019,0.3125,4,0.03009999915957451,0.08030000329017639,0.04760000109672546,-0.22522522509098053,-0.22522522509098053
5361764,2022,deep_water,random_draw,0,542025,5079255,9900,0.0545454545454545,0,3.0517578125e-5,3.0517578125e-5,0.06060606241226196,0,5,0.04614999890327453,0.13429999351501465,0.1343500018119812,-0.49515482783317566,-0.4372510015964508
5362601,2022,deep_water,random_draw,0,542115,5079315,9900,0.0545454545454545,0,3.0517578125e-5,3.0517578125e-5,0.03333333507180214,0,5,0.06575000286102295,0.17055000364780426,0.18964999914169312,-0.4892994165420532,-0.4517265558242798
5359345,2022,deep_water,random_draw,0,541785,5078805,96300,0.0224299065420561,0,4.44512939453125,0.148193359375,0.9629629850387572,1,3,0.03229999914765358,0.04699999839067459,0.0568000003695488,-0.27497193217277527,-0.27497193217277527
5360021,2022,deep_water,random_draw,0,541845,5078715,96300,0.0224299065420561,0.7319831252098083,0.688995361328125,-3.607940673828125,0,0,5,0.07450000196695328,0.290800005197525,0.24539999663829803,-0.5342294573783875,-0.5342294573783875
5365580,2022,dry,annotated,0,542475,5078325,11700,0.0512820512820513,0,0.8131103515625,0.003143310546875,0,0,5,0.03970000147819519,0.11320000141859056,0.14990000426769257,-0.5812236070632935,-0.5812236070632935
5364720,2022,deep_water,random_draw,0,542355,5077665,6300,0.0666666666666667,0,-3.0517578125e-5,-3.0517578125e-5,0.2142857164144516,0.1428571492433548,4,0.03500000014901161,0.07964999973773956,0.0970500037074089,-0.4717789590358734,-0.3660714328289032
5378199,2022,em_veg,annotated,0,544155,5075715,11700,0.0512820512820513,0.06271793693304062,0.07659912109375,-0.072540283203125,0,0,5,0.06334999948740005,0.1481499969959259,0.18060000240802765,-0.4753146469593048,-0.4410480260848999
5377085,2022,dry,annotated,0,543945,5070315,1800,0.1,0.16438260674476624,-0.03179931640625,-0.22781372070306816,0,0,5,0.07169999927282333,0.1675000041723251,0.23354999721050265,-0.5306193232536316,-0.5283282399177551
5377628,2022,shallow_viz,annotated,1,544065,5069835,7200,0.0583333333333333,1.8612730627864948e-6,0.478912353515625,0.004180908203125,0.14705882966518402,0,5,0.06125000119209289,0.10045000165700912,0.06060000136494636,0.02503983862698078,0.18045112490653992
5377848,2022,shallow_viz,annotated,1,544095,5069775,7200,0.0583333333333333,0,0.478912353515625,0.004180908203125,0.2647058963775635,0,5,0.0617000013589859,0.07079999893903732,0.05999999865889549,-0.00502512557432055,0.5801241993904114
5377451,2022,dry,annotated,0,544005,5069775,7200,0.0583333333333333,0.10935667902231216,0.063995361328125,-0.410736083984375,0,0,5,0.1094999983906746,0.2459000051021576,0.45179998874664307,-0.6044973134994507,-0.5820741653442383
5378215,2022,dry,annotated,0,544125,5069775,7200,0.0583333333333333,0.06361183524131775,0.455810546875,-0.0189208984375,0.0882352963089943,0,5,0.07020000368356705,0.12839999794960022,0.11879999935626984,-0.3214682936668396,-0.2563559412956238
5377942,2022,deep_water,random_draw,0,544095,5069325,23400,0.0333333333333333,0.14741253852844238,0.333465576171875,-0.0938720703125,0.20588235557079315,0,5,0.04610000178217888,0.11429999768733978,0.12129999697208405,-0.47798067331314087,-0.4273291826248169
5378180,2022,deep_water,random_draw,0,544125,5069235,23400,0.0333333333333333,0.1200430765748024,0.44976806640625,0.022430419921875,0.28125,0,5,0.03965000063180923,0.10384999960660934,0.11354999989271164,-0.47036129236221313,-0.3304293751716614
5378886,2022,deep_water,random_draw,0,544275,5069265,23400,0.0333333333333333,0.17532148957252502,0.317352294921875,-0.1099853515625,0.06060606241226196,0,5,0.0632999986410141,0.1809999942779541,0.1749500036239624,-0.5128390789031982,-0.37813618779182434
5378913,2022,deep_water,random_draw,0,544275,5069145,23400,0.0333333333333333,0.11874590814113616,0.619537353515625,0.19219970703125,0,0,5,0.06840000301599503,0.22859999537467957,0.17190000414848328,-0.4307115972042084,-0.4307115972042084
5377788,2022,deep_water,random_draw,0,544065,5072145,900,0.133333333333333,0.18429826200008392,0.16082763671875,0,0.03333333507180214,0.125,5,0.03990000113844871,0.07090000063180923,0.06809999793767929,-0.227027028799057,-0.21142856776714325
5376999,2022,em_veg,annotated,0,543945,5068815,138600,0.0134199134199134,0,0.6945495605469318,7.9345703125e-4,0.3793103396892547,0.06666667014360428,5,0.02370000071823597,0.07150000333786011,0.06840000301599503,-0.4674157202243805,-0.29791271686553955
5377094,2022,dry,annotated,0,543975,5068905,138600,0.0134199134199134,0,0.6945495605469318,7.9345703125e-4,0.2666666805744171,0,5,0.03339999914169311,0.11069999635219574,0.06069999933242798,-0.29011690616607666,-0.1825396865606308
5377352,2022,deep_viz,annotated,0,544005,5068605,138600,0.0134199134199134,0,0.6945495605469318,7.9345703125e-4,0.9655172228813172,0.8666666746139526,3,0.00910000037401914,0.01679999940097332,0.02370000071823597,-0.12215320765972136,-0.11219511926174164
5377523,2022,deep_viz,annotated,0,544035,5068455,138600,0.0134199134199134,0,0.6945495605469318,7.9345703125e-4,0.7777777910232544,0.2857142984867096,4,0.01119999960064888,0.01290000043809413,0.01370000001043081,-0.1004016101360321,-0.1004016101360321
5377629,2022,dry,annotated,0,544065,5068335,138600,0.0134199134199134,0,0.6945495605469318,7.9345703125e-4,0.30000001192092896,0,5,0.03159999847412109,0.09120000153779984,0.05130000039935112,-0.23763570189476013,-0.23763570189476013
5377752,2022,deep_viz,annotated,0,544065,5068755,138600,0.0134199134199134,0,0.6945495605469318,7.9345703125e-4,0.7241379022598267,0.2857142984867096,5,0.01130000036209821,0.02199999988079071,0.02669999934732914,-0.1840354800224304,-0.1171875
5378070,2022,dry,annotated,0,544125,5068425,138600,0.0134199134199134,0,0.6945495605469318,7.9345703125e-4,0.2068965584039688,0,5,0.04380000010132789,0.11400000005960464,0.08540000021457672,-0.32198143005371094,-0.32198143005371094
5378108,2022,em_veg,annotated,0,544125,5068845,138600,0.0134199134199134,6.103515488575795e-7,0.6945495605469318,7.9345703125e-4,0.375,0,5,0.02830000035464763,0.07460000365972519,0.07829999923706055,-0.5145067572593689,-0.3068893551826477
5378365,2022,em_veg,annotated,0,544155,5068575,138600,0.0134199134199134,0,0.6945495605469318,7.9345703125e-4,0.29032257199287415,0,5,0.03750000149011612,0.10939999669790268,0.11640000343322754,-0.5387454032897949,-0.45624104142189026
5375367,2022,glint,annotated,0,543735,5068125,96300,0.0292834890965732,0.251497745513916,0.919891357421875,-0.21679687500005684,0,0,5,0.08799999952316284,0.18000000715255737,0.19370000064373016,-0.3758865296840668,-0.31813541054725647
5375480,2022,dry,annotated,0,543735,5068245,96300,0.0292834890965732,0,1.15289306640625,0.01620483398431815,0.11538461595773696,0.05882352963089943,5,0.05119999870657921,0.16869999468326569,0.14920000731945038,-0.4679313600063324,-0.45796459913253784
5375624,2022,dry,annotated,0,543765,5068035,96300,0.0292834890965732,0.0248897410929203,1.149993896484375,0.01330566406244315,0.06896551698446274,0,5,0.05009999871253967,0.13989999890327454,0.124099999666214,-0.4247990846633911,-0.3813186883926392
5376301,2022,deep_viz,annotated,0,543855,5068515,96300,0.0292834890965732,0,1.15289306640625,0.01620483398431815,1,1,3,0.02019999921321869,0.02700000070035457,0.03290000185370445,0.00374531839042902,0.343873530626297
5376302,2022,deep_viz,annotated,0,543855,5068425,96300,0.0292834890965732,0,1.15289306640625,0.01620483398431815,1,1,1,0.01569999940693378,0.01799999922513961,0.02410000003874302,-0.01496598683297634,0.5858585834503174
5376332,2022,deep_viz,annotated,0,543855,5068335,96300,0.0292834890965732,0,1.15289306640625,0.01620483398431815,1,1,1,0.01460000034421682,0.01140000019222498,0.02219999954104423,-0.0726429671049118,0.668571412563324
5376451,2022,glint,annotated,0,543855,5068275,96300,0.0292834890965732,0.1789868324995041,1.036865234375,-0.09982299804693184,0.6666666865348816,0.0625,5,0.05950000137090683,0.11320000141859056,0.09640000015497208,-0.2366901934146881,-0.2366901934146881
5376619,2022,dry,annotated,0,543885,5068725,96300,0.0292834890965732,0,1.15289306640625,0.01620483398431815,0.35483869910240173,0,5,0.04780000075697899,0.13089999556541443,0.11060000211000444,-0.39646464586257935,-0.3590880334377289
5376697,2022,em_veg,annotated,0,543885,5068785,96300,0.0292834890965732,0.00275380630046129,1.15289306640625,0.01620483398431815,0.30000001192092896,0,5,0.03500000014901161,0.12880000472068787,0.1145000010728836,-0.5317725539207458,-0.3954305946826935
5374086,2022,deep_water,random_draw,0,543585,5067765,180000,0.0133333333333333,0,1.080841064453125,0.013397216796875,0.2307692319154739,0,5,0.02910000085830688,0.09839999675750732,0.09459999948740004,-0.5295068621635437,-0.3782051205635071
5374140,2022,deep_water,random_draw,0,543585,5067915,180000,0.0133333333333333,0.469817191362381,0.630096435546875,-0.437347412109375,0.3214285671710968,0,5,0.04580000042915344,0.10859999805688858,0.12890000641345978,-0.43844011425971985,-0.41002118587493896
5374671,2022,deep_water,random_draw,0,543675,5067825,180000,0.0133333333333333,0,1.080841064453125,0.013397216796875,0.9642857313156128,1,1,0.01350000035017728,0.01999999955296516,0.02700000070035457,-0.10975609719753264,-0.105691060423851
5374755,2022,deep_water,random_draw,0,543675,5067645,180000,0.0133333333333333,0,1.080841064453125,0.013397216796875,0.8399999737739563,0.6153846383094788,3,0.01235000044107437,0.01535000000149011,0.01905000023543834,-0.15081672370433807,-0.0535714291036129
5374758,2022,deep_water,random_draw,0,543675,5067435,180000,0.0133333333333333,0,1.080841064453125,0.013397216796875,0.9642857313156128,0.0714285746216774,3,0.01370000001043081,0.03429999947547912,0.03099999949336052,-0.11711711436510086,-0.08053690940141678
5375285,2022,deep_water,random_draw,0,543735,5067735,180000,0.0133333333333333,0,1.080841064453125,0.013397216796875,0.92592591047287,1,3,0.00730000017210841,0.00460000010207295,0.00800000037997961,-0.04575163498520851,-0.04575163498520851
5376168,2022,deep_water,random_draw,0,543825,5067555,180000,0.0133333333333333,0,1.080841064453125,0.013397216796875,0.7307692170143127,0,4,0.03150000050663948,0.07750000059604645,0.06689999997615814,-0.35975611209869385,-0.34220072627067566
5376336,2022,deep_water,random_draw,0,543855,5067885,180000,0.0133333333333333,0,1.080841064453125,0.013397216796875,0.26923078298568726,0,5,0.02630000002682209,0.05750000104308128,0.05640000104904175,-0.3639661371707916,-0.3639661371707916
5376410,2022,deep_water,random_draw,0,543855,5067435,180000,0.0133333333333333,0,1.080841064453125,0.013397216796875,1,0.1428571492433548,3,0.02429999969899654,0.05319999903440475,0.03189999982714653,-0.11345646530389786,-0.10956522077322006
5376822,2022,deep_water,random_draw,0,543915,5067645,180000,0.0133333333333333,0.17103353142738342,0.942657470703125,-0.124786376953125,0.23333333432674408,0,5,0.05649999901652336,0.16910000145435333,0.16189999878406525,-0.4822286367416382,-0.46487167477607727
5370990,2022,dry,annotated,0,543135,5067825,9900,0.0545454545454545,0.17049968242645264,0.237945556640625,-0.387054443359375,0.0625,0,5,0.07855000346899033,0.20724999904632568,0.2240000069141388,-0.48192113637924194,-0.46670758724212646
5366259,2022,deep_water,random_draw,0,542535,5067705,157500,0.0167619047619048,0,1.931610107421875,0.4389038085938069,0.35483869910240173,0.06666667014360428,5,0.0063999998383224,0.02300000004470348,0.02490000054240226,-0.4269340932369232,0.7534246444702148
5366875,2022,deep_water,random_draw,0,542595,5067855,157500,0.0167619047619048,0.21392831206321716,1.316070556640625,-0.17663574218744316,0,0,5,0.06204999983310699,0.2386000007390976,0.1831499934196472,-0.4943698048591614,-0.4863514006137848
5367258,2022,deep_water,random_draw,0,542655,5067765,157500,0.0167619047619048,0.13781075179576874,1.526031494140625,0.03332519531255684,0.4193548262119293,0.20000000298023224,4,0.0092000002041459,0.0340999998152256,0.02520000003278255,-0.4651162922382355,-0.2521246373653412
5368039,2022,deep_water,random_draw,0,542745,5067645,157500,0.0167619047619048,0.3061038553714752,0.68597412109375,-0.8067321777343182,0,0,5,0.07169999927282333,0.2540000081062317,0.22709999978542328,-0.5317875742912292,-0.5200803279876709
5368573,2022,deep_water,random_draw,0,542805,5067795,157500,0.0167619047619048,0.09139570593833923,1.3665771484375,-0.12612915039056816,0.16129031777381897,0,5,0.03370000049471855,0.08429999649524689,0.07050000131130219,-0.34689921140670776,-0.3390313386917114
5369138,2022,deep_water,random_draw,0,542895,5067645,157500,0.0167619047619048,0.25455912947654724,1.236785888671875,-0.25592041015619316,0.03333333507180214,0,5,0.0544000007212162,0.17960000038146973,0.16210000216960907,-0.4992503821849823,-0.4810415804386139
5369252,2022,deep_water,random_draw,0,542925,5067885,157500,0.0167619047619048,0.1474764347076416,1.49969482421875,0.00698852539068184,0.25806450843811035,0,5,0.01510000042617321,0.04619999974966049,0.04850000143051147,-0.5251572132110596,-0.3937397003173828
5369771,2022,deep_water,random_draw,0,542985,5067615,157500,0.0167619047619048,0.1961340010166168,1.528533935546875,0.03582763671880684,0.15625,0,5,0.03920000046491623,0.13089999556541443,0.11879999935626984,-0.5053660273551941,-0.4709443151950836
5370293,2022,deep_water,random_draw,0,543045,5067525,157500,0.0167619047619048,0.12052594870328905,1.6690673828125,0.17636108398443184,0.06896551698446274,0,5,0.02730000019073486,0.11349999904632568,0.1005999967455864,-0.5946547985076904,-0.3841319680213928
5370554,2022,deep_water,random_draw,0,543075,5067705,157500,0.0167619047619048,0.21865107119083405,0.4466552734375,-1.0460510253905682,0,0,5,0.07320000231266022,0.31130000948905945,0.27300000190734863,-0.5736068487167358,-0.5599639415740967
5361487,2022,glint,annotated,0,541995,5067435,23400,0.0461538461538462,0.09573134779930116,0.31805419921875,-0.15927124023431816,0,0,5,0.07720000296831131,0.17010000348091123,0.2646999955177307,-0.5056883096694946,-0.48281970620155334
5361847,2022,dry,annotated,0,542025,5067195,23400,0.0461538461538462,0.13952676951885223,0.548126220703125,0.07080078125005684,0.14705882966518402,0,5,0.0523499995470047,0.08555000275373459,0.1225999966263771,-0.4042559266090393,-0.3698323965072632
5361945,2022,glint,annotated,0,542025,5067375,23400,0.0461538461538462,0.15140897035598755,0.26824951171875,-0.20907592773431816,0.02941176481544971,0,5,0.06830000132322311,0.1449999958276749,0.20229999721050265,-0.4587955772876739,-0.44603288173675537
5365287,2022,glint,annotated,0,542415,5067195,27000,0.04,0.15471261739730835,0.724578857421875,-0.006378173828125,0.0625,0,5,0.03689999878406525,0.1225000023841858,0.10859999805688858,-0.4835549294948578,-0.3755541443824768
5366066,2022,dry,annotated,0,542505,5067285,27000,0.04,0.22323426604270935,0.529754638671875,-0.201202392578125,0.0625,0,5,0.05240000039339065,0.14900000393390656,0.13120000064373016,-0.429193913936615,-0.4285714328289032
5363831,2022,dry,annotated,0,542265,5065995,18900,0.0412698412698413,0.12232722342014311,0.20562744140625,-0.061676025390625,0.06896551698446274,0,5,0.04259999841451645,0.09399999678134918,0.13030000030994415,-0.510724663734436,-0.4234234094619751
5364392,2022,dry,annotated,0,542325,5065785,18900,0.0412698412698413,0.4097934663295746,-0.0802001953125,-0.347503662109375,0.03333333507180214,0,5,0.08839999884366989,0.2022500038146973,0.24124999344348907,-0.46355271339416504,-0.4566224217414856
5361379,2022,dry,annotated,0,541995,5065605,132300,0.0244897959183673,0.08866012841463089,0.4385986328124432,-0.3674316406249432,0.0357142873108387,0,5,0.06785000115633011,0.19099999964237213,0.18115000426769257,-0.4509888291358948,-0.4257047176361084
5361701,2022,dry,annotated,0,541995,5065485,132300,0.0244897959183673,0.16183841228485107,0.5734863281249432,-0.23254394531244316,0.03448275849223137,0,5,0.05384999886155128,0.1976500004529953,0.17159999907016754,-0.521451473236084,-0.5095419883728027
5363276,2022,dry,annotated,0,542205,5065305,132300,0.0244897959183673,0.2109021246433258,0.6478271484374432,-0.15820312499994316,0.0357142873108387,0,5,0.05945000052452087,0.2078000009059906,0.19965000450611117,-0.5409542918205261,-0.5271166563034058
5361117,2022,deep_water,random_draw,0,541965,5065005,38700,0.0418604651162791,0.14643485844135284,2.196197509765625,-0.12094116210943184,0.1428571492433548,0,5,0.04884999990463257,0.14910000562667847,0.1457500010728836,-0.4960174560546875,-0.4431999921798706
5361170,2022,deep_water,random_draw,0,541965,5065125,38700,0.0418604651162791,0.14647215604782104,2.154876708984375,-0.16226196289068184,0.2142857164144516,0,5,0.02565000019967556,0.07880000025033951,0.07615000009536743,-0.49331995844841,-0.42331287264823914
5362239,2022,deep_water,random_draw,0,542085,5065065,38700,0.0418604651162791,0.21660225093364716,2.232269287109375,-0.08486938476568184,0.0357142873108387,0,5,0.05505000054836273,0.19679999351501465,0.18854999542236328,-0.5507246255874634,-0.5265879034996033
5362770,2022,deep_water,random_draw,0,542115,5065155,38700,0.0418604651162791,2.3978709941729903e-4,2.604034423828125,0.28689575195306816,0.1428571492433548,0,5,0.04349999874830246,0.1128999963402748,0.11469999700784685,-0.45006319880485535,-0.45006319880485535
5364074,2022,deep_water,random_draw,0,542265,5065215,38700,0.0418604651162791,0.19349390268325808,2.256317138671875,-0.06082153320318184,0.06896551698446274,0,5,0.045499999076128,0.15850000083446503,0.12399999797344208,-0.4631268382072449,-0.4631268382072449
5364231,2022,shallow_viz,annotated,1,542295,5064765,8100,0.0444444444444444,0,0.790008544921875,0.08648681640619316,0.2068965584039688,0,5,0.00289999996311962,0.00980000011622905,0.01030000019818544,-0.8722832798957825,-0.7128205299377441
5363484,2022,dry,annotated,0,542235,5064735,8100,0.0444444444444444,0.15338784456253052,0.674957275390625,-0.02856445312505684,0.1666666716337204,0,5,0.03860000148415565,0.11259999871253969,0.11089999973773956,-0.485586553812027,-0.4495878219604492
5363626,2022,dry,annotated,0,542235,5064795,8100,0.0444444444444444,0.16006696224212646,0.591949462890625,-0.11157226562505684,0.1034482792019844,0,5,0.03840000182390213,0.14554999768733978,0.11665000021457672,-0.5075676441192627,-0.44738462567329407
5364193,2022,dry,annotated,0,542295,5064825,8100,0.0444444444444444,0.23445577919483185,-0.0946044921875,-0.7981262207031818,0.0357142873108387,0,5,0.06379999965429306,0.2778500020503998,0.21469999849796295,-0.5417887568473816,-0.5398164987564087
5365384,2022,dry,annotated,0,542445,5064555,13500,0.04,0.2362514436244965,0.494049072265625,-0.317718505859375,0.03846153989434242,0,5,0.06520000100135803,0.2293999940156937,0.16990000009536743,-0.4451466500759125,-0.435140997171402
5365547,2022,dry,annotated,0,542445,5062695,21600,0.0361111111111111,0.09409191459417345,0.4984130859375,-0.07513427734375,0.06060606241226196,0,5,0.04360000044107437,0.09435000270605089,0.08990000188350677,-0.33921727538108826,-0.3009345829486847
5365677,2022,dry,annotated,0,542445,5062875,21600,0.0361111111111111,0.15161040425300598,0.411041259765625,-0.162506103515625,0.02857142873108387,0,5,0.03325000032782554,0.07729999721050262,0.10575000196695328,-0.524482011795044,-0.4561766684055328
5365763,2022,dry,annotated,0,542475,5062635,21600,0.0361111111111111,0.23381896317005155,-0.0245361328125,-0.59808349609375,0,0,5,0.08754999935626984,0.17794999480247498,0.29679998755455017,-0.5453354120254517,-0.5267857313156128
5366899,2022,co_precise,annotated,1,542625,5061735,20700,0.0376811594202899,0.1529829502105713,0.406402587890625,-0.11163330078125,0.06451612710952759,0,5,0.0357000008225441,0.06560000032186508,0.09369999915361404,-0.3800824880599976,-0.3002028465270996
5365955,2022,dry,annotated,0,542505,5061675,20700,0.0376811594202899,0.0993368923664093,0.5380859375,0.020050048828125,0.16129031777381897,0.05882352963089943,5,0.03970000147819519,0.06949999928474426,0.0982000008225441,-0.4275414645671845,-0.2953929603099823
5366483,2022,dry,annotated,0,542565,5061795,20700,0.0376811594202899,0.18468189239501953,-0.12200927734375,-0.640045166015625,0,0,5,0.07479999959468842,0.1348000019788742,0.24379999935626984,-0.5659999847412109,-0.5304456949234009
5367270,2022,dry,annotated,0,542655,5061735,20700,0.0376811594202899,0.20776940882205963,-0.141021728515625,-0.6590576171875,0,0,5,0.0722000002861023,0.1509000062942505,0.25780001282691956,-0.5516771078109741,-0.5382155179977417
5366031,2022,co_precise,annotated,1,542505,5061045,33300,0.0378378378378378,6.089290836825967e-4,0.77679443359375,0.071990966796875,0.35483869910240173,0,5,0.0414000004529953,0.05939999967813492,0.04520000144839287,0.01429646369069814,1
5365734,2022,dry,annotated,0,542475,5060985,33300,0.0378378378378378,0.19924134016036987,-0.108856201171875,-0.81365966796875,0,0,5,0.0948999971151352,0.19140000641345975,0.31459999084472656,-0.507285475730896,-0.4865936040878296
5366175,2022,dry,annotated,0,542535,5061075,33300,0.0378378378378378,0.2162049859762192,0.225128173828125,-0.47967529296875,0,0,5,0.0940999984741211,0.181099995970726,0.27309998869895935,-0.4874727725982666,-0.4767236411571502
5366558,2022,dry,annotated,0,542565,5060955,33300,0.0378378378378378,0.16060125827789307,0.25262451171875,-0.452178955078125,0.29032257199287415,0,5,0.07729999721050262,0.15539999306201935,0.23190000653266907,-0.48975324630737305,-0.483174592256546
5365190,2022,em_veg,random_draw,0,542415,5060055,19800,0.0545454545454545,0.128488227725029,0.16217041015625,-0.09130859375,0.13793103396892548,0,5,0.04419999942183494,0.10980000346899033,0.13670000433921814,-0.519042432308197,-0.46191051602363586
5365789,2022,em_veg,random_draw,0,542475,5060145,19800,0.0545454545454545,0.15558254718780518,0.2091064453125,-0.04437255859375,0.06896551698446274,0,5,0.06150000169873237,0.14169999957084656,0.19990000128746033,-0.542438268661499,-0.512871265411377
5693620,2022,em_veg,random_draw,0,542565,5059905,19800,0.0545454545454545,0.10659637302160264,0.304779052734375,0.051300048828125,0.07692307978868484,0,5,0.02905000001192093,0.07999999821186066,0.0820000022649765,-0.46590420603752136,-0.3854166567325592
5718194,2022,em_veg,random_draw,0,542505,5059995,19800,0.0545454545454545,0.09998312592506409,0.212493896484375,-0.040985107421875,0.2666666805744171,0,5,0.0361500009894371,0.09775000065565108,0.1112999990582466,-0.5080333948135376,-0.4843408465385437
5692517,2022,terrain,annotated,0,542265,5056695,1800,0.1,0.09578288346529008,0.210113525390625,-0.01263427734375,0,0,5,0.05739999935030937,0.2073500007390976,0.1745000034570694,-0.5032393336296082,-0.486759752035141
5692428,2022,shallow_viz,annotated,1,542265,5055615,6300,0.0666666666666667,0,0,0,0.34375,0,5,0.02989999949932098,0.05480000004172325,0.04354999959468841,-0.00870751775801181,0.323615163564682
5692274,2022,dry,annotated,0,542205,5055615,6300,0.0666666666666667,0.0967445820569992,-0.046783447265625,-0.046783447265625,0,0,5,0.08895000070333481,0.18330000340938568,0.2635500133037567,-0.4955183863639831,-0.4907407462596894
5692349,2022,dry,annotated,0,542235,5055675,6300,0.0666666666666667,0,0,0,0.25,0,5,0.06004999950528145,0.12745000422000885,0.15825000405311584,-0.44981569051742554,-0.44859811663627625
5692720,2022,dry,annotated,0,542295,5055615,6300,0.0666666666666667,0,0,0,0.375,0,5,0.03415000066161156,0.08134999871253967,0.07164999842643738,-0.3179199993610382,-0.17319847643375397
5688031,2022,deep_water,random_draw,0,541095,5050005,161100,0.0163873370577281,0,8.283050537109432,0.5861511230468182,1,1,1,0.04919999837875366,0.03359999880194664,0.04089999943971634,0.13938260078430176,0.5097087621688843
5688093,2022,deep_water,random_draw,0,541125,5050185,161100,0.0163873370577281,0.8604512214660645,7.783905029296932,0.08700561523431816,0.8965517282485962,0.9285714030265808,4,0.05550000071525574,0.09139999747276306,0.10869999974966048,-0.3364674150943756,-0.32399511337280273
5688325,2022,deep_water,random_draw,0,541155,5049765,161100,0.0163873370577281,1.057672381401062,7.280059814453182,-0.41683959960943184,0.8500000238418579,0.692307710647583,4,0.06629999727010727,0.07689999788999557,0.10369999706745148,-0.2390243858098984,-0.1419009417295456
5688350,2022,deep_water,random_draw,0,541155,5049675,161100,0.0163873370577281,1.8329294919967651,6.593811035156307,-1.1030883789063068,1,1,1,0.06530000269412994,0.03089999966323375,0.04340000078082085,0.18043844401836395,0.3608652949333191
5688377,2022,deep_water,random_draw,0,541155,5049885,161100,0.0163873370577281,0,8.283050537109432,0.5861511230468182,1,1,1,0.03220000118017197,0.00949999969452619,0.01410000026226043,0.390928715467453,0.5483871102333069
5688430,2022,deep_water,random_draw,0,541155,5050125,161100,0.0163873370577281,0.34381401538848877,8.077972412109432,0.38107299804681816,1,1,1,0.0463000014424324,0.03009999915957451,0.04270000010728836,0.12512512505054474,0.6467532515525818
5688688,2022,deep_water,random_draw,0,541215,5049585,161100,0.0163873370577281,0,8.330017089843807,0.6331176757811932,1,1,1,0.06499999761581421,0.03130000084638595,0.03599999845027923,0.3129771053791046,1
5688832,2022,deep_water,random_draw,0,541215,5050005,161100,0.0163873370577281,0.7783301472663879,7.203826904296932,-0.49307250976568184,1,1,1,0.0210999995470047,0.04089999943971634,0.03959999978542328,0.23919308185577393,1
5689175,2022,deep_water,random_draw,0,541275,5049735,161100,0.0163873370577281,0.9095908999443054,7.339202880859432,-0.35769653320318184,0,0,5,0.08739999681711197,0.2050500065088272,0.24455000460147855,-0.472721666097641,-0.4517133831977844
5689414,2022,deep_water,random_draw,0,541335,5050155,161100,0.0163873370577281,0.7982632517814636,7.653198242187557,-0.04370117187505684,0.0714285746216774,0.2857142984867096,5,0.06644999980926514,0.11320000141859056,0.1513500064611435,-0.3896067440509796,-0.3792134821414947
5690615,2022,deep_water,random_draw,0,541635,5049645,33300,0.036036036036036,1.064430594444275,5.00750732421875,-1.64935302734375,0,0,5,0.07514999806880951,0.2154500037431717,0.2179500013589859,-0.4872986972332001,-0.38779255747795105
5690655,2022,deep_water,random_draw,0,541665,5049465,33300,0.036036036036036,0.11495313048362732,7.303314208984375,0.646453857421875,0.9655172228813172,1,3,0.04955000057816505,0.06179999932646751,0.08654999732971191,-0.15905620157718658,0.00468018697574734
5690756,2022,deep_water,random_draw,0,541695,5049705,33300,0.036036036036036,0.6015512347221375,6.744110107421875,0.087249755859375,0.12903225421905518,0.07692307978868484,5,0.06650000065565109,0.1696999967098236,0.22754999995231628,-0.5395144820213318,-0.5309318900108337
5690839,2022,deep_water,random_draw,0,541755,5049585,33300,0.036036036036036,0.34860914945602417,6.57928466796875,-0.07757568359375,0,0,5,0.0921500027179718,0.22020000219345093,0.273250013589859,-0.4904487431049347,-0.4769230782985687
5690862,2022,deep_water,random_draw,0,541755,5049465,33300,0.036036036036036,0.48611167073249817,7.0484619140625,0.3916015625,0.9583333134651184,0.2142857164144516,3,0.0877000018954277,0.1124500036239624,0.13359999656677246,-0.21160899102687836,-0.20623742043972015
5691110,2022,deep_water,random_draw,0,541875,5049465,33300,0.036036036036036,0.52535080909729,6.64776611328125,-0.00909423828125,1,1,3,0.04809999838471413,0.06019999831914902,0.08429999649524689,-0.2042929083108902,-0.1285403072834015
5689841,2022,deep_water,random_draw,0,541425,5049465,43200,0.0277777777777778,7.447689131367952e-5,7.77392578125,0.81610107421875,1,1,1,0.05014999955892563,0.04825000092387199,0.07045000046491623,-0.10778753459453584,0.01013513468205928
5689961,2022,deep_water,random_draw,0,541425,5049645,43200,0.0277777777777778,0.3254951238632202,7.442352294921875,0.484527587890625,0.8695651888847351,0.9166666865348816,3,0.06159999966621399,0.08889999985694885,0.11739999800920486,-0.2791490852832794,-0.2681387960910797
5690238,2022,deep_water,random_draw,0,541515,5049795,43200,0.0277777777777778,0.706193208694458,6.556884765625,-0.40093994140625,0.03846153989434242,0,5,0.094200000166893,0.21719999611377716,0.2802000045776367,-0.5038660168647766,-0.4867883324623108
5690344,2022,deep_water,random_draw,0,541515,5049525,43200,0.0277777777777778,1.331256866455078,4.735321044921875,-2.222503662109375,1,1,1,0.05214999988675117,0.03664999827742576,0.04935000091791153,0.0434228852391243,0.6462093591690063
5690380,2022,deep_water,random_draw,0,541545,5049675,43200,0.0277777777777778,2.000917911529541,4.967041015625,-1.99078369140625,0.6666666865348816,0.3846153914928436,4,0.05570000037550926,0.12935000658035278,0.16294999420642853,-0.4875815510749817,-0.45521992444992065
5686585,2022,deep_water,random_draw,0,540765,5048535,101700,0.048377581120944,2.153884172439575,0.068878173828125,-5.4085693359375,0,0,5,0.094200000166893,0.20499999821186063,0.26330000162124634,-0.4730069935321808,-0.4556824266910553
5686893,2022,deep_water,random_draw,0,540825,5048655,101700,0.048377581120944,0.8564006686210632,3.067779541015625,-2.40966796875,0,0,5,0.08070000261068344,0.21299999952316284,0.265500009059906,-0.5337954759597778,-0.5294400453567505
5687421,2022,deep_water,random_draw,0,540945,5048985,101700,0.048377581120944,1.2352091073989868,5.39739990234375,-0.080047607421875,0.800000011920929,0.6000000238418579,4,0.0502999983727932,0.1031000018119812,0.15254999697208405,-0.5008191466331482,-0.3998832404613495
5687422,2022,deep_water,random_draw,0,540945,5048535,101700,0.048377581120944,0.7536776065826416,-0.905975341796875,-6.3834228515625,0,0,5,0.0948999971151352,0.22779999673366547,0.28360000252723694,-0.4927745759487152,-0.481449156999588
5687880,2022,deep_water,random_draw,0,541065,5048595,101700,0.048377581120944,0.6054760217666626,4.89093017578125,-0.586517333984375,0,0,5,0.05640000104904175,0.14810000360012054,0.15940000116825104,-0.4814126491546631,-0.4269610047340393
5688103,2022,deep_water,random_draw,0,541095,5049075,101700,0.048377581120944,1.0500625371932983,4.856414794921875,-0.62103271484375,0.800000011920929,0.8666666746139526,4,0.05750000104308128,0.1371999979019165,0.1429000049829483,-0.4443940222263336,-0.3871583044528961
5688283,2022,deep_water,random_draw,0,541125,5048715,101700,0.048377581120944,0.8435224294662476,4.685760498046875,-0.79168701171875,0.03703703731298447,0,5,0.06210000067949295,0.14569999277591705,0.1858000010251999,-0.48033472895622253,-0.4425887167453766
5688496,2022,deep_water,random_draw,0,541185,5048565,101700,0.048377581120944,0.93362295627594,5.0059814453125,-0.471466064453125,0.48148149251937866,0.2142857164144516,5,0.05310000106692314,0.11569999903440475,0.14800000190734863,-0.4081826806068421,-0.3502170741558075
5688926,2022,deep_water,random_draw,0,541245,5048685,101700,0.048377581120944,0.7750893235206604,5.8524169921875,0.374969482421875,0.5652173757553101,0.1666666716337204,5,0.04919999837875366,0.1088000014424324,0.1242000013589859,-0.5137524604797363,-0.3378196358680725
5689033,2022,deep_water,random_draw,0,541245,5048805,101700,0.048377581120944,0.29497429728507996,3.420135498046875,-2.05731201171875,0,0,5,0.07649999856948853,0.20990000665187836,0.26969999074935913,-0.5694904923439026,-0.5449228882789612
5687239,2022,glint,annotated,0,540915,5047605,2700,0.0888888888888889,0.1988046020269394,0.09539794921875,-0.100982666015625,0.03225806355476379,0.06666667014360428,5,0.05815000087022781,0.18234999477863312,0.178849995136261,-0.5099529027938843,-0.5034430027008057
5688010,2022,dry,annotated,0,541095,5045115,12600,0.0428571428571429,0,0.3973388671874432,0.007965087890625,0.774193525314331,0,4,0.04964999854564667,0.1099499985575676,0.05889999866485596,-0.23709969222545624,0.2965821325778961
5688107,2022,terrain,annotated,0,541095,5045025,12600,0.0428571428571429,6.125285290181637e-4,0.3973388671874432,0.007965087890625,0.6875,0,4,0.04120000079274177,0.0986500009894371,0.1128999963402748,-0.41135504841804504,-0.32780444622039795
5688179,2022,terrain,annotated,0,541125,5045085,12600,0.0428571428571429,0,0.3973388671874432,0.007965087890625,0.8387096524238586,0,2,0.02999999932944774,0.06015000119805336,0.03844999894499779,0.02554551884531974,0.949685513973236
5688259,2022,dry,annotated,0,541125,5043135,6300,0.0666666666666667,0.23030555248260495,1.747894287109375,0.048675537109375,0.20000000298023224,0,5,0.04760000109672546,0.13570000231266022,0.125900000333786,-0.4968879520893097,-0.4512968361377716
5688498,2022,terrain,annotated,0,541155,5043075,6300,0.0666666666666667,0.38329339027404785,1.65679931640625,-0.04241943359375,1,0.0714285746216774,3,0.02239999920129776,0.0737999975681305,0.07919999957084656,-0.4174252152442932,-0.3873733580112457
5688335,2022,deep_water,random_draw,0,541155,5041605,25200,0.0333333333333333,0.06213414296507835,1.652557373046875,0.044158935546875,0.6875,0.25,5,0.04589999839663505,0.09210000187158585,0.08879999816417694,-0.3184855282306671,-0.2786885201931
5688679,2022,deep_water,random_draw,0,541185,5041455,25200,0.0333333333333333,0.12917403876781464,1.55401611328125,-0.05438232421875,0.75,0.0625,4,0.05395000055432319,0.1356000006198883,0.1569499969482422,-0.4626043140888214,-0.4189417064189911
5688972,2022,deep_water,random_draw,0,541245,5041545,25200,0.0333333333333333,0.0836506336927414,1.636566162109375,0.028167724609375,1,0.800000011920929,4,0.04295000061392784,0.09525000303983688,0.0982000008225441,-0.3658947944641114,-0.1971544772386551
5687941,2022,dry,annotated,0,541065,5040435,35100,0.0307692307692308,0.22481900453567505,0.229888916015625,-0.339935302734375,0.3636363744735718,0,5,0.08240000158548355,0.22750000655651093,0.2159000039100647,-0.43412238359451294,-0.40655383467674255
5688188,2022,dry,annotated,0,541095,5040285,35100,0.0307692307692308,0.14044207334518433,0.119537353515625,-0.450286865234375,0.09090909361839294,0,5,0.07904999703168869,0.16429999470710754,0.2242999970912933,-0.4999556541442871,-0.46385541558265686
5689132,2022,dry,annotated,0,541275,5040315,35100,0.0307692307692308,0.17793911695480347,0.110565185546875,-0.459259033203125,0,0,5,0.07349999994039536,0.1878000050783157,0.24650000035762787,-0.5451936721801758,-0.49756985902786255
5688299,2022,hugo_precise,annotated,1,541125,5040315,35100,0.0307692307692308,0.0602443665266037,0.62115478515625,0.05133056640625,0.9354838728904724,0.0625,2,0.03685000166296959,0.06925000250339508,0.06994999945163727,-0.3093768358230591,0.0040485830977559
11087577,2022,deep_water,random_draw,0,569865,5010105,7200,0.05,0.10908988863229752,0.19549560546875,-0.1134033203125,0.03448275849223137,0,5,0.06279999762773514,0.2379000037908554,0.2199999988079071,-0.4966386556625366,-0.4353511035442352
11087657,2022,deep_water,random_draw,0,569865,5010195,7200,0.05,0.0963660329580307,0.3289794921875,0.02008056640625,0.1428571492433548,0.15000000596046448,5,0.03229999914765358,0.090999998152256,0.11479999870061874,-0.4669966995716095,-0.4217844605445862
11085306,2022,dry,annotated,0,569595,5010315,118800,0.0313131313131313,0.0843280702829361,0.457672119140625,-0.291351318359375,0,0,5,0.09040000289678574,0.2824000120162964,0.2567000091075897,-0.41864633560180664,-0.3401459753513336
11085841,2022,em_veg,annotated,0,569655,5010435,118800,0.0313131313131313,0.08564801514148712,0.583709716796875,-0.165313720703125,0,0,5,0.06219999864697456,0.22599999606609344,0.22130000591278076,-0.35089370608329773,-0.2507374584674835
11085913,2022,em_veg,annotated,0,569655,5010555,118800,0.0313131313131313,0.08195261657238007,0.699981689453125,-0.049041748046875,0,0,5,0.07829999923706055,0.24940000474452972,0.24609999358654025,-0.35628741979599,-0.32478195428848267
11086218,2022,dry,annotated,0,569715,5010555,118800,0.0313131313131313,0.09204023331403732,0.70599365234375,-0.04302978515625,0,0,5,0.08070000261068344,0.27379998564720154,0.2502000033855438,-0.4275951385498047,-0.2806788384914398
11086350,2022,em_veg,annotated,0,569715,5010645,118800,0.0313131313131313,0.07930450141429901,0.706298828125,-0.042724609375,0,0,5,0.06049999967217445,0.2071000039577484,0.17030000686645508,-0.3181818127632141,-0.16245733201503754
11069251,2022,shallow_viz,annotated,1,568125,5009985,39600,0.0272727272727273,0.01404474955052137,0.194091796875,0.0277099609375,0.03030303120613098,0.05000000074505806,5,0.04764999821782112,0.1006999984383583,0.1468999981880188,-0.33233362436294556,-0.05413105338811874
11069359,2022,shallow_viz,annotated,1,568125,5009865,39600,0.0272727272727273,0.01867161132395267,0.159637451171875,-0.006744384765625,0.03125,0.05263157933950424,5,0.03299999982118606,0.08129999786615372,0.06949999928474426,-0.36702126264572144,-0.356097549200058
11068685,2022,dry,annotated,0,568065,5009895,39600,0.0272727272727273,0.01757561042904853,0.076080322265625,-0.090301513671875,0,0,5,0.07000000029802322,0.15045000612735748,0.21754999458789823,-0.5192990303039551,-0.47086164355278015
11069175,2022,dry,annotated,0,568065,5009955,39600,0.0272727272727273,0.0356738343834877,0.025665283203125,-0.140716552734375,0,0,5,0.08134999871253967,0.16779999434947968,0.2439499944448471,-0.5230816006660461,-0.4654788374900818
11070761,2022,dry,annotated,0,568215,5009865,39600,0.0272727272727273,0.04606609791517258,0.060546875,-0.1058349609375,0,0,5,0.07050000131130219,0.14505000412464142,0.2017499953508377,-0.49636730551719666,-0.44368860125541687
11067939,2022,shallow_viz,annotated,1,567975,5010255,24300,0.0469135802469136,0,0,0,0.03125,0,5,0.048700001090765,0.10499999672174454,0.13079999387264252,-0.5424528121948242,-0.09141790866851808
11068028,2022,co_precise,annotated,1,568005,5010165,24300,0.0469135802469136,0,0,0,0.05882352963089943,0,5,0.06150000169873237,0.11460000276565552,0.08160000294446945,-0.4105445146560669,0.3126660883426666
11068347,2022,dry,annotated,0,568035,5010255,24300,0.0469135802469136,0.03223870694637298,-0.033447265625,-0.033447265625,0,0,5,0.06539999693632126,0.1462000012397766,0.26919999718666077,-0.6017719507217407,-0.5333581566810608
11068684,2022,dry,annotated,0,568065,5010345,24300,0.0469135802469136,0.02991329878568649,-0.036407470703125,-0.036407470703125,0,0,5,0.06239999830722809,0.14010000228881836,0.2601499855518341,-0.6122316122055054,-0.5988608598709106
11048554,2022,hugo_precise,annotated,1,565605,5009985,693900,0.0194552529182879,0.06675953418016434,4.245208740234375,0.40753173828125,0.4285714328289032,0.15789473056793213,5,0.04755000025033951,0.03905000165104866,0.02814999967813491,0.2381021678447723,0.31012657284736633
11049322,2022,dry,annotated,0,565695,5009895,693900,0.0194552529182879,0.06282687932252884,3.53778076171875,-0.299896240234375,0,0,5,0.09269999712705612,0.19220000505447388,0.3109000027179718,-0.5144302248954773,-0.4993971586227417
11051636,2022,dry,annotated,0,565935,5009835,693900,0.0194552529182879,0.04541542381048202,3.6829833984375,-0.154693603515625,0,0,5,0.06639999896287918,0.15620000660419464,0.2378000020980835,-0.5454545617103577,-0.4703429043292999
11054628,2022,dry,annotated,0,566235,5009895,693900,0.0194552529182879,0.02915812283754348,3.65484619140625,-0.182830810546875,0,0,5,0.06475000083446503,0.1482499986886978,0.2231000065803528,-0.4979187250137329,-0.4546666741371155
11048451,2022,hugo_precise,annotated,1,565575,5010105,33300,0.0324324324324324,0,0.347625732421875,0.022857666015625,0.24137930572032928,0.125,5,0.04760000109672546,0.0393499992787838,0.03274999931454658,0.17368707060813904,0.24382384121418
11049317,2022,shallow_viz,annotated,1,565665,5010195,33300,0.0324324324324324,0,0.347625732421875,0.022857666015625,0.12121212482452393,0.0625,5,0.05319999903440475,0.05090000107884407,0.04509999975562095,0.03374778106808662,0.2666666805744171
11048416,2022,dry,annotated,0,565575,5010165,33300,0.0324324324324324,0.05370824784040451,0.14617919921875,-0.1785888671875,0,0,5,0.0706000030040741,0.14030000567436218,0.227850005030632,-0.5262496471405029,-0.5062482357025146
11048884,2022,dry,annotated,0,565635,5010255,33300,0.0324324324324324,0.03842814266681671,0.181671142578125,-0.143096923828125,0,0,5,0.06615000218153,0.13404999673366547,0.2326499968767166,-0.5769467949867249,-0.5456902384757996
11043260,2022,dry,annotated,0,564945,5009835,28800,0.0291666666666667,0.03412342444062233,0.068603515625,-0.098236083984375,0,0,5,0.05820000171661377,0.13860000669956207,0.22020000219345093,-0.5597579479217529,-0.4645460546016693
11043712,2022,dry,annotated,0,564975,5009925,28800,0.0291666666666667,0.03903701528906822,0.042633056640625,-0.12420654296875,0,0,5,0.06190000101923942,0.1378999948501587,0.24060000479221344,-0.553961992263794,-0.5269749760627747
11044395,2022,dry,annotated,0,565065,5009745,28800,0.0291666666666667,0.02368350513279438,0.06622314453125,-0.100616455078125,0,0,5,0.0632999986410141,0.1460999995470047,0.2554999887943268,-0.596875011920929,-0.5646100044250488
11038839,2022,dry,annotated,0,564435,5010135,46800,0.0384615384615385,0.05016415566205978,0.2923583984375,-0.017120361328125,0,0,5,0.06400000303983688,0.1430000066757202,0.1930499970912933,-0.4853535294532776,-0.4083281457424164
11039969,2022,dry,annotated,0,564555,5010135,46800,0.0384615384615385,0.03403293713927269,0.2178955078125,-0.091583251953125,0,0,5,0.06975000351667404,0.15025000274181366,0.2567000091075897,-0.5588352084159851,-0.5478557348251343
11040051,2022,dry,annotated,0,564555,5010225,46800,0.0384615384615385,0.03725729137659073,0.258636474609375,-0.05084228515625,0,0,5,0.06700000166893005,0.156700000166893,0.25619998574256897,-0.5645801424980164,-0.4799791872501374
11032559,2022,dry,annotated,0,563745,5010135,4500,0.08,0.05726080760359764,0.12164306640625,0.01483154296875,0,0,5,0.06679999828338623,0.2639000117778778,0.18790000677108765,-0.46882668137550354,-0.4149000644683838
11030929,2022,dry,annotated,0,563535,5009835,4500,0.0666666666666667,0.03435219824314117,0.01348876953125,-0.149139404296875,0,0,5,0.07989999651908875,0.16580000519752502,0.30230000615119934,-0.5818942785263062,-0.4283837080001831
11007987,2022,deep_water,random_draw,0,560625,5010165,11700,0.0615384615384615,0.1759105920791626,1.105255126953125,-0.67987060546875,0,0,5,0.07180000096559525,0.21359999477863312,0.22470000386238095,-0.5297674536705017,-0.5014619827270508
11008268,2022,deep_water,random_draw,0,560685,5010045,11700,0.0615384615384615,0.4214543402194977,0.10870361328125,-1.676422119140625,0,0,5,0.09740000218153,0.3093000054359436,0.2467000037431717,-0.42729857563972473,-0.4221116006374359
11001188,2022,hugo_precise,annotated,1,559425,5009985,189900,0.0186413902053712,0.10764116048812866,0.995758056640625,0.042633056640625,0.0833333358168602,0,5,0.05164999887347221,0.09149999916553496,0.08399999886751175,-0.21811306476593015,-0.0719844326376915
11000773,2022,dry,annotated,0,559335,5009895,189900,0.0186413902053712,0.02483744174242019,0.708648681640625,-0.244476318359375,0,0,5,0.06179999932646751,0.1282999962568283,0.22589999437332153,-0.5742674469947815,-0.5498406887054443
11000987,2022,dry,annotated,0,559365,5010015,189900,0.0186413902053712,0.31381267309188843,0.655975341796875,-0.297149658203125,0.02941176481544971,0.05263157933950424,5,0.08205000311136246,0.1464499980211258,0.16044999659061432,-0.3244943916797638,-0.26467448472976685
11001578,2022,dry,annotated,0,559485,5009895,189900,0.0186413902053712,0.01979986578226089,0.722320556640625,-0.230804443359375,0,0,5,0.06140000000596046,0.13230000436306,0.21930000185966492,-0.5612719058990479,-0.5315461754798889
10998320,2022,hugo_precise,annotated,1,558885,5010075,3600,0.0833333333333333,0.04867320135235786,0.2576904296875,0.037933349609375,0.0555555559694767,0.3333333432674408,5,0.06120000034570694,0.093299999833107,0.08959999680519104,-0.3648134171962738,0.3413063585758209
10998261,2022,dry,annotated,0,558825,5010075,3600,0.0833333333333333,0.05991184711456299,0.022674560546875,-0.19708251953125,0,0,5,0.05669999867677688,0.1202000007033348,0.21250000596046448,-0.6031686067581177,-0.5350553393363953
10998463,2022,dry,annotated,0,558915,5010105,3600,0.0833333333333333,0.08573231101036072,0.09869384765625,-0.121063232421875,0,0.0476190485060215,5,0.06889999657869339,0.11490000039339066,0.16609999537467957,-0.5337026715278625,-0.3106553256511688
10989636,2022,dry,annotated,0,557325,5009925,8100,0.0518518518518519,0.03824596107006073,-0.05108642578125,-0.288604736328125,0,0,5,0.11214999854564668,0.2273499965667725,0.3280999958515167,-0.4859800338745117,-0.4453125
10988543,2022,shallow_viz,annotated,1,557085,5010105,1800,0.1,0.04906485602259636,0.10598754882806816,0.00531005859375,0.02564102597534656,0,5,0.04975000023841858,0.10520000010728836,0.13375000655651093,-0.4879161119461059,-0.2567642331123352
10988624,2022,dry,annotated,0,557085,5010135,1800,0.1,0.0479070134460926,-0.05264282226568184,-0.1533203125,0,0,5,0.08169999718666077,0.1688999980688095,0.2810499966144562,-0.5778551697731018,-0.48825863003730774
10973582,2022,co_precise,annotated,1,554955,5010105,1145700,0.0105263157894737,0.06908483803272247,4.473175048828125,0.01644897460931815,0.1111111119389534,0,5,0.05249999836087227,0.11755000054836272,0.11720000207424164,-0.29759207367897034,0.12792792916297913
10972415,2022,dry,annotated,0,554835,5010195,1145700,0.0105263157894737,0.45312920212745667,3.709228515625,-0.7474975585938068,0,0,5,0.08855000138282776,0.24310000240802765,0.25815001130104065,-0.496033787727356,-0.47698089480400085
10972535,2022,dry,annotated,0,554865,5010525,1145700,0.0105263157894737,0.05758756771683693,4.438995361328125,-0.01773071289068184,0,0,5,0.05355000123381615,0.16590000689029694,0.15539999306201935,-0.4470027983188629,-0.27054107189178467
10975359,2022,dry,annotated,0,555165,5010075,1145700,0.0105263157894737,0.20323561131954193,4.248870849609375,-0.20785522460943184,0,0,5,0.06955000013113022,0.16705000400543213,0.19654999673366547,-0.4448050558567047,-0.36661770939826965
10965062,2022,em_veg,random_draw,0,553905,5010135,22500,0.0426666666666667,1.7402115190634504e-5,0.333251953125,0.005828857421875,0.7555555701255798,0,3,0.03034999966621399,0.04024999961256981,0.05085000023245811,-0.27559053897857666,0.05033557116985321
10965067,2022,em_veg,random_draw,0,553905,5010015,22500,0.0426666666666667,0.5005542635917664,0.200439453125,-0.126983642578125,0,0,5,0.07620000094175339,0.18230000138282776,0.17960000038146973,-0.40918007493019104,-0.3901560604572296
10965093,2022,em_veg,random_draw,0,553905,5010285,22500,0.0426666666666667,1.5197829634416848e-4,0.333251953125,0.005828857421875,0.7021276354789734,0,4,0.03604999929666519,0.06965000182390213,0.07270000129938126,-0.27950000762939453,-0.0951526015996933
10965411,2022,em_veg,random_draw,0,553935,5009985,14400,0.0416666666666667,0.3897954523563385,0.851837158203125,-0.265960693359375,0.0714285746216774,0,5,0.05629999935626983,0.16539999842643738,0.1615999937057495,-0.5042138695716858,-0.4437704086303711
10965455,2022,em_veg,random_draw,0,553935,5009865,14400,0.0416666666666667,0,1.26251220703125,0.14471435546875,1,0.2916666567325592,3,0.04275000095367431,0.07680000364780426,0.04895000159740448,-0.06044704467058182,0.4000000059604645
10966057,2022,em_veg,random_draw,0,554025,5009835,14400,0.0416666666666667,0.07187676429748535,-0.013916015625,-1.1317138671875,0,0,5,0.0799499973654747,0.30730000138282776,0.2814500033855438,-0.5471269488334656,-0.49899476766586304
10953541,2022,em_veg,annotated,0,552075,5010105,27000,0.0377777777777778,0.09244126081466676,0.10101318359375,-0.212615966796875,0.02083333395421505,0,5,0.08089999854564667,0.16769999265670776,0.2303999960422516,-0.48024412989616394,-0.43523573875427246
10535643,2022,deep_water,random_draw,0,548055,5010135,3716100,0.00473076612577702,0.1314847320318222,9.063385009765623,0.034912109375,0.5249999761581421,0,4,0.05950000137090683,0.12460000067949296,0.12460000067949296,-0.35361215472221375,-0.1582491546869278
10536402,2022,deep_water,random_draw,0,548205,5010195,3716100,0.00473076612577702,0.10568611323833466,8.542755126953125,-0.4857177734375,0.2432432472705841,0,5,0.08340000361204147,0.19419999420642853,0.2226999998092651,-0.4423575103282929,-0.0986601710319519
10536487,2022,deep_water,random_draw,0,548235,5010315,3716100,0.00473076612577702,0.16695314645767212,8.857391357421875,-0.17108154296875,0.20512820780277252,0,5,0.0986500009894371,0.2037999927997589,0.2706499993801117,-0.4459332823753357,-0.21731123328208923
10537021,2022,deep_water,random_draw,0,548355,5010195,3716100,0.00473076612577702,0.13648876547813416,8.7633056640625,-0.265167236328125,0.2857142984867096,0,5,0.08295000344514847,0.2084999978542328,0.21529999375343323,-0.4155551493167877,-0.06525038182735443
10537352,2022,deep_water,random_draw,0,548415,5010045,3716100,0.00473076612577702,0.14339491724967957,9.10040283203125,0.071929931640625,0.4878048896789551,0,5,0.03245000168681145,0.06825000047683716,0.0649000033736229,-0.31367960572242737,-0.09935897588729858
10538612,2022,deep_water,random_draw,0,548655,5010195,3716100,0.00473076612577702,0.14312367141246796,8.906646728515625,-0.121826171875,0.3255814015865326,0,5,0.06859999895095825,0.15015000104904175,0.15119999647140503,-0.27777865529060364,0.0419580414891243
10538978,2022,deep_water,random_draw,0,548715,5010405,3716100,0.00473076612577702,0.10597974061965942,8.9234619140625,-0.105010986328125,0.4523809552192688,0,5,0.05900000035762787,0.10989999771118164,0.12150000035762788,-0.1955648511648178,0.13853904604911804
10539127,2022,deep_water,random_draw,0,548745,5010105,3716100,0.00473076612577702,0.17897063493728638,9.452178955078123,0.4237060546875,0.8372092843055725,0,4,0.04639999940991402,0.10554999858140944,0.09279999881982803,-0.31512191891670227,-0.11509715765714644
10539347,2022,deep_water,random_draw,0,548775,5010285,3716100,0.00473076612577702,0.285342276096344,8.60748291015625,-0.420989990234375,0.42222222685813904,0,5,0.07615000009536743,0.19210000336170197,0.2479500025510788,-0.5382169485092163,0.02600472792983055
15056739,2022,deep_water,random_draw,0,548895,5010075,3716100,0.00473076612577702,0.33972102403640747,8.049774169921875,-0.97869873046875,0.2666666805744171,0,5,0.06780000030994415,0.16210000216960907,0.26510000228881836,-0.5409203767776489,-0.4714445769786834
10517255,2022,co_precise,annotated,1,544185,5009865,12600,0.0666666666666667,0.02092831395566463,1.0548095703125,0.152099609375,0.0714285746216774,0,5,0.0276500005275011,0.07840000092983246,0.07055000215768814,-0.4507262110710144,-0.33182331919670105
10517063,2022,dry,annotated,0,544125,5009805,12600,0.0666666666666667,0.07852465659379959,0.458038330078125,-0.444671630859375,0,0,5,0.06379999965429306,0.3721500039100647,0.22705000638961792,-0.55631422996521,-0.52259761095047
10517480,2022,dry,annotated,0,544215,5009775,12600,0.0666666666666667,0.13346245884895325,0.89007568359375,-0.01263427734375,0.02222222276031971,0,5,0.05130000039935112,0.195700004696846,0.1642500013113022,-0.5141083002090454,-0.47993168234825134
10517507,2022,dry,annotated,0,544245,5009895,12600,0.0666666666666667,0.11203115433454514,0.397491455078125,-0.505218505859375,0,0,5,0.0737999975681305,0.2599000036716461,0.24079999327659607,-0.529860258102417,-0.5134891867637634
10513339,2022,dry,annotated,0,542595,5010135,81900,0.0205128205128205,0,2.071350097656193,0.06256103515619316,0,0,5,0.05555000156164169,0.2075999975204468,0.16619999706745148,-0.4906651973724365,-0.41414913535118103
10513028,2022,shallow_viz,annotated,1,542445,5009565,284400,0.0158227848101266,0,1.288787841796875,0.004425048828125,0.1627907007932663,0,5,0.02814999967813491,0.04625000059604645,0.03754999861121178,-0.18726667761802673,0.5535168051719666
10513261,2022,shallow_viz,annotated,1,542535,5009865,284400,0.0158227848101266,0,1.288787841796875,0.004425048828125,0.20454545319080353,0.07692307978868484,5,0.03440000116825104,0.04369999840855598,0.04170000180602074,-0.23922733962535855,0.1056179776787758
10512853,2022,dry,annotated,0,542415,5009565,284400,0.0158227848101266,0,1.288787841796875,0.004425048828125,0.04444444552063942,0,5,0.04639999940991402,0.09059999883174896,0.1143999993801117,-0.4760705232620239,-0.4143222570419311
10513146,2022,dry,annotated,0,542505,5009835,284400,0.0158227848101266,0,1.288787841796875,0.004425048828125,0.02380952425301075,0,5,0.06004999950528145,0.125,0.15780000388622284,-0.4868781864643097,-0.3623354434967041
10513227,2022,dry,annotated,0,542535,5009925,284400,0.0158227848101266,7.701648428337649e-6,1.288787841796875,0.004425048828125,0.09302325546741486,0,5,0.05195000022649765,0.1074500009417534,0.13774999976158142,-0.4692747890949249,-0.3920645713806152
10502335,2022,dry,annotated,0,538365,5010015,11700,0.0512820512820513,0.12199348211288452,0.248565673828125,-0.729736328125,0,0,5,0.07750000059604645,0.28270000219345093,0.28519999980926514,-0.5678840279579163,-0.5353719592094421
10489295,2022,deep_water,random_draw,0,535185,5010105,522000,0.0158620689655172,0,1.729248046875,0.0048828125,0.13333334028720856,0,5,0.04800000041723251,0.13030000030994415,0.14730000495910645,-0.5084485411643982,-0.5084485411643982
10489366,2022,deep_water,random_draw,0,535185,5010225,522000,0.0158620689655172,0,1.729248046875,0.0048828125,0.1666666716337204,0,5,0.05660000070929527,0.13220000267028809,0.1468999981880188,-0.44373464584350586,-0.44373464584350586
10490415,2022,deep_water,random_draw,0,535275,5010075,522000,0.0158620689655172,0,1.729248046875,0.0048828125,0.0555555559694767,0,5,0.08009999990463257,0.1770000010728836,0.2321999967098236,-0.4870316982269287,-0.4870316982269287
10490585,2022,deep_water,random_draw,0,535275,5010465,522000,0.0158620689655172,0,1.729248046875,0.0048828125,0.6842105388641357,0.06666667014360428,3,0.00655000004917383,0.01905000023543834,0.02950000017881393,-0.6323003768920898,-0.6095890402793884
10490726,2022,deep_water,random_draw,0,535305,5010255,522000,0.0158620689655172,0,1.729248046875,0.0048828125,0.7297297120094299,0.3333333432674408,4,0.04230000078678131,0.09574999660253523,0.10729999840259552,-0.4350714981555938,-0.4236641228199005
10491676,2022,deep_water,random_draw,0,535395,5010495,522000,0.0158620689655172,0,1.729248046875,0.0048828125,0.9736841917037964,1,1,0.02309999987483024,0.02950000017881393,0.03180000185966492,-0.12966252863407135,0.05882352963089943
10491789,2022,deep_water,random_draw,0,535395,5010045,522000,0.0158620689655172,0.00583264045417308,1.729248046875,0.0048828125,0.6052631735801697,0.5625,4,0.04050000011920929,0.09969999641180038,0.09184999763965608,-0.4073496460914612,-0.3708184957504273
10492318,2022,deep_water,random_draw,0,535455,5010405,522000,0.0158620689655172,0,1.729248046875,0.0048828125,0.8717948794364929,0.5882353186607361,4,0.03390000015497207,0.07020000368356705,0.08044999837875366,-0.41275787353515625,-0.3675373196601868
10492704,2022,deep_water,random_draw,0,535485,5010135,522000,0.0158620689655172,0,1.729248046875,0.0048828125,0.4146341383457184,0,4,0.06620000302791595,0.1525000035762787,0.18469999730587008,-0.46318888664245605,-0.40715503692626953
10492834,2022,deep_water,random_draw,0,535515,5010345,522000,0.0158620689655172,0.5072522163391113,0.8084716796875,-0.9158935546875,0,0,5,0.08534999936819077,0.24684999883174896,0.27239999175071716,-0.5130223035812378,-0.4982600510120392
10482548,2022,em_veg,annotated,0,534375,5010285,119700,0.0270676691729323,0,1.341705322265625,0.00213623046875,0.3235294222831726,0,5,0.05420000106096268,0.1225000023841858,0.13279999792575836,-0.42032086849212646,-0.4081364870071411
10483062,2022,em_veg,annotated,0,534495,5010225,119700,0.0270676691729323,0,1.341705322265625,0.00213623046875,0.25,0,5,0.04535000026226044,0.11545000225305556,0.11145000159740448,-0.4219958484172821,-0.4136886596679687
10483181,2022,dry,annotated,0,534495,5010165,119700,0.0270676691729323,0.24350488185882568,1.248199462890625,-0.09136962890625,0.20588235557079315,0,5,0.04809999838471413,0.15060000121593475,0.13680000603199005,-0.5064327716827393,-0.4797187745571137
10484471,2022,em_veg,annotated,0,534705,5010135,119700,0.0270676691729323,0,1.341705322265625,0.00213623046875,0.03030303120613098,0,5,0.04244999960064888,0.10750000178813934,0.11105000227689744,-0.44810807704925537,-0.3982188403606415
10484506,2022,dry,annotated,0,534705,5010105,119700,0.0270676691729323,0,1.341705322265625,0.00213623046875,0.4444444477558136,0.0714285746216774,4,0.03705000132322311,0.09115000069141388,0.1037999987602234,-0.47289416193962097,-0.4471544623374939
10472846,2022,em_veg,random_draw,0,532515,5009835,900,0.133333333333333,0.12860049307346344,2.257568359375,0.708740234375,0.17142857611179352,0,5,0.04050000011920929,0.12240000069141388,0.14110000431537628,-0.558255136013031,-0.5037755966186523
10457058,2022,em_veg,random_draw,0,528015,5010045,9000,0.06,0.4995522201061249,0.079254150390625,-0.737335205078125,0.0625,0,5,0.05579999834299087,0.1981000006198883,0.17479999363422394,-0.516045093536377,-0.49050772190093994
10457381,2022,em_veg,random_draw,0,528105,5010105,9000,0.06,0.07988787442445755,0.866180419921875,0.049591064453125,0.03225806355476379,0,5,0.05570000037550926,0.1656000018119812,0.1534000039100647,-0.4533396363258362,-0.4450951814651489
10456746,2022,em_veg,annotated,0,527925,5009715,24300,0.0320987654320988,0,0.35458374023443184,8.85009765625e-4,0.03333333507180214,0,5,0.05220000073313713,0.12349999696016312,0.12389999628067017,-0.43568944931030273,-0.3714629709720611
10456855,2022,dry,annotated,0,527985,5009805,24300,0.0320987654320988,0,0.35458374023443184,8.85009765625e-4,0,0,5,0.08810000121593475,0.19269999861717224,0.2195499986410141,-0.4266672134399414,-0.4176245331764221
10457241,2022,em_veg,annotated,0,528075,5009835,24300,0.0320987654320988,0,0.35458374023443184,8.85009765625e-4,0.20000000298023224,0,5,0.03920000046491623,0.08030000329017639,0.0966999977827072,-0.40756914019584656,0.23463687300682068
10447512,2022,dry,annotated,0,525765,5009895,2700,0.0888888888888889,7.62939453125e-6,1.2313232421875,0.095672607421875,0,0,5,0.05465000122785568,0.2186499983072281,0.15604999661445618,-0.48158034682273865,-0.45283904671669006
10433946,2022,deep_water,random_draw,0,522735,5009805,5400,0.0666666666666667,0,0.0426025390625,5.18798828125e-4,0.59375,0.5,5,0.0104000000283122,0.03950000181794166,0.06530000269412994,-0.7252311706542969,-0.42268040776252747
10428624,2022,deep_water,random_draw,0,521295,5010105,31500,0.0438095238095238,0.6929462552070618,1.170684814453125,0.37530517578125,0.7931034564971924,0.7857142686843872,4,0.05350000038743019,0.1088000014424324,0.13030000030994415,-0.4279918968677521,-0.4149808585643768
10429326,2022,deep_water,random_draw,0,521415,5010165,31500,0.0438095238095238,0.12307362258434296,0.65966796875,-0.135711669921875,0.34375,0.2142857164144516,4,0.06584999710321426,0.14364999532699585,0.19030000269412992,-0.4699403643608093,-0.4568690061569214
10429734,2022,deep_water,random_draw,0,521505,5010255,31500,0.0438095238095238,0.33795109391212463,0.373504638671875,-0.421875,0,0,5,0.10180000215768814,0.20555000007152557,0.275299996137619,-0.4734021425247192,-0.4490122795104981
10429860,2022,deep_water,random_draw,0,521535,5010405,31500,0.0438095238095238,0,0.709014892578125,-0.08636474609375,0.7428571581840515,1,4,0.03480000048875809,0.06885000318288803,0.07665000110864639,-0.36776742339134216,-0.12262521684169768
10427649,2022,deep_water,random_draw,0,521115,5009925,25200,0.0380952380952381,0.2365129441022873,1.637603759765625,-0.07763671875,0.8709677457809448,1,4,0.04910000041127205,0.09335000067949296,0.09634999930858612,-0.33158090710639954,-0.3220779299736023
10428219,2022,deep_water,random_draw,0,521205,5009925,25200,0.0380952380952381,0.30356013774871826,1.69427490234375,-0.020965576171875,0.8387096524238586,0.5,3,0.04165000095963478,0.0832500010728836,0.11050000041723251,-0.40735799074172974,-0.35582154989242554
10428351,2022,deep_water,random_draw,0,521235,5010015,25200,0.0380952380952381,0,1.902801513671875,0.18756103515625,1,1,1,0.02899999916553497,0.03790000081062317,0.0471000000834465,-0.22337661683559415,0.14357683062553406
10425303,2022,dry,annotated,0,520755,5009925,12600,0.0571428571428571,0.25731247663497925,0.234039306640625,-0.610107421875,0,0,5,0.07739999890327454,0.1745000034570694,0.26249998807907104,-0.5536388158798218,-0.5445719361305237
10425559,2022,em_veg,annotated,0,520785,5009895,12600,0.0571428571428571,0.24975982308387756,0.779876708984375,-0.06427001953125,0.15625,0,5,0.05829999968409538,0.13490000367164612,0.17339999973773956,-0.5163969993591309,-0.4658064544200897
10425797,2022,dry,annotated,0,520845,5009985,12600,0.0571428571428571,0.2151111215353012,0.692047119140625,-0.152099609375,0.23333333432674408,0.0625,5,0.05460000038146973,0.10260000079870224,0.12479999661445618,-0.44831013679504395,-0.3913043439388275
10425930,2022,em_veg,annotated,0,520845,5009925,12600,0.0571428571428571,0.3016015291213989,0.548004150390625,-0.296142578125,0.3333333432674408,0.13333334028720856,5,0.06499999761581421,0.1448500007390976,0.1777999997138977,-0.4490787088871002,-0.442180335521698
10425973,2022,dry,annotated,0,520875,5009895,12600,0.0571428571428571,0.183367520570755,0.217742919921875,-0.62640380859375,0,0,5,0.08320000022649765,0.21494999527931213,0.2635500133037567,-0.5262783765792847,-0.4956677556037903
10426416,2022,em_veg,annotated,0,520935,5009955,12600,0.0571428571428571,0.19534076750278473,0.7412109375,-0.102935791015625,0.13793103396892548,0,5,0.04149999842047691,0.09619999676942824,0.11420000344514848,-0.4483195841312408,-0.43685299158096313
10424123,2022,dry,annotated,0,520545,5011215,62100,0.0231884057971014,0.3579789996147156,1.302703857421875,-0.455078125,0.2068965584039688,0.0714285746216774,5,0.07050000131130219,0.17839999496936798,0.185699999332428,-0.4681997895240784,-0.4485725462436676
10424345,2022,dry,annotated,0,520575,5011335,62100,0.0231884057971014,0.2295820116996765,1.55206298828125,-0.205718994140625,0.9666666388511658,1,4,0.04930000007152557,0.09920000284910202,0.11069999635219574,-0.3853718638420105,-0.32046863436698914
10424411,2022,deep_viz,annotated,0,520575,5011485,62100,0.0231884057971014,0.06001773849129677,1.780609130859375,0.0228271484375,1,1,3,0.0340999998152256,0.05420000106096268,0.07069999724626541,-0.3544715344905853,-0.3492366373538971
10424561,2022,deep_viz,annotated,0,520605,5011335,62100,0.0231884057971014,0,1.797882080078125,0.04010009765625,1,1,1,0.03030000068247318,0.02889999933540821,0.03810000047087669,0.03056768514215946,1
10424563,2022,dry,annotated,0,520635,5011035,62100,0.0231884057971014,0.35971030592918396,0.77117919921875,-0.986602783203125,0.03030303120613098,0,5,0.09839999675750732,0.1871999949216843,0.27959999442100525,-0.48682087659835815,-0.4793650805950165
10424631,2022,deep_viz,annotated,0,520635,5011245,62100,0.0231884057971014,0,1.797882080078125,0.04010009765625,1,1,1,0.03379999846220016,0.03180000185966492,0.03579999879002571,0.04978355020284653,0.2222222238779068
10419132,2022,deep_water,random_draw,0,519825,5012295,4979700,0.00374721368757154,0.2154880464076996,7.18988037109375,-0.018218994140625,1,0.9230769276618958,4,0.04430000111460686,0.0940999984741211,0.1202000007033348,-0.4959551990032196,-0.4023413360118866
10420160,2022,deep_water,random_draw,0,519945,5012175,4979700,0.00374721368757154,0,7.24664306640625,0.038543701171875,1,1,1,0.03999999910593033,0.02700000070035457,0.02889999933540821,0.1961057037115097,0.221374049782753
10420722,2022,deep_water,random_draw,0,520005,5010975,4979700,0.00374721368757154,1.326306939125061,6.254669189453125,-0.95343017578125,1,1,3,0.05150000005960464,0.0997999981045723,0.09539999812841415,-0.3265132009983063,-0.2373540848493576
10421643,2022,deep_water,random_draw,0,520155,5011185,4979700,0.00374721368757154,0,7.24664306640625,0.038543701171875,1,1,1,0.03620000183582306,0.02300000004470348,0.02549999952316284,0.20951302349567413,0.5819672346115112
10422302,2022,deep_water,random_draw,0,520245,5012025,4979700,0.00374721368757154,0,7.24664306640625,0.038543701171875,1,1,1,0.04160000011324882,0.02490000054240226,0.02415000088512897,0.2316437661647797,0.4615384638309479
10422509,2022,deep_water,random_draw,0,520275,5011845,4979700,0.00374721368757154,0,7.24664306640625,0.038543701171875,1,1,1,0.03460000082850456,0.01830000057816505,0.02449999935925007,0.17089678347110748,0.435523122549057
10422642,2022,deep_water,random_draw,0,520305,5011935,4979700,0.00374721368757154,0,7.24664306640625,0.038543701171875,1,1,1,0.04230000078678131,0.02545000053942203,0.02565000019967556,0.27502644062042236,0.4490481615066528
10422656,2022,deep_water,random_draw,0,520305,5011215,4979700,0.00374721368757154,0,7.24664306640625,0.038543701171875,1,1,1,0.03519999980926514,0.02199999988079071,0.02639999985694885,0.1713961362838745,0.4265734255313874
10423091,2022,deep_water,random_draw,0,520365,5011695,4979700,0.00374721368757154,0,7.24664306640625,0.038543701171875,1,1,1,0.03530000150203705,0.01970000006258487,0.02639999985694885,0.14424635469913483,0.45121949911117554
10423747,2022,deep_water,random_draw,0,520455,5011515,4979700,0.00374721368757154,0.1515285074710846,7.21563720703125,0.007537841796875,1,1,3,0.04289999976754188,0.05990000069141388,0.07100000232458115,-0.16712328791618347,-0.1530054658651352
10418273,2022,deep_water,random_draw,0,519765,5013045,59400,0.0282828282828283,0.21456685662269592,2.9932861328125,-0.509735107421875,0.15625,0,5,0.04280000180006027,0.09629999846220016,0.1156499981880188,-0.45503416657447815,-0.1432432383298874
10418919,2022,deep_water,random_draw,0,519825,5013225,59400,0.0282828282828283,0.04041771590709686,3.778778076171875,0.2757568359375,0.9375,0.5714285969734192,3,0.03525000065565109,0.03815000131726265,0.04769999906420708,-0.06352399289608002,0.36802974343299866
10419235,2022,deep_water,random_draw,0,519825,5013345,59400,0.0282828282828283,0.8423929810523987,1.04083251953125,-2.462188720703125,0,0,5,0.08365000039339066,0.290149986743927,0.25725001096725464,-0.5102530121803284,-0.5015576481819153
10420017,2022,deep_water,random_draw,0,519915,5013165,59400,0.0282828282828283,0.4962049424648285,2.79327392578125,-0.709747314453125,0.125,0.1428571492433548,5,0.06105000153183937,0.13420000672340393,0.17669999599456787,-0.45810192823410034,-0.37429049611091614
10420230,2022,deep_water,random_draw,0,519945,5013375,59400,0.0282828282828283,0.46722057461738586,3.348236083984375,-0.15478515625,0.19354838132858276,0.125,5,0.04199999943375587,0.11010000109672546,0.12759999930858612,-0.5121951103210449,-0.45398393273353577
10420532,2022,deep_water,random_draw,0,519975,5013255,59400,0.0282828282828283,0,3.787139892578125,0.28411865234375,1,1,1,0.03770000115036964,0.03020000085234642,0.03440000116825104,-0.0714285746216774,0.17579250037670135
10420908,2022,deep_water,random_draw,0,520035,5013345,59400,0.0282828282828283,0.4000082015991211,3.3780517578125,-0.124969482421875,0.65625,0.625,4,0.03640000149607658,0.0763000026345253,0.09189999848604202,-0.4229651093482971,-0.2646464705467224
10422160,2022,dry,annotated,0,520215,5013975,8100,0.0518518518518519,0.8420667052268982,2.22320556640625,-0.38241577148431816,0.16129031777381897,0,5,0.06019999831914902,0.15620000660419464,0.1589999943971634,-0.4495284855365753,-0.4251439571380615
10422259,2022,dry,annotated,0,520245,5014815,39600,0.0287878787878788,0.5078164935112,1.756103515625,-0.74462890625,0,0,5,0.0693499967455864,0.1673000007867813,0.19584999978542328,-0.4750243127346039,-0.42004477977752686
10422878,2022,dry,annotated,0,520335,5015055,39600,0.0287878787878788,0.4079243540763855,2.190399169921875,-0.310333251953125,0.6000000238418579,0.2142857164144516,4,0.04769999906420708,0.11879999935626984,0.14259999990463257,-0.4924123585224152,-0.4898395836353302
10422989,2022,dry,annotated,0,520335,5014785,39600,0.0287878787878788,0.6012839078903198,1.6646728515625,-0.8360595703125,0.3333333432674408,0.5,5,0.05400000140070915,0.14159999787807465,0.16279999911785126,-0.4934554994106293,-0.4746376872062683
10421922,2022,deep_water,random_draw,0,520215,5018055,49500,0.0278787878787879,0,2.505096435546875,0.19390869140625,1,1,3,0.02335000038146972,0.04129999876022339,0.04259999841451645,-0.3655425012111664,0.21946169435977936
10422982,2022,deep_water,random_draw,0,520365,5018175,49500,0.0278787878787879,0.36147579550743103,2.13922119140625,-0.171966552734375,0.6060606241226196,0.6875,4,0.03709999844431877,0.12219999730587006,0.1274999976158142,-0.5492101907730103,-0.42424243688583374
10423409,2022,deep_water,random_draw,0,520425,5018085,49500,0.0278787878787879,0.2251937836408615,2.308013916015625,-0.003173828125,0.9696969985961914,1,4,0.02099999971687793,0.06480000168085098,0.07670000195503235,-0.4567901194095611,-0.3448873460292816
10423858,2022,deep_water,random_draw,0,520485,5018265,49500,0.0278787878787879,0.2721328139305115,2.3099365234375,-0.001251220703125,1,0.8125,4,0.03350000083446503,0.08089999854564667,0.09629999846220016,-0.5190237164497375,-0.4376417100429535
10424051,2022,deep_water,random_draw,0,520515,5018145,49500,0.0278787878787879,0.07731527090072632,2.4921875,0.180999755859375,0.9428571462631226,0.5714285969734192,3,0.02390000037848949,0.06599999964237213,0.08574999868869781,-0.3709182739257813,0.09981167316436768
10424343,2022,deep_water,random_draw,0,520575,5018295,49500,0.0278787878787879,0.24903418123722076,1.909698486328125,-0.4014892578125,0.08571428805589676,0.13333334028720856,5,0.0390000008046627,0.11909999698400496,0.1396999955177307,-0.47088563442230225,-0.42005589604377747
10421601,2022,deep_water,random_draw,0,520155,5018025,4500,0.08,0.6237056255340576,2.284271240234375,0.09423828125,0.3030303120613098,0.6428571343421936,4,0.05505000054836273,0.13529999554157257,0.15209999680519104,-0.4306207001209259,-0.354653537273407
10419592,2022,deep_viz,annotated,0,519885,5019255,54000,0.0266666666666667,0,3.330963134765625,0.234649658203125,1,1,2,0.02465000003576278,0.02779999934136867,0.01879999972879886,-0.23429514467716217,0.9757575988769532
10420106,2022,dry,annotated,0,519945,5019315,54000,0.0266666666666667,0.1842474788427353,3.164825439453125,0.068511962890625,0.9666666388511658,0.9285714030265808,4,0.02810000069439411,0.07320000231266022,0.0786999985575676,-0.3814539611339569,-0.23246073722839355
10420436,2022,deep_viz,annotated,0,519975,5019285,54000,0.0266666666666667,0,3.330963134765625,0.234649658203125,0.9677419066429138,1,2,0.02410000003874302,0.03034999966621399,0.01834999956190586,0.12310526520013808,1
10421069,2022,dry,annotated,0,520065,5019255,54000,0.0266666666666667,0.4588564932346344,2.60650634765625,-0.48980712890625,0.5161290168762207,0.9333333373069764,4,0.05620000138878822,0.13095000386238098,0.13965000212192535,-0.42336151003837585,-0.36481544375419617
10421440,2022,dry,annotated,0,520125,5019435,54000,0.0266666666666667,0.5182764530181885,1.787841796875,-1.3084716796875,0.03125,0,5,0.08865000307559967,0.25279998779296875,0.2484000027179718,-0.4854620397090912,-0.4592248201370239
10421531,2022,deep_viz,annotated,0,520125,5019315,54000,0.0266666666666667,0.06956455856561661,3.305389404296875,0.209075927734375,1,1,3,0.02410000003874302,0.03480000048875809,0.05000000074505806,-0.3502824902534485,-0.22549019753932953
10421885,2022,deep_water,random_draw,0,520185,5019375,21600,0.0361111111111111,0.00449526123702526,2.2464599609375,0.234893798828125,1,0.9285714030265808,3,0.03040000051259994,0.05689999833703041,0.06800000369548798,-0.38211381435394287,-0.25925925374031067
10422570,2022,deep_water,random_draw,0,520305,5019375,21600,0.0361111111111111,0.9553937315940856,0.200897216796875,-1.8106689453125,0.02941176481544971,0.13333334028720856,5,0.07855000346899033,0.18369999527931213,0.20464999973773956,-0.44546791911125183,-0.42113208770751953
10422708,2022,deep_water,random_draw,0,520305,5019465,21600,0.0361111111111111,0.41678860783576965,1.466339111328125,-0.54522705078125,0.03030303120613098,0,5,0.06274999678134918,0.15139999985694885,0.1762000024318695,-0.46912941336631775,-0.4087173044681549
10423232,2022,deep_water,random_draw,0,520395,5019405,21600,0.0361111111111111,0.6835190057754517,0.734893798828125,-1.27667236328125,0.03125,0,5,0.07259999960660934,0.19830000400543213,0.2184000015258789,-0.4954576790332794,-0.435007780790329
10412609,2022,dry,annotated,0,519255,5019795,168300,0.0203208556149733,0.16429120302200317,2.697662353515625,0.13873291015625,0.25,0.1764705926179886,5,0.02859999984502792,0.0738999992609024,0.05959999933838844,-0.19558675587177277,0.04570383951067924
10413291,2022,terrain,annotated,0,519285,5019825,168300,0.0203208556149733,0.6134169101715088,2.601470947265625,0.04254150390625,0.5,0.6470588445663452,5,0.0430000014603138,0.1234000027179718,0.08919999748468399,-0.2435033619403839,-0.24161532521247864
10413595,2022,dry,annotated,0,519345,5019765,168300,0.0203208556149733,0.393559455871582,2.165985107421875,-0.3929443359375,0.09375,0,5,0.0551999993622303,0.17389999330043793,0.11900000274181366,-0.36624568700790405,-0.2726072669029236
10414333,2022,terrain,annotated,0,519405,5019885,168300,0.0203208556149733,0.6477012038230896,2.66265869140625,0.103729248046875,0.3125,0.625,5,0.04800000041723251,0.10679999738931656,0.08399999886751175,-0.2654934823513031,-0.24536694586277008
10415964,2022,dry,annotated,0,519555,5019885,168300,0.0203208556149733,0.2139108330011368,2.17340087890625,-0.385528564453125,0,0,5,0.05575000122189522,0.16975000500679016,0.1861000061035156,-0.5154299736022949,-0.5131755471229553
10400756,2022,deep_water,random_draw,0,517725,5019795,4500,0.0666666666666667,0.3587038815021515,1.1778564453125,0.006988525390625,0,0,5,0.05480000004172325,0.267549991607666,0.1862500011920929,-0.534206748008728,-0.4347923696041107
10379850,2022,dry,annotated,0,513015,5020125,111600,0.0247311827956989,0.35001805424690247,4.939453125,0.112152099609375,0.03333333507180214,0,5,0.05660000070929527,0.14180000126361847,0.13600000739097595,-0.4206072688102722,-0.41225337982177734
10380415,2022,dry,annotated,0,513135,5020005,111600,0.0247311827956989,0.24974459409713745,4.754058837890625,-0.0732421875,0,0,5,0.07100000232458115,0.19220000505447388,0.20880000293254852,-0.4360385239124298,-0.2732968032360077
10380528,2022,dry,annotated,0,513165,5020095,111600,0.0247311827956989,0.12293753772974014,5.3035888671875,0.476287841796875,0.03333333507180214,0.0714285746216774,5,0.04160000011324882,0.09799999743700027,0.1054999977350235,-0.45067697763442993,-0.4343983829021454
10380562,2022,em_veg,annotated,0,513165,5019915,111600,0.0247311827956989,0.2117633819580078,5.341156005859375,0.51385498046875,0.06666667014360428,0,5,0.03519999980926514,0.10830000042915344,0.09030000120401382,-0.3771234452724457,-0.35078534483909607
10380622,2022,em_veg,annotated,0,513195,5020035,111600,0.0247311827956989,0.4694584608078003,5.330535888671875,0.50323486328125,0.06666667014360428,0.06666667014360428,5,0.03750000149011612,0.11649999767541884,0.12099999934434892,-0.5527728199958801,-0.4534534513950348
10380678,2022,em_veg,annotated,0,513195,5019855,111600,0.0247311827956989,0.1780129075050354,5.26727294921875,0.439971923828125,0.06896551698446274,0,5,0.04320000112056732,0.12970000505447388,0.10109999775886536,-0.40905922651290894,-0.356097549200058
10341479,2022,dry,annotated,0,504705,5019885,900,0.133333333333333,0.14812061190605164,-0.09393310546880684,-0.291748046875,0,0,5,0.08500000089406967,0.19339999556541443,0.3308500051498413,-0.591251790523529,-0.5842481851577759
10333016,2022,em_veg,random_draw,0,503295,5019705,9000,0.0533333333333333,0.077390156686306,0.66851806640625,0.13421630859375,0.16129031777381897,0,5,0.0397999994456768,0.07490000128746033,0.07959999889135361,-0.3333333432674408,-0.2394067794084549
10317855,2022,dry,annotated,0,500715,5019495,449100,0.0181696726786907,0.29506081342697144,2.26214599609375,-0.740234375,0.06060606241226196,0,5,0.06019999831914902,0.23929999768733975,0.2111999988555908,-0.5546647310256958,-0.4564334154129028
10318031,2022,dry,annotated,0,500745,5019735,449100,0.0181696726786907,0.13672396540641785,1.688446044921875,-1.313934326171875,0,0,5,0.06589999794960022,0.28025001287460327,0.22255000472068787,-0.5523640513420105,-0.5407813787460327
10318793,2022,dry,annotated,0,500835,5019555,449100,0.0181696726786907,0.2424837350845337,2.2176513671875,-0.78472900390625,0,0,5,0.09749999642372131,0.2964000105857849,0.2687000036239624,-0.46371912956237793,-0.4303242862224579
10319301,2022,deep_viz,annotated,0,500955,5019525,449100,0.0181696726786907,0.5710043907165527,3.150726318359375,0.148345947265625,0.36666667461395264,0,5,0.04340000078082085,0.11254999786615372,0.09139999747276306,-0.3662884831428528,-0.18767507374286652
10319855,2022,em_veg,annotated,0,501075,5019735,449100,0.0181696726786907,0.2954631745815277,2.521087646484375,-0.481292724609375,0.03333333507180214,0,5,0.04385000094771385,0.10575000196695328,0.0851999968290329,-0.3613481521606446,-0.21278539299964905
10319957,2022,em_veg,annotated,0,501105,5019675,449100,0.0181696726786907,0.2181139588356018,2.299957275390625,-0.702423095703125,0.03333333507180214,0,5,0.04879999905824661,0.1237500011920929,0.1002499982714653,-0.3459453582763672,-0.17797443270683289
10320484,2022,em_veg,annotated,0,501195,5019765,449100,0.0181696726786907,0.2205485850572586,2.39569091796875,-0.606689453125,0.10000000149011612,0,5,0.03579999879002571,0.1071000024676323,0.10930000245571136,-0.4971443712711334,-0.35573121905326843
10288673,2022,deep_water,random_draw,0,492615,5016585,9900,0.0484848484848485,0.3386460244655609,2.881561279296875,0.05224609374994316,0.75,0.4375,4,0.03830000013113022,0.10170000046491624,0.11079999804496764,-0.4375917911529541,-0.3781094551086426
10289673,2022,deep_water,random_draw,0,492735,5016555,9900,0.0484848484848485,0.5659657120704651,2.419921875,-0.40939331054693184,0.3939394056797027,0,5,0.04120000079274177,0.13809999823570251,0.13009999692440033,-0.5005347728729248,-0.4686054289340973
10282459,2022,dry,annotated,0,491385,5016675,8100,0.0518518518518519,0.6241759657859802,2.05792236328125,-0.5958251953125,0.3125,0,5,0.05460000038146973,0.1897999942302704,0.1675000041723251,-0.4862466752529144,-0.4554510116577149
10281140,2022,co_precise,annotated,1,491085,5016645,16200,0.0333333333333333,0.18626825511455536,2.02783203125,0.0230712890625,0.8064516186714172,0.625,3,0.0390000008046627,0.07020000368356705,0.07400000095367432,-0.3097345232963562,-0.2159406840801239
10281139,2022,dry,annotated,0,491085,5016735,16200,0.0333333333333333,0.9829235076904296,-0.229522705078125,-2.234283447265625,0,0,5,0.08990000188350677,0.18140000104904175,0.2858000099658966,-0.5111568570137024,-0.4763513505458832
10280852,2022,dry,annotated,0,491025,5016585,35100,0.0273504273504274,0.4531751871109009,1.59979248046875,-0.0750732421875,0.5454545617103577,0.125,4,0.0499499998986721,0.13005000352859497,0.1302500069141388,-0.4519893527030945,-0.3613445460796356
10280911,2022,dry,annotated,0,491055,5016315,35100,0.0273504273504274,0.4264819025993347,1.205718994140625,-0.469146728515625,0.6764705777168274,0.4000000059604645,4,0.04825000092387199,0.11114999651908876,0.13940000534057617,-0.46716195344924927,-0.25245901942253113
10281244,2022,dry,annotated,0,491115,5016555,35100,0.0273504273504274,0.6011980175971985,-0.20452880859375,-1.87939453125,0,0,5,0.07840000092983246,0.2549999952316284,0.2502000033855438,-0.506920576095581,-0.43377742171287537
10277765,2022,deep_water,random_draw,0,490275,5016675,7200,0.0583333333333333,0.23148857057094577,-0.0166015625,-0.93511962890625,0,0,5,0.08030000329017639,0.1758500039577484,0.27630001306533813,-0.5497643947601318,-0.495854914188385
10278236,2022,deep_water,random_draw,0,490395,5016645,7200,0.0583333333333333,0.08944689482450485,1.041595458984375,0.123077392578125,0.6774193644523621,0.2142857164144516,4,0.02119999937713146,0.04690000042319298,0.07209999859333038,-0.4521651566028595,-0.4254742562770843
10278351,2022,deep_water,random_draw,0,490425,5016525,5400,0.0666666666666667,0.6848490834236145,-1.41925048828125,-3.493194580078125,0.02941176481544971,0,5,0.10260000079870224,0.22179999947547913,0.32989999651908875,-0.5169491767883301,-0.5019348859786987
10275444,2022,deep_water,random_draw,0,489825,5016675,1800,0.1,0.6039654016494751,-0.038360595703125,-0.99761962890625,0,0,5,0.06679999828338623,0.22100000083446503,0.22460000216960907,-0.5415236949920654,-0.48592475056648254
10269762,2022,co_precise,annotated,1,488715,5016855,22500,0.0346666666666667,0.09892409294843674,1.24163818359375,0.024932861328125,0.8999999761581421,0.06666667014360428,4,0.01899999938905239,0.02789999917149543,0.03720000013709068,-0.17350158095359802,0.29328620433807373
10269530,2022,dry,annotated,0,488685,5016825,22500,0.0346666666666667,0.5070704817771912,0.177978515625,-1.038726806640625,0,0,5,0.07649999856948853,0.21719999611377716,0.22010000050067904,-0.5083565711975098,-0.4752010703086853
10269897,2022,dry,annotated,0,488745,5016915,22500,0.0346666666666667,0.6166080832481384,-0.307525634765625,-1.52423095703125,0.03125,0,5,0.07999999821186066,0.1959500014781952,0.2567000091075897,-0.5025290250778198,-0.4951779246330261
10270404,2022,dry,annotated,0,488835,5016855,22500,0.0346666666666667,0.7021705508232117,0.05511474609375,-1.161590576171875,0.03225806355476379,0,5,0.0737999975681305,0.17945000529289246,0.2409999966621399,-0.529391348361969,-0.4828721880912781
10248477,2022,dry,annotated,0,484515,5015565,12600,0.0523809523809524,0.4017887115478515,0.32061767578125,-1.48779296875,0,0,5,0.07329999655485153,0.1591999977827072,0.26420000195503235,-0.5877403616905212,-0.5546780228614807
10249566,2022,dry,annotated,0,484665,5015415,12600,0.0523809523809524,0.6115810871124268,1.225006103515625,-0.583404541015625,0.190476194024086,0,5,0.066600002348423,0.16259999573230743,0.17749999463558197,-0.4231269061565399,-0.42062655091285706
10245932,2022,deep_water,random_draw,0,484215,5012685,72000,0.03,0.8870846033096313,3.5625,-2.4404296875,0,0,5,0.0794999971985817,0.22709999978542328,0.23510000109672544,-0.5301159620285034,-0.4879746735095978
10246149,2022,deep_water,random_draw,0,484245,5012805,72000,0.03,0.5325552225112915,3.10308837890625,-2.89984130859375,0,0,5,0.08460000157356262,0.2867000102996826,0.2842999994754791,-0.5305216312408447,-0.49504950642585754
10246833,2022,deep_water,random_draw,0,484335,5012715,72000,0.03,1.0161758661270142,5.441162109375,-0.561767578125,0.782608687877655,0.8888888955116272,4,0.04459999874234199,0.09594999998807908,0.10854999721050262,-0.4218490421772003,-0.38685283064842224
10247466,2022,deep_water,random_draw,0,484425,5012625,72000,0.03,1.0183899402618408,4.8060302734375,-1.1968994140625,0.5416666865348816,0.3076923191547394,4,0.06279999762773514,0.18289999663829803,0.1745000034570694,-0.464046448469162,-0.44334161281585693
10247815,2022,deep_water,random_draw,0,484455,5012775,72000,0.03,0.6932179927825928,5.548248291015625,-0.454681396484375,0.75,0.2307692319154739,4,0.05265000090003013,0.147599995136261,0.15035000443458557,-0.4784456491470337,-0.42146191000938416
10248766,2022,deep_water,random_draw,0,484545,5012655,72000,0.03,0.2530512511730194,6.459991455078125,0.457061767578125,0.9166666865348816,1,4,0.03869999945163727,0.06800000369548798,0.06400000303983688,-0.2463485896587372,-0.24298161268234253
10249054,2022,deep_water,random_draw,0,484605,5012775,72000,0.03,0.16833166778087616,6.50543212890625,0.50250244140625,0.0416666679084301,0,5,0.03189999982714653,0.10580000281333923,0.11010000109672546,-0.5951776504516602,-0.43936091661453247
10250030,2022,dry,annotated,0,484725,5009715,276300,0.0175895765472313,0.495789110660553,1.258331298828125,-1.622314453125,0.52173912525177,0,5,0.07005000114440918,0.20069999992847443,0.18330000340938568,-0.4686762988567352,-0.4406311511993408
10250577,2022,em_veg,annotated,0,484815,5010135,276300,0.0175895765472313,0.18614868819713593,2.506866455078125,-0.373779296875,0.4399999976158142,0,4,0.04969999939203262,0.14489999413490295,0.12690000236034393,-0.4581577479839325,-0.4371460974216461
10250586,2022,em_veg,annotated,0,484815,5010015,276300,0.0175895765472313,0.33172526955604553,2.445770263671875,-0.43487548828125,0.6399999856948853,0.07692307978868484,4,0.05620000138878822,0.1430000066757202,0.13529999554157257,-0.4130548238754273,-0.3996840417385102
10250773,2022,em_veg,annotated,0,484815,5009925,276300,0.0175895765472313,0.18631833791732788,2.289947509765625,-0.5906982421875,0.30434781312942505,0,5,0.05939999967813492,0.1861000061035156,0.1712999939918518,-0.4850455224514008,-0.4840604066848755
10251952,2022,dry,annotated,0,484965,5009925,276300,0.0175895765472313,0.06847260147333145,2.45526123046875,-0.425384521484375,0.40909090638160706,0,5,0.06230000033974647,0.1906999945640564,0.15620000660419464,-0.4297482967376709,-0.4223149120807648
10255428,2022,deep_water,random_draw,0,485565,5009865,11700,0.041025641025641,0.31643304228782654,0.103912353515625,-0.406585693359375,0.1304347813129425,0,5,0.09290000051259996,0.2160000056028366,0.24424999952316284,-0.4492001533508301,-0.4230571389198303
10255907,2022,deep_water,random_draw,0,485655,5009775,11700,0.041025641025641,0.2042504847049713,0.46832275390625,-0.04217529296875,0.2800000011920929,0.4615384638309479,5,0.05169999971985817,0.1366499960422516,0.13555000722408295,-0.44652777910232544,-0.34591710567474365
10259777,2022,deep_water,random_draw,0,486645,5010405,25200,0.0333333333333333,0,2.01507568359375,0.09338378906244316,0.9583333134651184,1,3,0.03559999912977218,0.04569999873638153,0.00844999961555004,0.6392292380332947,0.6910569071769714
10260320,2022,deep_water,random_draw,0,486765,5010435,25200,0.0333333333333333,0.7355632185935974,1.093780517578125,-0.8279113769531818,0,0.07692307978868484,5,0.06419999897480011,0.18479999899864197,0.14079999923706055,-0.37365853786468506,-0.37365853786468506
10260376,2022,deep_water,random_draw,0,486765,5010345,25200,0.0333333333333333,0,2.01507568359375,0.09338378906244316,0.875,0.8333333134651184,3,0.07729999721050262,0.09290000051259996,0.0463000014424324,0.25080907344818115,0.25080907344818115
10261788,2022,deep_water,random_draw,0,487125,5010075,6300,0.0666666666666667,0.6233619451522827,1.29437255859375,-0.1827392578125,0.9090909361839294,0.4444444477558136,4,0.06984999775886536,0.13249999284744263,0.1368499994277954,-0.32054752111434937,-0.27927929162979126
10271676,2022,co_precise,annotated,1,489105,5010285,12600,0.0428571428571429,0.04978857934474945,1.826690673828125,0.20751953125,0.0882352963089943,0,5,0.06430000066757202,0.07429999858140945,0.04729999974370003,0.15138636529445648,1
10271675,2022,dry,annotated,0,489135,5010345,12600,0.0428571428571429,0.3528769314289093,0.523223876953125,-1.095947265625,0,0,5,0.07400000095367432,0.2581000030040741,0.23839999735355377,-0.5272261500358582,-0.5190120339393616
10271698,2022,dry,annotated,0,489135,5010195,12600,0.0428571428571429,0.5581291317939758,0.006195068359375,-1.61297607421875,0.02941176481544971,0,5,0.08179999887943268,0.2700999975204468,0.26989999413490295,-0.5274825096130371,-0.48673710227012634
10277121,2022,deep_water,random_draw,0,490125,5008935,11700,0.0666666666666667,0.611621081829071,0.22442626953125,-1.0191650390625,0.19354838132858276,0,5,0.05970000103116035,0.16030000150203705,0.16830000281333923,-0.5008394122123718,-0.4609375
10277569,2022,deep_water,random_draw,0,490245,5008935,11700,0.0666666666666667,0.08928288519382477,1.2843017578125,0.04071044921875,0.8666666746139526,0.13333334028720856,4,0.02899999916553497,0.06750000268220901,0.07750000059604645,-0.48106902837753296,-0.4014466404914856
10277570,2022,deep_water,random_draw,0,490245,5008815,11700,0.0666666666666667,0.8977735042572021,0.31787109375,-0.92572021484375,0.125,0,5,0.05880000069737434,0.1606999933719635,0.17710000276565552,-0.5053123831748962,-0.4523809552192688
10277623,2022,deep_water,random_draw,0,490245,5009055,11700,0.0666666666666667,0.8683386445045471,0.646026611328125,-0.597564697265625,0,0,5,0.05840000137686729,0.1997999995946884,0.2017499953508377,-0.5324701070785522,-0.494197279214859
10277052,2022,deep_water,random_draw,0,490125,5005515,7200,0.0583333333333333,0.15454870462417605,2.127899169921875,-0.061614990234375,0.3636363744735718,0,5,0.0575999990105629,0.24334999918937683,0.19404999911785129,-0.5211344957351685,-0.49743109941482544
10277513,2022,deep_water,random_draw,0,490215,5005455,7200,0.0583333333333333,1.2026039361953735,1.71978759765625,-0.4697265625,0.8064516186714172,0,4,0.05689999833703041,0.2020999938249588,0.16779999434947968,-0.4935469627380371,-0.42105263471603394
10277085,2022,co_precise,annotated,1,490125,5002575,244800,0.0174019607843137,0.05186937376856804,3.43414306640625,0.0828857421875,0.20000000298023224,0,5,0.07715000212192535,0.17800000309944153,0.19584999978542328,-0.4219436645507813,0.24723246693611145
10276301,2022,dry,annotated,0,489975,5002785,244800,0.0174019607843137,0.24777929484844208,2.7998046875,-0.55145263671875,0,0,5,0.08540000021457672,0.25145000219345093,0.2724500000476837,-0.5210385322570801,-0.5015197396278381
10276613,2022,terrain,annotated,0,490035,5002485,244800,0.0174019607843137,0.8062458038330078,3.72906494140625,0.3778076171875,0.5862069129943848,1,5,0.05355000123381615,0.15530000627040863,0.14464999735355377,-0.4042392373085022,-0.3045019507408142
10276785,2022,dry,annotated,0,490095,5002665,244800,0.0174019607843137,0.15274831652641296,3.086822509765625,-0.264434814453125,0.23333333432674408,0,5,0.07635000348091125,0.19904999434947968,0.2387000024318695,-0.4904884994029999,-0.4757665693759918
10277381,2022,dry,annotated,0,490185,5002365,244800,0.0174019607843137,0.6008493900299072,2.748504638671875,-0.602752685546875,0.3333333432674408,0.4375,5,0.06289999932050705,0.18324999511241913,0.17524999380111694,-0.4702236652374267,-0.3658283650875091
10558434,2022,shallow_viz,annotated,1,490065,4971735,9000,0.0466666666666667,0.11163616180419922,1.30474853515625,0.0452880859375,0.20512820780277252,0.7142857313156128,5,0.06049999967217445,0.12129999697208405,0.12389999628067017,-0.33873581886291504,1
10558473,2022,dry,annotated,0,490095,4971765,9000,0.0466666666666667,0.5486800670623779,1.32037353515625,0.0609130859375,0.29729729890823364,0.4285714328289032,5,0.0580499991774559,0.12675000727176666,0.11114999651908876,-0.2777237892150879,-0.1499176323413849
10795651,2022,dry,annotated,0,493455,4950495,21600,0.0388888888888889,0.14935146272182465,0.79052734375,-0.281524658203125,0.7647058963775635,0.692307710647583,3,0.0640999972820282,0.13899999856948853,0.15790000557899475,-0.37185055017471313,-0.19774718582630155
10795742,2022,hugo_precise,annotated,1,493485,4950465,21600,0.0388888888888889,0.09171652793884276,1.08294677734375,0.010894775390625,1,1,1,0.05339999869465828,0.096500001847744,0.07349999994039536,-0.11794138699769974,1
10784774,2022,deep_viz,annotated,0,487995,4940955,608400,0.0189349112426036,0.07391350716352463,6.57293701171875,0.0245361328125,1,1,1,0.02305000089108944,6.99999975040555e-4,0.001700000022538,0.8702290058135986,1
10784781,2022,em_veg,annotated,0,488025,4941045,608400,0.0189349112426036,0.01152161601930856,6.511474609375,-0.03692626953125,0.9166666865348816,1,3,0.05889999866485596,0.12680000066757202,0.1533000022172928,-0.4254973530769348,-0.3724035620689392
10785225,2022,em_veg,annotated,0,488385,4941045,608400,0.0189349112426036,0.06981012225151062,6.517547607421875,-0.030853271484375,0.9428571462631226,0.9333333373069764,3,0.03689999878406525,0.0596500001847744,0.08214999735355377,-0.40083691477775574,-0.32542818784713745
10785690,2022,em_veg,annotated,0,488685,4941045,608400,0.0189349112426036,0.40775924921035767,6.38970947265625,-0.15869140625,0.8484848737716675,1,3,0.02940000034868717,0.07810000330209732,0.08009999990463257,-0.4630137085914612,-0.4630137085914612
10786450,2022,deep_viz,annotated,0,489075,4941045,608400,0.0189349112426036,0.08845887333154678,6.60687255859375,0.0584716796875,1,1,1,0.01789999939501285,0.0032999999821186,0.00130000000353902,0.8645833134651184,0.8645833134651184
10787250,2022,deep_viz,annotated,0,489525,4941135,608400,0.0189349112426036,0.02048411779105663,6.682861328125,0.13446044921875,1,1,1,0.0320499986410141,0.03099999949336052,0.03674999997019768,0.06707039475440979,0.3235294222831726
13422212,2022,hugo_precise,annotated,1,483045,4925295,212400,0.0127118644067797,0.16200043261051178,3.02545166015625,-0.0225830078125,0.4047619104385376,0.8333333134651184,5,0.04414999857544899,0.12735000252723694,0.1940000057220459,-0.6078628897666931,-0.45787546038627625
13421911,2022,dry,annotated,0,482715,4924815,212400,0.0127118644067797,0.26241904497146606,2.9559326171875,-0.09210205078125,0,0,5,0.0697999969124794,0.2107499986886978,0.24240000545978543,-0.5400561094284058,-0.4867749512195587
13421951,2022,terrain,annotated,0,482775,4924755,212400,0.0127118644067797,1.4947792291641235,2.07989501953125,-0.9681396484375,0.4054054021835327,0.8461538553237915,5,0.09459999948740004,0.1981000006198883,0.2134999930858612,-0.4096723794937134,-0.3347921371459961
13422116,2022,terrain,annotated,0,482985,4924635,212400,0.0127118644067797,0.1123310923576355,3.087646484375,0.03961181640625,0.05000000074505806,0.1666666716337204,5,0.0544000007212162,0.13734999299049375,0.1379999965429306,-0.3835032880306244,-0.16118420660495758
13422229,2022,dry,annotated,0,483075,4924755,212400,0.0127118644067797,0.05704563483595848,3.0240478515625,-0.02398681640625,0,0,5,0.10159999877214432,0.3021000027656555,0.3140000104904175,-0.4745836853981018,-0.4364454448223114
13422258,2022,dry,annotated,0,483075,4924905,212400,0.0127118644067797,0.09634114056825638,3.0263671875,-0.02166748046875,0.0476190485060215,0,5,0.0803999975323677,0.23100000619888303,0.2493000030517578,-0.5235454440116882,-0.4673629105091095
13422396,2022,co_precise,annotated,1,483315,4921605,24300,0.0320987654320988,0.0160028263926506,3.92340087890625,0.2921142578125,0.23999999463558197,1,5,0.03305000066757202,0.03454999998211861,0.03105000033974647,0.05076154693961143,0.3119730055332184
13422354,2022,dry,annotated,0,483255,4921635,24300,0.0320987654320988,0.952879786491394,2.4600830078125,-1.17120361328125,0,0.5333333611488342,5,0.08624999970197678,0.20685000717639923,0.22095000743865967,-0.4290750324726105,-0.37473416328430176
13422379,2022,dry,annotated,0,483315,4921545,24300,0.0320987654320988,0.411117821931839,3.45947265625,-0.17181396484375,0.07692307978868484,0.7857142686843872,5,0.08209999650716782,0.20720000565052032,0.20739999413490295,-0.38014012575149536,-0.3540304899215698
13422524,2022,dry,annotated,0,483435,4921635,24300,0.0320987654320988,0.5463655591011047,2.32073974609375,-1.310546875,0,0,5,0.09995000064373016,0.26570001244544983,0.2828499972820282,-0.4902786910533905,-0.4601398706436157
13433929,2022,co_precise,annotated,1,483435,4909905,39600,0.0318181818181818,0.10979923605918884,1.920166015625,-0.08001708984375,0.6285714507102966,1,5,0.02319999970495701,0.02575000002980232,0.02125000022351741,0.16260097920894623,0.7457627058029175
13433896,2022,dry,annotated,0,483375,4909935,39600,0.0318181818181818,0.2367057353258133,0.9268798828125,-1.07330322265625,0,0,5,0.09520000219345091,0.2471500039100647,0.32374998927116394,-0.5577518939971924,-0.5418719053268433
13433899,2022,dry,annotated,0,483405,4909725,39600,0.0318181818181818,0.5463675260543823,0.685546875,-1.31463623046875,0,0,5,0.10480000078678132,0.2506999969482422,0.28859999775886536,-0.47429144382476807,-0.4601568281650543
13433938,2022,dry,annotated,0,483465,4909965,39600,0.0318181818181818,0.288342148065567,1.56884765625,-0.43133544921875,0,0,5,0.06024999916553497,0.17489999532699585,0.18320000171661377,-0.52864837646484375,-0.48531606793403625
13422561,2022,deep_water,random_draw,0,483435,4912455,13500,0.0444444444444444,0.33610647916793823,1.6875,-0.8948974609375,0,0,5,0.0982000008225441,0.2948499917984009,0.3363499939441681,-0.5373867750167847,-0.5126981139183044
13422583,2022,deep_water,random_draw,0,483465,4912575,13500,0.0444444444444444,0.5495926141738892,2.62786865234375,0.04547119140625,0.8157894611358643,0.7058823704719543,5,0.08309999853372574,0.1530500054359436,0.15199999511241913,-0.295265793800354,-0.11065292358398438
13422782,2022,deep_water,random_draw,0,483585,4912545,13500,0.0444444444444444,0.5259746313095093,0.2620849609375,-2.3203125,0,0,5,0.12189999967813492,0.2777999937534332,0.3799000084400177,-0.4959302246570587,-0.47303542494773865
13422658,2022,deep_water,random_draw,0,483495,4913175,5400,0.0777777777777778,0.31290340423583984,2.48016357421875,0.08758544921875,0.8611111044883728,0.4000000059604645,4,0.11909999698400496,0.19429999589920044,0.2102999985218048,-0.303305059671402,-0.2687782943248749
14624263,2022,hugo_precise,annotated,1,505215,4841505,45000,0.0373333333333333,0.24720071256160736,2.208984375,-0.2647705078125,0.6000000238418579,0.4444444477558136,5,0.05189999938011169,0.12880000472068787,0.12359999865293504,-0.4085470139980316,-0.4085470139980316
14624175,2022,em_veg,annotated,0,505125,4841325,45000,0.0373333333333333,1.831054760259576e-5,2.62640380859375,0.15264892578125,0.6744186282157898,0.9444444179534912,5,0.03370000049471855,0.07154999673366547,0.06235000118613243,-0.27856719493865967,-0.17480719089508057
14624204,2022,dry,annotated,0,505185,4841445,45000,0.0373333333333333,0.5318944454193115,1.918701171875,-0.5550537109375,0.4761904776096344,0,5,0.07620000094175339,0.2071000039577484,0.22200000286102295,-0.49115800857543945,-0.47266435623168945
14624294,2022,em_veg,annotated,0,505245,4841445,45000,0.0373333333333333,7.519577047787607e-5,2.62640380859375,0.15264892578125,0.6590909361839294,1,5,0.04100000113248825,0.09600000083446504,0.07079999893903732,-0.26654741168022156,0.0696629211306572
14624295,2022,em_veg,annotated,0,505275,4841385,45000,0.0373333333333333,0.09148850291967392,2.61724853515625,0.14349365234375,0.4791666567325592,0.7222222089767456,5,0.05539999902248382,0.15299999713897705,0.13920000195503235,-0.4510890245437622,-0.22760646045207977
14624301,2022,dry,annotated,0,505275,4841355,45000,0.0373333333333333,0.27420032024383545,2.31756591796875,-0.15618896484375,0.5,0.1111111119389534,5,0.06480000168085098,0.17739999294281006,0.18494999408721924,-0.479581743478775,-0.36012691259384155
14624344,2022,dry,annotated,0,505305,4841535,45000,0.0373333333333333,0.2617732286453247,0.77532958984375,-1.69842529296875,0,0,5,0.08990000188350677,0.29829999804496765,0.3131999969482422,-0.5257188081741333,-0.4777096211910248
14622771,2022,hugo_precise,annotated,1,503865,4835355,24300,0.0296296296296296,0,1.84185791015625,0.139892578125,0.7708333134651184,1,4,0.02504999935626983,0.03739999979734421,0.03804999962449074,-0.15528160333633423,0.1318327933549881
14622738,2022,dry,annotated,0,503835,4835475,24300,0.0296296296296296,0.34495094418525696,0.52032470703125,-1.181640625,0,0,5,0.10000000149011612,0.29205000400543213,0.31725001335144043,-0.513809859752655,-0.4340336918830872
14622842,2022,dry,annotated,0,503955,4835295,24300,0.0296296296296296,0.41008108854293823,0.13201904296875,-1.5699462890625,0,0.10526315867900848,5,0.07850000262260437,0.2151000052690506,0.2849000096321106,-0.5786252617835999,-0.5675530433654785
14622848,2022,dry,annotated,0,503955,4835385,24300,0.0296296296296296,0.4160292148590088,0.90325927734375,-0.7987060546875,0,0.10526315867900848,5,0.07225000113248825,0.24684999883174896,0.21085000038146973,-0.4884384274482727,-0.4679322838783264
14676403,2022,hugo_precise,annotated,1,495465,4811715,95400,0.0169811320754717,0.05409727618098259,2.594696044921932,-0.048065185546875,0.10526315867900848,1,5,0.02940000034868717,0.04879999905824661,0.03040000051259994,-0.03577512875199318,1
14676378,2022,dry,annotated,0,495465,4812015,95400,0.0169811320754717,0.08655115962028503,2.487304687500057,-0.15545654296875,0.1111111119389534,0.9444444179534912,5,0.05719999969005585,0.16380000114440918,0.149399995803833,-0.44627299904823303,-0.44627299904823303
14676567,2022,dry,annotated,0,495585,4811715,95400,0.0169811320754717,0.35225626826286316,1.6293334960938068,-1.013427734375,0,0.7777777910232544,5,0.07434999942779541,0.19949999451637268,0.19965000450611117,-0.4611311554908752,-0.4367707371711731
14676680,2022,dry,annotated,0,495675,4811805,95400,0.0169811320754717,0.5578463673591614,1.4161071777344318,-1.226654052734375,0,0,5,0.07029999792575836,0.24549999833106995,0.24570000171661377,-0.5094339847564697,-0.4844041466712952
14678204,2022,dry,annotated,0,498375,4810995,40500,0.0340740740740741,0.2669874131679535,1.60968017578125,-0.06842041015625,0.0181818176060915,0.6111111044883728,5,0.05869999900460243,0.18119999766349792,0.16290000081062317,-0.4715317189693451,-0.3731732666492462
14678306,2022,dry,annotated,0,498435,4811145,40500,0.0340740740740741,0.18944114446640015,1.45654296875,-0.2215576171875,0.06521739065647125,0.7647058963775635,5,0.05059999972581863,0.1716500073671341,0.1628500074148178,-0.4695093333721161,-0.380306601524353
14678354,2022,terrain,annotated,0,498465,4811055,40500,0.0340740740740741,0.8181775808334351,1.4459228515625,-0.232177734375,0.08888889104127884,1,5,0.05144999921321869,0.10409999638795853,0.0994499996304512,-0.3521662950515747,-0.19577376544475555
14678465,2022,dry,annotated,0,498525,4811085,40500,0.0340740740740741,0.2113780826330185,1.57965087890625,-0.09844970703125,0.0625,1,5,0.05189999938011169,0.1526000052690506,0.13449999690055847,-0.3806144595146179,-0.29986244440078735
14678466,2022,em_veg,annotated,0,498555,4810935,40500,0.0340740740740741,0.4196575880050659,0.9615478515625,-0.716552734375,0,0.1111111119389534,5,0.06830000132322311,0.2029000073671341,0.2152000069618225,-0.50457000732421875,-0.490811288356781
14678491,2022,em_veg,annotated,0,498585,4811025,40500,0.0340740740740741,0.10742579400539398,1.67535400390625,-0.00274658203125,0.07407407462596893,0.7058823704719543,5,0.04679999873042106,0.1428000032901764,0.12905000150203705,-0.4432660937309265,-0.36376604437828064
14680332,2022,co_precise,annotated,1,502185,4811385,346500,0.0148917748917749,0.12205402553081512,2.057342529296875,-0.062744140625,0.01960784383118152,1,5,0.02419999986886978,0.04509999975562095,0.02229999937117099,0.04086021333932876,0.04086021333932876
14680124,2022,em_veg,annotated,0,502005,4811295,346500,0.0148917748917749,0.19217227399349213,2.01873779296875,-0.101348876953125,0,1,5,0.07410000264644623,0.18694999814033508,0.22220000624656677,-0.4999448657035827,-0.48391419649124146
14680447,2022,dry,annotated,0,502275,4811355,346500,0.0148917748917749,0.3604001104831696,2.156341552734375,0.0362548828125,0.07407407462596893,1,5,0.05119999870657921,0.16920000314712524,0.15119999647140503,-0.4940711557865143,-0.4940711557865143
14680448,2022,dry,annotated,0,502275,4811235,346500,0.0148917748917749,0.1630987524986267,-0.2445068359375,-2.364593505859375,0,0,5,0.0839499980211258,0.296999990940094,0.29409998655319214,-0.5573220252990723,-0.5501760840415955
14680818,2022,dry,annotated,0,502665,4811055,346500,0.0148917748917749,0.06903226673603058,2.065765380859375,-0.0543212890625,0,1,5,0.08264999836683273,0.2007499933242798,0.2547000050544739,-0.5092525482177734,-0.5034013390541077
14632378,2022,co_precise,annotated,1,511815,4821195,6195600,0.00587836529149719,0.08058752119541168,2.216552734374943,-0.819793701171875,0.30000001192092896,1,5,0.04430000111460686,0.08879999816417694,0.09475000202655792,-0.35825273394584656,-0.3304647207260132
14631228,2022,dry,annotated,0,511305,4820745,6195600,0.00587836529149719,0.3357540965080261,1.7066955566405682,-1.32965087890625,0,0.5555555820465088,5,0.0685499981045723,0.10114999860525133,0.13989999890327454,-0.34505271911621094,-0.2840752601623535
14631850,2022,deep_viz,annotated,0,511515,4821435,6195600,0.00587836529149719,0.056483194231987,2.679901123046818,-0.3564453125,0.8709677457809448,1,2,0.03590000048279762,0.03299999982118606,0.031700000166893,0.06213017925620079,0.06213017925620079
14631910,2022,deep_viz,annotated,0,511485,4821015,6195600,0.00587836529149719,0,3.490783691406193,0.454437255859375,1,1,1,0.03860000148415565,0.03030000068247318,0.01579999923706054,0.419117659330368,0.419117659330368
14632177,2022,dry,annotated,0,511635,4820955,6195600,0.00587836529149719,0.21993814408779144,0.6564025878905682,-2.37994384765625,0,0,5,0.08990000188350677,0.3121500015258789,0.3070000112056732,-0.5465307235717773,-0.5440000295639038
14685311,2022,dry,annotated,0,511215,4820145,6195600,0.00587836529149719,0.109328955411911,1.8260498046874432,-1.210296630859375,0,0.6666666865348816,5,0.0786999985575676,0.16975000500679016,0.2635999917984009,-0.5464520454406738,-0.5034412145614624
14685728,2022,deep_viz,annotated,0,511455,4819875,6195600,0.00587836529149719,0.05834409594535827,2.954956054687443,-0.081390380859375,1,1,1,0.04050000011920929,0.03209999948740005,0.02470000088214874,0.24233128130435944,0.24233128130435944
14661621,2022,deep_water,random_draw,0,536475,4826415,5888700,0.00675531101941006,0.08723971247673035,5.298919677734375,0.29632568359375,1,1,1,0.03310000151395798,0.03510000184178352,0.03400000184774399,-0.01048951037228107,0
14661871,2022,deep_water,random_draw,0,536565,4826355,5888700,0.00675531101941006,0.3221670389175415,4.601593017578125,-0.4010009765625,0.9729729890823364,1,3,0.03889999911189079,0.05660000070929527,0.06605000048875809,-0.2635468542575836,-0.2403467297554016
14662496,2022,deep_water,random_draw,0,536745,4826265,5888700,0.00675531101941006,0.18649600446224213,3.948272705078125,-1.0543212890625,0.7250000238418579,1,4,0.04619999974966049,0.11675000190734865,0.1225999966263771,-0.4567728340625763,-0.42161017656326294
14662658,2022,deep_water,random_draw,0,536805,4826385,5888700,0.00675531101941006,0.0977630615234375,4.25396728515625,-0.748626708984375,0.9230769276618958,1,3,0.03040000051259994,0.02539999969303608,0.02850000001490116,0.03225806355476379,0.03225806355476379
14662778,2022,deep_water,random_draw,0,536835,4826265,5888700,0.00675531101941006,0.4278590679168701,4.39013671875,-0.612457275390625,0.9729729890823364,1,3,0.04024999961256981,0.05550000071525574,0.05344999954104423,-0.1329037994146347,-0.1007092222571373
14662891,2022,deep_water,random_draw,0,536895,4826175,5888700,0.00675531101941006,0.1137675791978836,3.834442138671875,-1.16815185546875,0.5227272510528564,1,5,0.03700000047683716,0.0649000033736229,0.07720000296831131,-0.3520140051841736,-0.3520140051841736
14663045,2022,deep_water,random_draw,0,536925,4826355,5888700,0.00675531101941006,0.06685400754213333,4.18792724609375,-0.814666748046875,0.8461538553237915,1,3,0.03189999982714653,0.03449999913573265,0.04749999940395355,-0.19647355377674103,-0.19647355377674103
14663258,2022,deep_water,random_draw,0,537015,4826265,5888700,0.00675531101941006,0.0686844065785408,4.19061279296875,-0.811981201171875,0.8974359035491943,1,3,0.03429999947547912,0.03750000149011612,0.0502999983727932,-0.18912529945373535,-0.18912529945373535
14663928,2022,co_precise,annotated,1,537285,4826055,27000,0.0266666666666667,1.5258789289873675e-6,1.450469970703125,0.05816650390630684,0.25,1,5,0.03530000150203705,0.08460000157356262,0.05620000138878822,-0.22841529548168185,-0.22841529548168185
14663901,2022,dry,annotated,0,537285,4826175,27000,0.0266666666666667,0.32427847385406494,1.08599853515625,-0.30630493164056816,0.07500000298023224,0.7222222089767456,5,0.06040000170469284,0.20469999313354492,0.12890000641345978,-0.3618594706058502,-0.3618594706058502
14664275,2022,dry,annotated,0,537435,4826145,27000,0.0266666666666667,0.34411460161209106,0.836883544921875,-0.5554199218749432,0.05000000074505806,0.47058823704719543,5,0.05750000104308128,0.21649999916553497,0.1517000049352646,-0.4502868056297302,-0.4502868056297302
14665429,2022,hugo_precise,annotated,1,537825,4825815,49500,0.0206060606060606,0,1.0786743164063068,0.00494384765630684,0.6333333253860474,1,5,0.04295000061392784,0.0658000037074089,0.04960000142455101,-0.05826965346932411,0.01460823416709899
14665150,2022,dry,annotated,0,537765,4825815,49500,0.0206060606060606,0.14378154277801514,1.0222473144531818,-0.05148315429681816,0.12903225421905518,0.7222222089767456,5,0.05700000002980232,0.16545000672340393,0.1662999987602234,-0.487607479095459,-0.45575642585754395
14665833,2022,dry,annotated,0,537945,4825815,49500,0.0206060606060606,0.2778822183609009,0.8604125976563068,-0.21331787109369316,0.06666667014360428,0.7894737124443054,5,0.0771000012755394,0.19054999947547913,0.19235000014305115,-0.4246363937854767,-0.4016287922859192
14665919,2022,dry,annotated,0,537975,4825725,49500,0.0206060606060606,0.21485520899295807,0.8758239746094318,-0.19790649414056816,0.09677419066429138,0.7777777910232544,5,0.08105000108480453,0.19894999265670776,0.1959500014781952,-0.40989431738853455,-0.3776074945926666
14668565,2022,shallow_viz,annotated,1,539235,4825485,316800,0.0142045454545455,0,1.986358642578125,0.011260986328125,0.09756097197532654,1,5,0.03745000064373016,0.07199999690055847,0.05180000141263008,-0.13540032505989075,-0.00557103054597973
14668576,2022,shallow_viz,annotated,1,539265,4825575,316800,0.0142045454545455,0,1.986358642578125,0.011260986328125,0.07500000298023224,1,5,0.03739999979734421,0.08905000239610672,0.08004999905824661,-0.36024072766304016,-0.3365664482116699
14669410,2022,dry,annotated,0,539595,4825605,316800,0.0142045454545455,0.00367476232349872,1.986358642578125,0.011260986328125,0.1538461595773697,1,5,0.03810000047087669,0.0917000025510788,0.06319999694824219,-0.24777887761592865,-0.24777887761592865
14669865,2022,dry,annotated,0,539835,4825605,316800,0.0142045454545455,0.3642237782478333,1.729888916015625,-0.245208740234375,0.05405405536293983,0.8235294222831726,5,0.0697999969124794,0.14350000023841858,0.20309999585151672,-0.4884573221206665,-0.4884573221206665
14670073,2022,dry,annotated,0,539925,4825425,316800,0.0142045454545455,0.2803376019001007,1.770233154296875,-0.204864501953125,0.2307692319154739,1,5,0.04830000177025795,0.14319999516010284,0.1177000030875206,-0.41807228326797485,-0.41807228326797485
14771081,2022,deep_water,random_draw,0,580275,4821705,4500,0.0666666666666667,0.18005752563476565,0.15240478515625,-0.701568603515625,0,0,5,0.08900000154972076,0.2069000005722046,0.3052000105381012,-0.5379188656806946,-0.52410489320755
14782694,2022,dry,annotated,0,589215,4821945,70200,0.0264957264957265,0.22821587324142456,-0.206207275390625,-0.206207275390625,0,0.05882352963089943,5,0.09359999746084212,0.25,0.2754000127315521,-0.4883861243724823,-0.4414133429527282
14782974,2022,co_precise,annotated,1,589515,4821795,32400,0.0333333333333333,0,0.016326904296875,0,0.0810810774564743,1,5,0.06400000303983688,0.15209999680519104,0.11890000104904176,-0.30016401410102844,-0.2581818103790283
14783002,2022,dry,annotated,0,589545,4821885,32400,0.0333333333333333,0,0.016326904296875,0,0.0625,1,5,0.08139999955892563,0.1753000020980835,0.17399999499320984,-0.3392857015132904,-0.334077388048172
14783060,2022,co_precise,annotated,1,589635,4821645,11700,0.0461538461538462,0,1.28228759765625,0.07205200195318184,0.12121212482452393,0.8823529481887817,5,0.02630000002682209,0.06509999930858612,0.07450000196695328,-0.4979591965675354,-0.3720073699951172
14783043,2022,dry,annotated,0,589635,4821705,11700,0.0461538461538462,0.4074065089225769,0.83428955078125,-0.37594604492181816,0.11538461595773696,0.9375,5,0.06385000050067902,0.13224999606609344,0.15334999561309814,-0.40234923362731934,-0.3336898386478424
14783077,2022,dry,annotated,0,589695,4821585,11700,0.0461538461538462,0.1023351103067398,1.210693359375,4.577636719318434e-4,0,0,5,0.10300000011920928,0.27129998803138733,0.29820001125335693,-0.4840344786643982,-0.4357246160507202
14783132,2022,dry,annotated,0,589755,4821645,11700,0.0461538461538462,0.0332208126783371,1.26812744140625,0.05789184570318184,0,0.05882352963089943,5,0.096500001847744,0.2619999945163727,0.28220000863075256,-0.4794233143329621,-0.4699258506298065
14783228,2022,co_precise,annotated,1,589875,4823955,13500,0.04,0,0.918243408203125,0.0196533203125,0.7692307829856873,0.625,4,0.03914999961853027,0.05420000106096268,0.08055000007152557,-0.35309284925460815,0.06916426867246628
14783155,2022,dry,annotated,0,589815,4823955,13500,0.04,1.387381489621475e-4,0.918243408203125,0.0196533203125,0.4749999940395355,0.4375,5,0.05090000107884407,0.08609999716281891,0.1298999935388565,-0.43973249197006226,-0.3015267252922058
14783254,2022,dry,annotated,0,589905,4823865,13500,0.04,0.4627531766891479,0.64727783203125,-0.251312255859375,0,0.0625,5,0.09754999727010728,0.22470000386238095,0.289000004529953,-0.482931911945343,-0.4657258093357086
14814603,2022,co_precise,annotated,1,580785,4818345,44100,0.0285714285714286,0,0.663421630859375,0.00543212890625,0.4444444477558136,1,5,0.04419999942183494,0.04569999873638153,0.02759999968111515,0.05641025677323341,0.2521246373653412
14814470,2022,dry,annotated,0,580605,4818465,44100,0.0285714285714286,0.26457127928733826,0.45196533203125,-0.206024169921875,0,0.1111111119389534,5,0.0640999972820282,0.18279999494552612,0.20839999616146088,-0.5074141025543213,-0.44645941257476807
14814542,2022,dry,annotated,0,580695,4818435,44100,0.0285714285714286,0,0.663421630859375,0.00543212890625,0.1860465109348297,0.9444444179534912,5,0.04569999873638153,0.06210000067949295,0.0617000013589859,-0.2327672392129898,-0.02245989255607128
14814592,2022,dry,annotated,0,580785,4818465,44100,0.0285714285714286,0.03142015263438225,0.656341552734375,-0.00164794921875,0.02222222276031971,0.1111111119389534,5,0.06210000067949295,0.1428000032901764,0.15960000455379486,-0.4326750338077545,-0.4105363190174103
14901133,2022,dry,annotated,0,658665,4845345,350100,0.00942587832047986,0.01133723184466362,3.711456298828125,0.00866699218755684,0.30000001192092896,0.875,5,0.04859999939799309,0.10409999638795853,0.13650000095367432,-0.4954954981803894,-0.2349234968423843
14901477,2022,em_veg,annotated,0,658785,4844955,350100,0.00942587832047986,0.00796547718346119,3.7120361328125,0.00924682617193184,0.1818181872367859,1,5,0.05119999870657921,0.10930000245571136,0.13259999454021454,-0.43868738412857056,-0.3840255737304687
14902084,2022,dry,annotated,0,659055,4845585,350100,0.00942587832047986,0.01316514145582914,3.709686279296875,0.00689697265630684,0.119999997317791,0.75,5,0.05815000087022781,0.12094999849796297,0.15559999644756317,-0.460375040769577,-0.3675658106803894
14902440,2022,em_veg,annotated,0,659235,4844955,350100,0.00942587832047986,0,3.713531494140625,0.01074218750005684,0.04545454680919647,1,5,0.04470000043511391,0.08815000206232071,0.12210000306367874,-0.4641180336475372,-0.44601330161094666
14902547,2022,dry,annotated,0,659265,4845615,350100,0.00942587832047986,0.00152221333701163,3.713531494140625,0.01074218750005684,0.07999999821186066,0.7142857313156128,5,0.04414999857544899,0.09735000133514404,0.1274999976158142,-0.4724371731281281,-0.4000000059604645
14902705,2022,em_veg,annotated,0,659355,4845585,350100,0.00942587832047986,0.0355432778596878,3.696136474609375,-0.00665283203119315,0.0416666679084301,0.625,5,0.05710000172257423,0.12300000339746477,0.13770000636577606,-0.4585502743721008,-0.41375771164894104
14366317,2022,dry,annotated,0,657855,4853625,301500,0.0127363184079602,0.7196075320243835,3.131683349609375,-0.976776123046875,0,0.1428571492433548,5,0.09600000083446504,0.21664999425411224,0.2831999957561493,-0.4907604455947876,-0.4461214542388916
14366999,2022,dry,annotated,0,657975,4853655,301500,0.0127363184079602,1.0108976364135742,1.5721435546875,-2.53631591796875,0,0,5,0.08945000171661377,0.25760000944137573,0.2706499993801117,-0.49933940172195435,-0.42612943053245544
14377673,2022,shallow_viz,annotated,1,661065,4864935,13500,0.0488888888888889,0.12529803812503815,0.736297607421875,0.14483642578130684,0.2307692319154739,0,5,0.03070000000298023,0.08510000258684158,0.0575999990105629,-0.19378238916397095,-0.11014492809772491
14377783,2022,shallow_viz,annotated,1,661095,4864875,13500,0.0488888888888889,0.09681671857833862,0.701263427734375,0.10980224609380684,0.2307692319154739,0,5,0.02940000034868717,0.07649999856948853,0.02950000017881393,-0.01200686115771532,0.3095768392086029
14377582,2022,dry,annotated,0,661035,4864965,13500,0.0488888888888889,0.06589963287115097,0.51446533203125,-0.07699584960931816,0.03846153989434242,0,5,0.07180000096559525,0.1941000074148178,0.1868000030517578,-0.4218251407146454,-0.3563685715198517
14377661,2022,dry,annotated,0,661035,4864905,13500,0.0488888888888889,0.06736696511507034,0.46588134765625,-0.12557983398431816,0,0,5,0.10509999841451644,0.2395000010728836,0.2786000072956085,-0.45897892117500305,-0.4319359362125397
14377781,2022,dry,annotated,0,661125,4864935,13500,0.0488888888888889,0.5197218060493469,-0.0802001953125,-0.6716613769530682,0,0,5,0.08839999884366989,0.3028999865055084,0.314300000667572,-0.529411792755127,-0.5200892686843872
14377158,2022,deep_water,random_draw,0,660885,4866015,2193300,0.0103405826836274,0,6.826446533203068,0.03558349609375,0.9473684430122375,1,2,0.04320000112056732,0.03680000081658363,0.04080000147223472,0.04598930478096008,0.21311475336551663
14377164,2022,deep_water,random_draw,0,660915,4865625,2193300,0.0103405826836274,0.7535539865493774,5.652343749999943,-1.138519287109375,0.03999999910593033,0,5,0.11810000240802764,0.265500009059906,0.30149999260902405,-0.4538729190826416,-0.4370829463005066
14377233,2022,deep_water,random_draw,0,660915,4865925,2193300,0.0103405826836274,0,6.826446533203068,0.03558349609375,1,1,1,0.03440000116825104,0.01860000006854534,0.01389999967068433,0.5021833777427673,0.53125
14377236,2022,deep_water,random_draw,0,660915,4865775,2193300,0.0103405826836274,0,6.826446533203068,0.03558349609375,1,1,1,0.0340999998152256,0.02019999921321869,0.01740000024437904,0.4138364791870117,0.6046212911605835
14377522,2022,deep_water,random_draw,0,661005,4865925,2193300,0.0103405826836274,0,6.826446533203068,0.03558349609375,1,1,1,0.03759999945759773,0.01960000023245811,0.01410000026226043,0.4630350172519684,0.5382803082466125
14377558,2022,deep_water,random_draw,0,661005,4865745,2193300,0.0103405826836274,0,6.826446533203068,0.03558349609375,1,1,1,0.03880000114440918,0.02050000056624412,0.01740000024437904,0.3807829320430755,0.5805626511573792
14377660,2022,deep_water,random_draw,0,661065,4865655,2193300,0.0103405826836274,0.35023459792137146,6.635528564453068,-0.15533447265625,0.04347826167941093,0.4285714328289032,5,0.0966000035405159,0.17069999873638153,0.20319999754428864,-0.3594164550304413,-0.3277197778224945
14377778,2022,deep_water,random_draw,0,661095,4865985,2193300,0.0103405826836274,0.5117769837379456,6.028656005859318,-0.76220703125,0,0.4444444477558136,5,0.07769999653100967,0.18310000002384183,0.20630000531673431,-0.4477193057537079,-0.3485981225967407
14377863,2022,deep_water,random_draw,0,661095,4865805,2193300,0.0103405826836274,0,6.826446533203068,0.03558349609375,1,1,3,0.04459999874234199,0.0248000007122755,0.03739999979734421,0.08780487626791,0.2401656359434128
14377227,2022,deep_water,random_draw,0,660915,4866825,11312100,0.00287479778290503,0,15.192596435546818,0.02142333984375,1,1,1,0.05544999986886978,0.0158500000834465,0.01689999923110008,0.5865632891654968,0.6179487109184265
14377486,2022,deep_water,random_draw,0,661005,4867035,11312100,0.00287479778290503,0,15.192596435546818,0.02142333984375,1,1,1,0.0502999983727932,0.02280000038444996,0.0198999997228384,0.5616739988327026,0.678947389125824
14377654,2022,deep_water,random_draw,0,661035,4866915,11312100,0.00287479778290503,0,15.192596435546818,0.02142333984375,1,1,1,0.05925000086426735,0.02325000055134296,0.01899999938905239,0.5688230991363525,1
14378109,2022,deep_water,random_draw,0,661185,4867155,11312100,0.00287479778290503,0,15.192596435546818,0.02142333984375,1,1,1,0.04969999939203262,0.02309999987483024,0.02009999938309192,0.5533333420753479,0.6563380360603333
14378154,2022,deep_water,random_draw,0,661215,4867005,11312100,0.00287479778290503,0,15.192596435546818,0.02142333984375,1,1,1,0.04899999871850014,0.01614999957382679,0.01095000002533197,0.7107635140419006,0.843137264251709
14378458,2022,deep_water,random_draw,0,661305,4867125,11312100,0.00287479778290503,0,15.192596435546818,0.02142333984375,1,1,1,0.05829999968409538,0.02339999936521053,0.0198999997228384,0.5525103807449341,0.5924932956695557
14378806,2022,deep_water,random_draw,0,661425,4867785,11312100,0.00287479778290503,0,15.192596435546818,0.02142333984375,1,1,1,0.05079999938607216,0.02429999969899654,0.02050000056624412,0.5425640940666199,0.5748299360275269
14378919,2022,deep_water,random_draw,0,661455,4867215,11312100,0.00287479778290503,0,15.192596435546818,0.02142333984375,1,1,3,0.06909999996423721,0.03474999964237213,0.03009999915957451,0.29483291506767273,0.5787321329116821
14379146,2022,deep_water,random_draw,0,661545,4867395,11312100,0.00287479778290503,0,15.192596435546818,0.02142333984375,1,1,2,0.04895000159740448,0.0142000000923872,0.00719999987632036,0.6762944459915161,0.932299017906189
14379210,2022,deep_water,random_draw,0,661575,4867515,11312100,0.00287479778290503,0,15.192596435546818,0.02142333984375,1,1,1,0.05189999938011169,0.01700000092387199,0.01730000041425228,0.4828571379184723,0.6455424427986145
14386850,2022,hugo_precise,annotated,1,664155,4868265,7200,0.0583333333333333,0,0.30377197265625,0.006439208984375,0.23529411852359772,0.875,5,0.0364999994635582,0.0535999983549118,0.07079999893903732,-0.31966447830200195,0.5785953402519226
14386689,2022,dry,annotated,0,664125,4868235,7200,0.0583333333333333,0.24241653084754944,-0.073822021484375,-0.37115478515625,0,0,5,0.0754999965429306,0.16930000483989716,0.25975000858306885,-0.5562648773193359,-0.5155115723609924
14386981,2022,dry,annotated,0,664185,4868265,7200,0.0583333333333333,0,0.30377197265625,0.006439208984375,0.15789473056793213,0.75,5,0.0535999983549118,0.11630000174045564,0.12974999845027924,-0.39638859033584595,-0.312992125749588
14386149,2022,dry,annotated,0,664005,4868505,33300,0.0252252252252252,0.1124505251646042,0.7485961914063068,-0.01971435546875,0.8399999737739563,1,4,0.0463000014424324,0.10300000011920928,0.1046999990940094,-0.3633346259593963,-0.24668873846530912
14386269,2022,dry,annotated,0,664035,4868385,33300,0.0252252252252252,9.155273232863692e-7,0.7691040039063068,7.9345703125e-4,0.8799999952316284,1,4,0.06004999950528145,0.10920000076293944,0.1261499971151352,-0.36010774970054626,-0.33220338821411133
14386848,2022,dry,annotated,0,664185,4868475,33300,0.0252252252252252,0.8282914161682129,-0.6346740722655682,-1.402984619140625,0,0,5,0.10339999943971634,0.19920000433921817,0.3010999858379364,-0.49514126777648926,-0.4528363049030304
14388141,2022,dry,annotated,0,664575,4868895,53100,0.0259887005649717,0.5757559537887573,1.78607177734375,-0.6298828125,0,0.125,5,0.08590000122785568,0.2198999971151352,0.24070000648498535,-0.49609488248825073,-0.4537360966205597
14388243,2022,dry,annotated,0,664605,4869015,53100,0.0259887005649717,0.30841100215911865,2.2882080078125,-0.12774658203125,0.5,0.8888888955116272,4,0.06610000133514404,0.13729999959468842,0.18000000715255737,-0.4201416075229645,-0.4007333815097809
14388382,2022,em_veg,annotated,0,664635,4868835,53100,0.0259887005649717,0.436493456363678,2.095703125,-0.32025146484375,0.1599999964237213,0.8571428656578064,5,0.07440000027418137,0.18129999935626984,0.19200000166893005,-0.4650896489620209,-0.4050379991531372
14388474,2022,em_veg,annotated,0,664695,4868985,53100,0.0259887005649717,0.1722448319196701,2.15887451171875,-0.257080078125,0,0.1111111119389534,5,0.08179999887943268,0.2280000001192093,0.25995001196861267,-0.5256485939025879,-0.4640356600284576
14388552,2022,dry,annotated,0,664725,4868655,53100,0.0259887005649717,0.2867988646030426,2.3087158203125,-0.10723876953125,0.2800000011920929,0.8571428656578064,5,0.06390000134706497,0.1496499925851822,0.1737000048160553,-0.466499000787735,-0.42901837825775146
14387788,2022,shallow_viz,annotated,1,664455,4875075,45900,0.0287581699346405,0,1.040679931640625,0.0938720703125,0.6428571343421936,0.800000011920929,5,0.03229999914765358,0.04340000078082085,0.05079999938607216,-0.2808088958263397,-0.05273250117897987
14388043,2022,shallow_viz,annotated,1,664515,4875015,45900,0.0287581699346405,0,1.040679931640625,0.0938720703125,0.5625,1,5,0.03150000050663948,0.04419999942183494,0.0414000004529953,0.02145922742784023,0.2377210259437561
14387628,2022,dry,annotated,0,664395,4875015,45900,0.0287581699346405,0.47808098793029785,0.49658203125,-0.450225830078125,0,0,5,0.08579999953508377,0.22589999437332153,0.26750001311302185,-0.49334752559661865,-0.46790698170661926
14388352,2022,dry,annotated,0,664665,4874985,45900,0.0287581699346405,0.0451543815433979,0.87847900390625,-0.068328857421875,0.2631579041481018,0,5,0.06764999777078629,0.16015000641345978,0.16979999840259552,-0.37963634729385376,-0.26873579621315
14388774,2022,dry,annotated,0,664755,4874955,45900,0.0287581699346405,0.01416716072708368,0.867889404296875,-0.07891845703125,0.5882353186607361,0,5,0.03314999863505363,0.07575000077486038,0.07294999808073044,-0.2927486002445221,0.10838446021080016
14388072,2022,hugo_precise,annotated,1,664545,4875675,362700,0.0122415219189413,0.04063513875007629,1.3138122558593182,-0.0146484375,0.6666666865348816,1,5,0.0568000003695488,0.1096000000834465,0.09109999984502792,-0.2319134622812271,-0.2319134622812271
14387624,2022,dry,annotated,0,664395,4875645,362700,0.0122415219189413,0.36079075932502747,1.1346740722655682,-0.19378662109375,0.1428571492433548,0.2857142984867096,5,0.06300000101327896,0.210999995470047,0.13609999418258667,-0.3671521842479706,-0.3671521842479706
14387711,2022,deep_viz,annotated,0,664455,4875825,362700,0.0122415219189413,0,1.3346252441405682,0.00616455078125,0.9523809552192688,1,2,0.02300000004470348,0.02099999971687793,0.00680000009015202,0.5436241626739502,0.5436241626739502
14387805,2022,deep_viz,annotated,0,664455,4875735,362700,0.0122415219189413,0,1.3346252441405682,0.00616455078125,0.9523809552192688,1,2,0.03400000184774399,0.05270000174641609,0.01840000040829181,0.2977099120616913,0.2977099120616913
14388137,2022,dry,annotated,0,664575,4876005,362700,0.0122415219189413,0.10171423852443696,1.2168273925780682,-0.11163330078125,0.3333333432674408,0.625,5,0.06804999709129333,0.14585000276565552,0.16699999570846558,-0.4176460504531861,-0.37121906876564026
14388169,2022,deep_viz,annotated,0,664575,4875795,362700,0.0122415219189413,0,1.3346252441405682,0.00616455078125,1,1,2,0.02290000021457672,0.01820000074803829,0.00730000017210841,0.5165562629699707,0.5165562629699707
14388745,2022,em_veg,annotated,0,664785,4875705,362700,0.0122415219189413,0,1.3346252441405682,0.00616455078125,0.1428571492433548,0.800000011920929,5,0.04839999973773956,0.14980000257492063,0.11320000141859056,-0.4009900987148285,-0.4009900987148285
14389437,2022,em_veg,annotated,0,664935,4876065,362700,0.0122415219189413,0.00472060730680823,1.3345642089843182,0.006103515625,0.2222222238779068,0.2857142984867096,5,0.05609999969601631,0.1302500069141388,0.14569999277591705,-0.41946181654930115,-0.37132352590560913
14390177,2022,dry,annotated,0,665145,4875945,362700,0.0122415219189413,0.11405032128095628,1.2148437499999432,-0.113616943359375,0.0476190485060215,0.1428571492433548,5,0.07564999908208847,0.20194999873638153,0.22085000574588776,-0.49001404643058777,-0.4816020727157593
14390301,2022,em_veg,annotated,0,665145,4876185,362700,0.0122415219189413,0,1.3346252441405682,0.00616455078125,0.20000000298023224,0.1666666716337204,5,0.0803999975323677,0.19140000641345975,0.185699999332428,-0.3957158923149109,-0.3323558270931244
14387066,2022,hugo_precise,annotated,1,664215,4875465,3738600,0.00444551436366554,9.002685692394152e-5,3.979705810546875,0.01953125,0.699999988079071,1,5,0.05290000140666962,0.08299999684095383,0.05139999836683273,0.17165005207061768,0.22590361535549164
14386449,2022,deep_viz,annotated,0,664065,4875495,3738600,0.00444551436366554,0,3.979705810546875,0.01953125,1,1,1,0.05570000037550926,0.05530000105500221,0.01979999989271164,0.4439251720905304,0.5456730723381042
14387205,2022,dry,annotated,0,664275,4876035,3738600,0.00444551436366554,0.03549730777740478,3.9766845703125,0.016510009765625,0.8947368264198303,1,4,0.05020000040531158,0.08829999715089798,0.09929999709129332,-0.2762022316455841,-0.15208156406879425
14387287,2022,deep_viz,annotated,0,664305,4875585,3738600,0.00444551436366554,0,3.979705810546875,0.01953125,0.9090909361839294,1,3,0.0531499981880188,0.0523499995470047,0.0068500000052154,0.7146375775337219,1
14387343,2022,dry,annotated,0,664335,4875525,3738600,0.00444551436366554,0.15045277774333954,3.573760986328125,-0.38641357421875,0,0,5,0.07055000215768814,0.2601499855518341,0.24269999563694,-0.5737701058387756,-0.5358223915100098
14387436,2022,deep_viz,annotated,0,664335,4875705,3738600,0.00444551436366554,0,3.979705810546875,0.01953125,0.9545454382896424,1,3,0.05499999970197677,0.0940999984741211,0.02889999933540821,0.3110846281051636,0.3110846281051636
14387506,2022,dry,annotated,0,664365,4875975,3738600,0.00444551436366554,0.5060060620307922,3.35455322265625,-0.605621337890625,0.13636364042758942,0.75,5,0.07689999788999557,0.16359999775886536,0.2044000029563904,-0.4333107769489288,-0.3818486034870148
14387774,2022,dry,annotated,0,664425,4876845,8100,0.0592592592592593,0.33057284355163574,2.3236083984375,-0.108001708984375,0.6666666865348816,0.875,5,0.05045000091195106,0.096950002014637,0.1281999945640564,-0.4216918647289276,-0.37834393978118896
14286112,2022,hugo_precise,annotated,1,664065,4881135,143100,0.0146750524109015,0,0.3707275390625,0.013336181640625,0.25,0.5714285969734192,5,0.05260000005364418,0.11509999632835388,0.12575000524520874,-0.34817782044410706,-0.10583580285310744
14285822,2022,dry,annotated,0,663825,4880775,143100,0.0146750524109015,0.075494684278965,0.2789306640625,-0.078460693359375,0.1666666716337204,0.5,5,0.06560000032186508,0.1476999968290329,0.15334999561309814,-0.40256866812705994,-0.35858336091041565
14286139,2022,dry,annotated,0,664125,4881015,143100,0.0146750524109015,0.07264434546232224,0.220184326171875,-0.13720703125,0.0555555559694767,0.5,5,0.06319999694824219,0.13609999418258667,0.1533000022172928,-0.4161662757396698,-0.27642911672592163
14286163,2022,dry,annotated,0,664155,4881045,143100,0.0146750524109015,0.09338289499282836,0.21734619140625,-0.140045166015625,0.05000000074505806,0.2857142984867096,5,0.07055000215768814,0.1701499968767166,0.1712000072002411,-0.4058961272239685,-0.3140096664428711
14286220,2022,em_veg,annotated,0,664335,4893165,43200,0.0263888888888889,0.00968755781650543,2.392913818359375,0.068267822265625,1,1,3,0.03945000097155571,0.0674000009894371,0.08250000327825546,-0.3648855686187744,-0.31707316637039185
14286225,2022,em_veg,annotated,0,664335,4893045,43200,0.0263888888888889,0,2.39306640625,0.06842041015625,1,1,3,0.02820000052452087,0.02305000089108944,0.02370000071823597,0.11184073984622955,0.6837782263755798
14286233,2022,dry,annotated,0,664395,4893015,43200,0.0263888888888889,0.09978009015321732,2.29638671875,-0.02825927734375,0.07999999821186066,0,5,0.07429999858140945,0.2004999965429306,0.2137500047683716,-0.4763359129428863,-0.4464215040206909
14286277,2022,em_veg,annotated,0,664425,4893165,43200,0.0263888888888889,0,2.39306640625,0.06842041015625,1,1,2,0.02830000035464763,0.02190000005066394,0.02170000039041042,0.13199999928474426,0.7342419028282166
14286353,2022,dry,annotated,0,664485,4893135,43200,0.0263888888888889,0.4240769147872925,1.56524658203125,-0.7593994140625,0.03999999910593033,0,5,0.07270000129938126,0.22139999270439148,0.2079000025987625,-0.48709794878959656,-0.4816883802413941
14285870,2022,deep_water,random_draw,0,663915,4895565,2700,0.0888888888888889,0.3456489145755768,0.049224853515625,-0.589630126953125,0.03999999910593033,0.2222222238779068,5,0.07109999656677246,0.18559999763965607,0.21250000596046448,-0.5029868483543396,-0.47430968284606934
14285765,2022,deep_water,random_draw,0,663795,4896135,185400,0.0158576051779935,0.23208501935005188,4.903106689453125,0.056488037109375,0.9615384340286256,0.8999999761581421,3,0.04560000076889992,0.09019999951124193,0.11729999631643297,-0.3420603275299072,-0.22646310925483704
14285804,2022,deep_water,random_draw,0,663825,4895895,185400,0.0158576051779935,0,4.9749755859375,0.12835693359375,1,1,1,0.04170000180602074,0.02329999953508377,0.02050000056624412,0.25037482380867004,0.3806646466255188
14285891,2022,deep_water,random_draw,0,663885,4896015,185400,0.0158576051779935,0,4.9749755859375,0.12835693359375,1,1,1,0.0397999994456768,0.02429999969899654,0.02129999920725822,0.2901134490966797,0.34173229336738586
14285923,2022,deep_water,random_draw,0,663915,4895745,185400,0.0158576051779935,0,4.9749755859375,0.12835693359375,1,1,1,0.0418500006198883,0.03144999966025352,0.02470000088214874,0.27315351366996765,0.2926136255264282
14285986,2022,deep_water,random_draw,0,663975,4896225,185400,0.0158576051779935,0,4.9749755859375,0.12835693359375,1,1,1,0.03999999910593033,0.03379999846220016,0.04520000144839287,-0.05295950174331665,0.17820324003696442
14286015,2022,deep_water,random_draw,0,663975,4896135,185400,0.0158576051779935,0,4.9749755859375,0.12835693359375,1,1,1,0.03610000014305115,0.02129999920725822,0.01850000023841858,0.3223443329334259,0.38971808552742
14286097,2022,deep_water,random_draw,0,664065,4896345,185400,0.0158576051779935,0.02254196256399154,4.967010498046875,0.120391845703125,0.800000011920929,1,4,0.04349999874830246,0.11259999871253969,0.12200000137090684,-0.3793103396892547,-0.2851273715496063
14286145,2022,deep_water,random_draw,0,664125,4895835,185400,0.0158576051779935,0.05212201923131943,4.953582763671875,0.106964111328125,0.9200000166893004,0.8888888955116272,3,0.04755000025033951,0.08874999731779099,0.0957999974489212,-0.33811551332473755,-0.3251533806324005
14286156,2022,deep_water,random_draw,0,664155,4895715,185400,0.0158576051779935,0.03862238302826881,4.96063232421875,0.114013671875,0.8399999737739563,1,4,0.04935000091791153,0.09390000253915788,0.10734999924898148,-0.36116480827331543,-0.322853684425354
14286196,2022,deep_water,random_draw,0,664275,4895895,185400,0.0158576051779935,0.0613124817609787,4.9278564453125,0.08123779296875,0.5909090638160706,0.7777777910232544,5,0.05609999969601631,0.13779999315738678,0.13249999284744263,-0.42105263471603394,-0.4050901234149933
14285732,2022,em_veg,random_draw,0,663765,4896735,4500,0.0666666666666667,0.13371822237968445,0.12744140625,-0.05963134765625,0.125,0.10000000149011612,5,0.07329999655485153,0.15729999542236328,0.19449999928474423,-0.4797728955745697,-0.4384498596191406
14285577,2022,dry,annotated,0,663645,4897395,25200,0.0357142857142857,0.00370900239795446,0.0927734375,3.662109375e-4,0.25,0.8999999761581421,5,0.06494999676942825,0.1514499932527542,0.16940000653266907,-0.4421071410179138,-0.3957446813583374
14285717,2022,dry,annotated,0,663765,4897365,25200,0.0357142857142857,0.1353168934583664,-0.08856201171875,-0.18096923828125,0,0,5,0.10440000146627426,0.28565001487731934,0.3070499897003174,-0.4922429323196411,-0.47691068053245544
14285384,2022,dry,annotated,0,663405,4901805,163800,0.0245421245421245,0.7414654493331909,-0.1947021484375,-1.3396911621093182,0,0,5,0.0649000033736229,0.1777999997138977,0.25380000472068787,-0.6228736639022827,-0.5661832690238953
14285440,2022,deep_viz,annotated,0,663465,4901745,163800,0.0245421245421245,0,1.1463623046875,0.00137329101568184,1,1,1,0.03999999910593033,0.02830000035464763,0.01740000024437904,0.3937282264232635,0.5032051205635071
14285465,2022,deep_viz,annotated,0,663495,4901805,163800,0.0245421245421245,0,1.1463623046875,0.00137329101568184,1,1,1,0.03350000083446503,0.02539999969303608,0.00469999993219971,0.753926694393158,1
14285506,2022,dry,annotated,0,663555,4901655,163800,0.0245421245421245,0.44096624851226807,0.6112060546875,-0.5337829589843182,0,0,5,0.07479999959468842,0.1997999995946884,0.2669000029563904,-0.5817724466323853,-0.4910199940204621
14057635,2022,deep_water,random_draw,0,657165,4912365,2700,0.0888888888888889,0.5999404788017273,2.6253662109375,0.183349609375,0.4166666567325592,0.1111111119389534,5,0.05249999836087227,0.11900000274181366,0.13079999387264252,-0.44011828303337097,-0.4186550974845886
14058096,2022,dry,annotated,0,657255,4919985,17100,0.0350877192982456,0.5793424844741821,-0.20904541015625,-0.78399658203125,0,0,5,0.0926000028848648,0.2226999998092651,0.2872999906539917,-0.4955277144908905,-0.4706025719642639
14057078,2022,dry,annotated,0,657075,4920435,18900,0.0380952380952381,0.07666874676942825,0.20745849609375,-0.01513671875,0.35483869910240173,0.6363636255264282,5,0.07810000330209732,0.16140000522136688,0.21629999577999115,-0.45786210894584656,-0.3992297947406769
14057084,2022,dry,annotated,0,657075,4920255,18900,0.0380952380952381,0.03125631436705589,0.2216796875,-9.1552734375e-4,1,1,4,0.06620000302791595,0.13490000367164612,0.13510000705718994,-0.33418911695480347,-0.31260648369789124
14057550,2022,dry,annotated,0,657135,4920315,18900,0.0380952380952381,0.02260714024305343,0.22100830078125,-0.0015869140625,1,1,4,0.05810000002384186,0.11069999635219574,0.121799997985363,-0.3540855944156647,-0.17493237555027008
14058148,2022,dry,annotated,0,657225,4923165,56700,0.0201058201058201,0.4098949432373047,0.850341796875,-0.944732666015625,0,0,5,0.07855000346899033,0.19189999997615817,0.2913999855518341,-0.5707915425300598,-0.5432473421096802
14058394,2022,dry,annotated,0,657315,4923285,56700,0.0201058201058201,0.3356477618217468,1.50030517578125,-0.294769287109375,0.1111111119389534,0.4545454680919647,5,0.07930000126361847,0.18154999613761905,0.22495000064373016,-0.4731619954109192,-0.40830114483833313
14058395,2022,deep_viz,annotated,0,657285,4923225,56700,0.0201058201058201,0,1.876983642578125,0.0819091796875,1,1,1,0.02630000002682209,0.01480000000447034,0.02329999953508377,-0.02417582459747791,1
14058735,2022,deep_viz,annotated,0,657345,4923165,56700,0.0201058201058201,0,1.876983642578125,0.0819091796875,1,1,1,0.03105000033974647,0.01985000073909759,0.01785000041127205,0.2326527088880539,0.6685498952865601
14059120,2022,deep_viz,annotated,0,657465,4923165,56700,0.0201058201058201,0,1.876983642578125,0.0819091796875,1,1,1,0.03280000016093254,0.02755000069737434,0.01995000056922435,0.17555968463420868,0.5157384872436523
14059577,2022,dry,annotated,0,657585,4923165,56700,0.0201058201058201,0.2764681577682495,1.060577392578125,-0.7344970703125,0,0,5,0.07959999889135361,0.21449999511241913,0.2475000023841858,-0.5049059391021729,-0.4866581857204437
14056501,2022,deep_water,random_draw,0,656955,4924365,4978800,0.00507351168956375,0.9833968877792358,8.063812255859375,-0.8670654296875,0.9428571462631226,1,4,0.07320000231266022,0.15459999442100525,0.17170000076293945,-0.4022049903869629,-0.3972746431827545
14056872,2022,deep_water,random_draw,0,657015,4924305,4978800,0.00507351168956375,0,9.068603515625,0.137725830078125,1,1,1,0.04969999939203262,0.01679999940097332,0.01510000042617321,0.5431165099143982,0.6110210418701172
14057065,2022,deep_water,random_draw,0,657045,4924395,4978800,0.00507351168956375,0,9.068603515625,0.137725830078125,1,1,1,0.05579999834299087,0.02270000055432319,0.01920000091195106,0.4880000054836273,0.5026041865348816
14057187,2022,deep_water,random_draw,0,657075,4924515,4978800,0.00507351168956375,0,9.068603515625,0.137725830078125,1,1,1,0.05689999833703041,0.02180000022053718,0.0186999998986721,0.5052909851074219,0.5224274396896362
14057394,2022,deep_water,random_draw,0,657135,4924185,4978800,0.00507351168956375,0,9.068603515625,0.137725830078125,1,1,1,0.04315000027418136,0.02380000054836273,0.0267999991774559,0.299794465303421,0.4533762037754059
14057727,2022,deep_water,random_draw,0,657165,4924455,4978800,0.00507351168956375,0,9.068603515625,0.137725830078125,1,1,1,0.05040000006556511,0.01679999940097332,0.01475000008940696,0.3919753134250641,0.5803981423377991
14058444,2022,deep_water,random_draw,0,657285,4924155,4978800,0.00507351168956375,0,9.068603515625,0.137725830078125,1,1,1,0.04095000028610229,0.01389999967068433,0.01475000008940696,0.5103090405464172,0.5641711354255676
14058579,2022,deep_water,random_draw,0,657315,4924305,4978800,0.00507351168956375,0,9.068603515625,0.137725830078125,1,1,1,0.05189999938011169,0.0231500007212162,0.01934999972581863,0.3791365921497345,0.5674300193786621
14058721,2022,deep_water,random_draw,0,657345,4924485,4978800,0.00507351168956375,0.6917447447776794,8.477508544921875,-0.453369140625,1,1,3,0.04785000160336494,0.08709999918937683,0.10540000349283218,-0.31732404232025146,-0.30295565724372864
14058766,2022,deep_water,random_draw,0,657345,4924065,4978800,0.00507351168956375,0,9.068603515625,0.137725830078125,1,1,1,0.04095000028610229,0.01434999983757734,0.01569999940693378,0.490193635225296,0.5179487466812134
14056064,2022,em_veg,annotated,0,656775,4924395,16200,0.0407407407407407,0.18394392728805545,1.259124755859375,-0.271331787109375,0.17142857611179352,0.3333333432674408,5,0.065700002014637,0.14990000426769257,0.19619999825954437,-0.5028291344642639,-0.48731955885887146
14056118,2022,em_veg,annotated,0,656805,4924245,16200,0.0407407407407407,0.45585206151008606,0.532562255859375,-0.997894287109375,0,0,5,0.09359999746084212,0.21469999849796295,0.2809000015258789,-0.5163204669952393,-0.5001335144042969
14056140,2022,em_veg,annotated,0,656835,4924425,16200,0.0407407407407407,0.09608545154333116,1.23193359375,-0.29852294921875,0.4375,0.25,4,0.05299999937415123,0.13609999418258667,0.14489999413490295,-0.46437594294548035,-0.45894333720207214
14056168,2022,deep_viz,annotated,0,656835,4924335,16200,0.0407407407407407,0,1.59423828125,0.06378173828125,1,1,1,0.03079999983310699,0.02349999919533729,0.01174999959766864,0.6326769590377808,1
14056192,2022,deep_viz,annotated,0,656835,4924275,16200,0.0407407407407407,0.01940072141587734,1.591156005859375,0.060699462890625,1,1,2,0.02930000051856041,0.02995000034570694,0.03305000066757202,-0.07855091243982315,0.20481927692890167
14056240,2022,dry,annotated,0,656895,4924935,424800,0.0163841807909605,0.3824080526828766,3.80810546875,-0.306671142578125,0.5,0.7272727489471436,5,0.07190000265836716,0.16120000183582306,0.1712000072002411,-0.4106122553348541,-0.4084738790988922
14056471,2022,dry,annotated,0,656955,4924755,424800,0.0163841807909605,0.5453020930290222,3.441009521484375,-0.67376708984375,0.06666667014360428,0.25,5,0.08950000256299973,0.22139999270439148,0.22439999878406525,-0.4363124668598175,-0.4108177721500397
14056895,2022,dry,annotated,0,657015,4925835,424800,0.0163841807909605,0.22541868686676023,3.355743408203125,-0.759033203125,0.02941176481544971,0,5,0.09634999930858612,0.23725000023841855,0.29649999737739563,-0.5149547457695007,-0.4923115670681
14057086,2022,em_veg,annotated,0,657075,4925175,424800,0.0163841807909605,0.19836628437042236,3.658782958984375,-0.45599365234375,0.06060606241226196,0,5,0.06589999794960022,0.1665000021457672,0.20419999957084656,-0.5114730000495911,-0.4893452227115631
14057298,2022,glint,annotated,0,657165,4925025,424800,0.0163841807909605,0.4002300202846527,3.195648193359375,-0.91912841796875,0.03030303120613098,0,5,0.09955000132322311,0.2569499909877777,0.2911500036716461,-0.4894164502620697,-0.48229044675827026
14057490,2022,em_veg,annotated,0,657165,4925235,424800,0.0163841807909605,0.2037092447280884,3.79888916015625,-0.315887451171875,0.4375,0.0833333358168602,5,0.05124999955296516,0.1358499974012375,0.14669999480247498,-0.4568697512149811,-0.44803228974342346
14058515,2022,em_veg,annotated,0,657315,4925325,424800,0.0163841807909605,0.25831228494644165,3.74249267578125,-0.372283935546875,0.9333333373069764,0.9166666865348816,4,0.05260000005364418,0.13040000200271606,0.14259999990463257,-0.4365291893482208,-0.3240482807159424
14055577,2022,dry,annotated,0,656595,4924695,57600,0.0239583333333333,0.10665850341320038,1.303375244140625,-0.478546142578125,0,0,5,0.12330000102519988,0.26969999074935913,0.351500004529953,-0.48062342405319214,-0.47346770763397217
14055684,2022,em_veg,annotated,0,656685,4924695,57600,0.0239583333333333,0.2695329487323761,1.53814697265625,-0.2437744140625,0.5517241358757019,1,4,0.05660000070929527,0.1272999942302704,0.14959999918937683,-0.45101842284202576,-0.3919062912464142
14055716,2022,deep_viz,annotated,0,656655,4924785,57600,0.0239583333333333,0,1.8236083984375,0.04168701171875,1,1,2,0.02590000070631504,0.02199999988079071,0.01970000006258487,0.13596491515636444,0.28282827138900757
14055868,2022,deep_viz,annotated,0,656715,4924815,57600,0.0239583333333333,0,1.8236083984375,0.04168701171875,1,1,1,0.03089999966323375,0.02270000055432319,0.01930000074207782,0.15730337798595428,0.5515370965003967
14055984,2022,deep_viz,annotated,0,656775,4924755,57600,0.0239583333333333,0,1.8236083984375,0.04168701171875,0.96875,1,1,0.0255999993532896,0.01499999966472387,0.0175000000745058,-0.09700176119804382,0.8181818127632141
14055988,2022,dry,annotated,0,656745,4924905,57600,0.0239583333333333,0.239586278796196,1.495147705078125,-0.286773681640625,0.875,0.8333333134651184,4,0.07000000029802322,0.1459999978542328,0.19259999692440033,-0.4541460871696472,-0.4253043234348297
14056092,2022,em_veg,annotated,0,656835,4924755,57600,0.0239583333333333,0.23510053753852844,1.72283935546875,-0.05908203125,0.6969696879386902,0.0833333358168602,5,0.05849999934434891,0.1397500038146973,0.18074999749660492,-0.5164075493812561,-0.4332784116268158
14056207,2022,em_veg,annotated,0,656865,4924665,57600,0.0239583333333333,0.102778822183609,1.27606201171875,-0.505859375,0.03125,0,5,0.08389999717473984,0.19840000569820404,0.2700999975204468,-0.5146294832229614,-0.5029330253601074
14055891,2022,deep_water,random_draw,0,656715,4926135,35100,0.0273504273504274,0.1345810443162918,1.96929931640625,-0.258392333984375,0.4615384638309479,0.25,5,0.04524999856948852,0.09510000050067902,0.09690000116825104,-0.3615480959415436,-0.3196384608745575
14056137,2022,deep_water,random_draw,0,656835,4926045,35100,0.0273504273504274,0.1684129685163498,2.216156005859375,-0.01153564453125,0.40740740299224854,0.7777777910232544,5,0.04865000024437904,0.06825000047683716,0.07190000265836716,-0.26003050804138184,-0.1808764934539795
14056276,2022,deep_water,random_draw,0,656895,4926195,35100,0.0273504273504274,0.16842088103294373,2.1798095703125,-0.047882080078125,0.0714285746216774,0.3333333432674408,5,0.04769999906420708,0.09075000137090684,0.09385000169277193,-0.28808024525642395,0.04100946336984634
14055730,2022,deep_viz,annotated,0,656685,4926585,46800,0.0269230769230769,0,4.773132324218693,0.090972900390625,1,1,2,0.0421999990940094,0.02669999934732914,0.02510000020265579,0.0152505449950695,0.6614173054695129
14055732,2022,deep_viz,annotated,0,656655,4926495,46800,0.0269230769230769,0,4.773132324218693,0.090972900390625,0.92592591047287,0.9230769276618958,4,0.03359999880194664,0.02539999969303608,0.02810000069439411,0.08914100378751755,1
14055838,2022,dry,annotated,0,656715,4926405,46800,0.0269230769230769,1.1243128776550293,2.105285644531193,-2.576873779296875,0,0,5,0.06324999779462814,0.1546500027179718,0.2623000144958496,-0.618498682975769,-0.5804597735404968
14055938,2022,dry,annotated,0,656745,4926825,46800,0.0269230769230769,0.5763054490089417,3.349060058593693,-1.333099365234375,0,0,5,0.0888499990105629,0.22609999775886536,0.27959999442100525,-0.515164315700531,-0.49751633405685425
14055939,2022,dry,annotated,0,656745,4926615,46800,0.0269230769230769,1.2742973566055298,3.408752441406193,-1.273406982421875,0.800000011920929,1,4,0.0580499991774559,0.12835000455379486,0.1451999992132187,-0.44613638520240784,-0.4004773199558258
14055971,2022,deep_viz,annotated,0,656745,4926705,46800,0.0269230769230769,0,4.773132324218693,0.090972900390625,1,0.9230769276618958,1,0.04410000145435333,0.05189999938011169,0.02649999968707561,0.2429964542388916,0.9486081600189208
14056159,2022,em_veg,annotated,0,656835,4926585,746100,0.00973059911540008,0.743725061416626,6.592864990234375,-0.564483642578125,0.8999999761581421,1,4,0.05864999815821647,0.13934999704360962,0.14775000512599945,-0.4373311400413513,-0.3846153914928436
14056221,2022,deep_viz,annotated,0,656865,4926735,746100,0.00973059911540008,0,7.2410888671875,0.083740234375,1,1,1,0.04955000057816505,0.03280000016093254,0.00645000021904706,0.727590799331665,1
14056252,2022,deep_viz,annotated,0,656865,4926615,746100,0.00973059911540008,0,7.2410888671875,0.083740234375,1,1,1,0.04654999822378158,0.02400000020861625,0.0068500000052154,0.6510390043258667,1
14056288,2022,dry,annotated,0,656895,4926885,746100,0.00973059911540008,0.4494611322879791,6.91448974609375,-0.24285888671875,0.5625,1,4,0.07145000249147415,0.14204999804496765,0.17544999718666077,-0.42633888125419617,-0.3202681839466095
14056346,2022,dry,annotated,0,656925,4926525,746100,0.00973059911540008,1.0335532426834106,3.5565185546875,-3.600830078125,0,0,5,0.05534999817609787,0.1993499994277954,0.2186499983072281,-0.589504063129425,-0.5452145338058472
14056447,2022,deep_viz,annotated,0,656925,4926825,746100,0.00973059911540008,0,7.2410888671875,0.083740234375,1,1,1,0.05139999836683273,0.04230000078678131,0.01499999966472387,0.4214843213558197,0.5811966061592102
14056745,2022,em_veg,annotated,0,656985,4926945,746100,0.00973059911540008,0.1302301436662674,6.85992431640625,-0.29742431640625,0.11428571492433548,0,5,0.06120000034570694,0.16944999992847443,0.2126999944448471,-0.5369274616241455,-0.5017762184143066
14057246,2022,dry,annotated,0,657105,4926915,746100,0.00973059911540008,0.6779980659484863,6.508544921875,-0.6488037109375,0.17142857611179352,0.4615384638309479,4,0.07795000076293945,0.1789499968290329,0.2319999933242798,-0.4779760837554931,-0.4409700036048889
14057926,2022,em_veg,annotated,0,657195,4927035,746100,0.00973059911540008,0.16168113052845,6.704681396484375,-0.452667236328125,0,0,5,0.08744999766349792,0.22339999675750732,0.2892000079154968,-0.5356947779655457,-0.5247776508331299
14055415,2022,dry,annotated,0,656505,4930695,48600,0.0259259259259259,0.6267215609550476,-0.3748779296875,-2.52801513671875,0,0,5,0.11784999817609788,0.26460000872612,0.34929999709129333,-0.5006102323532104,-0.4187652170658112
14055476,2022,terrain,annotated,0,656535,4930665,48600,0.0259259259259259,0.8503317832946777,1.03289794921875,-1.1202392578125,0,0.0833333358168602,5,0.08500000089406967,0.1694999933242798,0.2295999974012375,-0.4596312642097473,-0.4138756096363067
14055668,2022,terrain,annotated,0,656625,4930755,48600,0.0259259259259259,0.09530416131019592,2.11773681640625,-0.035400390625,0.8064516186714172,0.9166666865348816,4,0.04960000142455101,0.10180000215768814,0.13490000367164612,-0.4640095233917236,-0.3401069641113281
14055913,2022,terrain,annotated,0,656715,4930575,48600,0.0259259259259259,2.6929654995910823e-4,2.15814208984375,0.0050048828125,1,1,3,0.03644999861717224,0.04729999974370003,0.05689999833703041,-0.2302921563386917,-0.01425661891698837
14055997,2022,dry,annotated,0,656745,4930665,48600,0.0259259259259259,4.5995693653821945e-5,2.15814208984375,0.0050048828125,1,1,3,0.07800000160932541,0.07644999772310257,0.04235000163316727,0.22708547115325928,0.3984606266021729
14055785,2022,shallow_viz,annotated,1,656685,4931805,7200,0.0583333333333333,0.6329243183135986,2.72662353515625,-0.2318115234375,0.125,0,5,0.05734999850392341,0.16850000619888306,0.1887499988079071,-0.511313796043396,-0.3556903302669525
14055799,2022,shallow_viz,annotated,1,656685,4931715,7200,0.0583333333333333,0,3.14501953125,0.18658447265625,0.12121212482452393,0,5,0.02889999933540821,0.0812000036239624,0.07450000196695328,-0.44100579619407654,-0.44100579619407654
14055900,2022,dry,annotated,0,656745,4931745,7200,0.0583333333333333,0.8882130980491638,2.3670654296875,-0.59136962890625,0.03030303120613098,0,5,0.09070000052452087,0.22830000519752505,0.24940000474452972,-0.4666274487972259,-0.3609159588813782
14056780,2022,deep_viz,annotated,0,657015,4932825,463500,0.0142394822006473,0,3.38323974609375,0.029541015625,1,1,1,0.0564499981701374,0.02795000001788139,0.01885000057518482,0.48296982049942017,0.9425837397575378
14056939,2022,dry,annotated,0,657045,4932645,463500,0.0142394822006473,0.01993857510387897,3.377410888671875,0.023712158203125,1,1,4,0.06480000168085098,0.09390000253915788,0.10050000250339508,-0.1666666716337204,-0.05539358779788017
14057010,2022,deep_viz,annotated,0,657075,4932765,463500,0.0142394822006473,0,3.38323974609375,0.029541015625,1,1,1,0.06560000032186508,0.02950000017881393,0.015049999579787251,0.6112125515937805,0.7091346383094788
14057602,2022,dry,annotated,0,657165,4932675,463500,0.0142394822006473,0.2595205008983612,2.77581787109375,-0.577880859375,0,0,5,0.11819999665021896,0.26429998874664307,0.3319000005722046,-0.47478339076042175,-0.4347011148929596
14057750,2022,dry,annotated,0,657165,4932885,463500,0.0142394822006473,0,3.38323974609375,0.029541015625,0.6538461446762085,1,5,0.07705000042915344,0.15139999985694885,0.17960000038146973,-0.3973339796066284,-0.3836126625537872
14057771,2022,deep_viz,annotated,0,657195,4932795,463500,0.0142394822006473,0,3.38323974609375,0.029541015625,1,1,1,0.05254999920725822,0.02404999919235706,0.01075000036507845,0.6664618253707886,1
14062195,2022,co_precise,annotated,1,658455,4932375,161100,0.0141527001862197,0,0.9124755859375,6.103515625e-4,0.5185185074806213,1,5,0.03400000184774399,0.02639999985694885,0.02459999918937683,0.05949008464813232,1
14062013,2022,em_veg,annotated,0,658425,4932405,161100,0.0141527001862197,0,0.9124755859375,6.103515625e-4,0.17241379618644714,1,5,0.03999999910593033,0.08569999784231186,0.0957999974489212,-0.3767605721950531,-0.3740219175815582
14062375,2022,em_veg,annotated,0,658515,4932075,161100,0.0141527001862197,0,0.9124755859375,6.103515625e-4,0,0.75,5,0.06549999862909317,0.15815000236034393,0.22020000219345093,-0.555269181728363,-0.5324577689170837
14062380,2022,deep_viz,annotated,0,658515,4932255,161100,0.0141527001862197,0,0.9124755859375,6.103515625e-4,0.8620689511299133,1,1,0.03604999929666519,0.03765000030398369,0.01805000007152557,0.24913889169692993,0.4595744609832764
14062547,2022,em_veg,annotated,0,658575,4932435,161100,0.0141527001862197,0,0.9124755859375,6.103515625e-4,0.1034482792019844,1,5,0.05635000020265579,0.11270000040531158,0.1446000039577484,-0.4450953006744385,-0.4057089388370514
14062681,2022,deep_viz,annotated,0,658605,4932195,161100,0.0141527001862197,0,0.9124755859375,6.103515625e-4,1,1,1,0.04030000045895576,0.03929999843239784,0.01865000091493129,0.27077823877334595,0.4953959584236145
14062768,2022,deep_viz,annotated,0,658635,4932345,161100,0.0141527001862197,0,0.9124755859375,6.103515625e-4,1,1,1,0.03754999861121178,0.03545000031590462,0.01875000074505806,0.27374690771102905,0.37479540705680847
14063124,2022,terrain,annotated,0,658725,4932465,161100,0.0141527001862197,0.09033561497926712,0.876708984375,-0.03515625,0.3571428656578064,1,4,0.06994999945163727,0.1302500069141388,0.1660500019788742,-0.3837530314922333,-0.3424253463745117
14063253,2022,dry,annotated,0,658755,4932195,161100,0.0141527001862197,0.25239047408103943,0.71563720703125,-0.19622802734375,0,0.0833333358168602,5,0.08205000311136246,0.21295000612735748,0.27344998717308044,-0.5305032134056091,-0.5138686299324036
14063392,2022,dry,annotated,0,658785,4932315,161100,0.0141527001862197,1.3111680746078491,-1.6488037109375,-2.5606689453125,0,0,5,0.09560000151395798,0.2325499951839447,0.3206000030040741,-0.5468079447746277,-0.5357928276062012
14061849,2022,dry,annotated,0,658365,4932825,13500,0.0444444444444444,0,0,0,0,0,5,0.09549999982118608,0.21445000171661377,0.2736000120639801,-0.48068946599960327,-0.4529173970222473
14072177,2022,em_veg,random_draw,0,660735,4932465,13500,0.0488888888888889,0.0709662139415741,0.413543701171875,-0.027587890625,0.23999999463558197,0,5,0.0601000003516674,0.16329999268054962,0.1899999976158142,-0.48690804839134216,-0.4472029209136963
14072461,2022,em_veg,random_draw,0,660795,4932375,13500,0.0488888888888889,0.13893894851207733,0.29498291015625,-0.146148681640625,0.119999997317791,0,5,0.07320000231266022,0.19175000488758087,0.23434999585151672,-0.5230357646942139,-0.5023893117904663
14072939,2022,em_veg,random_draw,0,660885,4932465,13500,0.0488888888888889,0.12256809324026108,0.3822021484375,-0.058929443359375,0.11538461595773696,0,5,0.06230000033974647,0.17440000176429749,0.2004999965429306,-0.5191833972930908,-0.4227226078510285
14069895,2022,em_veg,annotated,0,660165,4937565,2700,0.0888888888888889,0.2439618855714798,-0.037384033203125,-0.256744384765625,0,0,5,0.09019999951124193,0.2148000001907349,0.2485000044107437,-0.467375248670578,-0.4273097813129425
14070230,2022,dry,annotated,0,660225,4937595,2700,0.0888888888888889,0.15467314422130585,0.002838134765625,-0.216522216796875,0,0,5,0.10249999910593031,0.2667500078678131,0.2881999909877777,-0.4757363796234131,-0.4688177108764648
14070248,2022,em_veg,annotated,0,660225,4937565,2700,0.0888888888888889,0.11622074991464616,0.214447021484375,-0.004913330078125,0.25,0.6666666865348816,5,0.05570000037550926,0.13854999840259552,0.13379999995231628,-0.41574373841285706,-0.3935542404651642
14068779,2022,deep_viz,annotated,0,659985,4938855,575100,0.0190923317683881,0.09053388237953186,0.809844970703125,-0.058837890625,0.7241379022598267,0.5454545617103577,4,0.03359999880194664,0.08060000091791153,0.06870000064373016,-0.34310850501060486,-0.34310850501060486
14068996,2022,deep_viz,annotated,0,660015,4938765,575100,0.0190923317683881,0.11514997482299805,0.84136962890625,-0.027313232421875,0.3913043439388275,0.7692307829856873,4,0.03350000083446503,0.07689999788999557,0.03799999877810478,-0.06293706595897675,-0.06293706595897675
14069004,2022,em_veg,annotated,0,660015,4938705,575100,0.0190923317683881,0.08875063806772232,0.652313232421875,-0.21636962890625,0.10000000149011612,0,5,0.04989999905228615,0.12890000641345978,0.0966000035405159,-0.3187713325023651,-0.3187713325023651
14069211,2022,em_veg,annotated,0,660045,4938825,575100,0.0190923317683881,0.14597778022289276,0.731048583984375,-0.13763427734375,0.31578946113586426,0.27272728085517883,4,0.03420000150799751,0.08730000257492065,0.07689999788999557,-0.3843384385108948,-0.3843384385108948
14069394,2022,em_veg,annotated,0,660075,4938915,575100,0.0190923317683881,0.15931403636932373,0.642608642578125,-0.22607421875,0,0,5,0.07169999927282333,0.18690000474452972,0.22059999406337735,-0.5094081163406372,-0.5094081163406372
14069742,2022,deep_viz,annotated,0,660135,4938645,575100,0.0190923317683881,0.08909294009208679,0.922119140625,0.053436279296875,0.7692307829856873,0.9230769276618958,4,0.03189999982714653,0.05570000037550926,0.03209999948740005,-0.00312500004656612,-0.00312500004656612
14066785,2022,em_veg,annotated,0,659625,4938705,45900,0.0326797385620915,0.12967772781848907,0.48114013671875,-0.075714111328125,0.40740740299224854,0.27272728085517883,5,0.0494999997317791,0.11659999936819077,0.10209999978542328,-0.3469657003879547,-0.3469657003879547
14067373,2022,em_veg,annotated,0,659745,4938855,45900,0.0326797385620915,0.15120519697666168,0.429107666015625,-0.12774658203125,0.21875,0.30000001192092896,5,0.05429999902844429,0.11029999703168868,0.10849999636411668,-0.3329238295555115,-0.3329238295555115
14067389,2022,em_veg,annotated,0,659745,4938675,45900,0.0326797385620915,0.1706337928771973,0.52362060546875,-0.033233642578125,0.800000011920929,0.7272727489471436,5,0.07020000368356705,0.10270000249147417,0.09969999641180038,-0.17363154888153076,-0.17363154888153076
14065256,2022,deep_water,random_draw,0,659295,4939185,208800,0.0163793103448276,0.00288371951319277,1.307159423828125,0.075653076171875,1,0.8461538553237915,4,0.05900000035762787,0.1143999993801117,0.10565000027418137,-0.30279067158699036,-0.10188261419534685
14065624,2022,deep_water,random_draw,0,659385,4939035,208800,0.0163793103448276,0.1904692649841309,0.785919189453125,-0.445587158203125,0,0,5,0.08455000072717667,0.20649999380111697,0.24580000340938568,-0.4876270592212677,-0.4285714328289032
14065652,2022,deep_water,random_draw,0,659385,4939275,208800,0.0163793103448276,0,1.307159423828125,0.075653076171875,1,1,2,0.03739999979734421,0.02465000003576278,0.01685000024735927,0.2757810950279236,0.542553186416626
14065841,2022,deep_water,random_draw,0,659415,4939365,208800,0.0163793103448276,0,1.307159423828125,0.075653076171875,1,1,2,0.03294999897480011,0.01860000006854534,0.02280000038444996,0.10173024982213974,0.5890985131263733
14066193,2022,deep_water,random_draw,0,659505,4938975,208800,0.0163793103448276,0.22006915509700775,0.73150634765625,-0.5,0,0.07692307978868484,5,0.07769999653100967,0.2152000069618225,0.2524000108242035,-0.5292335748672485,-0.5292335748672485
14066313,2022,deep_water,random_draw,0,659505,4939365,208800,0.0163793103448276,0,1.307159423828125,0.075653076171875,1,1,2,0.03990000113844871,0.01979999989271164,0.01930000074207782,0.34797295928001404,0.646319568157196
14066353,2022,deep_water,random_draw,0,659535,4939245,208800,0.0163793103448276,0.21349532902240753,0.939239501953125,-0.292266845703125,0.28125,0.1666666716337204,4,0.05869999900460243,0.1324000060558319,0.1679999977350235,-0.48213496804237366,-0.48213496804237366
14066403,2022,deep_water,random_draw,0,659535,4939125,208800,0.0163793103448276,0,1.307159423828125,0.075653076171875,1,1,1,0.0917000025510788,0.05849999934434891,0.01290000043809413,0.7533460855484009,0.7533460855484009
14066646,2022,deep_water,random_draw,0,659595,4939455,208800,0.0163793103448276,0.10544025152921677,1.19964599609375,-0.0318603515625,0.8387096524238586,0.7692307829856873,4,0.04035000130534172,0.098750002682209,0.11190000176429749,-0.4920952022075653,-0.3881970643997192
14066914,2022,deep_water,random_draw,0,659655,4939035,208800,0.0163793103448276,0.00606983108446002,1.306976318359375,0.075469970703125,0.8666666746139526,0.9166666865348816,2,0.02950000017881393,0.04179999977350235,0.03099999949336052,-0.02479338832199573,-0.02479338832199573
11572595,2022,dry,annotated,0,605955,4980615,3896100,0.00537460537460537,0.44179150462150574,3.6893310546875,-4.01092529296875,0.02325581386685371,0,5,0.07329999655485153,0.2475000023841858,0.2410999983549118,-0.5156922936439514,-0.5050504803657532
11573215,2022,deep_viz,annotated,0,606015,4980285,3896100,0.00537460537460537,0,7.7620849609375,0.06182861328125,1,1,1,0.05835000053048134,0.03685000166296959,0.0300500001758337,0.31610578298568726,0.7300613522529602
11574888,2022,deep_viz,annotated,0,606195,4979985,3896100,0.00537460537460537,0,7.7620849609375,0.06182861328125,1,1,1,0.03880000114440918,0.02209999971091747,0.01950000040233135,0.3465346395969391,0.9274611473083496
11578926,2022,dry,annotated,0,606705,4979895,3896100,0.00537460537460537,0.3730268478393554,5.07635498046875,-2.6239013671875,0,0,5,0.06679999828338623,0.2683500051498413,0.23340000212192535,-0.5552296042442322,-0.5514774322509766
11579034,2022,deep_viz,annotated,0,606705,4980255,3896100,0.00537460537460537,0,7.7620849609375,0.06182861328125,1,1,1,0.04774999991059303,0.01744999922811985,0.01544999983161687,0.628578245639801,0.9445843696594238
11579621,2022,dry,annotated,0,606765,4980225,3896100,0.00537460537460537,1.4111318588256836,5.7972412109375,-1.90301513671875,0.8048780560493469,0.6363636255264282,4,0.05849999934434891,0.1602499932050705,0.13850000500679016,-0.402396023273468,-0.37860578298568726
11591528,2022,dry,annotated,0,608325,4980105,27900,0.0387096774193548,0.2781860828399658,-0.2135009765625,-0.90106201171875,0,0,5,0.10180000215768814,0.2825999855995178,0.27219998836517334,-0.4768756330013275,-0.24172267317771912
11592612,2022,em_veg,annotated,0,608445,4979955,27900,0.0387096774193548,0.15081925690174103,0.40008544921875,-0.2874755859375,0.3846153914928436,0.3636363744735718,5,0.02950000017881393,0.08945000171661377,0.09769999980926514,-0.5376837849617004,-0.524347186088562
11593412,2022,dry,annotated,0,608505,4979955,27900,0.0387096774193548,0.2503431737422943,-0.23211669921875,-0.919677734375,0,0,5,0.06975000351667404,0.1871500015258789,0.24414999783039093,-0.555975079536438,-0.5448105931282043
11593701,2022,em_veg,annotated,0,608565,4979895,27900,0.0387096774193548,0.22353440523147583,0.3909912109375,-0.29656982421875,0.0714285746216774,0.1304347813129425,5,0.0353499986231327,0.09719999879598618,0.13120000064373016,-0.5781048536300659,-0.5412226319313049
11589493,2022,dry,annotated,0,608085,4979685,152100,0.0220907297830375,0.5496612191200256,0.4813232421875,-3.125244140625,0,0,5,0.0746999979019165,0.374099999666214,0.24690000712871552,-0.5354477763175964,-0.5354477763175964
11593916,2022,dry,annotated,0,608565,4979565,152100,0.0220907297830375,0.3819456100463867,1.94659423828125,-1.65997314453125,0,0,5,0.06030000001192093,0.12449999898672104,0.2294999957084656,-0.5791152119636536,-0.5447587370872498
11594030,2022,deep_viz,annotated,0,608565,4979745,152100,0.0220907297830375,0,3.7344970703125,0.1279296875,0.9777777791023254,0.91304349899292,1,0.03310000151395798,0.03575000166893005,0.04160000011324882,-0.1601133942604065,-0.03696497902274132
11594542,2022,em_veg,annotated,0,608655,4979565,152100,0.0220907297830375,0.4750187397003174,2.9642333984375,-0.642333984375,0.8604651093482971,0.8695651888847351,4,0.04520000144839287,0.08229999989271164,0.1088000014424324,-0.4184210598468781,-0.30926594138145447
11594816,2022,em_veg,annotated,0,608685,4979805,152100,0.0220907297830375,0.25162091851234436,3.373291015625,-0.2332763671875,0.930232584476471,0.739130437374115,4,0.02419999986886978,0.04699999839067459,0.06960000097751617,-0.4748743772506714,-0.3728223145008087
11594820,2022,deep_viz,annotated,0,608685,4979625,152100,0.0220907297830375,0,3.7344970703125,0.1279296875,0.9756097793579102,1,1,0.02580000087618827,0.02539999969303608,0.03579999879002571,-0.10571923851966858,0.01111111138015985
11594996,2022,deep_viz,annotated,0,608685,4979535,152100,0.0220907297830375,0.00189735647290945,3.7344970703125,0.1279296875,1,0.95652174949646,1,0.03680000081658363,0.0340999998152256,0.04080000147223472,-0.05154639109969139,0.00367647060193121
11595415,2022,em_veg,annotated,0,608745,4979715,152100,0.0220907297830375,0.220933735370636,2.77069091796875,-0.83587646484375,0.261904776096344,0.09090909361839294,4,0.05579999834299087,0.1290999948978424,0.16189999878406525,-0.4873679280281067,-0.47633013129234314
11622369,2022,shallow_viz,annotated,1,612465,4979955,17100,0.0421052631578947,0.08498170226812363,0.57037353515625,0.2183837890625,0.29411765933036804,0.13636364042758942,5,0.03950000181794166,0.11490000039339066,0.06469999998807907,-0.2418426126241684,-0.2418426126241684
11621671,2022,dry,annotated,0,612375,4979955,17100,0.0421052631578947,0.0964495688676834,0.25909423828125,-0.0928955078125,0,0,5,0.07259999960660934,0.23190000653266907,0.1507000029087067,-0.3497537076473236,-0.3497537076473236
11622840,2022,dry,annotated,0,612555,4979985,17100,0.0421052631578947,0.121568001806736,0.18341064453125,-0.1685791015625,0,0,5,0.07705000042915344,0.1927500069141388,0.19554999470710752,-0.43468984961509705,-0.4321534037590027
11623512,2022,em_veg,random_draw,0,612645,4979835,6300,0.0666666666666667,0.337593674659729,-0.0560302734375,-0.7198486328125,0,0,5,0.06019999831914902,0.13494999706745148,0.21860000491142273,-0.5674064755439758,-0.5283364057540894
11623971,2022,em_veg,random_draw,0,612705,4979745,6300,0.0666666666666667,0.10678327828645706,0.346923828125,-0.31689453125,0,0,5,0.0828000009059906,0.1679999977350235,0.19179999828338623,-0.5090479850769043,0.12398137152194975
11633519,2022,deep_viz,annotated,0,613965,4979475,362700,0.0157154673283706,0,1.752197265625,0.0673828125,1,0.9523809552192688,1,0.02569999918341636,0.02714999951422214,0.03400000184774399,-0.15915149450302124,-0.05734265595674515
11634042,2022,em_veg,annotated,0,613995,4979685,362700,0.0157154673283706,0.03760522231459617,1.73797607421875,0.05316162109375,1,0.9523809552192688,3,0.02924999967217445,0.03894999995827675,0.05460000038146973,-0.3068595826625824,-0.2054794579744339
12211256,2022,deep_viz,annotated,0,614175,4979685,362700,0.0157154673283706,0,1.752197265625,0.0673828125,1,1,1,0.03229999914765358,0.03730000182986259,0.03840000182390213,-0.08628005534410477,-0.08628005534410477
12212147,2022,em_veg,annotated,0,614265,4979565,362700,0.0157154673283706,0.10868177562952042,1.54705810546875,-0.13775634765625,0.8108108043670654,0.782608687877655,4,0.03629999980330467,0.0738999992609024,0.0731000006198883,-0.3363802433013916,-0.3363802433013916
12214295,2022,dry,annotated,0,614475,4979715,362700,0.0157154673283706,0.4164371788501739,1.4066162109375,-0.2781982421875,0.6829268336296082,0.5,3,0.04179999977350235,0.09555000066757202,0.11005000025033952,-0.45208796858787537,-0.35343170166015625
12214634,2022,deep_viz,annotated,0,614505,4979865,362700,0.0157154673283706,0,1.752197265625,0.0673828125,0.9767441749572754,1,1,0.0267999991774559,0.02759999968111515,0.03644999861717224,-0.16226312518119812,-0.07275321334600449
15060607,2022,em_veg,annotated,0,614085,4979445,362700,0.0157154673283706,0.1971709281206131,1.26287841796875,-0.42193603515625,0.0555555559694767,0,5,0.05220000073313713,0.14669999480247498,0.17990000545978546,-0.5745721459388733,-0.49977344274520874
15063810,2022,dry,annotated,0,614115,4979775,362700,0.0157154673283706,0.15348905324935913,1.00341796875,-0.681396484375,0,0,5,0.07840000092983246,0.188400000333786,0.21279999613761905,-0.44099822640419006,-0.31887200474739075
12224178,2022,deep_water,random_draw,0,615885,4979895,636300,0.00942951438000943,0,2.5926513671875,0.03656005859375,1,1,1,0.03514999896287918,0.02095000073313713,0.02954999916255474,0.09733971953392027,0.5874999761581421
12225907,2022,deep_water,random_draw,0,616095,4979565,636300,0.00942951438000943,0,2.5926513671875,0.03656005859375,1,1,1,0.04179999977350235,0.0333000011742115,0.03514999896287918,0.08478587865829468,0.0918690636754036
12227357,2022,deep_water,random_draw,0,616215,4979895,636300,0.00942951438000943,0,2.5926513671875,0.03656005859375,0.976190447807312,1,1,0.04084999859333038,0.02804999984800815,0.03089999966323375,0.16128332912921906,0.5239999890327454
12227358,2022,deep_water,random_draw,0,616215,4979715,636300,0.00942951438000943,0,2.5926513671875,0.03656005859375,1,1,1,0.03889999911189079,0.02740000002086162,0.02830000035464763,0.16605037450790405,0.18537859618663788
12227551,2022,deep_water,random_draw,0,616215,4979505,636300,0.00942951438000943,0,2.5926513671875,0.03656005859375,1,1,1,0.04010000079870224,0.02960000000894069,0.03064999915659427,0.13569781184196472,0.14159291982650757
12228991,2022,deep_water,random_draw,0,616365,4979745,636300,0.00942951438000943,0,2.5926513671875,0.03656005859375,1,1,1,0.03965000063180923,0.02789999917149543,0.02769999951124191,0.20060661435127256,0.25136610865592957
12229678,2022,deep_water,random_draw,0,616395,4979565,636300,0.00942951438000943,0,2.5926513671875,0.03656005859375,1,1,1,0.05689999833703041,0.04529999941587448,0.04360000044107437,0.13233831524848938,0.13233831524848938
12230271,2022,deep_water,random_draw,0,616455,4979895,636300,0.00942951438000943,0,2.5926513671875,0.03656005859375,1,1,1,0.03655000030994415,0.02649999968707561,0.02950000017881393,0.10915765911340714,0.115089513361454
12230275,2022,deep_water,random_draw,0,616455,4979475,636300,0.00942951438000943,0,2.5926513671875,0.03656005859375,1,1,1,0.04109999909996986,0.02960000000894069,0.03144999966025352,0.14953526854515076,0.1896955519914627
12231444,2022,deep_water,random_draw,0,616545,4979625,636300,0.00942951438000943,0.1508224606513977,2.3111572265625,-0.24493408203125,0.3333333432674408,0.5,5,0.02824999950826168,0.07909999787807465,0.07360000163316727,-0.4452891349792481,-0.4445497691631317
12221980,2022,dry,annotated,0,615585,4980195,71100,0.0194092827004219,0.2970471978187561,3.03167724609375,-0.3021240234375,0.7027027010917664,0.4347825944423675,4,0.05730000138282776,0.11710000038146973,0.1370999962091446,-0.4093788266181946,-0.3792735040187836
12222868,2022,dry,annotated,0,615735,4980195,71100,0.0194092827004219,0.21049430966377256,2.84039306640625,-0.493408203125,0.07500000298023224,0,5,0.04989999905228615,0.12460000067949296,0.13040000200271606,-0.4749232232570648,-0.43647655844688416
12223905,2022,dry,annotated,0,615855,4980075,71100,0.0194092827004219,0.8740477561950684,1.92822265625,-1.40557861328125,0.04545454680919647,0.08695652335882187,5,0.0746999979019165,0.13224999606609344,0.2003999948501587,-0.5332503914833069,0.03507928922772407
12242243,2022,deep_water,random_draw,0,618375,4980525,975600,0.00774907749077491,0,6.66851806640625,0.2158203125,1,1,1,0.04214999824762344,0.02624999918043613,0.03830000013113022,0.1077977865934372,0.16971279680728912
12245391,2022,deep_water,random_draw,0,618705,4980525,975600,0.00774907749077491,0,6.66851806640625,0.2158203125,1,1,1,0.0397999994456768,0.02080000005662441,0.02800000086426735,0.13076923787593842,0.5050504803657532
12246312,2022,deep_water,random_draw,0,618795,4980375,975600,0.00774907749077491,0,6.66851806640625,0.2158203125,1,1,1,0.0369499996304512,0.01455000042915344,0.02639999985694885,0.12070870399475098,0.39849624037742615
12247607,2022,deep_water,random_draw,0,618915,4980315,975600,0.00774907749077491,0,6.66851806640625,0.2158203125,1,1,1,0.045049998909235,0.03040000051259994,0.03034999966621399,0.25132042169570923,0.42912620306015015
12248652,2022,deep_water,random_draw,0,619005,4980225,975600,0.00774907749077491,0,6.66851806640625,0.2158203125,1,1,1,0.03539999946951866,0.02280000038444996,0.03669999912381172,0.01305970177054405,0.18592964112758636
12249262,2022,deep_water,random_draw,0,619065,4980075,975600,0.00774907749077491,1.8310546465727384e-6,6.66851806640625,0.2158203125,1,0.7272727489471436,1,0.03159999847412109,0.02930000051856041,0.04019999876618385,-0.17660044133663175,0.28716903924942017
12250496,2022,deep_water,random_draw,0,619155,4980465,975600,0.00774907749077491,0,6.66851806640625,0.2158203125,1,1,1,0.03909999877214432,0.02525000087916851,0.02814999967813491,0.22731463611125943,0.39066338539123535
12250847,2022,deep_water,random_draw,0,619185,4980105,975600,0.00774907749077491,0.00135402765590697,6.66851806640625,0.2158203125,1,0.8181818127632141,1,0.02190000005066394,0.02710000053048134,0.04839999973773956,-0.2750532925128937,-0.19111111760139465
12250932,2022,deep_water,random_draw,0,619215,4980345,975600,0.00774907749077491,0,6.66851806640625,0.2158203125,1,1,1,0.03739999979734421,0.02850000001490116,0.0385500006377697,0.01015742495656013,0.07284767925739288
12251630,2022,deep_water,random_draw,0,619275,4980465,975600,0.00774907749077491,0.14948764443397522,4.7320556640625,-1.72064208984375,0,0,5,0.08084999769926071,0.2674500048160553,0.29019999504089355,-0.5644568204879761,-0.46610379219055176
12260668,2022,dry,annotated,0,621015,4980045,493200,0.00754257907542579,0.2623501718044281,4.1119384765625,-1.3004150390625,0,0,5,0.11434999853372574,0.28804999589920044,0.328249990940094,-0.48329228162765503,-0.4545074999332428
12261990,2022,dry,annotated,0,621225,4980255,493200,0.00754257907542579,1.3268306255340576,2.54412841796875,-2.86822509765625,0.13636364042758942,0.3478260934352875,4,0.0860000029206276,0.2111999988555908,0.1979999989271164,-0.4507560133934021,-0.13924050331115723
12262407,2022,em_veg,annotated,0,621255,4980195,493200,0.00754257907542579,0.8305065035820007,3.82330322265625,-1.58905029296875,0.3488371968269348,0.380952388048172,4,0.08704999834299088,0.1854500025510788,0.22769999504089355,-0.44831469655036926,-0.435809850692749
12262861,2022,em_veg,annotated,0,621345,4980075,493200,0.00754257907542579,0.6619403958320618,5.0001220703125,-0.4122314453125,0.9512194991111756,0.9523809552192688,3,0.05380000174045563,0.1054999977350235,0.12099999934434892,-0.4153251647949219,-0.3844393491744995
12263977,2022,deep_viz,annotated,0,621495,4980045,493200,0.00754257907542579,0.35893988609313965,5.36529541015625,-0.04705810546875,0.9166666865348816,1,3,0.05040000006556511,0.06520000100135803,0.07190000265836716,-0.08718027174472809,0.21215958893299103
12265156,2022,deep_viz,annotated,0,621615,4980105,493200,0.00754257907542579,0,5.48309326171875,0.07073974609375,0.976190447807312,1,1,0.05115000158548355,0.0414000004529953,0.02575000002980232,0.1822929084300995,0.6785303950309753
12266886,2022,deep_viz,annotated,0,621795,4980075,493200,0.00754257907542579,0,5.48309326171875,0.07073974609375,1,1,1,0.03200000151991844,0.02789999917149543,0.04080000147223472,0.0291457287967205,0.12241054326295853
12268152,2022,em_veg,annotated,0,621915,4980105,493200,0.00754257907542579,0.3576958179473877,4.650390625,-0.761962890625,0.04651162773370743,0.04347826167941093,5,0.06620000302791595,0.18629999458789823,0.20180000364780423,-0.4526404142379761,-0.4424588978290558
12268308,2022,dry,annotated,0,621915,4980165,493200,0.00754257907542579,0.7777776122093201,4.365966796875,-1.04638671875,0.5116279125213623,0.21739129722118375,4,0.06530000269412994,0.17270000278949738,0.2029000073671341,-0.4868238568305969,-0.4609995186328888
12268310,2022,shallow_viz,annotated,1,621915,4979985,21600,0.0361111111111111,0.16101732850074768,2.668212890625,-9.765625e-4,0.75,0.8695651888847351,4,0.0385500006377697,0.04989999905228615,0.06064999848604202,-0.2164352834224701,-0.16141356527805328
12266591,2022,dry,annotated,0,621795,4979925,21600,0.0361111111111111,0.7427486181259155,2.71795654296875,0.04876708984375,0.9512194991111756,0.8260869383811951,3,0.04529999941587448,0.0860000029206276,0.08905000239610672,-0.3445199429988861,-0.26212120056152344
12267807,2022,dry,annotated,0,621915,4980015,21600,0.0361111111111111,0.4034014642238617,2.23828125,-0.430908203125,0.25,0,5,0.05705000087618828,0.1334500014781952,0.15389999747276306,-0.43877655267715454,-0.39803189039230347
12268448,2022,dry,annotated,0,621945,4979955,21600,0.0361111111111111,0.3797084093093872,2.02484130859375,-0.64434814453125,0.31707316637039185,0.260869562625885,5,0.04724999889731407,0.08164999634027481,0.13089999556541443,-0.465979665517807,-0.45945945382118225
12292518,2022,em_veg,annotated,0,624855,4979925,106200,0.0192090395480226,0.20995308458805084,5.83349609375,0.0152587890625,0.9333333373069764,0.8636363744735718,3,0.03940000012516975,0.07859999686479568,0.1022000014781952,-0.37139350175857544,-0.3213684856891632
12292600,2022,dry,annotated,0,624885,4979985,106200,0.0192090395480226,1.1059184074401855,2.44952392578125,-3.36871337890625,0.02272727340459823,0,5,0.09030000120401382,0.26089999079704285,0.2777999937534332,-0.5093724727630615,-0.48681640625
12292986,2022,dry,annotated,0,624885,4979685,106200,0.0192090395480226,0.4151842892169952,5.54217529296875,-0.27606201171875,0.93478262424469,0.9545454382896424,3,0.05449999868869781,0.10350000113248824,0.13040000200271606,-0.4208289086818695,-0.34225425124168396
12293319,2022,em_veg,annotated,0,624945,4979865,106200,0.0192090395480226,0.83974456787109375,4.65130615234375,-1.16693115234375,0.644444465637207,0.3181818127632141,4,0.06390000134706497,0.13500000536441803,0.17190000414848328,-0.47412481904029846,-0.4580152630805969
12294468,2022,em_veg,annotated,0,625065,4979925,106200,0.0192090395480226,0.1900753229856491,5.84552001953125,0.02728271484375,0.8863636255264282,0.8095238208770752,4,0.04224999994039535,0.11540000140666962,0.1168000027537346,-0.4851718544960022,-0.3161984384059906
12322321,2022,deep_water,random_draw,0,626865,4980195,19800,0.0303030303030303,0.03450659662485123,2.3609619140625,0.06365966796875,0.9736841917037964,0.761904776096344,2,0.03299999982118606,0.05189999938011169,0.05099999904632568,-0.3005025088787079,0.28654971718788147
12323328,2022,deep_water,random_draw,0,626925,4980285,19800,0.0303030303030303,0.05491013079881668,2.361083984375,0.06378173828125,0.921052634716034,0.8571428656578064,3,0.03150000050663948,0.04639999940991402,0.06310000270605087,-0.3307839334011078,-0.1747787594795227
12323439,2022,deep_water,random_draw,0,626955,4980165,19800,0.0303030303030303,0.5697165131568909,-0.31793212890625,-2.615234375,0,0,5,0.09520000219345091,0.2281000018119812,0.27790001034736633,-0.5037593841552734,-0.12421929091215134
12324719,2022,deep_water,random_draw,0,627015,4980255,19800,0.0303030303030303,0.12326116859912872,2.3251953125,0.02789306640625,0.8780487775802612,0.9545454382896424,3,0.03739999979734421,0.06499999761581421,0.07620000094175339,-0.48342540860176086,0.4116355776786804
12322976,2022,deep_water,random_draw,0,626895,4980015,9900,0.0484848484848485,0.07442920655012131,1.97412109375,0.26141357421875,0.7241379022598267,0.5789473652839661,4,0.02270000055432319,0.03364999964833259,0.05344999954104423,-0.3276897370815277,-0.1262135952711105
12326645,2022,deep_water,random_draw,0,627195,4980195,72000,0.02,0.2588764429092407,0.34735107421875,-1.4442138671875,0,0,5,0.10459999740123747,0.2624000012874603,0.29440000653266907,-0.5004075169563293,-0.3470601737499237
12328169,2022,deep_water,random_draw,0,627285,4980375,72000,0.02,0.262805700302124,0.80157470703125,-0.989990234375,0,0,5,0.08529999852180481,0.2075999975204468,0.24660000205039975,-0.526505708694458,-0.29936304688453674
12328204,2022,deep_water,random_draw,0,627285,4980165,72000,0.02,0.17152664065361023,1.378173828125,-0.41339111328125,0.2888889014720917,0.09090909361839294,5,0.0588500015437603,0.14110000431537628,0.14219999313354492,-0.4164509177207947,-0.18334922194480896
12329420,2022,deep_water,random_draw,0,627375,4980255,72000,0.02,0.13883183896541595,1.84307861328125,0.051513671875,0.604651153087616,0.6818181872367859,4,0.0406000018119812,0.07930000126361847,0.06909999996423721,-0.249114528298378,-0.1979243904352188
12330106,2022,deep_water,random_draw,0,627405,4980165,72000,0.02,0.2892742455005646,0.9178466796875,-0.87371826171875,0,0,5,0.07569999992847443,0.19380000233650208,0.22300000488758087,-0.495708167552948,-0.2656058669090271
12330484,2022,deep_water,random_draw,0,627465,4980315,72000,0.02,0.095168799161911,1.9256591796875,0.13409423828125,0.9777777791023254,0.7727272510528564,3,0.03280000016093254,0.06480000168085098,0.06679999828338623,-0.3799622058868408,-0.00940438825637102
12331387,2022,deep_water,random_draw,0,627525,4980195,72000,0.02,0,1.9952392578125,0.20367431640625,1,1,1,0.02630000002682209,0.03209999948740005,0.02170000039041042,-0.01529052015393972,0.8732572793960571
12332646,2022,deep_water,random_draw,0,627615,4980225,72000,0.02,0.3707470297813415,1.2242431640625,-0.56732177734375,0.06521739065647125,0,5,0.06920000165700912,0.16869999468326569,0.188400000333786,-0.4839918911457062,-0.43771427869796753
12299873,2022,em_veg,annotated,0,625485,4979805,16332300,0.00394188203743502,0.3223250210285187,10.03106689453125,-0.49517822265625,0.13333334028720856,0.095238097012043,5,0.05629999935626983,0.12600000202655792,0.12610000371932983,-0.382675439119339,-0.35298246145248413
12300006,2022,dry,annotated,0,625485,4979835,16332300,0.00394188203743502,0.3564925789833069,9.99609375,-0.5301513671875,0.1111111119389534,0.1428571492433548,5,0.06610000133514404,0.1777999997138977,0.1956000030040741,-0.47146281599998474,-0.4697386622428894
12303477,2022,dry,annotated,0,625695,4979895,16332300,0.00394188203743502,0.81560218334198,9.4083251953125,-1.117919921875,0.5121951103210449,0.7142857313156128,4,0.08739999681711197,0.1363999992609024,0.14429999887943268,-0.2449244111776352,-0.207667738199234
12304216,2022,deep_viz,annotated,0,625725,4980075,16332300,0.00394188203743502,0,10.59002685546875,0.06378173828125,1,1,1,0.03240000084042549,0.01730000041425228,0.02270000055432319,0.18070009350776672,0.2568306028842926
12316192,2022,em_veg,annotated,0,626415,4979985,16332300,0.00394188203743502,0.21894241869449615,10.413818359375,-0.1124267578125,0.42500001192092896,0.9090909361839294,5,0.03234999999403953,0.06260000169277191,0.06575000286102295,-0.31809040904045105,-0.2764109969139099
12317981,2022,deep_viz,annotated,0,626535,4980135,16332300,0.00394188203743502,0,10.59002685546875,0.06378173828125,0.976190447807312,1,3,0.03260000050067901,0.02050000056624412,0.03200000151991844,0.00928792543709278,0.0714285746216774
12318507,2022,deep_viz,annotated,0,626565,4980015,16332300,0.00394188203743502,0,10.61004638671875,0.08380126953125,1,1,1,0.02229999937117099,0.01539999991655349,0.02229999937117099,0.08602150529623032,0.40909090638160706
12320725,2022,em_veg,annotated,0,626715,4980015,16332300,0.00394188203743502,0.12612630426883698,10.0458984375,-0.4803466796875,0.0833333358168602,0,5,0.06300000101327896,0.15889999270439148,0.1454000025987625,-0.3953934609889984,-0.28863954544067383
12326649,2022,dry,annotated,0,627165,4979955,16332300,0.00394188203743502,0.560851514339447,9.8253173828125,-0.700927734375,0.9729729890823364,0.9090909361839294,4,0.04399999976158142,0.1079000011086464,0.0998999997973442,-0.39692363142967224,-0.09309308975934982
12337792,2022,deep_water,random_draw,0,628005,4980225,8100,0.0592592592592593,0.2451099455356598,0.6973876953125,-0.4534912109375,0,0,5,0.048700001090765,0.09589999914169312,0.14180000126361847,-0.5108481049537659,-0.48353293538093567
12339721,2022,deep_water,random_draw,0,628125,4980165,8100,0.0592592592592593,0.504572868347168,1.18975830078125,0.03887939453125,0.95652174949646,1,3,0.05249999836087227,0.06939999759197235,0.08630000054836273,-0.2689938545227051,-0.01067615672945976
12339720,2022,deep_water,random_draw,0,628125,4980285,62100,0.0251207729468599,0.29901134967803955,5.1297607421875,-0.0772705078125,0.695652186870575,0.6666666865348816,4,0.05449999868869781,0.10599999874830246,0.13609999418258667,-0.4635826647281647,-0.12035225331783296
12341124,2022,deep_water,random_draw,0,628215,4980255,62100,0.0251207729468599,0,5.34375,0.13671875,1,1,1,0.0305000003427267,0.0305000003427267,0.03810000047087669,-0.06748466193675995,0.0684596598148346
12341949,2022,deep_water,random_draw,0,628275,4980345,62100,0.0251207729468599,0,5.34375,0.13671875,1,1,1,0.02580000087618827,0.02749999985098838,0.03400000184774399,0.05343511328101158,0.06593406945466995
12342354,2022,deep_water,random_draw,0,628305,4980165,62100,0.0251207729468599,0.6321747303009033,4.82867431640625,-0.37835693359375,0.9534883499145508,1,3,0.06224999949336052,0.06904999911785126,0.08919999748468399,-0.2015488892793655,0.1255742758512497
12343158,2022,deep_water,random_draw,0,628395,4980465,62100,0.0251207729468599,0.01827216334640979,5.3427734375,0.1357421875,0.9767441749572754,1,1,0.03519999980926514,0.04619999974966049,0.06159999966621399,-0.27862784266471863,-0.085317462682724
12343267,2022,deep_water,random_draw,0,628365,4980375,62100,0.0251207729468599,0.5817720293998718,4.70147705078125,-0.50555419921875,0.93478262424469,1,4,0.06060000136494636,0.11734999716281892,0.12860000133514404,-0.3852007389068603,-0.2505154609680176
12343849,2022,deep_water,random_draw,0,628425,4980225,62100,0.0251207729468599,1.3597735166549685,3.05010986328125,-2.15692138671875,0.7045454382896423,1,4,0.07164999842643738,0.1507000029087067,0.1757500022649765,-0.42569470405578613,-0.29411765933036804
12341407,2022,deep_water,random_draw,0,628245,4978575,39600,0.0227272727272727,0.3880123496055603,2.33868408203125,-0.21783447265625,0.7708333134651184,0.9545454382896424,4,0.06210000067949295,0.1334500014781952,0.1513500064611435,-0.4638977646827698,-0.0868014246225357
12343358,2022,deep_water,random_draw,0,628395,4978515,39600,0.0227272727272727,0.09834475815296172,2.63720703125,0.0806884765625,1,1,2,0.03240000084042549,0.06459999829530716,0.08510000258684158,-0.34545454382896423,0.0680190920829773
12343450,2022,deep_water,random_draw,0,628395,4978605,39600,0.0227272727272727,0,2.66400146484375,0.10748291015625,0.97826087474823,1,1,0.02690000087022781,0.02319999970495701,0.02995000034570694,-0.08101096749305725,0.3520408272743225
12343850,2022,deep_water,random_draw,0,628455,4978725,39600,0.0227272727272727,0.7923129200935364,1.8721923828125,-0.684326171875,0.395348846912384,0.5454545617103577,4,0.08754999935626984,0.16519999504089355,0.1940000057220459,-0.3607070744037628,-0.2703602910041809
12344532,2022,dry,annotated,0,628485,4978995,308700,0.013022351797862,0.9880163669586182,3.95428466796875,-1.48626708984375,0.02222222276031971,0,5,0.08399999886751175,0.2410999983549118,0.24160000681877136,-0.49943289160728455,-0.06764841079711914
12344535,2022,dry,annotated,0,628515,4978755,308700,0.013022351797862,0.6577728986740112,5.24554443359375,-0.19500732421875,0.93478262424469,0.9545454382896424,4,0.05429999902844429,0.10554999858140944,0.11424999684095384,-0.37639039754867554,-0.0658482164144516
12346961,2022,dry,annotated,0,628725,4978665,308700,0.013022351797862,0.664532482624054,2.81829833984375,-2.62225341796875,0,0,5,0.07395000010728836,0.2700999975204468,0.23704999685287476,-0.5218768119812012,-0.4297253489494324
12355055,2022,dry,annotated,0,629445,4978455,5400,0.0666666666666667,0.28310978412628174,-0.3380126953125,-1.1943359375,0,0,5,0.07694999873638153,0.25699999928474426,0.29100000858306885,-0.5589205622673035,-0.182267963886261
12355993,2022,em_veg,annotated,0,629565,4978455,5400,0.0666666666666667,0.22504201531410217,0.64495849609375,-0.21136474609375,0.3777777850627899,0,5,0.03189999982714653,0.10530000180006029,0.11729999631643297,-0.5638766288757324,-0.33813560009002686
12355380,2022,deep_water,random_draw,0,629505,4978875,30600,0.0392156862745098,0.21816879510879517,2.96630859375,0.16998291015625,0.9285714030265808,0.739130437374115,4,0.03835000097751617,0.08585000038146973,0.10824999958276749,-0.4810367226600647,-0.3710843324661255
12356334,2022,deep_water,random_draw,0,629595,4978695,30600,0.0392156862745098,0.196986123919487,2.43768310546875,-0.358642578125,0.1190476194024086,0.30434781312942505,5,0.06350000202655792,0.13330000638961792,0.163100004196167,-0.4311609864234924,-0.39388933777809143
12356626,2022,deep_water,random_draw,0,629595,4978785,30600,0.0392156862745098,0.01968318969011306,3.20166015625,0.40533447265625,0.930232584476471,1,1,0.03109999932348728,0.02610000036656856,0.03510000184178352,-0.15919923782348633,0.6153846383094788
12357474,2022,deep_water,random_draw,0,629715,4978635,30600,0.0392156862745098,0.2085811197757721,2.51104736328125,-0.2852783203125,0.11363636702299118,0.04347826167941093,5,0.05629999935626983,0.13199999928474426,0.1745000034570694,-0.516370415687561,-0.4700926840305328
12369355,2022,deep_water,random_draw,0,630855,4978545,8100,0.0518518518518519,0.11333570629358292,1.224609375,-0.00299072265625,0.9285714030265808,0.15000000596046448,4,0.03660000115633011,0.10339999943971634,0.1088000014424324,-0.4211785197257995,-0.33214709162712097
12368751,2022,deep_water,random_draw,0,630765,4978725,27000,0.0266666666666667,0.5327781438827515,2.04754638671875,-0.24847412109375,0,0,5,0.0632999986410141,0.17550000548362732,0.1988999992609024,-0.5176476836204529,-0.475631445646286
12369407,2022,deep_water,random_draw,0,630855,4978635,27000,0.0266666666666667,0,2.3692626953125,0.0732421875,0.8717948794364929,0.5,4,0.04369999840855598,0.08160000294446945,0.09149999916553496,-0.3115003705024719,-0.27408793568611145
12369839,2022,deep_water,random_draw,0,630915,4978785,27000,0.0266666666666667,0.05918678268790245,2.3265380859375,0.030517578125,0.2439024448394775,0,5,0.05184999853372574,0.12070000171661376,0.11025000363588332,-0.32297927141189575,-0.04233576729893684
12373491,2022,dry,annotated,0,631365,4978245,201600,0.0148809523809524,0.5740681886672974,8.65966796875,-0.537353515625,0.5777778029441833,0.523809552192688,5,0.05880000069737434,0.17910000681877136,0.16099999845027924,-0.44368600845336914,-0.0674637034535408
12374033,2022,deep_viz,annotated,0,631455,4978335,201600,0.0148809523809524,0,9.369873046875,0.1728515625,1,1,1,0.0255999993532896,0.02569999918341636,0.0305000003427267,0.05856832861900329,0.4033149182796478
12375716,2022,deep_viz,annotated,0,631635,4978575,201600,0.0148809523809524,0,9.369873046875,0.1728515625,1,1,1,0.02934999950230121,0.02749999985098838,0.03359999880194664,-0.00244252872653305,0.5664739608764648
12375875,2022,deep_viz,annotated,0,631635,4978305,201600,0.0148809523809524,0,9.369873046875,0.1728515625,0.975000023841858,1,1,0.03200000151991844,0.02305000089108944,0.0231500007212162,0.02273484505712986,0.3414634168148041
12377881,2022,dry,annotated,0,631845,4978575,201600,0.0148809523809524,0.5019604563713074,8.58441162109375,-0.61260986328125,0.2439024448394775,0.5,5,0.04679999873042106,0.0828000009059906,0.11050000041723251,-0.4350649416446686,-0.31083202362060547
12378001,2022,dry,annotated,0,631845,4978365,201600,0.0148809523809524,0.3964805603027344,8.313232421875,-0.8837890625,0,0,5,0.04634999856352806,0.09525000303983688,0.1467999964952469,-0.5655787587165833,-0.4710654318332672
12385574,2022,dry,annotated,0,632685,4978875,175500,0.0222222222222222,0.6043626666069031,1.87432861328125,-3.961181640625,0,0,5,0.05449999868869781,0.15060000121593475,0.19210000336170197,-0.6100585460662842,-0.5579886436462402
12387346,2022,dry,annotated,0,632865,4978905,175500,0.0222222222222222,1.553422451019287,4.39788818359375,-1.4376220703125,0.9487179517745972,1,4,0.06255000084638596,0.14059999585151672,0.14219999313354492,-0.3748324513435364,-0.3388773500919342
12388817,2022,dry,annotated,0,633045,4978965,175500,0.0222222222222222,1.3937116861343384,3.508544921875,-2.32696533203125,0.05128205195069313,0.190476194024086,5,0.06610000133514404,0.20055000483989716,0.18410000205039975,-0.4572751522064209,-0.44923192262649536
12393442,2022,deep_water,random_draw,0,633615,4978785,13500,0.04,1.0295852422714231,2.63568115234375,-1.15631103515625,0.0625,0,5,0.0758500024676323,0.2054000049829483,0.2371000051498413,-0.509125292301178,-0.4512496590614319
12394148,2022,deep_water,random_draw,0,633705,4978695,13500,0.04,1.0487669706344604,2.6683349609375,-1.1236572265625,0.6363636255264282,0.7368420958518982,5,0.05380000174045563,0.14560000598430634,0.14390000700950625,-0.47212275862693787,-0.39858728647232056
12394317,2022,deep_water,random_draw,0,633735,4978845,13500,0.04,0.8549429178237915,2.8782958984375,-0.9136962890625,0.1515151560306549,0,5,0.06430000066757202,0.17260000109672546,0.21660000085830688,-0.5316704511642456,-0.48605185747146606
12393629,2022,deep_water,random_draw,0,633645,4978575,3600,0.0833333333333333,0.2401584833860397,1.31842041015625,-0.0247802734375,0.5428571701049805,0.4444444477558136,4,0.04320000112056732,0.08720000088214874,0.12300000339746477,-0.5308834910392761,-0.3358585834503174
12396951,2022,deep_water,random_draw,0,634035,4978515,188100,0.0124401913875598,0.1598474532365799,4.2091064453125,0.0467529296875,1,1,3,0.05059999972581863,0.0628499984741211,0.08560000360012054,-0.33583933115005493,-0.12721416354179382
12397162,2022,deep_water,random_draw,0,634065,4978635,188100,0.0124401913875598,0.01348595228046178,4.240966796875,0.07861328125,1,1,1,0.04904999956488609,0.04259999841451645,0.06150000169873237,-0.14073818922042847,0.02158273383975029
12397707,2022,deep_water,random_draw,0,634155,4978395,188100,0.0124401913875598,3.356933666509576e-5,4.240966796875,0.07861328125,1,1,1,0.04490000009536743,0.02975000068545341,0.02580000087618827,0.20564471185207367,1
12398235,2022,deep_water,random_draw,0,634215,4978485,188100,0.0124401913875598,0,4.240966796875,0.07861328125,1,1,1,0.04390000179409981,0.03040000051259994,0.03200000151991844,0.17525772750377655,0.30909091234207153
12398642,2022,deep_water,random_draw,0,634275,4978365,188100,0.0124401913875598,0.00774664059281349,4.240966796875,0.07861328125,1,1,1,0.04259999841451645,0.04940000176429748,0.06040000170469284,-0.2919785976409912,-0.00206611561588943
12398861,2022,deep_water,random_draw,0,634335,4978455,188100,0.0124401913875598,0,4.240966796875,0.07861328125,1,1,1,0.04414999857544899,0.02525000087916851,0.0251499991863966,0.240580752491951,0.4580031633377075
12399732,2022,deep_water,random_draw,0,634455,4978545,188100,0.0124401913875598,0,4.240966796875,0.07861328125,1,1,1,0.045499999076128,0.02920000068843364,0.0320499986410141,0.12291885912418364,0.46405228972435
12400522,2022,deep_water,random_draw,0,634575,4978515,188100,0.0124401913875598,0.15550309419631958,4.18255615234375,0.02020263671875,1,1,1,0.0531499981880188,0.06109999865293503,0.05874999985098839,-0.07749451696872711,0.07729468494653702
12401787,2022,deep_water,random_draw,0,634755,4978515,188100,0.0124401913875598,1.1371257305145264,2.64129638671875,-1.52105712890625,0.7857142686843872,1,4,0.05779999867081642,0.09974999725818634,0.13204999268054962,-0.3501087725162506,-0.2983831465244293
12402518,2022,deep_water,random_draw,0,634875,4978635,188100,0.0124401913875598,0.47877106070518494,2.52935791015625,-1.63299560546875,0,0,5,0.09679999947547913,0.2092999964952469,0.2782000005245209,-0.4838208556175232,-0.4837333261966706
12373714,2022,deep_water,random_draw,0,631395,4978935,356400,0.0104377104377104,0.8354194760322571,4.0308837890625,-3.153564453125,0,0,5,0.07895000278949738,0.2315499931573868,0.25780001282691956,-0.5219406485557556,-0.3897266685962677
12373786,2022,deep_water,random_draw,0,631395,4979115,356400,0.0104377104377104,4.578049265546724e-5,7.2913818359375,0.10693359375,0.976190447807312,1,1,0.0463000014424324,0.03750000149011612,0.03990000113844871,0.08442292362451553,0.3295774757862091
12374343,2022,deep_water,random_draw,0,631485,4978845,356400,0.0104377104377104,0.06063057109713554,7.28216552734375,0.09771728515625,0.9736841917037964,1,3,0.04520000144839287,0.05445000156760216,0.06939999759197235,-0.1482059806585312,-0.03771428391337395
12374517,2022,deep_water,random_draw,0,631485,4979025,356400,0.0104377104377104,0,7.2913818359375,0.10693359375,1,1,1,0.04520000144839287,0.02989999949932098,0.0305000003427267,0.17370891571044922,0.47096773982048035
12374749,2022,deep_water,random_draw,0,631515,4979115,356400,0.0104377104377104,0,7.2913818359375,0.10693359375,1,1,1,0.04380000010132789,0.0272000003606081,0.02969999983906746,0.19288389384746552,0.5093062520027161
12375345,2022,deep_water,random_draw,0,631575,4978815,356400,0.0104377104377104,0.00317297247238457,7.2913818359375,0.10693359375,1,1,2,0.04160000011324882,0.03234999999403953,0.03620000183582306,0.105302631855011,0.16486486792564392
12375400,2022,deep_water,random_draw,0,631605,4978905,356400,0.0104377104377104,0,7.2913818359375,0.10693359375,1,1,1,0.04354999959468841,0.0248000007122755,0.02290000021457672,0.3051395118236542,0.5198618173599243
12375946,2022,deep_water,random_draw,0,631635,4979085,356400,0.0104377104377104,0,7.2913818359375,0.10693359375,1,1,1,0.04030000045895576,0.02400000020861625,0.02700000070035457,0.18848653137683868,0.5680933594703674
12376906,2022,deep_water,random_draw,0,631725,4978965,356400,0.0104377104377104,0,7.2913818359375,0.10693359375,1,1,1,0.04484999924898147,0.02685000002384185,0.02309999987483024,0.3083544075489044,0.5348101258277893
12378137,2022,deep_water,random_draw,0,631845,4979055,356400,0.0104377104377104,0,7.2913818359375,0.10693359375,0.9736841917037964,1,1,0.04479999840259552,0.02380000054836273,0.01830000057816505,0.2709163427352905,0.7777777910232544
12409544,2022,co_precise,annotated,1,635745,4978605,177300,0.0236886632825719,0.2886179983615875,6.2869873046875,-0.43878173828125,0.6333333253860474,0.4166666567325592,5,0.04080000147223472,0.11479999870061874,0.11230000108480452,-0.459179550409317,-0.3741007149219513
12407296,2022,deep_viz,annotated,0,635415,4978515,177300,0.0236886632825719,0,6.87554931640625,0.1497802734375,0.959999978542328,0.9166666865348816,1,0.02119999937713146,0.01410000026226043,0.02529999986290931,-0.1177995428442955,0.3266128897666931
12407395,2022,dry,annotated,0,635475,4978545,177300,0.0236886632825719,0.3557960093021393,6.42510986328125,-0.3006591796875,0.92592591047287,0.8333333134651184,4,0.05339999869465828,0.10329999774694444,0.1294499933719635,-0.4268587827682495,-0.3879641592502594
12408018,2022,deep_viz,annotated,0,635505,4978395,177300,0.0236886632825719,0,6.87554931640625,0.1497802734375,1,1,1,0.01685000024735927,0.0071000000461936,0.01264999993145465,-0.07672833651304245,0.5696202516555786
12408099,2022,dry,annotated,0,635535,4978635,177300,0.0236886632825719,0.13054192066192627,6.80804443359375,0.082275390625,0.7857142686843872,0.75,5,0.04179999977350235,0.06274999678134918,0.1005999967455864,-0.42253103852272034,-0.3897936940193176
12409105,2022,deep_viz,annotated,0,635655,4978425,177300,0.0236886632825719,0.00204713968560099,6.87554931640625,0.1497802734375,0.9615384340286256,0.9166666865348816,3,0.01740000024437904,0.01814999990165233,0.0130000002682209,1,1
12409120,2022,dry,annotated,0,635685,4978635,177300,0.0236886632825719,0.7809322476387024,6.08355712890625,-0.6422119140625,0.7333333492279053,0.6666666865348816,4,0.045499999076128,0.09764999896287918,0.10774999856948853,-0.3992527723312378,-0.3195139467716217
12418710,2022,deep_water,random_draw,0,637545,4980795,402300,0.00954511558538404,0.32485079765319824,7.29766845703125,-0.0625,1,1,3,0.03314999863505363,0.05945000052452087,0.08304999768733978,-0.420990914106369,-0.33017078042030334
12418816,2022,deep_water,random_draw,0,637545,4980555,402300,0.00954511558538404,0,7.44207763671875,0.0819091796875,1,1,1,0.02484999969601631,0.01274999976158142,0.01360000018030405,0.2874082028865814,0.375921368598938
12419069,2022,deep_water,random_draw,0,637635,4980675,402300,0.00954511558538404,0,7.44207763671875,0.0819091796875,1,1,1,0.0251499991863966,0.01114999968558549,0.01604999974370002,0.2169429361820221,0.28735631704330444
12419224,2022,deep_water,random_draw,0,637635,4980435,402300,0.00954511558538404,0,7.44207763671875,0.0819091796875,1,1,1,0.02859999984502792,0.01059999968856573,0.01209999993443489,0.21621622145175937,0.4054054021835327
12419323,2022,deep_water,random_draw,0,637665,4980255,402300,0.00954511558538404,0,7.44207763671875,0.0819091796875,1,1,1,0.03130000084638595,0.01909999921917915,0.02969999983906746,0.02622950822114944,0.9936908483505248
12419553,2022,deep_water,random_draw,0,637725,4980555,402300,0.00954511558538404,0,7.44207763671875,0.0819091796875,1,1,1,0.02545000053942203,0.01260000001639127,0.01389999967068433,0.2824505567550659,0.3741496503353119
12419679,2022,deep_water,random_draw,0,637755,4980375,402300,0.00954511558538404,0,7.44207763671875,0.0819091796875,1,1,1,0.02969999983906746,0.01169999968260526,0.0130000002682209,0.1746031790971756,0.4042553305625915
12419817,2022,deep_water,random_draw,0,637815,4980195,402300,0.00954511558538404,0.18986490368843079,7.38555908203125,0.025390625,1,1,3,0.03860000148415565,0.05900000035762787,0.06230000033974647,-0.2348860204219818,-0.03751339763402939
12420048,2022,deep_water,random_draw,0,637875,4980495,402300,0.00954511558538404,0,7.44207763671875,0.0819091796875,1,1,1,0.02989999949932098,0.01470000017434358,0.01559999957680702,0.17241379618644714,0.37155961990356445
12420395,2022,deep_water,random_draw,0,637935,4980285,402300,0.00954511558538404,0,7.44207763671875,0.0819091796875,1,1,3,0.02329999953508377,0.0248000007122755,0.01909999921917915,0.19658119976520536,0.2058212012052536
12459682,2022,dry,annotated,0,643605,4982415,169200,0.0191489361702128,0.3549857437610626,0.798583984375,-1.0723876953125,0,0,5,0.13234999775886536,0.3096500039100647,0.27355000376701355,-0.3934019207954407,-0.05957534536719322
12459782,2022,dry,annotated,0,643605,4982205,169200,0.0191489361702128,0.09859871864318848,1.414306640625,-0.4566650390625,0.5454545617103577,0.0833333358168602,5,0.03860000148415565,0.12690000236034393,0.07859999686479568,-0.3412969410419464,-0.3412969410419464
12460072,2022,deep_viz,annotated,0,643635,4982085,169200,0.0191489361702128,0,1.947265625,0.0762939453125,0.9615384340286256,0.9166666865348816,2,0.02170000039041042,0.03460000082850456,0.04639999940991402,-0.3627019226551056,-0.3627019226551056
12460390,2022,deep_viz,annotated,0,643695,4982025,169200,0.0191489361702128,0,1.947265625,0.0762939453125,1,0.9166666865348816,2,0.0267999991774559,0.03339999914169311,0.04405000060796738,-0.24905863404273987,-0.18863049149513245
12461191,2022,deep_viz,annotated,0,643815,4982025,169200,0.0191489361702128,0.07248593121767044,1.93023681640625,0.05926513671875,0.9629629850387572,1,3,0.03759999945759773,0.07900000363588333,0.09279999881982803,-0.42331287264823914,-0.42331287264823914
12461519,2022,glint,annotated,0,643845,4982535,169200,0.0191489361702128,0.2911873161792755,1.69012451171875,-0.18084716796875,1,0.8333333134651184,4,0.05290000140666962,0.1062999963760376,0.1180500015616417,-0.3761116564273834,-0.3520295321941376
12838043,2022,deep_water,random_draw,0,694725,5029815,14400,0.05,0.988827645778656,5.52508544921875,-1.07672119140625,0.05263157933950424,0.10000000149011612,5,0.09019999951124193,0.20229999721050265,0.2856999933719635,-0.5200851559638977,-0.5174461603164673
12838617,2022,deep_water,random_draw,0,694845,5029875,14400,0.05,0.4142756164073944,6.07318115234375,-0.52862548828125,0.29411765933036804,0.5454545617103577,5,0.06030000001192093,0.12039999663829803,0.16169999539852142,-0.4567567706108093,-0.4481848180294037
9531533,2022,deep_water,random_draw,0,694815,5033115,51300,0.0210526315789474,0.04086320474743843,1.12420654296875,0.041107177734375,0.2631579041481018,0,5,0.03799999877810478,0.07919999957084656,0.09449999779462814,-0.4264150857925415,-0.4000000059604645
9531865,2022,deep_water,random_draw,0,694845,5033235,51300,0.0210526315789474,0.05735363438725471,1.07843017578125,-0.004669189453125,0.5555555820465088,0.1818181872367859,5,0.03229999914765358,0.04349999874830246,0.05220000073313713,-0.2355029582977295,0.04422604292631149
9532779,2022,deep_water,random_draw,0,694935,5033055,51300,0.0210526315789474,0.20173755288124084,0.871734619140625,-0.21136474609375,0.05000000074505806,0,5,0.04890000075101852,0.08590000122785568,0.1340000033378601,-0.4652815759181976,-0.44204017519950867
9532817,2022,deep_water,random_draw,0,694965,5033295,51300,0.0210526315789474,0.5866626501083374,-0.46929931640625,-1.552398681640625,0,0,5,0.05750000104308128,0.13289999961853027,0.2353000044822693,-0.6171735525131226,-0.5990486145019531
9533115,2022,deep_water,random_draw,0,694965,5033145,51300,0.0210526315789474,0.05232889205217361,1.119415283203125,0.03631591796875,1,1,3,0.03500000014901161,0.02140000090003013,0.02319999970495701,0.26582279801368713,0.3352435529232025
9530214,2022,deep_water,random_draw,0,694635,5033655,54900,0.0207650273224044,0.12654949724674225,2.535888671875,0.01947021484375,0.29411765933036804,0,5,0.03739999979734421,0.08649999648332596,0.0860000029206276,-0.3938411772251129,-0.38763636350631714
9530919,2022,deep_water,random_draw,0,694725,5033625,54900,0.0207650273224044,0.00681287236511707,2.60662841796875,0.0902099609375,1,1,3,0.02280000038444996,0.01520000025629997,0.01820000074803829,0.1782945692539215,0.1893095821142197
9530942,2022,deep_water,random_draw,0,694755,5033745,54900,0.0207650273224044,0.3442307412624359,2.22650146484375,-0.2899169921875,0,0,5,0.06030000001192093,0.15760000050067902,0.1871999949216843,-0.4974619150161743,-0.4665452837944031
9531620,2022,deep_water,random_draw,0,694845,5033535,54900,0.0207650273224044,0.5355673432350159,2.067840576171875,-0.448577880859375,0.1764705926179886,0.4000000059604645,5,0.07240000367164612,0.156700000166893,0.13930000364780426,-0.43701398372650146,-0.25954198837280273
9532551,2022,deep_water,random_draw,0,694935,5033655,54900,0.0207650273224044,0.5228059887886047,1.2998046875,-1.21661376953125,0,0,5,0.08460000157356262,0.20999999344348907,0.2467000037431717,-0.5325614809989929,-0.4892846345901489
9532830,2022,deep_water,random_draw,0,694965,5033535,54900,0.0207650273224044,0.11196496337652206,2.527801513671875,0.011383056640625,0.7777777910232544,0.699999988079071,5,0.03395000100135803,0.07384999841451645,0.06679999828338623,-0.3323242962360382,-0.26094889640808105
9527006,2022,shallow_viz,annotated,1,694095,5034585,111600,0.0155913978494624,0.05688754469156265,1.2286376953125,0.069549560546875,0,0,5,0.04490000009536743,0.06650000065565109,0.02129999920725822,0.18857142329216003,0.8173785209655762
9527196,2022,shallow_viz,annotated,1,694125,5034345,111600,0.0155913978494624,0.05581043288111687,1.24285888671875,0.083770751953125,0.0625,0.09090909361839294,5,0.04179999977350235,0.08150000125169754,0.10610000044107436,-0.09343306720256804,0.7279999852180481
9526597,2022,dry,annotated,0,694035,5034375,111600,0.0155913978494624,0.1424538791179657,0.96051025390625,-0.198577880859375,0,0,5,0.0746999979019165,0.12680000066757202,0.20145000517368317,-0.4777674078941345,-0.33656173944473267
9527009,2022,dry,annotated,0,694095,5034285,111600,0.0155913978494624,0.2008709013462067,1.095794677734375,-0.06329345703125,0,0,5,0.06060000136494636,0.11509999632835388,0.12970000505447388,-0.411314994096756,-0.30155545473098755
9528339,2022,dry,annotated,0,694305,5034345,111600,0.0155913978494624,0.12902584671974182,0.96429443359375,-0.194793701171875,0,0.1818181872367859,5,0.0426499992609024,0.0877000018954277,0.14229999482631683,-0.5188058018684387,-0.4559873044490814
9528006,2022,deep_water,random_draw,0,694275,5036655,10800,0.0444444444444444,0.08038072288036346,1.296722412109375,0.033355712890625,1,0.6666666865348816,3,0.02339999936521053,0.03144999966025352,0.02810000069439411,0.12035420536994934,0.5901060104370117
9528678,2022,deep_water,random_draw,0,694395,5036595,10800,0.0444444444444444,0.35975587368011475,1.041717529296875,-0.221649169921875,0.529411792755127,0.09090909361839294,5,0.06379999965429306,0.1632000058889389,0.1477999985218048,-0.3971593976020813,-0.17022961378097534
9529145,2022,deep_water,random_draw,0,694455,5036985,99000,0.0145454545454545,0.18782322108745575,1.55035400390625,-0.204742431640625,0.9333333373069764,0.6000000238418579,4,0.03959999978542328,0.07370000332593918,0.10080000013113022,-0.43251532316207886,-0.3440000116825104
9529326,2022,deep_water,random_draw,0,694485,5036865,99000,0.0145454545454545,0.04343041777610779,1.783538818359375,0.0284423828125,1,1,1,0.03364999964833259,0.01669999957084655,0.01995000056922435,0.3046756982803345,0.5085995197296143
9529602,2022,deep_water,random_draw,0,694545,5036775,99000,0.0145454545454545,0.052371982485055923,1.785919189453125,0.03082275390625,1,1,3,0.031700000166893,0.03060000017285347,0.03274999931454658,0.00655695190653204,0.18505337834358215
9529917,2022,deep_water,random_draw,0,694575,5036985,99000,0.0145454545454545,0.04390350729227066,1.796844482421875,0.041748046875,1,1,1,0.03530000150203705,0.03460000082850456,0.03089999966323375,0.06646525859832764,0.30929791927337646
9530694,2022,deep_water,random_draw,0,694695,5036985,99000,0.0145454545454545,0.20224174857139587,1.5157470703125,-0.239349365234375,0.6875,0.4000000059604645,4,0.04859999939799309,0.09679999947547913,0.12060000002384186,-0.3970223367214203,-0.35810810327529907
9531288,2022,deep_water,random_draw,0,694785,5036895,99000,0.0145454545454545,0.2951134145259857,1.58514404296875,-0.169952392578125,1,0.8999999761581421,3,0.04179999977350235,0.05530000105500221,0.08839999884366989,-0.3642585575580597,-0.21297836303710935
9531526,2022,deep_water,random_draw,0,694815,5036775,99000,0.0145454545454545,0.3454620838165283,1.61614990234375,-0.138946533203125,1,0.9090909361839294,3,0.04120000079274177,0.05480000004172325,0.07320000231266022,-0.3130044937133789,-0.1817367970943451
9530212,2022,deep_water,random_draw,0,694635,5036655,31500,0.0285714285714286,0.25411418080329895,0.823394775390625,-0.285247802734375,0.6875,0.9090909361839294,4,0.05319999903440475,0.11590000241994858,0.15690000355243683,-0.4577634632587433,-0.44090908765792847
9530941,2022,deep_water,random_draw,0,694755,5036595,31500,0.0285714285714286,0.30500346422195435,0.59698486328125,-0.51165771484375,0.25,0.9090909361839294,5,0.06469999998807907,0.12359999865293504,0.18639999628067017,-0.4423203766345978,-0.4317937791347504
9531383,2022,deep_water,random_draw,0,694815,5036685,31500,0.0285714285714286,0.02731972932815551,1.219482421875,0.11083984375,1,0.9090909361839294,1,0.04199999943375587,0.04390000179409981,0.04830000177025795,-0.10273972898721696,-0.06770255416631699
9532402,2022,deep_water,random_draw,0,694905,5036625,31500,0.0285714285714286,0.05567342415452003,1.185150146484375,0.076507568359375,1,0.9090909361839294,4,0.03819999843835831,0.06700000166893005,0.0674000009894371,-0.21961185336112976,-0.20249776542186737
9530773,2022,deep_water,random_draw,0,694725,5038035,435600,0.00950413223140496,0.25517863035202026,4.7425537109375,-0.19775390625,0,0.3636363744735718,5,0.05195000022649765,0.12285000085830688,0.14239999651908877,-0.4621474444866181,-0.41903170943260193
9531167,2022,deep_water,random_draw,0,694785,5038215,435600,0.00950413223140496,0.42682406306266785,2.259033203125,-2.6812744140625,0,0,5,0.0588500015437603,0.1781499981880188,0.2201499938964844,-0.5781630873680115,-0.576079249382019
9531524,2022,deep_water,random_draw,0,694815,5037975,435600,0.00950413223140496,1.0728960037231443,1.732757568359375,-3.207550048828125,0,0,5,0.06530000269412994,0.1546500027179718,0.2151000052690506,-0.5351963639259338,-0.52508145570755
9531907,2022,deep_water,random_draw,0,694875,5037855,435600,0.00950413223140496,0.8556067943572998,3.594635009765625,-1.345672607421875,0,0.5,5,0.05770000070333481,0.18799999356269836,0.17759999632835388,-0.5095622539520264,-0.5095622539520264
9527159,2022,deep_water,random_draw,0,694125,5038605,45000,0.0213333333333333,0.21205288171768188,0.919586181640625,-0.182769775390625,0.0555555559694767,0.25,5,0.05499999970197677,0.10360000282526016,0.1574999988079071,-0.48235294222831726,-0.46706947684288025
9527744,2022,deep_water,random_draw,0,694215,5038515,45000,0.0213333333333333,0.07468445599079132,1.1031494140625,7.9345703125e-4,1,0.8999999761581421,4,0.04769999906420708,0.08229999989271164,0.11479999870061874,-0.3982947766780853,-0.33630290627479553
9527777,2022,deep_water,random_draw,0,694215,5038665,45000,0.0213333333333333,0.00344549515284597,1.129302978515625,0.026947021484375,1,1,1,0.03530000150203705,0.01960000023245811,0.01920000091195106,0.33448874950408936,0.35508638620376587
9528155,2022,deep_water,random_draw,0,694275,5038575,45000,0.0213333333333333,0.00209063105285167,1.144683837890625,0.042327880859375,1,1,1,0.03519999980926514,0.02300000004470348,0.02160000056028366,0.25939178466796875,0.28119799494743347
9528740,2022,deep_water,random_draw,0,694395,5038635,11700,0.041025641025641,0.03012615628540516,0.2607421875,-0.00762939453125,1,0.6000000238418579,1,0.02820000052452087,0.03139999881386757,0.03680000081658363,-0.13230769336223602,0.19210053980350497
9528844,2022,deep_water,random_draw,0,694395,5038545,11700,0.041025641025641,0.029630763456225392,0.3040771484375,0.03570556640625,1,1,1,0.03299999982118606,0.01229999959468841,0.02539999969303608,0.1404399275779724,0.3199999928474426
9526426,2022,deep_water,random_draw,0,694005,5039265,103500,0.0144927536231884,0.2782391607761383,2.9503173828125,-0.082427978515625,0.9473684430122375,0.4000000059604645,4,0.04919999837875366,0.09470000118017197,0.0917000025510788,-0.35422825813293457,-0.2931034564971924
9526915,2022,deep_water,random_draw,0,694065,5039175,103500,0.0144927536231884,0.00220809807069599,3.1273193359375,0.094573974609375,1,1,1,0.02889999933540821,0.00980000011622905,0.0044999998062849,0.7435897588729858,1
9527060,2022,deep_water,random_draw,0,694095,5039325,103500,0.0144927536231884,0.04936882108449936,3.062164306640625,0.0294189453125,1,1,1,0.03550000116229057,0.02199999988079071,0.00930000003427267,0.5848214030265808,0.656050980091095
9527334,2022,deep_water,random_draw,0,694155,5039055,103500,0.0144927536231884,0.0605778656899929,3.10504150390625,0.072296142578125,1,1,1,0.03909999877214432,0.03350000083446503,0.04129999876022339,-0.01849568448960781,0.15509600937366486
9527562,2022,deep_water,random_draw,0,694185,5039355,103500,0.0144927536231884,0.34637442231178284,2.90673828125,-0.126007080078125,1,0.699999988079071,3,0.05119999870657921,0.07609999924898148,0.09769999980926514,-0.3748473823070526,-0.30353569984436035
9528171,2022,deep_water,random_draw,0,694275,5039325,103500,0.0144927536231884,0.01098772604018449,3.1136474609375,0.080902099609375,1,1,1,0.03379999846220016,0.01339999958872795,0.01350000035017728,0.429175466299057,1
9528191,2022,deep_water,random_draw,0,694305,5038935,103500,0.0144927536231884,1.0355827808380127,1.590484619140625,-1.4422607421875,0.5,0.4000000059604645,5,0.06204999983310699,0.15125000476837158,0.194350004196167,-0.517595112323761,-0.5074123740196228
9528383,2022,deep_water,random_draw,0,694305,5039145,103500,0.0144927536231884,0.13596083223819733,3.050140380859375,0.01739501953125,1,0.800000011920929,1,0.05389999970793724,0.0608999989926815,0.07450000196695328,-0.16043613851070404,-0.04775086417794227
9528840,2022,deep_water,random_draw,0,694395,5039415,168300,0.0135472370766488,0.5707578063011169,2.634002685546875,-0.827423095703125,0.15000000596046448,0.5,5,0.06419999897480011,0.12129999697208405,0.17919999361038208,-0.47247329354286194,-0.4649280607700348
9528852,2022,deep_water,random_draw,0,694395,5039535,168300,0.0135472370766488,0.28566548228263855,2.9305419921875,-0.5308837890625,0.05263157933950424,0,5,0.05079999938607216,0.12460000067949296,0.14880000054836273,-0.4908578097820282,-0.48466256260871887
9529142,2022,deep_water,random_draw,0,694455,5039205,168300,0.0135472370766488,0.03441295027732849,3.583831787109375,0.122406005859375,1,1,1,0.03819999843835831,0.02470000088214874,0.02510000020265579,0.2382397502660751,0.3546099364757538
9529395,2022,deep_water,random_draw,0,694515,5039565,168300,0.0135472370766488,0.15166597068309784,3.5228271484375,0.0614013671875,1,1,1,0.03559999912977218,0.03790000081062317,0.04484999924898147,-0.12784923613071442,-0.00674157310277223
9529446,2022,deep_water,random_draw,0,694515,5039025,168300,0.0135472370766488,0.03969885036349296,3.59234619140625,0.13092041015625,1,1,1,0.03689999878406525,0.01769999973475933,0.01979999989271164,0.4137931168079376,0.4252539873123169
9529550,2022,deep_water,random_draw,0,694515,5039295,168300,0.0135472370766488,0.03601272404193878,3.6029052734375,0.1414794921875,1,1,1,0.03959999978542328,0.01759999990463257,0.01820000074803829,0.34923338890075684,0.4697508811950683
9529747,2022,deep_water,random_draw,0,694545,5039175,168300,0.0135472370766488,0.20669853687286377,3.130096435546875,-0.331329345703125,0.05000000074505806,0,5,0.06219999864697456,0.14480000734329224,0.13920000195503235,-0.36403724551200867,-0.3452466130256653
9530174,2022,deep_water,random_draw,0,694635,5039385,168300,0.0135472370766488,0.22953228652477264,3.481781005859375,0.020355224609375,1,0.800000011920929,3,0.04120000079274177,0.05040000006556511,0.0551999993622303,-0.13445378839969635,-0.02506963722407818
9530255,2022,deep_water,random_draw,0,694635,5039655,168300,0.0135472370766488,0.4346370697021485,2.100921630859375,-1.360504150390625,0,0,5,0.05620000138878822,0.12120000272989272,0.2013999968767166,-0.5636646151542664,-0.55516117811203
9530552,2022,deep_water,random_draw,0,694665,5039475,168300,0.0135472370766488,0.18304435908794403,3.218109130859375,-0.243316650390625,0.15000000596046448,0.10000000149011612,5,0.03810000047087669,0.09019999951124193,0.07959999889135361,-0.29273083806037903,-0.2369852364063263
9525028,2022,deep_viz,annotated,0,693765,5040105,99000,0.0181818181818182,0.03596178442239761,2.41583251953125,0.135772705078125,1,1,1,0.03720000013709068,0.01700000092387199,0.01209999993443489,0.5526801943778992,0.698630154132843
9525151,2022,deep_viz,annotated,0,693795,5039955,99000,0.0181818181818182,0.03044936619699001,2.4072265625,0.127166748046875,1,1,1,0.03119999915361404,0.0092000002041459,0.0044999998062849,0.7142857313156128,0.7872340679168701
9525641,2022,dry,annotated,0,693855,5040285,99000,0.0181818181818182,0.4479012191295624,0.939544677734375,-1.34051513671875,0,0,5,0.05020000040531158,0.1022000014781952,0.18860000371932983,-0.5787139534950256,-0.561904788017273
9526004,2022,deep_viz,annotated,0,693915,5039925,99000,0.0181818181818182,0.03689466789364815,2.4136962890625,0.133636474609375,1,1,3,0.04940000176429748,0.04980000108480453,0.06300000101327896,-0.12099643796682358,0.14038877189159393
9526786,2022,dry,annotated,0,694065,5039925,99000,0.0181818181818182,0.40676018595695496,0.85675048828125,-1.423309326171875,0,0,5,0.05660000070929527,0.14980000257492063,0.21459999680519104,-0.5139405131340027,-0.4557777047157288
9527249,2022,dry,annotated,0,694125,5040015,99000,0.0181818181818182,0.27425646781921387,1.7301025390625,-0.549957275390625,0.25,0.30000001192092896,5,0.03759999945759773,0.06800000369548798,0.10499999672174454,-0.47324416041374207,-0.36629799008369446
9525478,2022,deep_water,random_draw,0,693855,5039715,52200,0.0206896551724138,0.32174167037010193,3.72967529296875,-0.06634521484375,0.9473684430122375,0.8999999761581421,5,0.04639999940991402,0.07959999889135361,0.10769999772310256,-0.3304508924484253,-0.31259259581565857
9525500,2022,deep_water,random_draw,0,693855,5039805,52200,0.0206896551724138,0.0365365594625473,3.94696044921875,0.15093994140625,1,1,1,0.02749999985098838,0.01759999990463257,1.9999999494757503e-4,0.985401451587677,1
9526143,2022,deep_water,random_draw,0,693945,5039745,52200,0.0206896551724138,0.01704391464591026,3.94122314453125,0.14520263671875,1,1,1,0.03999999910593033,0.02129999920725822,0.02180000022053718,0.29449838399887085,0.3472949266433716
9526249,2022,deep_water,random_draw,0,693975,5039655,52200,0.0206896551724138,0.995505154132843,2.87420654296875,-0.92181396484375,0.8999999761581421,0.800000011920929,5,0.05150000005960464,0.10360000282526016,0.12600000202655792,-0.41545894742012024,-0.4121004641056061
9526273,2022,deep_water,random_draw,0,693975,5039835,52200,0.0206896551724138,0.0945584997534752,3.805206298828125,0.009185791015625,1,1,1,0.03750000149011612,0.01090000011026859,0.01250000018626451,0.5,0.6790697574615479
9526870,2022,deep_water,random_draw,0,694065,5039775,52200,0.0206896551724138,0.0638805404305458,3.7520751953125,-0.0439453125,1,1,3,0.03590000048279762,0.02070000022649765,0.00540000014007091,0.7384988069534302,1
9519257,2022,deep_water,random_draw,0,693075,5039805,168300,0.0171122994652406,0.19697292149066925,2.9156494140625,0.0291748046875,1,1,3,0.0466499999165535,0.07729999721050262,0.09894999861717224,-0.4019373059272766,-0.2712215185165405
9520028,2022,deep_water,random_draw,0,693165,5039685,168300,0.0171122994652406,0.04296666756272316,3.041900634765625,0.155426025390625,1,1,3,0.04289999976754188,0.0361500009894371,0.0544000007212162,-0.12004808336496352,0.24130879342556
9521139,2022,deep_water,random_draw,0,693285,5039625,168300,0.0171122994652406,0.08268474787473679,3.008575439453125,0.122100830078125,1,1,4,0.05999999865889549,0.05180000141263008,0.05730000138282776,0.0513245016336441,0.23203285038471225
9522152,2022,deep_water,random_draw,0,693405,5039835,168300,0.0171122994652406,0.34454280138015747,1.8387451171875,-1.0477294921875,0,0,5,0.09929999709129332,0.21330000460147855,0.2856999933719635,-0.4856254756450653,-0.4787784814834595
9522590,2022,deep_water,random_draw,0,693435,5039595,168300,0.0171122994652406,0.5008410811424255,2.3763427734375,-0.5101318359375,0.9444444179534912,0.8999999761581421,4,0.07050000131130219,0.12300000339746477,0.1704999953508377,-0.3488923907279968,-0.34081345796585083
9523094,2022,deep_water,random_draw,0,693495,5039745,168300,0.0171122994652406,0.04399890825152397,3.019622802734375,0.133148193359375,1,1,1,0.05700000002980232,0.02199999988079071,0.0305000003427267,0.2123015820980072,0.4022140204906464
9523379,2022,deep_water,random_draw,0,693555,5039505,168300,0.0171122994652406,0.32315245270729065,1.13555908203125,-1.75091552734375,0,0,5,0.11949999630451202,0.2761000096797943,0.3941000103950501,-0.5379996299743652,-0.5346572995185852
9524196,2022,deep_water,random_draw,0,693675,5039385,168300,0.0171122994652406,0.536406397819519,1.063140869140625,-1.823333740234375,0,0,5,0.06620000302791595,0.16290000081062317,0.2020999938249588,-0.5515003800392151,-0.4634322822093963
9524248,2022,deep_water,random_draw,0,693675,5039595,168300,0.0171122994652406,0.2131454050540924,1.247314453125,-1.63916015625,0,0,5,0.11410000175237656,0.2597000002861023,0.35850000381469727,-0.5198675394058228,-0.5171392560005188
9525318,2022,deep_water,random_draw,0,693825,5039535,168300,0.0171122994652406,0.24554789066314697,2.56903076171875,-0.31744384765625,0.949999988079071,0.8999999761581421,4,0.05590000003576279,0.09269999712705612,0.1290999948978424,-0.40740740299224854,-0.3956756889820099
9516816,2022,shallow_viz,annotated,1,692775,5039985,900,0.133333333333333,0.11916446685791016,0.261627197265625,0,0,0,5,0.05779999867081642,0.12620000541210177,0.18880000710487368,-0.516788899898529,-0.4987804889678955
9515099,2022,shallow_viz,annotated,1,692595,5039775,20700,0.0492753623188406,0.09230127930641174,0.951690673828125,0.340972900390625,0.0555555559694767,0.0833333358168602,5,0.01999999955296516,0.05389999970793724,0.0685499981045723,-0.4228193163871765,-0.03505843132734299
9498309,2022,shallow_viz,annotated,1,689955,5040195,64800,0.0342592592592593,0.0917586013674736,1.441680908203125,-0.05535888671875,0.11764705926179886,0.09090909361839294,5,0.02869999967515468,0.06125000119209289,0.07460000365972519,-0.1443591266870499,0.2866241931915283
9497399,2022,em_veg,annotated,0,689715,5040585,64800,0.0342592592592593,0.2517037093639374,1.10565185546875,-0.391387939453125,0,0.09090909361839294,5,0.03869999945163727,0.09560000151395798,0.14605000615119934,-0.562615156173706,-0.5124037861824036
9497551,2022,dry,annotated,0,689775,5040435,64800,0.0342592592592593,0.1015600711107254,0.91119384765625,-0.585845947265625,0,0,5,0.0531499981880188,0.11855000257492064,0.18440000712871552,-0.5483021140098572,-0.5374056100845337
9497681,2022,em_veg,annotated,0,689805,5040345,64800,0.0342592592592593,0.08003070205450058,1.75799560546875,0.260955810546875,0.11764705926179886,0.10000000149011612,5,0.0236000008881092,0.07090000063180923,0.08429999649524689,-0.5625579357147217,-0.5625579357147217
9497911,2022,deep_viz,annotated,0,689865,5040255,64800,0.0342592592592593,0.02821777574717998,1.79534912109375,0.298309326171875,0.8125,0.5,4,0.0132499998435378,0.01400000043213367,0.01915000006556511,-0.2361111044883728,0.25
9497913,2022,deep_viz,annotated,0,689865,5040135,64800,0.0342592592592593,0.0220735352486372,1.793731689453125,0.29669189453125,0.75,0.4545454680919647,5,0.00439999997615814,0.00930000003427267,0.02400000020861625,-0.6901408433914185,-0.6901408433914185
9498148,2022,deep_viz,annotated,0,689925,5040075,64800,0.0342592592592593,0.17212368547916412,1.62615966796875,0.129119873046875,0.05882352963089943,0.1818181872367859,5,0.03195000067353248,0.08889999985694885,0.09475000202655792,-0.46904921531677246,-0.38079094886779785
9498243,2022,dry,annotated,0,689955,5040255,64800,0.0342592592592593,0.13708628714084625,1.366485595703125,-0.13055419921875,0.0555555559694767,0.10000000149011612,5,0.0348999984562397,0.07615000009536743,0.11509999632835388,-0.4368230998516083,-0.2584933638572693
9498342,2022,dry,annotated,0,689985,5040105,64800,0.0342592592592593,0.22905878722667697,1.125518798828125,-0.37152099609375,0.0555555559694767,0.10000000149011612,5,0.04450000077486038,0.09955000132322311,0.14790000021457672,-0.5065227150917053,-0.44812363386154175
9496797,2022,dry,annotated,0,689505,5039895,4500,0.0666666666666667,0.1062869429588318,0.276947021484375,-0.26739501953125,0,0,5,0.06040000170469284,0.1386999934911728,0.20319999754428864,-0.523147463798523,-0.47976112365722656
9494546,2022,dry,annotated,0,689085,5039685,25200,0.0404761904761905,0.2275737226009369,2.12689208984375,0.22076416015625,0,0,5,0.04430000111460686,0.10080000013113022,0.13089999556541443,-0.5212085843086243,-0.4821741580963135
9456358,2022,em_veg,annotated,0,682455,5040495,93600,0.0314102564102564,0.15864209830760956,0.837005615234375,0.049346923828125,0.125,0.09090909361839294,5,0.02769999951124191,0.09709999710321426,0.06700000166893005,-0.4149947166442871,-0.4149947166442871
9456960,2022,dry,annotated,0,682605,5040435,93600,0.0314102564102564,0.15268127620220184,0.65045166015625,-0.13720703125,0,0,5,0.03700000047683716,0.07500000298023224,0.12110000103712082,-0.531941831111908,-0.531941831111908
9457173,2022,dry,annotated,0,682605,5040345,93600,0.0314102564102564,0.12533734738826752,0.70904541015625,-0.07861328125,0.08695652335882187,0,5,0.03180000185966492,0.05119999870657921,0.06340000033378601,-0.33193278312683105,-0.33193278312683105
9457657,2022,em_veg,annotated,0,682695,5040315,93600,0.0314102564102564,0.10596653074026108,0.74884033203125,-0.038818359375,0.4761904776096344,0.30000001192092896,5,0.03299999982118606,0.05539999902248382,0.03959999978542328,-0.09090909361839294,-0.09090909361839294
9458339,2022,em_veg,annotated,0,682845,5040285,93600,0.0314102564102564,0.1094115749001503,0.767608642578125,-0.020050048828125,0.8333333134651184,0.30000001192092896,5,0.01659999974071979,0.05270000174641609,0.05880000069737434,-0.5596817135810852,-0.5596817135810852
9458987,2022,dry,annotated,0,682995,5041305,7200,0.0666666666666667,0.5909717679023743,0.0985107421875,-0.211761474609375,0.04545454680919647,0.10000000149011612,5,0.06239999830722809,0.1826999932527542,0.15049999952316284,-0.41380929946899414,-0.41380929946899414
9459308,2022,dry,annotated,0,683025,5041185,7200,0.0666666666666667,0.10558810085058212,0.346038818359375,0.0357666015625,0.03999999910593033,0.10000000149011612,5,0.04100000113248825,0.08609999716281891,0.07109999656677246,-0.26851025223731995,-0.26851025223731995
9458991,2022,shallow_viz,annotated,1,682995,5041785,21600,0.0472222222222222,0.1113463044166565,0.84539794921875,0.056732177734375,0.07692307978868484,0.20000000298023224,5,0.03909999877214432,0.04129999876022339,0.03260000050067901,0.09065550565719604,0.09065550565719604
9459626,2022,shallow_viz,annotated,1,683085,5041755,21600,0.0472222222222222,0.08500535786151886,0.950042724609375,0.161376953125,0.03846153989434242,0.2222222238779068,5,0.01200000010430812,0.01219999976456165,0.01510000042617321,-0.11439114063978197,-0.11439114063978197
9459055,2022,dry,annotated,0,682995,5041725,21600,0.0472222222222222,0.13998351991176605,0.600067138671875,-0.1885986328125,0,0.09090909361839294,5,0.0608999989926815,0.11949999630451202,0.1728000044822693,-0.47881901264190674,-0.47881901264190674
9459625,2022,dry,annotated,0,683085,5041815,21600,0.0472222222222222,0.07188527286052704,0.387451171875,-0.401214599609375,0,0,5,0.06939999759197235,0.16050000488758087,0.25325000286102295,-0.5650366544723511,-0.5504375696182251
9459674,2022,dry,annotated,0,683085,5044815,81000,0.0296296296296296,1.4935669898986816,1.427398681640625,-1.9791259765625,0.07999999821186066,0,5,0.05905000120401382,0.2755500078201294,0.1941000074148178,-0.5338062047958374,-0.5290203094482422
9459756,2022,dry,annotated,0,683115,5045055,81000,0.0296296296296296,0.8237498998641968,2.2459716796875,-1.160552978515625,0.07692307978868484,0,5,0.066600002348423,0.2897999882698059,0.2313999980688095,-0.5757575631141663,-0.5501520037651062
9460029,2022,dry,annotated,0,683145,5044905,81000,0.0296296296296296,0.4569865763187408,3.1517333984375,-0.254791259765625,0.0833333358168602,0,5,0.05245000123977661,0.210549995303154,0.1445000022649765,-0.45975056290626526,-0.4209860861301422
9458773,2022,deep_viz,annotated,0,682935,5048385,80100,0.0194756554307116,0.04153842106461525,0.707794189453125,0.0079345703125,1,1,1,0.03240000084042549,0.02009999938309192,0.01899999938905239,0.26070037484169006,0.26070037484169006
9458833,2022,dry,annotated,0,682965,5048205,80100,0.0194756554307116,0.1744057536125183,0.36383056640625,-0.336029052734375,0,0,5,0.04749999940395355,0.09740000218153,0.16599999368190765,-0.5550351142883301,-0.5226551294326782
9459099,2022,deep_viz,annotated,0,682995,5048295,80100,0.0194756554307116,0.06311232596635818,0.73223876953125,0.032379150390625,1,0.9166666865348816,2,0.03229999914765358,0.03089999966323375,0.03460000082850456,-0.05327245220541954,0.29979878664016724
9459392,2022,deep_viz,annotated,0,683055,5048415,80100,0.0194756554307116,0.2910265028476715,0.44439697265625,-0.255462646484375,0,0.4166666567325592,5,0.05070000141859054,0.09179999679327012,0.15479999780654907,-0.505216121673584,-0.4965217411518097
9459789,2022,dry,annotated,0,683115,5048325,80100,0.0194756554307116,0.2367050349712372,0.356170654296875,-0.34368896484375,0,0,5,0.05099999904632568,0.09960000216960908,0.15710000693798065,-0.5403226017951965,-0.5098510384559631
9459818,2022,dry,annotated,0,683115,5048265,80100,0.0194756554307116,0.1468345671892166,0.566650390625,-0.133209228515625,0.0714285746216774,0,5,0.05160000175237655,0.0998999997973442,0.1421000063419342,-0.5322195887565613,-0.467217355966568
9454805,2022,deep_water,random_draw,0,682215,5048775,201600,0.0130952380952381,0.4738956391811371,1.5985107421875,-0.39117431640625,0.18518517911434176,0.7272727489471436,4,0.05869999900460243,0.1202000007033348,0.16689999401569366,-0.4796099364757538,-0.47839388251304626
9455208,2022,deep_water,random_draw,0,682275,5048445,201600,0.0130952380952381,0.07553481310606003,2.38189697265625,0.3922119140625,1,1,1,0.04924999922513962,0.03750000149011612,0.03970000147819519,0.14467142522335052,0.3622795045375824
9455599,2022,deep_water,random_draw,0,682335,5048595,201600,0.0130952380952381,0.05323107168078422,2.48406982421875,0.494384765625,1,1,1,0.05119999870657921,0.03599999845027923,0.03849999979138374,0.151802659034729,0.24121211469173431
9455846,2022,deep_water,random_draw,0,682395,5048385,201600,0.0130952380952381,0.7108501195907593,1.923187255859375,-0.066497802734375,1,1,3,0.04605000093579292,0.0840499997138977,0.08290000259876251,-0.29461583495140076,-0.2239834666252136
9456031,2022,deep_water,random_draw,0,682425,5048295,201600,0.0130952380952381,0.09330064058303832,2.407928466796875,0.418243408203125,0.9629629850387572,0.8999999761581421,4,0.03310000151395798,0.06525000184774399,0.07095000147819519,-0.3551137149333954,-0.2197125256061554
9456352,2022,deep_water,random_draw,0,682455,5048535,201600,0.0130952380952381,0.06706331670284271,2.44512939453125,0.4554443359375,1,1,3,0.05934999883174896,0.08139999955892563,0.08874999731779099,-0.200038880109787,-0.17316293716430664
9456529,2022,deep_water,random_draw,0,682485,5048355,201600,0.0130952380952381,0.26687994599342346,2.0201416015625,0.03045654296875,0.260869562625885,0,5,0.06319999694824219,0.1518000066280365,0.1737000048160553,-0.4612899124622345,-0.4375
9458798,2022,dry,annotated,0,682935,5049345,5400,0.0666666666666667,0.1446633338928223,-0.107208251953125,-0.409423828125,0,0,5,0.07129999995231628,0.1436000019311905,0.2572000026702881,-0.5298200249671936,-0.45574772357940674
9456565,2022,dry,annotated,0,682545,5050125,7200,0.0583333333333333,0.2085305005311966,0.444366455078125,-0.30242919921875,0,0,5,0.05070000141859054,0.10450000315904616,0.16144999861717224,-0.4991658329963684,-0.4407435953617096
9456735,2022,dry,annotated,0,682545,5050185,7200,0.0583333333333333,0.24694979190826416,0.489837646484375,-0.2569580078125,0.03703703731298447,0,5,0.06499999761581421,0.131850004196167,0.1733500063419342,-0.45246875286102295,-0.4365924596786499
9457276,2022,shallow_viz,annotated,1,682635,5050425,27900,0.0301075268817204,0.10349862277507782,1.1422119140625,-0.04132080078125,0.07999999821186066,0,5,0.04975000023841858,0.10374999791383745,0.133200004696846,-0.46222811937332153,-0.4323328137397766
9456277,2022,deep_viz,annotated,0,682455,5050365,27900,0.0301075268817204,0.06544661521911621,1.250946044921875,0.067413330078125,0.0833333358168602,0,5,0.02975000068545341,0.07464999705553055,0.07964999973773956,-0.4404282569885254,-0.38823530077934265
9456604,2022,deep_viz,annotated,0,682515,5050365,27900,0.0301075268817204,0.02903585694730282,1.312286376953125,0.128753662109375,0.9583333134651184,0.6666666865348816,2,0.02734999917447567,0.02820000052452087,0.03115000016987323,0.03973963856697082,0.2857142984867096
9456642,2022,deep_viz,annotated,0,682515,5050425,27900,0.0301075268817204,0.06176085770130157,1.2772216796875,0.09368896484375,0.07999999821186066,0.0833333358168602,5,0.04019999876618385,0.0843999981880188,0.07750000059604645,-0.39017340540885925,-0.3169074058532715
9456784,2022,dry,annotated,0,682545,5050275,27900,0.0301075268817204,0.2221618890762329,0.42169189453125,-0.7618408203125,0,0,5,0.08264999836683273,0.15559999644756317,0.22290000319480896,-0.46572571992874146,-0.4509009122848511
9456819,2022,dry,annotated,0,682545,5050455,27900,0.0301075268817204,0.18021731078624725,0.68621826171875,-0.497314453125,0,0,5,0.05429999902844429,0.10769999772310256,0.1929000020027161,-0.5606796145439148,-0.5438311696052551
9457101,2022,dry,annotated,0,682605,5050335,27900,0.0301075268817204,0.22279825806617737,0.979583740234375,-0.203948974609375,0,0,5,0.06639999896287918,0.13795000314712524,0.16899999976158142,-0.458963006734848,-0.4051237404346466
9458186,2022,deep_water,random_draw,0,682815,5050635,21600,0.0333333333333333,0.01148792821913957,0.903106689453125,-0.064605712890625,0.9047619104385376,0.7272727489471436,5,0.02969999983906746,0.03720000013709068,0.03880000114440918,-0.15849462151527405,-0.10289710015058516
9458569,2022,deep_water,random_draw,0,682905,5050485,21600,0.0333333333333333,0.09482520818710329,0.967254638671875,-4.57763671875e-4,0.4347825944423675,0,5,0.02989999949932098,0.06289999932050705,0.06930000334978104,-0.39717742800712585,-0.39717742800712585
9458591,2022,deep_water,random_draw,0,682905,5050605,21600,0.0333333333333333,0.14636997878551483,0.88214111328125,-0.0855712890625,0.40909090638160706,0,5,0.04605000093579292,0.10599999874830246,0.12790000438690186,-0.4527280926704407,-0.39695945382118225
9455832,2022,deep_water,random_draw,0,682395,5050725,153000,0.0141176470588235,0.3832881450653076,0.968536376953125,-0.42315673828125,0.36000001430511475,0,5,0.07055000215768814,0.1910499930381775,0.2038999944925308,-0.4856885969638825,-0.4849531352519989
9456701,2022,deep_water,random_draw,0,682515,5050635,153000,0.0141176470588235,0.3129495680332184,1.170501708984375,-0.22119140625,0.6521739363670349,0.3333333432674408,5,0.05629999935626983,0.13249999284744263,0.1441500037908554,-0.44264209270477295,-0.38232558965682983
9456743,2022,deep_water,random_draw,0,682545,5050935,153000,0.0141176470588235,0.08177173882722855,1.385986328125,-0.005706787109375,0.91304349899292,0.8333333134651184,3,0.04879999905824661,0.08250000327825546,0.08370000123977661,-0.33793970942497253,-0.2633962333202362
9457099,2022,deep_water,random_draw,0,682605,5050605,153000,0.0141176470588235,0.08695898205041885,1.333770751953125,-0.05792236328125,1,0.9166666865348816,2,0.03709999844431877,0.04439999908208847,0.0397999994456768,0.04802259802818298,0.07255936414003372
9457151,2022,deep_water,random_draw,0,682635,5051085,153000,0.0141176470588235,0.2137700617313385,1.257049560546875,-0.1346435546875,0.625,0,4,0.0860000029206276,0.18359999358654025,0.2515000104904175,-0.49037036299705505,-0.3564493656158447
9457967,2022,deep_water,random_draw,0,682785,5051085,153000,0.0141176470588235,0.5938889980316162,0.613189697265625,-0.77850341796875,0,0,5,0.10750000178813934,0.23019999265670776,0.29490000009536743,-0.4657057523727417,-0.386112928390503
9458124,2022,deep_water,random_draw,0,682815,5050965,153000,0.0141176470588235,0.15337751805782318,1.311279296875,-0.080413818359375,0.761904776096344,0,5,0.06589999794960022,0.13169999420642853,0.1574999988079071,-0.3907284736633301,-0.3647570610046386
9458271,2022,deep_water,random_draw,0,682815,5050725,153000,0.0141176470588235,0.12108026444911955,1.36492919921875,-0.026763916015625,0.5,0.09090909361839294,4,0.06270000338554382,0.11550000309944151,0.1298999935388565,-0.3489096462726593,-0.34268537163734436
9454507,2022,deep_water,random_draw,0,682185,5052165,121500,0.0172839506172839,0.04034435376524925,1.158935546875,0.00811767578125,0.8333333134651184,0.8333333134651184,4,0.03370000049471855,0.07660000026226044,0.08164999634027481,-0.4117322266101837,-0.33090245723724365
9454659,2022,deep_water,random_draw,0,682215,5052285,121500,0.0172839506172839,0.474328339099884,0.53704833984375,-0.61376953125,0,0,5,0.10305000096559525,0.19429999589920044,0.21455000340938568,-0.35790807008743286,-0.3264355957508087
9455295,2022,deep_water,random_draw,0,682305,5052015,121500,0.0172839506172839,0.08562102168798447,1.0797119140625,-0.07110595703125,0.125,0,5,0.05079999938607216,0.13339999318122864,0.13774999976158142,-0.45936235785484314,-0.4212576448917389
9455629,2022,deep_water,random_draw,0,682365,5052285,121500,0.0172839506172839,0.21077501773834229,1.003814697265625,-0.147003173828125,0.7333333492279053,0.7272727489471436,4,0.0478999987244606,0.0948999971151352,0.1023000031709671,-0.36218374967575073,-0.36218374967575073
9455935,2022,deep_water,random_draw,0,682395,5052165,121500,0.0172839506172839,0.02247947454452514,1.17852783203125,0.0277099609375,1,0.9166666865348816,2,0.01530000008642673,0.02160000056028366,0.0272000003606081,-0.2800000011920929,-0.2800000011920929
9456104,2022,deep_water,random_draw,0,682425,5051835,121500,0.0172839506172839,0.03936619684100151,1.15771484375,0.00689697265625,1,0.9166666865348816,4,0.02199999988079071,0.04859999939799309,0.0471000000834465,-0.36324167251586914,-0.36324167251586914
9456374,2022,deep_water,random_draw,0,682455,5051985,121500,0.0172839506172839,0.03464559093117714,1.1776123046875,0.02679443359375,1,0.9166666865348816,3,0.02415000088512897,0.02865000069141388,0.02669999934732914,-0.10079533606767654,0.14332248270511627
9456387,2022,deep_water,random_draw,0,682485,5052075,121500,0.0172839506172839,0.1938599944114685,0.897552490234375,-0.253265380859375,0.08695652335882187,0,5,0.07724999636411667,0.20499999821186063,0.23364999890327456,-0.5032941102981567,-0.5011574029922485
9456451,2022,deep_water,random_draw,0,682485,5052225,121500,0.0172839506172839,0.11155063658952712,1.0838623046875,-0.06695556640625,0.095238097012043,0,5,0.05009999871253967,0.120899997651577,0.1298000067472458,-0.4434174001216888,-0.43893715739250183
9456877,2022,deep_water,random_draw,0,682545,5051835,121500,0.0172839506172839,0.08693701773881912,1.106353759765625,-0.044464111328125,0.800000011920929,0.4166666567325592,4,0.04259999841451645,0.0908999964594841,0.07039999961853027,-0.2460176944732666,0.14912280440330505
9458813,2022,deep_water,random_draw,0,682965,5051775,45000,0.0226666666666667,0.393879771232605,0.12811279296875,-1.20306396484375,0,0,5,0.0714000016450882,0.16120000183582306,0.2973000109195709,-0.5492444038391113,-0.5181255340576172
9458936,2022,deep_water,random_draw,0,682965,5051655,45000,0.0226666666666667,0.0095312213525176,1.447113037109375,0.115936279296875,0.9166666865348816,0.8181818127632141,3,0.02270000055432319,0.01649999991059303,0.01689999923110008,0.14646464586257937,0.3928571343421936
9458995,2022,deep_water,random_draw,0,682995,5051535,45000,0.0226666666666667,0.1057918667793274,1.308013916015625,-0.023162841796875,0.3846153914928436,0.1818181872367859,5,0.05099999904632568,0.11309999972581863,0.1242000013589859,-0.4178082048892975,-0.34328359365463257
9459612,2022,deep_water,random_draw,0,683085,5051715,45000,0.0226666666666667,0.21247047185897827,1.2703857421875,-0.060791015625,0,0,5,0.06129999831318855,0.12915000319480896,0.16394999623298645,-0.4611971080303192,-0.4198353588581085
9459613,2022,deep_water,random_draw,0,683085,5051595,45000,0.0226666666666667,0.00689945183694362,1.382659912109375,0.051483154296875,1,0.8181818127632141,1,0.0361500009894371,0.02590000070631504,0.01975000090897083,0.336440771818161,0.8834951519966125
9457837,2022,deep_water,random_draw,0,682755,5052255,9000,0.0533333333333333,0.00690103881061077,1.643768310546875,0.19647216796875,0.8260869383811951,0.6363636255264282,3,0.03525000065565109,0.04450000077486038,0.05355000123381615,-0.1938752382993698,-0.0453987717628479
9457832,2022,deep_water,random_draw,0,682755,5052375,7200,0.05,0.00906094722449779,0.197052001953125,-0.023590087890625,0.9375,0.75,3,0.02934999950230121,0.03840000182390213,0.04459999874234199,-0.22853617370128632,0.01237623766064643
9457148,2022,deep_water,random_draw,0,682605,5052495,17100,0.0385964912280702,0.13309068977832794,0.680694580078125,-0.0753173828125,0,0,5,0.05445000156760216,0.1350499987602234,0.1547500044107437,-0.47681280970573425,-0.454054057598114
9457437,2022,deep_water,random_draw,0,682665,5052405,17100,0.0385964912280702,0.01574938930571079,0.812225341796875,0.05621337890625,1,0.9166666865348816,4,0.01789999939501285,0.02494999952614307,0.02280000038444996,0.05022250488400459,0.4710743725299835
9458690,2022,deep_water,random_draw,0,682935,5054835,518400,0.0103009259259259,0.05873123556375503,1.5909423828125,-0.1123046875,0.08695652335882187,0,5,0.06350000202655792,0.1624000072479248,0.16609999537467957,-0.4604462385177612,-0.3876357674598694
9458872,2022,deep_water,random_draw,0,682965,5054685,518400,0.0103009259259259,0.06658881902694702,1.56976318359375,-0.13348388671875,0.09090909361839294,0,5,0.06930000334978104,0.17260000109672546,0.20419999957084656,-0.4804270565509796,-0.4440939426422119
9459759,2022,deep_water,random_draw,0,683115,5054595,518400,0.0103009259259259,0.1587487757205963,1.53839111328125,-0.16485595703125,0.40909090638160706,0.4166666567325592,4,0.06279999762773514,0.15610000491142273,0.1728000044822693,-0.4668930470943451,-0.4565744698047638
9459809,2022,deep_water,random_draw,0,683115,5054865,518400,0.0103009259259259,0.03207810223102569,1.652801513671875,-0.050445556640625,1,0.75,4,0.05005000159144401,0.09920000284910202,0.11089999973773956,-0.3697664737701416,-0.3415493071079254
9457408,2022,shallow_viz,annotated,1,682665,5055375,3600,0.0666666666666667,0.20115648210048676,0.208343505859375,-0.034942626953125,0.07692307978868484,0,5,0.08229999989271164,0.13705000281333923,0.18154999613761905,-0.246973380446434,0.04548540338873863
9455729,2022,shallow_viz,annotated,1,682365,5055585,22500,0.0453333333333333,0.02670464478433132,0.319793701171875,0.03759765625,0.11538461595773696,0,5,0.06650000065565109,0.09640000015497208,0.09300000220537186,-0.4887218177318573,-0.1661442071199417
9456971,2022,shallow_viz,annotated,1,682605,5055495,22500,0.0453333333333333,0.1700984537601471,0.23150634765625,-0.050689697265625,0.07407407462596893,0.1666666716337204,5,0.06040000170469284,0.16210000216960907,0.16689999401569366,-0.47986942529678345,-0.248784139752388
9454531,2022,deep_water,random_draw,0,682185,5056485,43200,0.0222222222222222,0.22948481142520905,0.65826416015625,-0.044647216796875,0.0833333358168602,0,5,0.04529999941587448,0.11420000344514848,0.15645000338554382,-0.550959050655365,-0.550000011920929
9454853,2022,deep_water,random_draw,0,682245,5056335,43200,0.0222222222222222,0.1232149600982666,0.717071533203125,0.01416015625,0.6800000071525574,0.1818181872367859,5,0.04515000060200691,0.10615000128746031,0.10930000245571136,-0.4251467883586883,-0.32902467250823975
9455084,2022,deep_water,random_draw,0,682275,5056425,43200,0.0222222222222222,0.02541211806237697,0.705352783203125,0.00244140625,1,1,1,0.02500000037252903,0.02225000038743019,0.02745000086724758,-0.00326859485357999,0.20481927692890167
9455126,2022,deep_water,random_draw,0,682275,5056545,43200,0.0222222222222222,0.03095462173223495,0.71087646484375,0.007965087890625,1,1,3,0.01484999991953373,0.02855000086128711,0.02769999951124191,-0.2986728847026825,-0.110047847032547
9455787,2022,deep_water,random_draw,0,682365,5056455,43200,0.0222222222222222,0.05799078941345215,0.7127685546875,0.009857177734375,0.6538461446762085,0.3636363744735718,5,0.03985000029206276,0.10090000182390212,0.09995000064373016,-0.4427485167980194,-0.4029204845428467
9455788,2022,deep_water,random_draw,0,682365,5056365,43200,0.0222222222222222,0.03217797353863716,0.6986083984375,-0.004302978515625,0.7777777910232544,0.3636363744735718,4,0.04414999857544899,0.07689999788999557,0.07169999927282333,-0.271637886762619,-0.10086455196142197
9455283,2022,shallow_viz,annotated,1,682305,5059155,12600,0.0476190476190476,0.11664431542158128,0.649017333984375,0.1412353515625,0.03846153989434242,0.10000000149011612,5,0.03290000185370445,0.1062999963760376,0.04369999840855598,-0.1409921646118164,-0.1409921646118164
9454884,2022,dry,annotated,0,682245,5059215,12600,0.0476190476190476,0.14555878937244415,0.4493408203125,-0.058441162109375,0.07407407462596893,0,5,0.0593000017106533,0.1289999932050705,0.2091500014066696,-0.5601982474327087,-0.5562174320220947
9455123,2022,dry,annotated,0,682275,5059095,12600,0.0476190476190476,0.13725341856479645,0.031646728515625,-0.47613525390625,0,0,5,0.02879999950528145,0.1071999967098236,0.13230000436306,-0.6424580812454224,-0.6424580812454224
9455443,2022,dry,annotated,0,682335,5059215,12600,0.0476190476190476,0.14344052970409393,0.215667724609375,-0.2921142578125,0.07407407462596893,0,5,0.12210000306367874,0.23270000517368317,0.3750999867916107,-0.508849561214447,-0.508849561214447
9035141,2022,deep_water,random_draw,0,682845,5070615,47867400,0.0020882688426779,0.0697934702038765,8.42169189453125,-0.62994384765625,0.13793103396892548,0,5,0.06759999692440033,0.15414999425411224,0.1468999981880188,-0.3477722704410553,-0.25
9050823,2022,deep_water,random_draw,0,684435,5069235,47867400,0.0020882688426779,0.15255916118621826,8.62445068359375,-0.42718505859375,0.25,0,5,0.05144999921321869,0.11985000222921371,0.11569999903440475,-0.3853733837604522,-0.33294185996055603
9052220,2022,deep_water,random_draw,0,684525,5069145,47867400,0.0020882688426779,0.11601945757865906,8.68719482421875,-0.36444091796875,0.23999999463558197,0.1538461595773697,5,0.04414999857544899,0.12155000120401382,0.0970500037074089,-0.3732483685016632,-0.32265111804008484
9062217,2022,deep_water,random_draw,0,685125,5070945,47867400,0.0020882688426779,0.15117856860160828,8.728790283203125,-0.322845458984375,0.1923076957464218,0,5,0.06239999830722809,0.14579999446868896,0.12594999372959137,-0.33710363507270813,-0.33412042260169983
9070801,2022,deep_water,random_draw,0,685575,5071245,47867400,0.0020882688426779,0.01967088505625724,9.03717041015625,-0.01446533203125,1,1,2,0.02270000055432319,0.02425000071525573,0.01535000000149011,0.12310812622308732,0.5565611124038696
9072201,2022,deep_water,random_draw,0,685665,5070765,47867400,0.0020882688426779,0.13295982778072357,8.56683349609375,-0.48480224609375,0.1071428582072258,0,5,0.05510000139474869,0.15485000610351565,0.11304999887943268,-0.33253416419029236,-0.2663755416870117
9073831,2022,deep_water,random_draw,0,685755,5071035,47867400,0.0020882688426779,0.09782689809799194,8.64984130859375,-0.40179443359375,0.1785714328289032,0,5,0.04055000096559524,0.08889999985694885,0.05135000124573707,-0.07468517869710922,0.07219661772251129
9076280,2022,deep_water,random_draw,0,685875,5071275,47867400,0.0020882688426779,0.1883436143398285,8.969207763671875,-0.082427978515625,1,1,3,0.02119999937713146,0.03905000165104866,0.0255999993532896,-0.07509838044643402,0.3273542523384094
9080175,2022,deep_water,random_draw,0,686085,5071215,47867400,0.0020882688426779,0.15581440925598145,8.716705322265625,-0.334930419921875,0.17241379618644714,0.09090909361839294,5,0.04365000128746033,0.10634999722242355,0.08940000087022781,-0.3349614441394806,-0.26753246784210205
9082069,2022,deep_water,random_draw,0,686205,5071065,47867400,0.0020882688426779,0.3910581171512604,6.7071533203125,-2.344482421875,0.13793103396892548,0.4545454680919647,5,0.06310000270605087,0.20045000314712524,0.1817999929189682,-0.4847199618816376,-0.4807614386081696
9038567,2022,deep_water,random_draw,0,683235,5071365,40129200,0.00156693878771568,0.10443425178527832,15.053619384765623,-0.7197265625,0.25,0,5,0.02694999985396862,0.03880000114440918,0.0255999993532896,0.01299769338220357,0.1957295387983322
9038723,2022,deep_water,random_draw,0,683265,5071605,40129200,0.00156693878771568,0.05449159443378448,14.586944580078123,-1.1864013671875,0.10000000149011612,0,5,0.05480000004172325,0.06949999928474426,0.06719999760389328,-0.22214336693286896,0.7515528202056885
9040209,2022,deep_water,random_draw,0,683415,5072325,40129200,0.00156693878771568,0.100457102060318,13.62139892578125,-2.151947021484375,0,0,5,0.06150000169873237,0.13259999454021454,0.2198999971151352,-0.5451364517211914,-0.4726930260658264
9042749,2022,deep_water,random_draw,0,683685,5071185,40129200,0.00156693878771568,0.1869366616010666,16.015167236328125,0.2418212890625,0.25,0.1666666716337204,5,0.02614999935030937,0.02329999953508377,0.00850000046193599,0.4104387164115906,0.6793248653411865
9043844,2022,deep_water,random_draw,0,683775,5071305,40129200,0.00156693878771568,0.08936735987663269,15.934600830078123,0.1612548828125,0.20000000298023224,0,5,0.0305000003427267,0.02520000003278255,0.01059999968856573,0.4458558261394501,0.5098934769630432
9047486,2022,deep_water,random_draw,0,684165,5071335,40129200,0.00156693878771568,0.09466847777366638,15.479461669921877,-0.29388427734375,0.1923076957464218,0,5,0.02930000051856041,0.0328500010073185,0.01590000092983246,0.22619427740573883,0.3492957651615143
9057410,2022,deep_water,random_draw,0,684855,5071395,40129200,0.00156693878771568,0.30978289246559143,14.90057373046875,-0.872772216796875,0.11538461595773696,0,5,0.03505000099539757,0.07225000113248825,0.04785000160336494,-0.1498112678527832,-0.13827654719352722
9073279,2022,deep_water,random_draw,0,685725,5071455,40129200,0.00156693878771568,0.07596982270479202,15.435150146484377,-0.33819580078125,0.2857142984867096,0.0833333358168602,5,0.02280000038444996,0.06515000015497208,0.04125000163912773,-0.2748364806175232,-0.1325301229953766
9075180,2022,deep_water,random_draw,0,685815,5071485,40129200,0.00156693878771568,0.0984017625451088,15.196746826171877,-0.57659912109375,0.18518517911434176,0,5,0.02535000070929527,0.08974999934434891,0.04984999820590019,-0.3491883873939514,-0.30265486240386963
9081712,2022,deep_water,random_draw,0,686175,5071545,40129200,0.00156693878771568,0.17607247829437256,14.679046630859377,-1.09429931640625,0.1111111119389534,0,5,0.0361500009894371,0.09724999964237212,0.0856499969959259,-0.37803077697753906,-0.26167210936546326
9037209,2022,dry,annotated,0,683085,5073105,18900,0.0380952380952381,0.16886119544506073,0.0804443359375,-1.308197021484375,0,0,5,0.09059999883174896,0.2492000013589859,0.27300000190734863,-0.4673721194267273,-0.46052008867263794
9034722,2022,deep_water,random_draw,0,682785,5075385,5400,0.0777777777777778,0.7184356451034546,3.398590087890625,-0.133514404296875,0.6296296119689941,0.1666666716337204,4,0.05764999985694885,0.1547500044107437,0.16279999911785126,-0.47943973541259766,-0.4628751873970032
9035795,2022,deep_water,random_draw,0,682935,5075415,2700,0.0888888888888889,1.1202671527862549,-1.581634521484375,-5.17767333984375,0.03448275849223137,0,5,0.06809999793767929,0.1923000067472458,0.257099986076355,-0.5539972186088562,-0.5279029607772827
9035761,2022,deep_water,random_draw,0,682935,5075535,900,0.133333333333333,0.10529908537864684,0.64031982421875,0,0.4615384638309479,0.9166666865348816,5,0.04104999825358391,0.09920000284910202,0.09619999676942824,-0.37427669763565063,-0.20662598311901093
9036816,2022,dry,annotated,0,683055,5077065,76500,0.0313725490196078,0.06419304758310318,0.459564208984375,-0.124114990234375,0,0,5,0.06019999831914902,0.13324999809265137,0.19939999282360077,-0.4455247223377228,-0.27712854743003845
9032937,2022,dry,annotated,0,682545,5077995,47700,0.030188679245283,0.0665895864367485,0.268890380859375,-0.443939208984375,0,0,5,0.05324999988079071,0.12234999984502792,0.23444999754428864,-0.6158131957054138,-0.5772801637649536
9033422,2022,dry,annotated,0,682605,5077905,47700,0.030188679245283,0.11113706231117249,0.3729248046875,-0.33990478515625,0,0,5,0.0564499981701374,0.12970000505447388,0.226950004696846,-0.5668837428092957,-0.48259302973747253
9034019,2022,dry,annotated,0,682695,5078085,47700,0.030188679245283,0.23411308228969577,0.16168212890625,-0.5511474609375,0,0,5,0.05245000123977661,0.1793999969959259,0.1955000013113022,-0.5696441531181335,-0.5465252995491028
9032016,2022,shallow_viz,annotated,1,682455,5079015,141300,0.0191082802547771,0.03613006696105003,1.400115966796875,0.0240478515625,0,0.1666666716337204,5,0.05970000103116035,0.11509999632835388,0.11500000208616255,-0.41496598720550537,-0.20861797034740448
9031585,2022,dry,annotated,0,682425,5078985,141300,0.0191082802547771,0.0644683763384819,1.2664794921875,-0.109588623046875,0,0.0833333358168602,5,0.06150000169873237,0.1216999962925911,0.1185000017285347,-0.41828653216362,-0.22354155778884888
9032581,2022,dry,annotated,0,682515,5078775,141300,0.0191082802547771,0.05388221144676208,1.17559814453125,-0.200469970703125,0.13333334028720856,0.1666666716337204,5,0.06120000034570694,0.14259999990463257,0.11869999766349792,-0.4112848341464996,-0.11928335577249528
9033321,2022,dry,annotated,0,682605,5078925,141300,0.0191082802547771,0.05609789490699768,1.633636474609375,0.257568359375,0,0.07692307978868484,5,0.07169999927282333,0.17159999907016754,0.1509999930858612,-0.3978779911994934,-0.1838494688272476
9036464,2022,dry,annotated,0,683025,5079405,15300,0.0392156862745098,0.11396248638629912,0.431060791015625,-0.105865478515625,0,0,5,0.05184999853372574,0.10909999907016754,0.18664999306201935,-0.4986160099506378,-0.375227689743042
9036954,2022,dry,annotated,0,683055,5079315,15300,0.0392156862745098,0.1520048975944519,0.094390869140625,-0.442535400390625,0,0,5,0.05254999920725822,0.10939999669790268,0.20309999585151672,-0.5668007731437683,-0.5095541477203369
9037261,2022,dry,annotated,0,683115,5079405,15300,0.0392156862745098,0.07845479249954224,0.322540283203125,-0.214385986328125,0,0,5,0.05950000137090683,0.13089999556541443,0.2175000011920929,-0.5506283044815063,-0.4826883971691131
9024863,2022,dry,annotated,0,681495,5086485,10800,0.0611111111111111,0.5368465185165405,3.177276611328125,0.13116455078125,0.0357142873108387,0,5,0.04919999837875366,0.14470000565052032,0.1379999965429306,-0.4959349632263184,-0.41546961665153503
9023905,2022,dry,annotated,0,681315,5086995,20700,0.0463768115942029,0.2658213675022125,0.796356201171875,-0.9779052734375,0,0,5,0.0527999997138977,0.11500000208616255,0.21330000460147855,-0.6031566858291626,-0.4753086566925049
9024009,2022,dry,annotated,0,681345,5087055,20700,0.0463768115942029,0.0989079549908638,1.735504150390625,-0.03875732421875,0,0,5,0.04120000079274177,0.08420000225305557,0.1339000016450882,-0.5452971458435059,-0.513864278793335
8805308,2022,dry,annotated,0,679575,5101125,10800,0.0555555555555556,0.07125040888786316,0.714813232421875,-0.10595703125,0.03999999910593033,0,5,0.05150000005960464,0.09380000084638596,0.21050000190734863,-0.6068702340126038,-0.6068702340126038
8805421,2022,dry,annotated,0,679665,5101155,10800,0.0555555555555556,0.18169479072093964,0.671417236328125,-0.14935302734375,0,0,5,0.03945000097155571,0.08224999904632568,0.15139999985694885,-0.5597615242004395,-0.49340370297431946
4036470,2022,dry,annotated,0,680535,5126355,81900,0.0380952380952381,0.43767300248146057,1.59503173828125,-0.108245849609375,0,0,5,0.0771000012755394,0.1753000020980835,0.2089499980211258,-0.4522574841976166,-0.3728414475917816
4036678,2022,dry,annotated,0,680565,5126415,81900,0.0380952380952381,0.2684294879436493,2.03887939453125,0.335601806640625,0.06666667014360428,0.0833333358168602,5,0.06509999930858612,0.14589999616146088,0.16099999845027924,-0.3855421543121338,-0.2104305624961853
4037829,2022,dry,annotated,0,680805,5126385,81900,0.0380952380952381,0.2198133021593094,1.08416748046875,-0.619110107421875,0,0,5,0.09070000052452087,0.1710000038146973,0.2492000013589859,-0.4641598165035248,-0.4276838004589081
3477821,2022,dry,annotated,0,651195,5164815,1611900,0.0199143867485576,0.08694867789745331,2.683380126953125,-0.874176025390625,0,0,5,0.05150000005960464,0.10984999686479568,0.21709999442100525,-0.5891522765159607,-0.5070422291755676
3483446,2022,em_veg,annotated,0,652095,5165625,1611900,0.0199143867485576,0.4204207956790924,2.307464599609375,-1.250091552734375,0,0,5,0.05220000073313713,0.16089999675750732,0.13269999623298645,-0.5008928775787354,-0.4353704750537872
3483619,2022,deep_viz,annotated,0,652095,5165685,1611900,0.0199143867485576,1.1468507051467896,4.684844970703125,1.127288818359375,0.7749999761581421,0.7777777910232544,4,0.04304999858140945,0.09200000017881392,0.08919999748468399,-0.3796299695968628,-0.0784313753247261
3483791,2022,deep_viz,annotated,0,652155,5165985,1611900,0.0199143867485576,0.6609330177307129,5.502197265625,1.94464111328125,0.925000011920929,0.7894737124443054,3,0.0236000008881092,0.06459999829530716,0.05999999865889549,-0.4354066848754883,-0.4354066848754883
3483792,2022,deep_viz,annotated,0,652125,5165835,1611900,0.0199143867485576,0.6678466796875,5.834259033203125,2.276702880859375,0.9534883499145508,0.6842105388641357,4,0.03519999980926514,0.08389999717473984,0.09395000338554382,-0.4687653779983521,-0.4265734255313874
3484239,2022,em_veg,annotated,0,652245,5165835,1611900,0.0199143867485576,0.6265200972557068,2.9906005859375,-0.56695556640625,0,0,5,0.05099999904632568,0.15080000460147858,0.21960000693798065,-0.609739363193512,-0.4803871512413025
3484928,2022,dry,annotated,0,652395,5165895,1611900,0.0199143867485576,0.29721012711524963,2.5396728515625,-1.01788330078125,0,0,5,0.048700001090765,0.13040000200271606,0.1891999989748001,-0.6027107238769531,-0.4542787373065949
3485367,2022,dry,annotated,0,652485,5165895,1611900,0.0199143867485576,1.3924118280410769,3.253631591796875,-0.303924560546875,0.06060606241226196,0.29411765933036804,5,0.05674999952316284,0.2044000029563904,0.1518000066280365,-0.4526560604572296,-0.414838045835495
3464579,2022,terrain,annotated,0,649425,5165865,914400,0.00564304461942257,0.913693070411682,1.846435546875,0.052886962890625,0,0,5,0.0593000017106533,0.10289999842643738,0.09730000048875807,-0.25362738966941833,-0.09327217191457748
3470313,2022,dry,annotated,0,650205,5165055,914400,0.00564304461942257,0.05832644551992416,1.145904541015625,-0.64764404296875,0,0,5,0.05290000140666962,0.12240000069141388,0.20960000157356265,-0.5969523787498474,-0.5811870098114014
3473240,2022,dry,annotated,0,650625,5165175,914400,0.00564304461942257,0.5592606663703918,1.032073974609375,-0.761474609375,0,0,5,0.05874999985098839,0.1148499995470047,0.14550000429153442,-0.376198410987854,-0.2724117934703827
3455386,2022,deep_water,random_draw,0,647445,5162745,5400,0.0555555555555556,0.07300573587417603,0.767974853515625,0.033599853515625,0.53125,0.800000011920929,5,0.02529999986290931,0.02180000022053718,0.06174999848008156,-0.3823428750038147,1
3441656,2022,shallow_viz,annotated,1,644055,5162835,60300,0.0208955223880597,0.05730621889233589,0.529388427734375,0.08349609375,0.12195122241973876,0,5,0.02319999970495701,0.02730000019073486,0.02449999935925007,-0.11450381577014924,0.1317494660615921
3441659,2022,shallow_viz,annotated,1,644085,5162685,60300,0.0208955223880597,0.06351849436759949,0.678436279296875,0.2325439453125,0.17073170840740204,0,5,0.01979999989271164,0.02820000052452087,0.02859999984502792,-0.1818181872367859,0.44628098607063293
3441075,2022,dry,annotated,0,643965,5162925,60300,0.0208955223880597,0.05695433914661407,0.319305419921875,-0.1265869140625,0.04347826167941093,0,5,0.05844999849796295,0.11500000208616255,0.179299995303154,-0.503271758556366,-0.2926267385482788
3441262,2022,dry,annotated,0,643995,5162985,60300,0.0208955223880597,0.1170368194580078,0.058990478515625,-0.38690185546875,0,0,5,0.07069999724626541,0.13850000500679016,0.23680000007152557,-0.558072030544281,-0.5314778089523315
3441878,2022,dry,annotated,0,644115,5162895,60300,0.0208955223880597,0.05776563659310341,0.28778076171875,-0.158111572265625,0.02272727340459823,0,5,0.05469999834895134,0.11309999972581863,0.1597999930381775,-0.489976704120636,-0.4544095695018768
3434432,2022,shallow_viz,annotated,1,642375,5162655,90900,0.0297029702970297,0.08739753067493439,1.1148681640625,-0.067230224609375,0.02380952425301075,0,5,0.04069999977946281,0.09160000085830688,0.11309999972581863,-0.4963890314102173,-0.3993231952190399
3434612,2022,shallow_viz,annotated,1,642435,5162775,90900,0.0297029702970297,0.06652769446372986,1.464111328125,0.282012939453125,0.2380952388048172,0,5,0.02239999920129776,0.02675000019371509,0.031700000166893,-0.20641429722309113,0.3693693578243256
3434202,2022,dry,annotated,0,642315,5162595,90900,0.0297029702970297,0.24385406076908112,0.9918212890625,-0.190277099609375,0,0,5,0.06400000303983688,0.15520000457763672,0.17389999330043793,-0.4897155463695526,-0.3411584496498108
3434520,2022,dry,annotated,0,642405,5162835,90900,0.0297029702970297,0.08932676911354065,0.99993896484375,-0.182159423828125,0,0,5,0.0640999972820282,0.13465000689029694,0.2085999995470047,-0.5259174108505249,-0.4774458110332489
3435005,2022,dry,annotated,0,642525,5162625,90900,0.0297029702970297,0.05860957503318786,1.078887939453125,-0.10321044921875,0,0,5,0.0494999997317791,0.11100000143051147,0.1517000049352646,-0.5145436525344849,-0.4663499593734741
3425812,2022,shallow_viz,annotated,1,639045,5159385,9900,0.0545454545454545,0.0720977708697319,0.59844970703125,0.167327880859375,0.02702702768146991,0,5,0.01600000075995922,0.04179999977350235,0.0560000017285347,-0.4944707751274109,-0.1214953288435936
3425282,2022,dry,annotated,0,638895,5159385,9900,0.0545454545454545,0.2259231060743332,0.099212646484375,-0.3319091796875,0,0,5,0.07100000232458115,0.1535000056028366,0.1899999976158142,-0.5342706441879272,-0.3634732663631439
3425933,2022,dry,annotated,0,639075,5159325,9900,0.0545454545454545,0.0652359277009964,0.1715087890625,-0.259613037109375,0,0,5,0.07010000199079514,0.13349999487400055,0.19840000569820404,-0.4895397424697876,-0.477839857339859
3426084,2022,dry,annotated,0,639105,5159385,9900,0.0545454545454545,0.07329156249761581,0.15692138671875,-0.274200439453125,0,0,5,0.05959999933838844,0.11219999939203262,0.18369999527931213,-0.5203219056129456,-0.4796918630599976
3419835,2022,em_veg,random_draw,0,636945,5159295,7200,0.05,0.09673804044723512,0.164459228515625,-0.308441162109375,0,0,5,0.06759999692440033,0.16590000689029694,0.23600000143051147,-0.5819436311721802,-0.5546771883964539
3420016,2022,em_veg,random_draw,0,637035,5159265,7200,0.05,0.1028348058462143,0.41473388671875,-0.05816650390625,0.03125,0,5,0.03940000012516975,0.0982000008225441,0.11949999630451202,-0.49952784180641174,-0.49518126249313354
3393077,2022,dry,annotated,0,629865,5159115,900,0.133333333333333,0.0849081352353096,-0.043426513671875,-0.105560302734375,0,0,5,0.08160000294446945,0.19099999964237213,0.3246000111103058,-0.5982275009155273,-0.5412280559539795
3387637,2022,dry,annotated,0,628545,5158845,212400,0.0141242937853107,0.07116380333900452,0.481903076171875,-0.2601318359375,0.03225806355476379,0,5,0.05485000088810921,0.23499999940395355,0.17865000665187836,-0.5281605124473572,-0.49520766735076904
3387639,2022,dry,annotated,0,628515,5158695,212400,0.0141242937853107,0.09124581515789032,0.72979736328125,-0.012237548828125,0.09375,0,5,0.02924999967217445,0.13269999623298645,0.07810000330209732,-0.4530204236507416,-0.43991178274154663
3387684,2022,dry,annotated,0,628545,5158395,212400,0.0141242937853107,0.07916051894426346,0.503021240234375,-0.239013671875,0,0,5,0.0617000013589859,0.29170000553131104,0.2071000039577484,-0.5390885472297668,-0.5218907594680786
3385608,2022,dry,annotated,0,627945,5159355,82800,0.0282608695652174,0.07703863829374313,0.537811279296875,-0.002288818359375,0.03030303120613098,0,5,0.05040000006556511,0.16820000112056732,0.10740000009536745,-0.40740740299224854,-0.3341614902019501
3385610,2022,dry,annotated,0,627945,5159085,82800,0.0282608695652174,0.07856199145317078,0.459564208984375,-0.080535888671875,0.09375,0,5,0.05505000054836273,0.18960000574588776,0.1683499962091446,-0.5056625008583069,-0.4875549077987671
3386240,2022,dry,annotated,0,628095,5159205,82800,0.0282608695652174,0.06884703785181046,0.5841064453125,0.04400634765625,0.14705882966518402,0,5,0.03379999846220016,0.11174999922513962,0.0815500020980835,-0.41372638940811157,-0.4113135039806366
3385505,2022,dry,annotated,0,627945,5158635,45900,0.0261437908496732,0.05657552555203438,0.474761962890625,-0.0618896484375,0.02941176481544971,0,5,0.05319999903440475,0.22754999995231628,0.14229999482631683,-0.44356343150138855,-0.3656761646270752
3385525,2022,dry,annotated,0,627945,5158845,45900,0.0261437908496732,0.04683283343911171,0.461456298828125,-0.0751953125,0.09375,0,5,0.04800000041723251,0.2053000032901764,0.1326500028371811,-0.45561060309410095,-0.3887362778186798
3385652,2022,dry,annotated,0,627975,5158755,45900,0.0261437908496732,0.0484805554151535,0.5057373046875,-0.030914306640625,0.05882352963089943,0,5,0.03869999945163727,0.1729000061750412,0.09790000319480896,-0.3744193911552429,-0.21004566550254825
3497730,2022,dry,annotated,0,655065,5165955,14400,0.0416666666666667,0.18242402374744415,0.4029541015625,-0.041839599609375,0,0,5,0.05059999972581863,0.13809999823570251,0.2085999995470047,-0.5606229305267334,-0.3810994327068329
3498291,2022,dry,annotated,0,655125,5165895,14400,0.0416666666666667,0.17944732308387756,0.732025146484375,0.2872314453125,0,0,5,0.04210000112652778,0.1339000016450882,0.21230000257492063,-0.6499718427658081,-0.600632905960083
3383583,2022,dry,annotated,0,627435,5158725,140400,0.0136752136752137,0.05981415882706642,0.6622314453125,-0.056976318359375,0.09375,0,5,0.03610000014305115,0.11940000206232072,0.06219999864697456,-0.2864529490470886,-0.18325792253017423
3384541,2022,dry,annotated,0,627645,5158845,140400,0.0136752136752137,0.05911629647016525,0.5860595703125,-0.133148193359375,0.09375,0,5,0.05579999834299087,0.19984999299049375,0.13979999721050262,-0.4288332164287567,-0.41716134548187256
3384677,2022,dry,annotated,0,627675,5158545,140400,0.0136752136752137,0.129784494638443,0.596527099609375,-0.1226806640625,0.09090909361839294,0,5,0.0471000000834465,0.12559999525547028,0.13369999825954437,-0.4537680447101593,-0.3988513052463531
3376733,2022,shallow_viz,annotated,1,625515,5158905,45900,0.0235294117647059,0.07904419302940369,1.342437744140625,0.10906982421875,0.12903225421905518,0,5,0.02795000001788139,0.03370000049471855,0.03274999931454658,-0.0992291122674942,-0.02464332059025764
3376775,2022,shallow_viz,annotated,1,625515,5158785,45900,0.0235294117647059,0.11775746196508408,1.43829345703125,0.204925537109375,0.1875,0,5,0.0175000000745058,0.02769999951124191,0.02490000054240226,-0.1745283007621765,0.02735562250018119
3376692,2022,dry,annotated,0,625515,5158965,45900,0.0235294117647059,0.34735724329948425,0.555908203125,-0.677459716796875,0,0,5,0.0980999991297722,0.23759999871253967,0.2754000127315521,-0.4777103662490845,-0.4634946584701538
3377063,2022,dry,annotated,0,625605,5158755,45900,0.0235294117647059,0.10621285438537598,0.942138671875,-0.291229248046875,0,0,5,0.06949999928474426,0.14579999446868896,0.20069999992847443,-0.49967679381370544,-0.48556625843048096
3377733,2022,dry,annotated,0,625725,5158905,45900,0.0235294117647059,0.1484610140323639,1.021514892578125,-0.21185302734375,0,0,5,0.06424999982118607,0.17024999856948853,0.21095000207424164,-0.5330992937088013,-0.531383752822876
3375457,2022,dry,annotated,0,625245,5160135,63000,0.0228571428571429,0.11275941878557204,0.237274169921875,-0.2706298828125,0,0,5,0.05220000073313713,0.1128000020980835,0.1712999939918518,-0.5328859090805054,-0.5132676362991333
3375569,2022,dry,annotated,0,625275,5159985,63000,0.0228571428571429,0.1392059177160263,0.3375244140625,-0.170379638671875,0.09090909361839294,0,5,0.04859999939799309,0.0908000022172928,0.1186000034213066,-0.4403989911079407,-0.4186602830886841
3375913,2022,dry,annotated,0,625335,5160135,63000,0.0228571428571429,0.04660780355334282,0.404998779296875,-0.1029052734375,0,0,5,0.04520000144839287,0.1055999994277954,0.15029999613761902,-0.5375959277153015,-0.5288461446762085
3376301,2022,dry,annotated,0,625425,5159985,135000,0.0164444444444444,0.07241464406251907,0.711029052734375,-0.122711181640625,0.0625,0,5,0.04089999943971634,0.09910000115633012,0.1202000007033348,-0.4993880093097687,-0.4267062246799469
3376904,2022,dry,annotated,0,625545,5160225,135000,0.0164444444444444,0.07065808027982712,0.58050537109375,-0.25323486328125,0,0,5,0.04470000043511391,0.11069999635219574,0.17399999499320984,-0.5776162147521973,-0.5552747845649719
3377061,2022,dry,annotated,0,625575,5159955,135000,0.0164444444444444,0.06885426491498947,0.737579345703125,-0.096160888671875,0.0882352963089943,0,5,0.04794999957084656,0.1019499972462654,0.1243000030517578,-0.4416593611240387,-0.3685459792613983
3373842,2022,co_precise,annotated,1,624855,5160495,198000,0.0172727272727273,0.05604419112205505,0.572662353515625,0.062591552734375,0.13333334028720856,0,5,0.02649999968707561,0.04639999940991402,0.02910000085830688,-0.03811252117156982,0.00512820528820157
3373946,2022,shallow_viz,annotated,1,624855,5160405,198000,0.0172727272727273,0.0402364432811737,0.546142578125,0.03607177734375,0.09677419066429138,0,5,0.02470000088214874,0.04720000177621841,0.02549999952316284,0.01834862306714058,0.06593406945466995
3373619,2022,dry,annotated,0,624765,5160465,198000,0.0172727272727273,0.12594439089298248,0.271453857421875,-0.238616943359375,0,0,5,0.04670000076293945,0.11259999871253969,0.1565999984741211,-0.5469879508018494,-0.5405804514884949
3373775,2022,dry,annotated,0,624795,5160315,198000,0.0172727272727273,0.08457478880882263,0.17315673828125,-0.3369140625,0,0,5,0.05370000004768371,0.11180000007152556,0.16820000112056732,-0.5159981846809387,-0.5113452076911926
3375095,2022,dry,annotated,0,625215,5160525,198000,0.0172727272727273,0.1575719714164734,0.4735107421875,-0.03656005859375,0.03448275849223137,0,5,0.03379999846220016,0.06599999964237213,0.09040000289678574,-0.5026929974555969,-0.4557165801525116
3373277,2022,shallow_viz,annotated,1,624675,5160675,16200,0.0407407407407407,0.08709600567817688,0.370819091796875,0.007049560546875,0.16129031777381897,0,5,0.02080000005662441,0.05249999836087227,0.04104999825358391,-0.3205346167087555,-0.2921108603477478
3373318,2022,shallow_viz,annotated,1,624675,5160765,16200,0.0407407407407407,0.06495194137096405,0.368011474609375,0.004241943359375,0.16129031777381897,0,5,0.01970000006258487,0.05654999986290932,0.05445000156760216,-0.468513160943985,-0.4674922525882721
3373252,2022,dry,annotated,0,624675,5160585,16200,0.0407407407407407,0.11008044332265854,0.22216796875,-0.1416015625,0.1034482792019844,0,5,0.04740000143647194,0.12060000002384186,0.1243000030517578,-0.4428457915782929,-0.42042040824890137
3373067,2022,shallow_viz,annotated,1,624615,5160495,18900,0.0476190476190476,0.10968078672885896,0.4892578125,-0.086639404296875,0.10000000149011612,0,5,0.04520000144839287,0.08540000021457672,0.10989999771118164,-0.4752567708492279,-0.4171502292156219
3373177,2022,shallow_viz,annotated,1,624645,5160435,18900,0.0476190476190476,0.06976839900016785,0.528961181640625,-0.04693603515625,0.06666667014360428,0,5,0.03339999914169311,0.07180000096559525,0.08250000327825546,-0.5242805480957031,-0.4236410558223725
3372691,2022,dry,annotated,0,624495,5160495,18900,0.0476190476190476,0.12735232710838318,0.052490234375,-0.523406982421875,0,0,5,0.07169999927282333,0.1449999958276749,0.24240000545978543,-0.5575369000434875,-0.5434575080871582
3373087,2022,dry,annotated,0,624615,5160525,18900,0.0476190476190476,0.2676403224468231,0.392913818359375,-0.1829833984375,0.0357142873108387,0,5,0.05739999935030937,0.12720000743865967,0.15080000460147858,-0.47134503722190857,-0.4486071169376374
3373135,2022,dry,annotated,0,624615,5160405,18900,0.0476190476190476,0.07103246450424194,0.290924072265625,-0.28497314453125,0,0,5,0.05609999969601631,0.1120000034570694,0.17329999804496765,-0.5133669376373291,-0.5108979940414429
3372367,2022,shallow_viz,annotated,1,624405,5160705,9900,0.0666666666666667,0.08513495326042175,0.527740478515625,0.01123046875,0.09375,0,5,0.04080000147223472,0.07069999724626541,0.09920000284910202,-0.4819277226924896,-0.4171428680419922
3372514,2022,shallow_viz,annotated,1,624435,5160645,9900,0.0666666666666667,0.10615259408950806,0.51715087890625,6.40869140625e-4,0.12903225421905518,0,5,0.04149999842047691,0.06480000168085098,0.08139999955892563,-0.46368715167045593,-0.3246541917324066
3372303,2022,dry,annotated,0,624375,5160735,9900,0.0666666666666667,0.07767415791749954,0.24310302734375,-0.273406982421875,0,0,5,0.05990000069141388,0.11190000176429749,0.18379999697208405,-0.5084120035171509,-0.4828326106071472
3372482,2022,dry,annotated,0,624435,5160585,9900,0.0666666666666667,0.1173686906695366,0.015777587890625,-0.500732421875,0,0,5,0.0608999989926815,0.12559999525547028,0.19619999825954437,-0.5262543559074402,-0.5166780352592468
3372755,2022,dry,annotated,0,624495,5160645,9900,0.0666666666666667,0.14704713225364685,0.41552734375,-0.100982666015625,0.13793103396892548,0,5,0.04760000109672546,0.07940000295639038,0.11980000138282776,-0.44875505566596985,-0.4313022792339325
3369622,2022,dry,annotated,0,623775,5160765,10800,0.0555555555555556,0.09909556061029434,0.32000732421875,-0.103118896484375,0.1428571492433548,0,5,0.04280000180006027,0.09070000052452087,0.11900000274181366,-0.5285714268684387,-0.470951795578003
3369771,2022,dry,annotated,0,623805,5160705,10800,0.0555555555555556,0.1103617548942566,0.01763916015625,-0.405487060546875,0,0,5,0.06480000168085098,0.1242000013589859,0.1955000013113022,-0.503180205821991,-0.5021129250526428
3369818,2022,dry,annotated,0,623805,5160585,10800,0.0555555555555556,0.14084680378437042,0.3189697265625,-0.104156494140625,0.1111111119389534,0,5,0.0478999987244606,0.08720000088214874,0.11209999769926073,-0.4967367649078369,-0.4012500047683716
3365269,2022,dry,annotated,0,622755,5160765,216000,0.0230555555555556,0.13817110657691956,0.89300537109375,-0.16424560546875,0.07692307978868484,0,5,0.05225000157952309,0.17055000364780426,0.1416500061750412,-0.461872935295105,-0.42770782113075256
3366087,2022,dry,annotated,0,622965,5160795,216000,0.0230555555555556,0.16209784150123596,0.91961669921875,-0.13763427734375,0.1111111119389534,0,5,0.0507499985396862,0.13695000112056732,0.14345000684261322,-0.4800755083560944,-0.46354398131370544
3367344,2022,dry,annotated,0,623235,5160645,216000,0.0230555555555556,0.09656371921300888,0.8939208984375,-0.163330078125,0.07999999821186066,0,5,0.03420000150799751,0.08150000125169754,0.07670000195503235,-0.3832281231880188,-0.3832281231880188
3363469,2022,dry,annotated,0,622185,5162055,27900,0.0279569892473118,0.0684477761387825,0.0904541015625,-0.263916015625,0,0,5,0.08720000088214874,0.17489999532699585,0.25450000166893005,-0.4962671995162964,-0.4896107614040375
3361683,2022,shallow_viz,annotated,1,621585,5162265,39600,0.0287878787878788,0.03945505991578102,0.2828369140625,0.047454833984375,0.02631578966975212,0,5,0.01730000041425228,0.04450000077486038,0.02429999969899654,-0.4748603403568268,-0.16826923191547394
3361821,2022,shallow_viz,annotated,1,621615,5162325,39600,0.0287878787878788,0.05023527517914772,0.30621337890625,0.070831298828125,0.02857142873108387,0,5,0.02490000054240226,0.04280000180006027,0.02390000037848949,-0.1719745248556137,0.02049180306494236
3361544,2022,dry,annotated,0,621555,5162355,39600,0.0287878787878788,0.05603548884391785,0.122802734375,-0.112579345703125,0,0,5,0.06970000267028809,0.1525000035762787,0.19050000607967377,-0.46425825357437134,-0.4416154623031616
3362072,2022,dry,annotated,0,621705,5162325,39600,0.0287878787878788,0.04666156321763992,0.12994384765625,-0.105438232421875,0,0,5,0.05999999865889549,0.13459999859333038,0.15710000693798065,-0.4472593367099762,-0.41292640566825867
3362800,2022,dry,annotated,0,621945,5162295,1800,0.1,0.05820657685399055,0.065338134765625,-0.029541015625,0,0,5,0.0851999968290329,0.1932000070810318,0.28220000863075256,-0.5362003445625305,-0.4943351149559021
3362108,2022,shallow_viz,annotated,1,621705,5162655,63000,0.0285714285714286,0.06006340682506561,0.94281005859375,0.082611083984375,0.03448275849223137,0,5,0.02305000089108944,0.04540000110864639,0.03999999910593033,-0.18259648978710177,0.11210761964321136
3362624,2022,shallow_viz,annotated,1,621855,5162505,63000,0.0285714285714286,0.07146772742271423,0.76605224609375,-0.094146728515625,0,0,5,0.04320000112056732,0.10050000250339508,0.10140000283718108,-0.516339898109436,-0.40248963236808777
3361859,2022,dry,annotated,0,621645,5162655,63000,0.0285714285714286,0.06606641411781311,0.72064208984375,-0.139556884765625,0,0,5,0.06639999896287918,0.14419999718666077,0.15770000219345093,-0.462803453207016,-0.40740740299224854
3362211,2022,dry,annotated,0,621765,5162595,63000,0.0285714285714286,0.05343807861208916,0.745758056640625,-0.11444091796875,0,0,5,0.05319999903440475,0.11659999936819077,0.10289999842643738,-0.3865814805030823,-0.31838566064834595
3362481,2022,dry,annotated,0,621825,5162625,63000,0.0285714285714286,0.06510337442159653,0.722198486328125,-0.13800048828125,0,0,5,0.06310000270605087,0.13089999556541443,0.16089999675750732,-0.48288753628730774,-0.43660715222358704
3362404,2022,shallow_viz,annotated,1,621825,5162805,27900,0.0408602150537634,0.06665995717048645,0.60565185546875,-0.00604248046875,0,0,5,0.03040000051259994,0.08330000191926956,0.08529999852180481,-0.5781683921813965,-0.3419913351535797
3362655,2022,shallow_viz,annotated,1,621915,5162685,27900,0.0408602150537634,0.06222676113247871,0.619659423828125,0.007965087890625,0.0625,0,5,0.02019999921321869,0.04349999874830246,0.03510000184178352,-0.5145630836486816,-0.2694394290447235
3362501,2022,dry,annotated,0,621855,5162715,27900,0.0408602150537634,0.05795086547732353,0.492919921875,-0.1187744140625,0,0,5,0.04050000011920929,0.10239999741315842,0.12110000103712082,-0.502699077129364,-0.4987623691558838
3362807,2022,dry,annotated,0,621945,5162685,27900,0.0408602150537634,0.07394267618656158,0.55694580078125,-0.05474853515625,0.03225806355476379,0,5,0.02820000052452087,0.06840000301599503,0.06989999860525131,-0.5429447889328003,-0.4250764548778534
3363051,2022,dry,annotated,0,622005,5162685,27900,0.0408602150537634,0.38023483753204346,0.5545654296875,-0.05712890625,0.03125,0,5,0.04470000043511391,0.0957999974489212,0.10040000081062316,-0.3823975622653961,-0.3512786030769348
3364017,2022,shallow_viz,annotated,1,622335,5162775,1800,0.1,0.08652099967002869,0.191131591796875,-0.124420166015625,0,0,5,0.04019999876618385,0.0877000018954277,0.1388999968767166,-0.5388942956924438,-0.5012386441230774
3363843,2022,dry,annotated,0,622305,5162775,1800,0.1,0.10427121073007584,0.180084228515625,-0.135467529296875,0,0,5,0.04600000008940697,0.08995000272989273,0.14274999499320984,-0.50791996717453,-0.48703956604003906
3358928,2022,shallow_viz,annotated,1,620565,5163435,3600,0.0833333333333333,0.06680053472518921,0.178497314453125,0.023529052734375,0,0,5,0.02199999988079071,0.05290000140666962,0.06289999932050705,-0.4271685779094696,-0.3931339979171753
3359020,2022,shallow_viz,annotated,1,620595,5163435,3600,0.0833333333333333,0.04995295405387878,0.15283203125,-0.00213623046875,0,0,5,0.02539999969303608,0.06499999761581421,0.0828000009059906,-0.47462156414985657,-0.44789761304855347
3358045,2022,shallow_viz,annotated,1,620295,5163705,6300,0.0666666666666667,0.102031908929348,0.474334716796875,0.139617919921875,0.1071428582072258,0,5,0.02140000090003013,0.08290000259876251,0.06830000132322311,-0.4689826369285583,-0.4527027010917664
3357718,2022,dry,annotated,0,620175,5163705,6300,0.0666666666666667,0.1732155978679657,0.022216796875,-0.3125,0,0,5,0.06589999794960022,0.28780001401901245,0.21220000088214871,-0.5156576037406921,-0.4977134168148041
3357949,2022,dry,annotated,0,620265,5163735,6300,0.0666666666666667,0.07849141210317612,0.24072265625,-0.093994140625,0,0,5,0.05380000174045563,0.24979999661445615,0.1623000055551529,-0.4943544566631317,-0.48178136348724365
3358215,2022,dry,annotated,0,620325,5163735,6300,0.0666666666666667,0.11608952283859252,0.03753662109375,-0.29718017578125,0,0,5,0.05590000003576279,0.31790000200271606,0.1891999989748001,-0.5438596606254578,-0.5315161943435669
3357698,2022,shallow_viz,annotated,1,620205,5163645,8100,0.0592592592592593,0.05407650768756866,0.30010986328125,-0.00531005859375,0,0,5,0.02390000037848949,0.05820000171661377,0.05790000036358833,-0.4156479239463806,-0.3107511103153229
3357903,2022,shallow_viz,annotated,1,620265,5163645,8100,0.0592592592592593,0.07451685518026352,0.4658203125,0.160400390625,0.03448275849223137,0,5,0.0210999995470047,0.04050000011920929,0.04589999839663505,-0.3701492547988891,-0.29600000381469727
3358106,2022,dry,annotated,0,620295,5163615,8100,0.0592592592592593,0.05675610527396202,0.051727294921875,-0.253692626953125,0,0,5,0.05750000104308128,0.1185000017285347,0.16590000689029694,-0.5250940918922424,-0.4852283000946045
3356129,2022,shallow_viz,annotated,1,619755,5163735,900,0.133333333333333,0.07025442272424698,0.134033203125,0,0,0,5,0.04360000044107437,0.08820000290870667,0.1281999945640564,-0.5395033955574036,-0.4668192267417908
3356183,2022,dry,annotated,0,619785,5163765,900,0.133333333333333,0.0480530746281147,0.0067138671875,-0.1273193359375,0,0,5,0.05490000173449516,0.10520000010728836,0.1923000067472458,-0.5828799605369568,-0.5558252334594727
3356528,2022,shallow_viz,annotated,1,619875,5163735,10800,0.0444444444444444,0.08351002633571625,0.441375732421875,0.00830078125,0.03125,0,5,0.03009999915957451,0.06040000170469284,0.05770000070333481,-0.31200000643730164,-0.2395273894071579
3356838,2022,dry,annotated,0,619935,5163735,10800,0.0444444444444444,0.06532345712184906,0.44390869140625,0.010833740234375,0,0,5,0.05139999836683273,0.19419999420642853,0.1436000019311905,-0.472820520401001,-0.4631170332431793
3356920,2022,dry,annotated,0,619965,5163705,10800,0.0444444444444444,0.06067312136292457,0.46527099609375,0.032196044921875,0,0,5,0.04520000144839287,0.15860000252723694,0.10740000009536745,-0.4076015651226044,-0.38101983070373535
3353434,2022,shallow_viz,annotated,1,618915,5163465,6300,0.0571428571428571,0.10602056235074996,0.22296142578125,-0.15521240234375,0.03125,0,5,0.03545000031590462,0.08195000141859055,0.12304999679327012,-0.5391286015510559,-0.4833333194255829
3353497,2022,shallow_viz,annotated,1,618975,5163555,6300,0.0571428571428571,0.13021279871463776,0.28057861328125,-0.09759521484375,0.03125,0,5,0.03254999965429306,0.08164999634027481,0.12804999947547913,-0.5932150483131409,-0.5687830448150635
3352290,2022,dry,annotated,0,618585,5163555,9000,0.0466666666666667,0.12388215214014052,0.202606201171875,-0.263519287109375,0,0,5,0.04540000110864639,0.09960000216960908,0.1420000046491623,-0.5152826905250549,-0.5138121843338013
3350833,2022,dry,annotated,0,618285,5163585,2700,0.0888888888888889,0.1398758739233017,0.35369873046875,-0.053924560546875,0.11764705926179886,0,5,0.02710000053048134,0.05299999937415123,0.07909999787807465,-0.48819640278816223,-0.4743709266185761
3350908,2022,shallow_viz,annotated,1,618285,5163735,7200,0.05,0.09903737157583235,0.4649658203125,0.047576904296875,0.125,0,5,0.01339999958872795,0.04859999939799309,0.06750000268220901,-0.6687268018722534,-0.6687268018722534
3351241,2022,shallow_viz,annotated,1,618345,5163705,7200,0.05,0.0953591614961624,0.782501220703125,0.3651123046875,0.1818181872367859,0,5,0.01370000001043081,0.01659999974071979,0.02370000071823597,-0.23033708333969116,-0.2152466326951981
3350840,2022,dry,annotated,0,618315,5163675,7200,0.05,0.13320158421993256,0.29510498046875,-0.122283935546875,0.1764705926179886,0,5,0.02950000017881393,0.06100000068545341,0.08110000193119049,-0.4692029058933258,-0.39362794160842896
3349562,2022,shallow_viz,annotated,1,618075,5163555,9000,0.0466666666666667,0.06230655312538147,1.25726318359375,0.22503662109375,0.02857142873108387,0,5,0.02490000054240226,0.04270000010728836,0.04520000144839287,-0.30351439118385315,-0.28958630561828613
3348998,2022,dry,annotated,0,618015,5163585,9000,0.0466666666666667,0.1440608948469162,0.868988037109375,-0.163238525390625,0.0882352963089943,0.0476190485060215,5,0.05620000138878822,0.16940000653266907,0.15780000388622284,-0.4779377579689026,-0.4539565145969391
3349187,2022,dry,annotated,0,618045,5163525,9000,0.0466666666666667,0.1677844375371933,1.04119873046875,0.00897216796875,0,0,5,0.05310000106692314,0.13940000534057617,0.1429000049829483,-0.4908711612224579,-0.44016867876052856
3349760,2022,dry,annotated,0,618135,5163555,9000,0.0466666666666667,0.2024725079536438,0.461822509765625,-0.570404052734375,0,0,5,0.0714000016450882,0.16359999775886536,0.28870001435279846,-0.5945762991905212,-0.5940756797790527
3348586,2022,shallow_viz,annotated,1,617925,5163675,24300,0.037037037037037,0.04464498907327652,0.9306640625,0.218017578125,0.1111111119389534,0.05000000074505806,5,0.02539999969303608,0.04659999907016754,0.04369999840855598,-0.1519198715686798,-0.09661229699850082
3349513,2022,shallow_viz,annotated,1,618075,5163765,24300,0.037037037037037,0.06018706411123276,0.662994384765625,-0.049652099609375,0.06060606241226196,0,5,0.02690000087022781,0.0674000009894371,0.06939999759197235,-0.4413291811943054,-0.4413291811943054
3348979,2022,terrain,annotated,0,617985,5163645,24300,0.037037037037037,0.22212940454483032,0.77655029296875,0.06390380859375,0.11428571492433548,0,5,0.03700000047683716,0.11460000276565552,0.09709999710321426,-0.4359756112098694,-0.40115439891815186
3349062,2022,dry,annotated,0,618015,5163675,24300,0.037037037037037,0.13010887801647186,0.532745361328125,-0.179901123046875,0,0.05000000074505806,5,0.05240000039339065,0.15189999341964722,0.1551000028848648,-0.5009523630142212,-0.4792560935020447
3349460,2022,dry,annotated,0,618075,5163705,24300,0.037037037037037,0.09061135351657867,0.4075927734375,-0.3050537109375,0,0,5,0.04930000007152557,0.1243000030517578,0.1785999983549118,-0.5673540830612183,-0.5669882297515869
3349828,2022,dry,annotated,0,618135,5163795,24300,0.037037037037037,0.15236561000347135,0.21331787109375,-0.49932861328125,0,0,5,0.06520000100135803,0.1776999980211258,0.2221000045537949,-0.5461190342903137,-0.5461190342903137
3347225,2022,shallow_viz,annotated,1,617775,5163945,18000,0.0366666666666667,0.096694715321064,0.4744873046875,0.143951416015625,0.1111111119389534,0.0476190485060215,5,0.03480000048875809,0.06530000269412994,0.04600000008940697,-0.20075757801532745,-0.0502283088862896
3347594,2022,shallow_viz,annotated,1,617805,5163855,18000,0.0366666666666667,0.05304297432303428,0.4681396484375,0.137603759765625,0.1515151560306549,0.095238097012043,5,0.02659999951720237,0.06989999860525131,0.03880000114440918,-0.10738255083560944,0.02634880878031253
3348080,2022,dry,annotated,0,617865,5163945,18000,0.0366666666666667,0.08789416402578354,0.14031982421875,-0.190216064453125,0,0,5,0.04470000043511391,0.09889999777078629,0.1316000074148178,-0.49334555864334106,-0.49290981888771057
3348137,2022,dry,annotated,0,617895,5163855,18000,0.0366666666666667,0.06264559179544449,-0.010467529296875,-0.34100341796875,0,0,5,0.05169999971985817,0.11219999939203262,0.17890000343322754,-0.5779944062232971,-0.5516045093536377
3340837,2022,deep_viz,annotated,0,616605,5163435,1744200,0.00915032679738562,0.00416332203894853,2.7479248046875,0.045684814453125,1,1,2,0.04069999977946281,0.03079999983310699,0.0272000003606081,0.1988217979669571,0.1988217979669571
3342744,2022,em_veg,annotated,0,616965,5163375,1744200,0.00915032679738562,0.02454663813114166,2.7452392578125,0.042999267578125,0.7096773982048035,0.8095238208770752,4,0.02814999967813491,0.07649999856948853,0.08110000193119049,-0.4872463643550873,-0.43826088309288025
3342823,2022,em_veg,annotated,0,616995,5163465,1744200,0.00915032679738562,0,2.7479248046875,0.045684814453125,0.5151515007019043,0.7142857313156128,5,0.02594999969005584,0.07055000215768814,0.06870000064373016,-0.4497664272785187,-0.4179775416851044
3342907,2022,deep_viz,annotated,0,616995,5163435,1744200,0.00915032679738562,1.660227426327765e-4,2.7479248046875,0.045684814453125,0.939393937587738,0.9523809552192688,4,0.02370000071823597,0.04975000023841858,0.04675000160932541,-0.3270440995693207,-0.3198263347148895
3343207,2022,dry,annotated,0,617025,5163465,1744200,0.00915032679738562,0.0472734160721302,2.721466064453125,0.01922607421875,0.11764705926179886,0.1428571492433548,5,0.0393499992787838,0.09870000183582306,0.1128999963402748,-0.48215144872665405,-0.4732208251953125
3343433,2022,deep_viz,annotated,0,617115,5163435,1744200,0.00915032679738562,0,2.7479248046875,0.045684814453125,0.9696969985961914,1,3,0.02080000005662441,0.01954999938607216,0.02445000037550926,-0.09790822118520735,-0.0347222238779068
3344198,2022,em_veg,annotated,0,617205,5163345,1744200,0.00915032679738562,0.00394650502130389,2.747650146484375,0.04541015625,1,0.949999988079071,3,0.02675000019371509,0.03379999846220016,0.04340000078082085,-0.262004554271698,-0.16400910913944244
3344505,2022,dry,annotated,0,617265,5163345,1744200,0.00915032679738562,0.32582032680511475,2.141204833984375,-0.56103515625,0,0,5,0.06360000371932983,0.155799999833107,0.2462500035762787,-0.5896542072296143,-0.5876594185829163
3344440,2022,dry,annotated,0,617265,5163645,6300,0.0666666666666667,0.06760038435459137,0.1583251953125,-0.0025634765625,0.03333333507180214,0.1428571492433548,5,0.04645000025629997,0.22370000183582303,0.11114999651908876,-0.407520592212677,-0.3792613744735718
3343257,2022,shallow_viz,annotated,1,617055,5163645,900,0.133333333333333,0.06581095606088638,0.076446533203125,0,0.03030303120613098,0.1428571492433548,5,0.0219500008970499,0.05909999832510948,0.08370000123977661,-0.5448237657546997,-0.36067551374435425
3342736,2022,shallow_viz,annotated,1,616965,5163705,900,0.133333333333333,0.11449118703603745,0.251800537109375,0,0,0.04545454680919647,5,0.02814999967813491,0.06530000269412994,0.10729999840259552,-0.5787833333015442,-0.48275861144065857
3338480,2022,dry,annotated,0,616245,5163705,116100,0.0180878552971576,0.15102578699588776,0.477264404296875,-0.24188232421875,0,0,5,0.06459999829530716,0.16339999437332153,0.1694999933242798,-0.44293615221977234,-0.430959016084671
3338498,2022,deep_viz,annotated,0,616215,5163645,116100,0.0180878552971576,0,0.88702392578125,0.167877197265625,0.8709677457809448,0.7894737124443054,3,0.01200000010430812,0.02370000071823597,0.03319999948143959,-0.37172773480415344,-0.1419847309589386
3338913,2022,deep_viz,annotated,0,616305,5163675,116100,0.0180878552971576,0.05260033905506134,0.860595703125,0.141448974609375,0.42424243688583374,0.15000000596046448,5,0.02859999984502792,0.06530000269412994,0.06289999932050705,-0.3748633861541748,-0.3319057822227478
3339224,2022,em_veg,annotated,0,616365,5163615,116100,0.0180878552971576,0.08132379502058029,0.8197021484375,0.100555419921875,0.3103448152542114,0,5,0.03319999948143959,0.0763000026345253,0.07900000363588333,-0.3915298283100128,-0.3451676666736603
3340832,2022,dry,annotated,0,616605,5163855,116100,0.0180878552971576,0.05780177190899849,0.474761962890625,-0.244384765625,0,0,5,0.05869999900460243,0.1177000030875206,0.17309999465942383,-0.49444442987442017,-0.49352890253067017
3338618,2022,em_veg,random_draw,0,616245,5163555,900,0.133333333333333,0.0999508798122406,0.197540283203125,0,0.06451612710952759,0,5,0.04470000043511391,0.12680000066757202,0.14259999990463257,-0.5391257405281067,-0.4941763579845429
3337363,2022,shallow_viz,annotated,1,616005,5163555,900,0.133333333333333,0.13421058654785156,0.11505126953125,-0.01312255859375,0.03125,0.0476190485060215,5,0.02160000056028366,0.10729999840259552,0.1243000030517578,-0.709766149520874,-0.5926740169525146
3331798,2022,em_veg,random_draw,0,615015,5161935,7200,0.0666666666666667,0.3369714021682739,0.512908935546875,-0.39910888671875,0,0,5,0.06159999966621399,0.16009999811649325,0.181099995970726,-0.5308537483215332,-0.4764930009841919
3332043,2022,em_veg,random_draw,0,615075,5161815,7200,0.0666666666666667,0.13646456599235535,0.363250732421875,-0.54876708984375,0,0,5,0.06700000166893005,0.15610000491142273,0.2477000057697296,-0.5917114615440369,-0.5741976499557495
3327351,2022,em_veg,annotated,0,614475,5160675,43200,0.0263888888888889,0.19467765092849731,0.384857177734375,-0.195526123046875,0.625,0.3499999940395355,4,0.05719999969005585,0.12210000306367874,0.1462000012397766,-0.47379031777381897,-0.39471006393432617
3328924,2022,em_veg,annotated,0,614625,5160795,43200,0.0263888888888889,0.19660621881484985,0.20782470703125,-0.37255859375,0,0,5,0.06644999980926514,0.16779999434947968,0.17045000195503235,-0.4393768906593323,-0.43053868412971497
3329289,2022,em_veg,annotated,0,614655,5160705,43200,0.0263888888888889,0.16576196253299713,0.41436767578125,-0.166015625,0.27586206793785095,0.10000000149011612,4,0.05849999934434891,0.1371999979019165,0.15469999611377716,-0.45121949911117554,-0.3998226821422577
2714550,2022,em_veg,random_draw,0,613785,5160255,4500,0.08,0.1465107798576355,0.381561279296875,-0.3807373046875,0,0,5,0.05799999833106994,0.225600004196167,0.1847500056028366,-0.5172604322433472,-0.48074179887771606
2715314,2022,em_veg,random_draw,0,613875,5160255,4500,0.08,0.26639676094055176,0.794219970703125,0.03192138671875,0.1764705926179886,0,5,0.04560000076889992,0.10620000213384628,0.12269999831914902,-0.48630136251449585,-0.4176245331764221
2702180,2022,deep_water,random_draw,0,612045,5160465,138600,0.0147186147186147,0,1.031707763671875,0.009124755859375,0.8387096524238586,0.8999999761581421,4,0.04080000147223472,0.05330000072717666,0.05469999834895134,-0.13195548951625824,-0.02434456907212734
2702259,2022,deep_water,random_draw,0,612075,5160375,138600,0.0147186147186147,0,1.031707763671875,0.009124755859375,1,0.8999999761581421,2,0.03099999949336052,0.03060000017285347,0.03880000114440918,0.08274231851100922,0.15581853687763214
2702794,2022,deep_water,random_draw,0,612135,5160405,138600,0.0147186147186147,0,1.031707763671875,0.009124755859375,1,0.949999988079071,2,0.02889999933540821,0.0305000003427267,0.03660000115633011,0.08649788796901703,0.2137930989265442
2702841,2022,deep_water,random_draw,0,612165,5160615,138600,0.0147186147186147,0,1.031707763671875,0.009124755859375,0.15625,0,5,0.05409999936819076,0.0998999997973442,0.10620000213384628,-0.3372262716293335,-0.30226853489875793
2703354,2022,deep_water,random_draw,0,612285,5160705,138600,0.0147186147186147,0,1.031707763671875,0.009124755859375,1,1,3,0.03449999913573265,0.03779999911785126,0.04919999837875366,-0.02024291455745697,0.03341902419924736
2703357,2022,deep_water,random_draw,0,612285,5160495,138600,0.0147186147186147,0,1.031707763671875,0.009124755859375,1,1,2,0.02859999984502792,0.02899999916553497,0.03530000150203705,0.10178116708993912,0.1982758641242981
2703601,2022,deep_water,random_draw,0,612345,5160405,138600,0.0147186147186147,0.15200720727443695,0.79779052734375,-0.22479248046875,0,0,5,0.05550000071525574,0.11580000072717668,0.15860000252723694,-0.5011037588119507,-0.4744318127632141
2703624,2022,deep_water,random_draw,0,612345,5160585,138600,0.0147186147186147,0,1.031707763671875,0.009124755859375,1,1,1,0.03150000050663948,0.03260000050067901,0.03959999978542328,0.06430155038833618,0.20279720425605777
2704157,2022,deep_water,random_draw,0,612435,5160615,138600,0.0147186147186147,0.00948848854750394,1.03057861328125,0.00799560546875,0.3333333432674408,0.5,4,0.04529999941587448,0.09220000356435776,0.0869000032544136,-0.22396856546401975,-0.20193637907505035
2704292,2022,deep_water,random_draw,0,612465,5160735,138600,0.0147186147186147,0.03826253116130829,1.017120361328125,-0.005462646484375,0.8484848737716675,0.8695651888847351,3,0.03660000115633011,0.05640000104904175,0.06669999659061432,-0.1491875946521759,-0.10682731121778488
2701984,2022,deep_water,random_draw,0,612015,5160165,10800,0.0555555555555556,0.09615474939346312,0.717681884765625,0.09716796875,0.03225806355476379,0,5,0.05110000073909759,0.13729999959468842,0.13439999520778656,-0.4412868618965149,-0.38181817531585693
2702078,2022,deep_water,random_draw,0,612015,5160255,10800,0.0555555555555556,0.38608109951019287,-0.198822021484375,-0.8193359375,0,0,5,0.07289999723434448,0.1679999977350235,0.2102999985218048,-0.4851695001125336,-0.44627508521080017
2702797,2022,deep_water,random_draw,0,612165,5160255,10800,0.0555555555555556,0.02383390814065933,0.661773681640625,0.041259765625,0.8214285969734192,0.5789473652839661,4,0.02910000085830688,0.0494999997317791,0.06849999725818634,-0.43429845571517944,-0.26383763551712036
2700412,2022,deep_water,random_draw,0,611745,5160075,78300,0.0252873563218391,0.117960624396801,0.97607421875,-0.04547119140625,0.6060606241226196,0.4761904776096344,4,0.03730000182986259,0.09929999709129332,0.1186000034213066,-0.5214881300926208,-0.4950690269470215
2700565,2022,deep_water,random_draw,0,611775,5159805,78300,0.0252873563218391,0.22637729346752167,0.900115966796875,-0.121429443359375,0.7241379022598267,0.4285714328289032,4,0.03604999929666519,0.0949999988079071,0.12645000219345093,-0.5624607801437378,-0.501118540763855
2700779,2022,deep_water,random_draw,0,611835,5159955,78300,0.0252873563218391,0.18502992391586304,0.98681640625,-0.03472900390625,0.9032257795333862,0.75,4,0.01310000009834766,0.04010000079870224,0.0494999997317791,-0.5362831950187683,-0.2958115041255951
2701004,2022,deep_water,random_draw,0,611865,5160195,78300,0.0252873563218391,0,1.099334716796875,0.077789306640625,0.939393937587738,0.6666666865348816,3,0.02180000022053718,0.02180000022053718,0.02740000002086162,-0.242835596203804,-0.06437768042087555
2701307,2022,deep_water,random_draw,0,611895,5160045,78300,0.0252873563218391,0.2669505774974823,0.737579345703125,-0.283966064453125,0.02857142873108387,0,5,0.0723000019788742,0.18379999697208405,0.19099999964237213,-0.4429892003536224,-0.4115092158317566
2701409,2022,deep_water,random_draw,0,611925,5159865,78300,0.0252873563218391,0,1.099334716796875,0.077789306640625,0.8666666746139526,0.6666666865348816,3,0.01610000059008598,0.0267999991774559,0.0397999994456768,-0.4239713847637177,-0.1273445188999176
2702055,2022,deep_water,random_draw,0,612015,5159955,78300,0.0252873563218391,0.24056142568588257,0.85540771484375,-0.1661376953125,0.25,0.11764705926179886,5,0.05609999969601631,0.13770000636577606,0.15209999680519104,-0.4667888283729553,-0.46109509468078613
2694231,2022,shallow_viz,annotated,1,610605,5160255,4500,0.0666666666666667,0.08130383491516113,0.238128662109375,-0.056488037109375,0.03125,0,5,0.03620000183582306,0.08009999990463257,0.10459999740123747,-0.4857954680919647,-0.4834437072277069
2694232,2022,shallow_viz,annotated,1,610605,5160195,4500,0.0666666666666667,0.06096982955932617,0.363677978515625,0.069061279296875,0.1818181872367859,0,5,0.02319999970495701,0.04230000078678131,0.05550000071525574,-0.3942857086658478,-0.24439461529254913
2694442,2022,dry,annotated,0,610635,5160255,4500,0.0666666666666667,0.2306230217218399,-0.34014892578125,-0.634765625,0,0,5,0.06120000034570694,0.1444000005722046,0.27300000190734863,-0.6061198115348816,-0.5944967269897461
2690359,2022,deep_water,random_draw,0,609975,5160465,1800,0.1,0.10289182513952257,0.63189697265625,-0.1702880859375,0,0,5,0.04030000045895576,0.18485000729560852,0.1193000003695488,-0.5181446075439453,-0.4470699429512024
2690708,2022,shallow_viz,annotated,1,610005,5160075,3600,0.0833333333333333,0.16806329786777496,0.435882568359375,-0.0738525390625,0,0,5,0.05195000022649765,0.11010000109672546,0.19789999723434448,-0.5842777490615845,-0.5650099515914917
2691292,2022,dry,annotated,0,610095,5160045,3600,0.0833333333333333,0.12622298300266266,0.389556884765625,-0.12017822265625,0.02857142873108387,0,5,0.04380000010132789,0.13600000739097595,0.14749999344348907,-0.5484764575958252,-0.5420805215835571
2685587,2022,shallow_viz,annotated,1,609405,5160135,5400,0.0777777777777778,0.1064928025007248,0.266845703125,-0.02880859375,0.02702702768146991,0,5,0.0406000018119812,0.08190000057220459,0.10760000348091124,-0.449158251285553,-0.4139744639396667
2685931,2022,shallow_viz,annotated,1,609435,5160045,5400,0.0777777777777778,0.08943741023540497,0.2811279296875,-0.0145263671875,0.05714285746216774,0,5,0.03209999948740005,0.06530000269412994,0.07530000060796738,-0.34888437390327454,-0.3458445072174072
2683109,2022,shallow_viz,annotated,1,609105,5159925,13500,0.0444444444444444,0.03980284929275513,0.0552978515625,-1.8310546875e-4,0.18918919563293457,0,5,0.03370000049471855,0.0658000037074089,0.05579999834299087,-0.3593178987503052,-0.20047450065612793
2683133,2022,shallow_viz,annotated,1,609075,5160105,13500,0.0444444444444444,0.02664303220808506,0.040313720703125,-0.015167236328125,0.0555555559694767,0,5,0.03379999846220016,0.08259999752044678,0.0868000015616417,-0.4394693076610565,-0.372738242149353
2678083,2022,shallow_viz,annotated,1,608145,5159925,6300,0.0571428571428571,0.05570961534976959,0.450653076171875,0.08526611328125,0.3333333432674408,0,5,0.02184999920427799,0.03200000151991844,0.0466499999165535,-0.39479637145996094,-0.194479301571846
2676478,2022,dry,annotated,0,607785,5160255,1800,0.1,0.8648264408111572,-0.090789794921875,-0.894683837890625,0,0,5,0.10620000213384628,0.24869999289512632,0.26010000705718994,-0.4198376536369324,-0.41304346919059753
2676438,2022,shallow_viz,annotated,1,607785,5160135,3600,0.0833333333333333,0.06052030622959137,0.240631103515625,0.01361083984375,0.2307692319154739,0.04545454680919647,5,0.01329999975860118,0.02290000021457672,0.03689999878406525,-0.48096057772636414,-0.3208955228328705
2671544,2022,shallow_viz,annotated,1,606945,5160285,900,0.133333333333333,0.16076192259788513,-0.15216064453125,-0.51055908203125,0,0,5,0.06639999896287918,0.1340000033378601,0.23520000278949735,-0.5685228705406189,-0.5433287620544434
2671456,2022,dry,annotated,0,606885,5160255,900,0.133333333333333,0.17074546217918396,-0.070465087890625,-0.428863525390625,0,0,5,0.0714000016450882,0.17509999871253967,0.24079999327659607,-0.5484927892684937,-0.5426008701324463
2663659,2022,shallow_viz,annotated,1,605625,5160165,1800,0.1,0.21433794498443604,0.1923828125,-0.230743408203125,0,0,5,0.05685000121593475,0.11994999647140504,0.21674999594688416,-0.5743308067321777,-0.42319950461387634
2664029,2022,shallow_viz,annotated,1,605715,5160165,1800,0.1,0.19321471452713013,0.35858154296875,-0.064544677734375,0,0,5,0.05339999869465828,0.09565000236034392,0.14890000224113464,-0.45621979236602783,-0.1260504275560379
2663826,2022,dry,annotated,0,605685,5160135,1800,0.1,0.24465566873550415,-0.3153076171875,-0.738433837890625,0,0,5,0.08579999953508377,0.15309999883174896,0.24580000340938568,-0.4635387361049652,-0.4600619077682495
2662649,2022,deep_water,random_draw,0,605475,5160705,25200,0.0357142857142857,0,0.529449462890625,0.03271484375,0.8181818127632141,0.6818181872367859,4,0.0255999993532896,0.02610000036656856,0.03790000081062317,-0.1991247236728668,-0.19370079040527344
2663157,2022,deep_water,random_draw,0,605565,5160615,25200,0.0357142857142857,0,0.529449462890625,0.03271484375,0.3529411852359772,0.27272728085517883,5,0.02290000021457672,0.02789999917149543,0.04039999842643738,-0.23311546444892883,-0.0830039530992508
2663747,2022,deep_water,random_draw,0,605655,5160555,25200,0.0357142857142857,0.24625582993030548,-0.08868408203125,-0.585418701171875,0,0,5,0.06060000136494636,0.12890000641345978,0.2531000077724457,-0.5994141101837158,-0.5514527559280396
2662253,2022,dry,annotated,0,605355,5160345,10800,0.0555555555555556,0.8212791681289673,-0.81024169921875,-1.64093017578125,0,0,5,0.09319999814033508,0.18320000171661377,0.28369998931884766,-0.5093445777893066,-0.48146215081214905
2662716,2022,dry,annotated,0,605445,5160345,10800,0.0555555555555556,0.12324285507202148,0.775146484375,-0.0555419921875,0.3333333432674408,0,5,0.03030000068247318,0.04619999974966049,0.08259999752044678,-0.4632418155670166,-0.39928826689720154
2661492,2022,shallow_viz,annotated,1,605175,5160135,1800,0.1,0.13674716651439667,0.26708984375,0.01239013671875,0.5,0.09090909361839294,5,0.03950000181794166,0.07670000195503235,0.07729999721050262,-0.3207222819328308,-0.19148936867713928
2661491,2022,em_veg,random_draw,0,605175,5160285,1800,0.1,0.1393076479434967,0.17279052734375,-0.00787353515625,0.1818181872367859,0,5,0.04800000041723251,0.13539999723434448,0.12839999794960022,-0.4426966309547424,-0.434628963470459
2660255,2022,dry,annotated,0,604815,5160285,52200,0.0206896551724138,0.13860121369361875,1.39404296875,-0.094451904296875,0,0,5,0.03730000182986259,0.12540000677108765,0.08619999885559082,-0.43820226192474365,-0.39448052644729614
2660303,2022,dry,annotated,0,604845,5160375,52200,0.0206896551724138,0.24864013493061063,1.279449462890625,-0.20904541015625,0.03225806355476379,0,5,0.05429999902844429,0.16120000183582306,0.13950000703334808,-0.4346694350242615,-0.4287024438381195
2660492,2022,deep_viz,annotated,0,604875,5160255,52200,0.0206896551724138,0,1.57476806640625,0.086273193359375,0.7666666507720947,0,4,0.04520000144839287,0.05160000175237655,0.0471000000834465,-0.14141413569450378,-0.02058504894375801
2660640,2022,deep_viz,annotated,0,604935,5160405,52200,0.0206896551724138,0,1.57476806640625,0.086273193359375,0.9375,0,4,0.03720000013709068,0.04190000146627426,0.03759999945759773,-0.05222930014133453,0.02716688252985477
2660807,2022,dry,annotated,0,604965,5160345,52200,0.0206896551724138,0.2766464054584503,1.30792236328125,-0.180572509765625,0.3333333432674408,0,5,0.05290000140666962,0.12960000336170197,0.12160000205039978,-0.39369627833366394,-0.3524254858493805
2657275,2022,dry,annotated,0,603975,5160135,4500,0.0666666666666667,0.26383307576179504,-0.147003173828125,-0.956451416015625,0,0,5,0.08465000241994858,0.1741500049829483,0.30320000648498535,-0.5685824751853943,-0.5560060739517212
2655388,2022,em_veg,random_draw,0,603255,5160435,900,0.133333333333333,0.11073193699121477,0.166595458984375,0.03582763671875,0.03448275849223137,0,5,0.03754999861121178,0.10644999891519548,0.1339000016450882,-0.5616010427474976,-0.5556938648223877
2651279,2022,shallow_viz,annotated,1,602295,5159895,8100,0.0666666666666667,0.11519955843687056,0.437103271484375,-0.117401123046875,0.2083333283662796,0.04545454680919647,5,0.02999999932944774,0.06129999831318855,0.08229999989271164,-0.4657168388366699,-0.2556317448616028
2651758,2022,shallow_viz,annotated,1,602385,5159865,8100,0.0666666666666667,0.07522978633642197,0.558074951171875,0.003570556640625,0.08695652335882187,0.0476190485060215,5,0.02779999934136867,0.05779999867081642,0.07440000027418137,-0.4559686779975891,-0.33818182349205017
2651645,2022,dry,annotated,0,602355,5159805,8100,0.0666666666666667,0.18764227628707889,0.25048828125,-0.30401611328125,0.0416666679084301,0,5,0.05889999866485596,0.14020000398159027,0.2231999933719635,-0.6171595454216003,-0.5652173757553101
2648774,2022,dry,annotated,0,601755,5160045,10800,0.05,0.31365031003952026,0.31060791015625,-0.829620361328125,0,0,5,0.04439999908208847,0.26159998774528503,0.15639999508857727,-0.5660869479179382,-0.5577689409255981
2645377,2022,deep_water,random_draw,0,601065,5160375,7200,0.0583333333333333,0,0.0518798828125,6.103515625e-5,0.5,0.4285714328289032,4,0.01274999976158142,0.02565000019967556,0.04385000094771385,-0.5881487131118774,-0.43820226192474365
2643533,2022,deep_water,random_draw,0,600795,5160345,9900,0.0606060606060606,0.28153160214424133,1.23968505859375,-0.133453369140625,0.4615384638309479,0,5,0.02800000086426735,0.0807500034570694,0.12014999985694884,-0.6222025156021118,-0.6119205355644226
2644417,2022,deep_water,random_draw,0,600915,5160315,9900,0.0606060606060606,0.19379039108753204,1.2958984375,-0.077239990234375,0.75,0.25,4,0.02429999969899654,0.07100000232458115,0.09369999915361404,-0.5837999582290649,-0.5062836408615112
2639041,2022,dry,annotated,0,600045,5159955,9900,0.0484848484848485,0.07185028493404388,0.153717041015625,-0.029449462890625,0.0714285746216774,0.0476190485060215,5,0.03474999964237213,0.14569999277591705,0.10729999840259552,-0.5034409761428833,-0.4830229878425598
2638625,2022,dry,annotated,0,599985,5160165,1800,0.1,0.18834467232227323,0.556671142578125,0.15753173828125,0,0,5,0.05945000052452087,0.2038999944925308,0.18039999902248385,-0.5035374164581299,-0.4934772849082947
2638792,2022,em_veg,annotated,0,600015,5160135,1800,0.1,0.25616103410720825,0.293670654296875,-0.10546875,0,0,5,0.04380000010132789,0.16429999470710754,0.14345000684261322,-0.5272076725959778,-0.49743589758872986
2629570,2022,dry,annotated,0,598665,5160075,1800,0.1,0.5615293383598328,0.4998779296874432,-0.523406982421875,0,0,5,0.05829999968409538,0.19750000536441803,0.2215999960899353,-0.5834226608276367,-0.5092291235923767
2629861,2022,em_veg,annotated,0,598695,5160015,1800,0.1,0.37906861305236816,0.6890563964843182,-0.334228515625,0.05714285746216774,0.05000000074505806,5,0.05119999870657921,0.1492999941110611,0.1598999947309494,-0.5130765438079834,-0.5
2628425,2022,dry,annotated,0,598455,5160165,1800,0.1,0.43443676829338074,-0.270111083984375,-1.420867919921875,0,0,5,0.05700000002980232,0.3682500123977661,0.193000003695488,-0.5433750152587891,-0.5314478874206543
2626803,2022,shallow_viz,annotated,1,598125,5160165,3600,0.0833333333333333,0.119659423828125,0.413665771484375,-0.043731689453125,0.02857142873108387,0,5,0.03460000082850456,0.06920000165700912,0.0869000032544136,-0.44592344760894775,-0.36026936769485474
2626802,2022,dry,annotated,0,598095,5160225,3600,0.0833333333333333,0.10668635368347168,0.13336181640625,-0.32403564453125,0,0,5,0.07599999755620956,0.1565999984741211,0.26159998774528503,-0.549763023853302,-0.5205957889556885
2626925,2022,dry,annotated,0,598155,5160165,3600,0.0833333333333333,0.1324409693479538,0.245147705078125,-0.212249755859375,0,0,5,0.05909999832510948,0.13449999690055847,0.21220000088214871,-0.5903315544128418,-0.5643199682235718
2626388,2022,shallow_viz,annotated,1,598005,5160015,1800,0.1,0.15482524037361145,0.64520263671875,0.20159912109375,0.38235294818878174,0,5,0.03550000116229057,0.06150000169873237,0.0729999989271164,-0.3637820482254028,-0.30799219012260437
2626594,2022,dry,annotated,0,598065,5160015,1800,0.1,0.0977947637438774,0.029876708984375,-0.413726806640625,0,0,5,0.0737999975681305,0.1446000039577484,0.28769999742507935,-0.6053475737571716,-0.5547149181365967
2625943,2022,dry,annotated,0,597885,5159805,9000,0.06,0.10079613327980042,0.4481201171875,-0.01788330078125,0,0,5,0.04190000146627426,0.08540000021457672,0.15119999647140503,-0.5660279393196106,-0.4334630370140076
2626075,2022,dry,annotated,0,597915,5159895,9000,0.06,0.16715818643569946,0.020111083984375,-0.445892333984375,0,0,5,0.06419999897480011,0.1330000013113022,0.259799987077713,-0.584555983543396,-0.5799304842948914
2626009,2022,shallow_viz,annotated,1,597885,5160165,2700,0.0888888888888889,0.13966479897499084,0.396728515625,-0.130615234375,0.02941176481544971,0,5,0.03325000032782554,0.07694999873638153,0.10215000063180923,-0.5066385865211487,-0.47460317611694336
2625941,2022,dry,annotated,0,597885,5160105,2700,0.0888888888888889,0.1725306659936905,0.4774169921875,-0.0499267578125,0.03125,0,5,0.03305000066757202,0.11879999935626984,0.11794999986886978,-0.5570594668388367,-0.4927953779697418
2620580,2022,dry,annotated,0,596685,5160105,2700,0.0888888888888889,0.10720627009868622,0.6160888671875,-0.031341552734375,0.02325581386685371,0,5,0.03714999929070473,0.06800000369548798,0.09634999930858612,-0.4165802597999573,-0.3143399953842163
2619792,2022,dry,annotated,0,596415,5160375,9000,0.0533333333333333,0.10923127084970474,0.09222412109375,-0.30914306640625,0,0.04545454680919647,5,0.04430000111460686,0.09000000357627869,0.14910000562667847,-0.5418820977210999,-0.511945366859436
2619980,2022,dry,annotated,0,596505,5160375,9000,0.0533333333333333,0.08091112971305847,0.14556884765625,-0.25579833984375,0,0,5,0.05604999884963035,0.11384999752044678,0.19095000624656677,-0.5424466729164124,-0.5210484266281128
2619845,2022,shallow_viz,annotated,1,596475,5160045,900,0.133333333333333,0.43157920241355896,0.412322998046875,0.05532836914068184,0.02380952425301075,0,5,0.04960000142455101,0.10140000283718108,0.11509999632835388,-0.414004921913147,-0.3447820246219635
2619830,2022,dry,annotated,0,596475,5160015,900,0.133333333333333,0.1524069607257843,0.35699462890625,5.684341886080804e-14,0,0,5,0.03539999946951866,0.08110000193119049,0.1145000010728836,-0.5232323408126831,-0.4672600030899048
2619289,2022,shallow_viz,annotated,1,596295,5160135,1800,0.1,0.08283941447734833,0.240692138671875,-0.030792236328125,0.02439024299383163,0,5,0.00879999995231628,0.03224999830126762,0.04214999824762344,-0.6320802569389343,-0.46485260128974915
2619239,2022,shallow_viz,annotated,1,596295,5159985,1800,0.1,0.28204190731048584,0.228240966796875,0.0279541015625,0.1944444477558136,0,5,0.02400000020861625,0.08100000023841858,0.06679999828338623,-0.47136563062667847,-0.47136563062667847
2616160,2022,dry,annotated,0,595695,5160195,11700,0.0461538461538462,0.10165956616401672,0.427459716796875,-0.18463134765619316,0.02631578966975212,0,5,0.04690000042319298,0.20430000126361847,0.13519999384880066,-0.4848984181880951,-0.4848984181880951
2616396,2022,em_veg,annotated,0,595725,5160255,11700,0.0461538461538462,0.00228729518130421,0.649200439453125,0.03710937500005684,0.7749999761581421,0.6521739363670349,3,0.0127999996766448,0.02140000090003013,0.04270000010728836,-0.5387387275695801,-0.19607843458652496
2616751,2022,em_veg,annotated,0,595755,5160285,11700,0.0461538461538462,0.04618400707840919,0.6324462890625,0.02035522460943184,0.6829268336296082,0.6521739363670349,4,0.01860000006854534,0.03624999895691871,0.06719999760389328,-0.5604884624481201,-0.3783132433891296
2616801,2022,em_veg,annotated,0,595785,5160195,11700,0.0461538461538462,0.0346619039773941,0.63970947265625,0.02761840820318184,0.7777777910232544,0.6521739363670349,3,0.02410000003874302,0.04340000078082085,0.03610000014305115,-0.19933554530143735,-0.19933554530143735
2615625,2022,em_veg,random_draw,0,595605,5160105,4500,0.08,0.10415080934762956,0.669525146484375,0.059600830078125,0.31578946113586426,0,5,0.01569999940693378,0.03579999879002571,0.02459999918937683,-0.22084367275238037,-0.22084367275238037
2614011,2022,shallow_viz,annotated,1,595335,5160225,2700,0.0888888888888889,0.07495395839214325,0.3394775390625,0.093536376953125,0,0,5,0.03020000085234642,0.07045000046491623,0.09319999814033508,-0.546467125415802,-0.3972809612751007
2613279,2022,dry,annotated,0,595215,5159955,900,0.133333333333333,0.1087588593363762,0.246917724609375,0,0,0,5,0.04980000108480453,0.23440000414848328,0.1371999979019165,-0.5065616965293884,-0.46737968921661377
2612684,2022,dry,annotated,0,595065,5159835,900,0.133333333333333,0.08767683804035187,0.179290771484375,5.684341886080804e-14,0.04545454680919647,0,5,0.04969999939203262,0.15410000085830688,0.14790000021457672,-0.5202986598014832,-0.4969635605812073
2608564,2022,dry,annotated,0,594405,5159805,36000,0.0416666666666667,0.14312845468521118,1.083465576171875,0.15692138671875,0,0,5,0.04390000179409981,0.19259999692440033,0.12229999899864195,-0.471720814704895,-0.45843231678009033
2608661,2022,dry,annotated,0,594405,5159925,36000,0.0416666666666667,0.1927303671836853,1.15325927734375,0.226715087890625,0,0,5,0.04940000176429748,0.20720000565052032,0.16189999878406525,-0.5396518111228943,-0.5324183702468872
2608703,2022,dry,annotated,0,594435,5160405,22500,0.0346666666666667,0.1758866906166077,0.214630126953125,-0.089111328125,0.08888889104127884,0,5,0.03739999979734421,0.1310500055551529,0.1334500014781952,-0.5619662404060364,-0.557894766330719
2604309,2022,dry,annotated,0,593775,5159925,2700,0.0888888888888889,0.15190239250659943,0.10516357421875,-0.24395751953125,0,0,5,0.05840000137686729,0.12080000340938568,0.1728000044822693,-0.49856823682785034,-0.49480968713760376
2603060,2022,dry,annotated,0,593535,5160045,3600,0.0833333333333333,0.17880506813526154,0.337921142578125,-0.378509521484375,0,0,5,0.03400000184774399,0.10750000178813934,0.15000000596046448,-0.6574585437774658,-0.5584415793418884
2602714,2022,dry,annotated,0,593445,5159865,12600,0.0476190476190476,0.17460112273693085,1.003936767578125,-0.085662841796875,0.15909090638160706,0,5,0.04199999943375587,0.1145000010728836,0.09350000321865082,-0.41988950967788696,-0.3550724685192108
2602815,2022,deep_viz,annotated,0,593475,5159805,12600,0.0476190476190476,0.19141019880771637,1.4302978515625,0.3406982421875,0.395348846912384,0,5,0.02999999932944774,0.07370000332593918,0.08060000091791153,-0.4575045108795166,-0.36012130975723267
2602927,2022,dry,annotated,0,593505,5159745,12600,0.0476190476190476,0.33302050828933716,0.789398193359375,-0.300201416015625,0,0,5,0.06480000168085098,0.1929000020027161,0.193000003695488,-0.5395683646202087,-0.4972847104072571
2602513,2022,shallow_viz,annotated,1,593385,5160405,64800,0.0240740740740741,0.11549025774002077,0.872314453125,0.056060791015625,0.21739129722118375,0,5,0.03929999843239784,0.05189999938011169,0.04720000177621841,-0.09132947772741318,0.02238805964589119
2602763,2022,shallow_viz,annotated,1,593445,5160375,64800,0.0240740740740741,0.12173331528902054,1.05401611328125,0.237762451171875,0.27272728085517883,0,5,0.04230000078678131,0.04980000108480453,0.03319999948143959,0.04832713678479194,0.1251646876335144
2601752,2022,dry,annotated,0,593235,5160405,64800,0.0240740740740741,0.2776700258255005,0.47418212890625,-0.342071533203125,0,0,5,0.03689999878406525,0.08169999718666077,0.1225999966263771,-0.5518590807914734,-0.5373041033744812
2602436,2022,dry,annotated,0,593385,5160465,64800,0.0240740740740741,0.1625063717365265,0.4237060546875,-0.392547607421875,0,0,5,0.05829999968409538,0.1046999990940094,0.15870000422000885,-0.4617169499397278,-0.3669250607490539
2600462,2022,dry,annotated,0,592965,5159895,12600,0.0476190476190476,0.11916214227676392,0.12347412109375,-0.375244140625,0,0,5,0.04109999909996986,0.10679999738931656,0.1997999995946884,-0.6587795615196228,-0.5751879811286926
2601136,2022,dry,annotated,0,593115,5159955,12600,0.0476190476190476,0.1193137913942337,0.2818603515625,-0.21685791015625,0,0,5,0.04039999842643738,0.09070000052452087,0.17229999601840973,-0.6201222538948059,-0.6134212613105774
2598712,2022,dry,annotated,0,592515,5160045,13500,0.0488888888888889,0.12519071996212006,0.209320068359375,-0.19903564453125,0,0,5,0.06549999862909317,0.12399999797344208,0.15960000455379486,-0.43334493041038513,-0.41803643107414246
2597003,2022,dry,annotated,0,591795,5159895,108900,0.0352617079889807,0.20695793628692627,0.825408935546875,-0.2528076171875,0,0,5,0.05249999836087227,0.2353000044822693,0.18850000202655792,-0.5664739608764648,-0.544448971748352
2597121,2022,dry,annotated,0,591855,5159745,108900,0.0352617079889807,0.07786301523447037,1.096466064453125,0.01824951171875,0.02439024299383163,0,5,0.05510000139474869,0.17749999463558197,0.17069999873638153,-0.5119574666023254,-0.491150438785553
2597286,2022,dry,annotated,0,591885,5159805,108900,0.0352617079889807,0.2049163430929184,1.248077392578125,0.16986083984375,0.0882352963089943,0,5,0.06369999796152115,0.1535000056028366,0.18379999697208405,-0.4592529833316803,-0.4529644250869751
2597447,2022,terrain,annotated,0,591945,5159685,108900,0.0352617079889807,0.05981756374239921,1.18206787109375,0.103851318359375,0.05263157933950424,0,5,0.03959999978542328,0.13740000128746033,0.09059999883174896,-0.39170506596565247,-0.3799758851528168
2597548,2022,terrain,annotated,0,591975,5159925,108900,0.0352617079889807,0.10715276002883913,1.141510009765625,0.06329345703125,0.02439024299383163,0,5,0.05480000004172325,0.20509999990463257,0.17080000042915344,-0.5141844153404236,-0.4928119480609894
2597462,2022,em_veg,annotated,0,591945,5160045,3600,0.0833333333333333,0.09002929925918579,0.47854614257806816,0.017547607421875,0.21052631735801697,0.0476190485060215,5,0.03469999879598617,0.08259999752044678,0.09769999980926514,-0.49247312545776367,-0.43896523118019104
2597601,2022,em_veg,annotated,0,592005,5160075,3600,0.0833333333333333,0.1548035591840744,0.30895996093744316,-0.15203857421875,0.02127659507095813,0,5,0.07050000131130219,0.1599999964237213,0.2038999944925308,-0.4861516058444977,-0.47197261452674866
2592998,2022,dry,annotated,0,590835,5159565,131400,0.0214611872146119,0.14577490091323853,0.574493408203125,-0.188720703125,0.10869564861059187,0,5,0.03629999980330467,0.09459999948740004,0.11595000326633452,-0.524093508720398,-0.485897421836853
2588286,2022,dry,annotated,0,589995,5160075,26100,0.0367816091954023,0.10111160576343536,0.53155517578125,-0.11407470703125,0.1111111119389534,0,5,0.04574999958276749,0.13510000705718994,0.11394999921321868,-0.42701202630996704,-0.4231499135494232
2588424,2022,dry,annotated,0,590025,5160015,26100,0.0367816091954023,0.2202410101890564,0.2091064453125,-0.4365234375,0.05263157933950424,0,5,0.07729999721050262,0.1991499960422516,0.21469999849796295,-0.4708022475242615,-0.4543001651763916
2588491,2022,dry,annotated,0,590025,5160135,26100,0.0367816091954023,0.08988729119300842,0.352142333984375,-0.293487548828125,0.05000000074505806,0,5,0.06424999982118607,0.13175000250339508,0.15504999458789823,-0.4158722758293152,-0.3624338507652282
2587101,2022,dry,annotated,0,589725,5160285,57600,0.0229166666666667,0.32307225465774536,0.28613281250005684,-0.6811523437499432,0,0,5,0.06949999928474426,0.1897999942302704,0.2890999913215637,-0.6082299947738647,-0.605903685092926
2587311,2022,dry,annotated,0,589815,5160045,57600,0.0229166666666667,0.2112470418214798,0.8290405273438068,-0.13824462890619316,0.2307692319154739,0,5,0.04120000079274177,0.094200000166893,0.12189999967813492,-0.5135773420333862,-0.34949496388435364
2587004,2022,dry,annotated,0,589725,5159835,42300,0.0226950354609929,0.15846019983291626,1.5238037109375,-6.713867188068434e-4,0.17073170840740204,0,5,0.02089999988675117,0.05829999968409538,0.08980000019073486,-0.6522539258003235,-0.41792547702789307
2587630,2022,dry,annotated,0,589875,5159955,42300,0.0226950354609929,0.2513965666294098,1.49945068359375,-0.02502441406255684,0.3846153914928436,0,5,0.04205000028014183,0.08619999885559082,0.0904499962925911,-0.3667513132095337,-0.35557037591934204
2587995,2022,deep_viz,annotated,0,589935,5159925,42300,0.0226950354609929,0.0844678282737732,1.664093017578125,0.13961791992181816,0.6585366129875183,0.095238097012043,5,0.01554999966174364,0.03714999929070473,0.04459999874234199,-0.5184609889984131,-0.35607093572616577
2588147,2022,dry,annotated,0,589935,5159865,42300,0.0226950354609929,0.13526694476604462,1.602752685546875,0.07827758789056816,0.707317054271698,0,4,0.01720000058412552,0.04654999822378158,0.04520000144839287,-0.45377734303474426,-0.4066570103168487
2589719,2022,em_veg,annotated,0,590265,5158935,60300,0.0298507462686567,0.00104889448266476,0.693023681640625,0.145843505859375,0.8484848737716675,0.7368420958518982,3,0,0.03390000015497207,0.0063999998383224,-0.02849002927541732,1
2589883,2022,em_veg,annotated,0,590325,5158815,60300,0.0298507462686567,0.0707407221198082,0.650360107421875,0.103179931640625,0.8125,0.5,4,0.03159999847412109,0.05490000173449516,0.0421999990940094,-0.1436314433813095,-0.1436314433813095
2590014,2022,em_veg,annotated,0,590355,5158905,60300,0.0298507462686567,0.08084127306938171,0.60577392578125,0.05859375,0.8235294222831726,0.6190476417541504,3,0.02140000090003013,0.0390000008046627,0.03350000083446503,-0.22040073573589325,-0.22040073573589325
2591261,2022,dry,annotated,0,590565,5158935,60300,0.0298507462686567,0.16905540227890015,0.366455078125,-0.18072509765625,0.05714285746216774,0,5,0.03799999877810478,0.07909999787807465,0.10930000245571136,-0.4851115345954895,-0.4794050455093384
2591453,2022,dry,annotated,0,590595,5159085,60300,0.0298507462686567,0.1340353637933731,0.32537841796875,-0.2218017578125,0.02439024299383163,0,5,0.05350000038743019,0.09239999949932098,0.12174999713897704,-0.3917122483253479,-0.34170305728912354
2589033,2022,shallow_viz,annotated,1,590175,5158425,7200,0.05,0.12184837460517885,0.19500732421875,-0.11163330078125,0.19512194395065308,0,5,0.02290000021457672,0.04859999939799309,0.06679999828338623,-0.4894091486930847,-0.4894091486930847
2589340,2022,shallow_viz,annotated,1,590235,5158455,7200,0.05,0.11044859141111374,0.313720703125,0.007080078125,0.1428571492433548,0,5,0.01820000074803829,0.04820000007748604,0.07180000096559525,-0.5421383380889893,-0.46897092461586
2584359,2022,em_veg,random_draw,0,589215,5158365,58500,0.0276923076923077,0.128477081656456,1.08447265625,0.14251708984375,0.2195121943950653,0,5,0.04205000028014183,0.10154999792575836,0.11969999969005583,-0.47890743613243103,-0.4404079020023346
2584669,2022,em_veg,random_draw,0,589275,5158515,58500,0.0276923076923077,0.10552100092172624,1.040191650390625,0.098236083984375,0.20512820780277252,0.04545454680919647,5,0.03864999860525131,0.09655000269412994,0.11774999648332596,-0.5056743621826172,-0.4743589758872986
2584871,2022,em_veg,random_draw,0,589305,5158605,58500,0.0276923076923077,0.10770868510007858,0.701812744140625,-0.240142822265625,0.02380952425301075,0,5,0.04080000147223472,0.12809999287128448,0.12399999797344208,-0.45751312375068665,-0.33464956283569336
2584991,2022,em_veg,random_draw,0,589335,5158425,58500,0.0276923076923077,0.14361262321472168,1.01641845703125,0.074462890625,0.1538461595773697,0,5,0.04755000025033951,0.11389999836683272,0.1225000023841858,-0.4381018280982971,-0.4003795087337494
2585050,2022,em_veg,random_draw,0,589335,5158725,58500,0.0276923076923077,0.26547080278396606,-0.206817626953125,-1.148773193359375,0,0,5,0.06554999947547913,0.1400499939918518,0.2379000037908554,-0.5676816701889038,-0.5655146241188049
2585460,2022,em_veg,random_draw,0,589425,5158575,58500,0.0276923076923077,0.11743491142988204,0.6474609375,-0.29449462890625,0,0,5,0.05099999904632568,0.13474999368190765,0.15639999508857727,-0.5102663040161133,-0.5024762153625488
2585487,2022,em_veg,random_draw,0,589425,5158485,58500,0.0276923076923077,0.12919524312019348,0.730865478515625,-0.211090087890625,0,0,5,0.04645000025629997,0.11990000307559968,0.17149999737739563,-0.577526867389679,-0.56329345703125
2585565,2022,em_veg,random_draw,0,589425,5158755,58500,0.0276923076923077,0.08523985743522644,0.805816650390625,-0.136138916015625,0,0,5,0.04724999889731407,0.11190000176429749,0.1914999932050705,-0.5825822353363037,-0.5266029834747314
2579479,2022,dry,annotated,0,588585,5158455,9900,0.0545454545454545,0.38341137766838074,0.773651123046875,-0.673614501953125,0,0,5,0.06129999831318855,0.1388999968767166,0.2330999970436096,-0.5720587968826294,0.09062401950359344
2579675,2022,em_veg,annotated,0,588615,5158395,9900,0.0545454545454545,0,1.574371337890625,0.127105712890625,0.644444465637207,0.4000000059604645,5,0.02099999971687793,0.04969999939203262,0.06040000170469284,-0.46084722876548767,0.00445263320580124
2579795,2022,em_veg,annotated,0,588615,5158455,9900,0.0545454545454545,0.04444558545947075,1.565460205078125,0.118194580078125,0.19148936867713928,0,5,0.03669999912381172,0.09220000356435776,0.10939999669790268,-0.4638422131538391,0.08346082270145416
2578618,2022,em_veg,random_draw,0,588315,5158395,900,0.133333333333333,0.3138653039932251,1.1364746093749432,0.4295654296875568,0,0,5,0.06239999830722809,0.1589999943971634,0.28439998626708984,-0.6401383876800537,0.03837953135371208
2572355,2022,dry,annotated,0,587055,5158395,9900,0.0606060606060606,0.1626690924167633,1.048553466796875,-0.06195068359375,0.06976744532585144,0,5,0.03999999910593033,0.0632999986410141,0.07829999923706055,-0.5127893090248108,-0.3148614466190338
2572932,2022,dry,annotated,0,587145,5158365,9900,0.0606060606060606,0.3465830683708191,0.337371826171875,-0.77313232421875,0,0,5,0.06539999693632126,0.14630000293254852,0.22220000624656677,-0.5452016592025757,-0.5082657337188721
2567900,2022,deep_water,random_draw,0,586515,5158395,28800,0.0291666666666667,0.2754770815372467,0.433624267578125,-0.26953125,0.5909090638160706,0.8500000238418579,5,0.04289999976754188,0.12759999930858612,0.15639999508857727,-0.5477069020271301,-0.5384615659713745
2568868,2022,deep_water,random_draw,0,586635,5158545,28800,0.0291666666666667,0.17157438397407532,0.6011962890625,-0.101959228515625,0.06818182021379471,0,5,0.0348999984562397,0.08560000360012054,0.12309999763965608,-0.5222457647323608,-0.4634896218776703
2569325,2022,deep_water,random_draw,0,586665,5158395,28800,0.0291666666666667,0.17038419842720032,0.672637939453125,-0.030517578125,0.930232584476471,0.8999999761581421,4,0.03009999915957451,0.07320000231266022,0.08950000256299973,-0.49665552377700806,-0.472417265176773
2565709,2022,dry,annotated,0,586335,5158305,1800,0.1,0.6187228560447693,-0.07257080078125,-0.84326171875,0,0,5,0.08529999852180481,0.186599999666214,0.2257999926805496,-0.4548968970775604,-0.4259757697582245
2554482,2022,deep_water,random_draw,0,584865,5158965,44100,0.0340136054421769,0.3488506078720093,2.506561279296875,-1.662506103515625,0.02325581386685371,0,5,0.05750000104308128,0.14249999821186066,0.1761000007390976,-0.5077054500579834,-0.3853718638420105
2554590,2022,deep_water,random_draw,0,584865,5159055,44100,0.0340136054421769,0.47189655900001526,1.728485107421875,-2.440582275390625,0.02380952425301075,0,5,0.0604499988257885,0.22220000624656677,0.2224999964237213,-0.5594813823699951,-0.0058361841365695
2554989,2022,deep_water,random_draw,0,584985,5159175,44100,0.0340136054421769,0.29710105061531067,2.239654541015625,-1.929412841796875,0,0,5,0.05050000175833702,0.15369999408721924,0.1647000014781952,-0.5499356985092163,-0.4967613220214844
2555138,2022,deep_water,random_draw,0,585015,5159265,44100,0.0340136054421769,0.639274001121521,1.81707763671875,-2.35198974609375,0,0,5,0.06459999829530716,0.19699999690055847,0.23385000228881836,-0.5555947422981262,-0.5241401195526123
2544365,2022,dry,annotated,0,582015,5160045,38700,0.0310077519379845,0.07096398621797562,0.25396728515630684,-0.253936767578125,0.02040816284716129,0,5,0.04670000076293945,0.12880000472068787,0.10989999771118164,-0.4040631949901581,-0.403575986623764
2544705,2022,dry,annotated,0,582075,5159895,38700,0.0310077519379845,0.2917640805244446,0.5748596191406818,0.06695556640625,0.04347826167941093,0,5,0.06449999660253525,0.14079999923706055,0.15960000455379486,-0.4243641197681427,-0.4195933341979981
2544742,2022,dry,annotated,0,582075,5159985,38700,0.0310077519379845,0.2076059877872467,0.5561828613281818,0.04827880859375,0.02040816284716129,0,5,0.05220000073313713,0.12039999663829803,0.12039999663829803,-0.39513325691223145,-0.38481172919273376
2544389,2022,em_veg,random_draw,0,582015,5159715,3600,0.0833333333333333,0.1490115374326706,0.52288818359375,0.03775024414056816,0.27272728085517883,0,5,0.03940000012516975,0.09939999878406525,0.10980000346899033,-0.5328227281570435,-0.47184985876083374
2539390,2022,dry,annotated,0,581085,5159895,4500,0.0666666666666667,0.1486113965511322,0.26904296875,-0.09265136718755684,0.02325581386685371,0,5,0.04540000110864639,0.12099999934434892,0.13019999861717224,-0.5652557611465454,-0.4829157292842865
2538566,2022,em_veg,random_draw,0,580845,5159535,1800,0.1,0.12225352227687836,0.219207763671875,-0.0125732421875,0.31707316637039185,0,5,0.04800000041723251,0.1315000057220459,0.1363999992609024,-0.4793926179409027,-0.4793926179409027
2535202,2022,em_veg,annotated,0,579735,5159805,9900,0.0727272727272727,0.10691075026988985,0.301361083984375,-0.020660400390625,0.2954545319080353,0.4761904776096344,5,0.03355000168085098,0.090549997985363,0.09925000369548798,-0.4941020607948303,-0.44207316637039185
2535407,2022,em_veg,annotated,0,579795,5159805,9900,0.0727272727272727,0.07498832046985626,0.36065673828125,0.03863525390625,0.975000023841858,0.8571428656578064,4,0.01494999974966049,0.03494999930262565,0.04444999992847442,-0.4957248568534851,-0.44178083539009094
2535534,2022,em_veg,annotated,0,579855,5159745,9900,0.0727272727272727,0.10908417403697968,0.316253662109375,-0.005767822265625,0.3571428656578064,0.4285714328289032,5,0.03959999978542328,0.11389999836683272,0.11905000358819962,-0.4989843666553498,-0.4829545319080353
2535634,2022,dry,annotated,0,579885,5159805,9900,0.0727272727272727,0.13404449820518494,0.199981689453125,-0.122039794921875,0.2380952388048172,0,5,0.04349999874830246,0.11349999904632568,0.13359999656677246,-0.5091040730476379,-0.49225664138793945
2535493,2022,dry,annotated,0,579825,5160045,32400,0.0314814814814815,0.2553699016571045,0.9019775390625,-0.47113037109375,0,0,5,0.0786999985575676,0.19339999556541443,0.2379000037908554,-0.5108762979507446,0.11147688329219818
2535632,2022,em_veg,annotated,0,579915,5160015,32400,0.0314814814814815,0.07432300597429276,1.476898193359375,0.103790283203125,0.7857142686843872,0.380952388048172,4,0.04194999858736992,0.09835000336170197,0.09905000030994417,-0.3813713788986206,-0.03340206295251846
2535723,2022,em_veg,annotated,0,579975,5160045,32400,0.0314814814814815,0.15723109245300293,1.3643798828125,-0.00872802734375,0.4390243887901306,0,5,0.04904999956488609,0.1067499965429306,0.0994499996304512,-0.33944573998451233,-0.27533459663391113
2535766,2022,dry,annotated,0,579945,5159955,32400,0.0314814814814815,0.1217453107237816,1.4022216796875,0.02911376953125,0.41860464215278625,0,5,0.05009999871253967,0.12189999967813492,0.13439999520778656,-0.45694470405578613,-0.3598455488681793
2535857,2022,em_veg,annotated,0,580005,5160105,32400,0.0314814814814815,0.13793741166591644,1.151824951171875,-0.221282958984375,0.15909090638160706,0,5,0.05770000070333481,0.15889999270439148,0.14184999465942383,-0.43995365500450134,-0.3977873921394348
2529475,2022,dry,annotated,0,578295,5156685,110700,0.024390243902439,0.3051163852214813,1.040130615234375,-0.388092041015625,0.2195121943950653,0.4000000059604645,5,0.0628499984741211,0.16979999840259552,0.18700000643730164,-0.4963812530040741,-0.4878568351268768
2529708,2022,em_veg,annotated,0,578355,5157195,110700,0.024390243902439,0.06875468790531158,1.47601318359375,0.04779052734375,0.1428571492433548,0.095238097012043,5,0.04479999840259552,0.1006999984383583,0.1062999963760376,-0.40701523423194885,-0.318352073431015
2529893,2022,dry,annotated,0,578415,5156955,110700,0.024390243902439,0.3841761350631714,0.930938720703125,-0.497283935546875,0.02272727340459823,0,5,0.06404999643564224,0.14169999957084656,0.1955000013113022,-0.4950670599937439,-0.3086419701576233
2529971,2022,dry,annotated,0,578415,5156835,110700,0.024390243902439,0.4064612686634064,-0.013916015625,-1.442138671875,0.02173913083970546,0,5,0.07940000295639038,0.26109999418258667,0.2971999943256378,-0.5783324241638184,-0.5532379150390625
2530000,2022,deep_viz,annotated,0,578445,5156805,110700,0.024390243902439,0.26230403780937195,1.306884765625,-0.121337890625,0.9333333373069764,0.9047619104385376,4,0.04600000008940697,0.1111000031232834,0.11760000139474867,-0.4104803800582886,-0.29494163393974304
2530356,2022,deep_viz,annotated,0,578505,5156655,110700,0.024390243902439,0,1.56903076171875,0.14080810546875,0.9772727489471436,1,1,0.03449999913573265,0.02960000000894069,0.0255999993532896,-0.13098236918449402,0.14950166642665863
2530539,2022,deep_viz,annotated,0,578505,5156745,110700,0.024390243902439,0.02663853950798511,1.56732177734375,0.13909912109375,0.9772727489471436,1,3,0.02070000022649765,0.01909999921917915,0.03099999949336052,-0.19922630488872528,-0.18386714160442352
2531158,2022,shallow_viz,annotated,1,578775,5157165,24300,0.0444444444444444,0.11335577815771104,3.01422119140625,0.353668212890625,0.2222222238779068,0,5,0.04645000025629997,0.09309999644756316,0.10824999958276749,-0.3907837867736816,0.11219081282615662
2531271,2022,shallow_viz,annotated,1,578775,5156985,24300,0.0444444444444444,0.0850389301776886,3.137969970703125,0.4774169921875,0.10204081982374193,0.04545454680919647,5,0.03999999910593033,0.06150000169873237,0.08030000329017639,-0.2926613688468933,-0.2344350516796112
2531049,2022,dry,annotated,0,578715,5157075,24300,0.0444444444444444,0.19538573920726776,2.4647216796875,-0.195831298828125,0,0,5,0.06239999830722809,0.13439999520778656,0.23260000348091123,-0.5821359157562256,0.07069586962461472
2531269,2022,dry,annotated,0,578775,5157225,24300,0.0444444444444444,0.17503152787685394,2.317138671875,-0.343414306640625,0,0,5,0.06795000284910202,0.1366499960422516,0.20819999277591705,-0.5103610157966614,0.11358220875263214
2531621,2022,em_veg,random_draw,0,578895,5156925,1800,0.1,0.25584763288497925,0.14935302734375,-0.337066650390625,0,0,5,0.05539999902248382,0.12559999525547028,0.19460000097751615,-0.5389481782913208,-0.5353817343711853
2531480,2022,dry,annotated,0,578865,5157195,17100,0.0421052631578947,0.07663682103157043,0.5776977539063068,0.0247802734375,0.06666667014360428,0.04545454680919647,5,0.05020000040531158,0.11779999732971191,0.14749999344348907,-0.4941785335540771,-0.4921598434448242
2531987,2022,dry,annotated,0,578985,5156445,900,0.133333333333333,0.2754402160644531,0.2618408203125,-0.155975341796875,0.11363636702299118,0,5,0.0658000037074089,0.1694999933242798,0.20309999585151672,-0.5134128332138062,-0.4875389337539673
2532073,2022,em_veg,annotated,0,579045,5156445,900,0.133333333333333,0.0577663704752922,0.578125,0.160308837890625,0.9047619104385376,0.9047619104385376,4,0.00985000003129243,0.04210000112652778,0.05409999936819076,-0.6966651678085327,-0.6441893577575684
2531973,2022,dry,annotated,0,578985,5156025,26100,0.0459770114942529,0.18587467074394223,0.8592529296875,-0.524505615234375,0,0,5,0.0693499967455864,0.14720000326633453,0.2158000022172928,-0.49505165219306946,-0.4161598682403565
2530980,2022,em_veg,random_draw,0,578685,5155035,6300,0.0571428571428571,0.13068363070487976,0.43096923828125,-0.07998657226568184,0.02173913083970546,0,5,0.04280000180006027,0.12084999680519104,0.1586499959230423,-0.5983649492263794,-0.4984155595302582
2528330,2022,dry,annotated,0,577965,5153745,64800,0.0240740740740741,0.09119627624750136,0.76715087890625,-0.17822265625,0.21276596188545227,0,5,0.04069999977946281,0.08959999680519104,0.08699999749660492,-0.35248619318008423,0.05851755663752556
2529417,2022,dry,annotated,0,578235,5153895,64800,0.0240740740740741,0.09651561826467514,0.35626220703125,-0.589111328125,0.02127659507095813,0,5,0.07535000145435333,0.1627500057220459,0.2603999972343445,-0.5495287775993347,-0.5305944085121155
2529856,2022,dry,annotated,0,578415,5153835,64800,0.0240740740740741,0.1431843787431717,0.760528564453125,-0.184844970703125,0.22727273404598236,0,5,0.05324999988079071,0.10450000315904616,0.12815000116825104,-0.4509718120098114,-0.3075435161590576
2523961,2022,shallow_viz,annotated,1,577155,5153085,10800,0.0611111111111111,0.05739959701895714,0.23785400390625,-0.003204345703125,0.01999999955296516,0,5,0.05490000173449516,0.10100000351667404,0.1315000057220459,-0.4368279576301574,-0.37738096714019775
2524391,2022,shallow_viz,annotated,1,577215,5153205,10800,0.0611111111111111,0.04843221232295036,0.2177734375,-0.023284912109375,0.06122449040412903,0,5,0.04369999840855598,0.0948999971151352,0.09380000084638596,-0.3861495852470398,-0.35052531957626343
2523942,2022,dry,annotated,0,577125,5153175,10800,0.0611111111111111,0.09370489418506622,0.037261962890625,-0.20379638671875,0,0,5,0.09605000168085098,0.19830000400543213,0.2743000090122223,-0.5045374035835266,-0.0844062939286232
2524392,2022,dry,annotated,0,577215,5153145,10800,0.0611111111111111,0.0665094256401062,0.038726806640625,-0.20233154296875,0,0,5,0.07900000363588333,0.18230000138282776,0.24570000171661377,-0.5263879299163818,-0.4968017041683197
2519411,2022,dry,annotated,0,576465,5153235,9900,0.0545454545454545,0.17368324100971222,0.26220703125,-0.12005615234375,0.02127659507095813,0.0416666679084301,5,0.06499999761581421,0.15800000727176666,0.218299999833107,-0.5411224961280823,-0.5348688364028931
2519888,2022,dry,annotated,0,576555,5153205,9900,0.0545454545454545,0.08658784627914429,0.346099853515625,-0.036163330078125,0.02127659507095813,0.0416666679084301,5,0.04439999908208847,0.1071999967098236,0.14890000224113464,-0.5406104326248169,-0.4433497488498688
2519277,2022,dry,annotated,0,576465,5153415,50400,0.0380952380952381,0.10263035446405412,1.4581298828125,0.29119873046875,0.06122449040412903,0,5,0.03680000081658363,0.12780000269412994,0.08309999853372574,-0.3987511098384857,-0.31487342715263367
2519992,2022,dry,annotated,0,576555,5153505,50400,0.0380952380952381,0.0738886147737503,0.975250244140625,-0.191680908203125,0.02272727340459823,0,5,0.06589999794960022,0.2336000055074692,0.1704999953508377,-0.48275861144065857,-0.44247040152549744
2516131,2022,dry,annotated,0,575955,5153205,4500,0.0666666666666667,0.0765322893857956,0.0511474609375,-0.303802490234375,0,0,5,0.04230000078678131,0.10320000350475313,0.19480000436306,-0.6431885361671448,-0.5410681366920471
2511981,2022,deep_water,random_draw,0,575385,5153325,9000,0.0466666666666667,0.25566983222961426,0.94293212890625,0.342010498046875,0.4878048896789551,0.17391304671764374,5,0.02294999919831752,0.0693499967455864,0.06785000115633011,-0.5327963829040527,-0.2336103469133377
2504993,2022,co_precise,annotated,1,574365,5153145,13500,0.04,0.0662267804145813,0.457061767578125,-0.017547607421875,0.04347826167941093,0.14814814925193787,5,0.04459999874234199,0.10459999740123747,0.1386999934911728,-0.4088369607925415,-0.32164767384529114
2504673,2022,dry,annotated,0,574305,5153145,13500,0.04,0.05972576513886452,0.456634521484375,-0.017974853515625,0.09090909361839294,0.1034482792019844,5,0.04540000110864639,0.09950000047683716,0.12290000170469284,-0.4818744361400604,-0.4069834053516388
2505031,2022,dry,annotated,0,574365,5153205,13500,0.04,0.06078599020838737,0.42279052734375,-0.05181884765625,0.02222222276031971,0.07999999821186066,5,0.0637499988079071,0.1298999935388565,0.19325000047683716,-0.5039157271385193,-0.46525681018829346
2505112,2022,dry,annotated,0,574395,5153085,13500,0.04,0.06564212590456009,0.470245361328125,-0.004364013671875,0,0,5,0.0649000033736229,0.15129999816417694,0.275299996137619,-0.6311452388763428,-0.5562464594841003
2500909,2022,shallow_viz,annotated,1,573705,5153475,5400,0.0777777777777778,0.08326515555381775,0.102203369140625,-0.0281982421875,0.01960784383118152,0.0357142873108387,5,0.0426499992609024,0.09549999982118608,0.13774999976158142,-0.5228872895240784,-0.47215497493743896
2501319,2022,shallow_viz,annotated,1,573765,5153445,5400,0.0777777777777778,0.0336962379515171,0.11224365234375,-0.018157958984375,0.02083333395421505,0.03846153989434242,5,0.0390000008046627,0.09035000205039978,0.13289999961853027,-0.5313451886177063,-0.4442105293273926
2498693,2022,shallow_viz,annotated,1,573465,5153175,7200,0.0666666666666667,0.10594068467617036,0.371917724609375,0.081573486328125,0.11627907305955888,0,5,0.03109999932348728,0.13809999823570251,0.08420000225305557,-0.46053773164749146,-0.46053773164749146
2499310,2022,shallow_viz,annotated,1,573525,5153205,7200,0.0666666666666667,0.1190342903137207,0.2237548828125,-0.06658935546875,0.0731707289814949,0,5,0.04619999974966049,0.1826000064611435,0.12630000710487366,-0.4643478393554687,-0.4643478393554687
2498917,2022,dry,annotated,0,573465,5153205,7200,0.0666666666666667,0.07634105533361435,0.13763427734375,-0.1527099609375,0.04651162773370743,0,5,0.05590000003576279,0.1940000057220459,0.1656000018119812,-0.4952595829963684,-0.4952595829963684
2499153,2022,dry,annotated,0,573525,5153145,7200,0.0666666666666667,0.08523934334516525,0.159698486328125,-0.130645751953125,0.10000000149011612,0,5,0.04699999839067459,0.17139999568462372,0.12999999523162842,-0.4689265489578247,-0.4689265489578247
2496202,2022,dry,annotated,0,573135,5153415,7200,0.0583333333333333,0.15654656291007996,0.383941650390625,-0.01605224609375,0.12244898080825806,0.07407407462596893,5,0.03950000181794166,0.1181500032544136,0.1272999942302704,-0.5305083394050598,-0.4374282360076904
2487250,2022,em_veg,annotated,0,571725,5152875,261900,0.0247422680412371,0.19124551117420197,3.268096923828125,-0.145263671875,0.0555555559694767,0,5,0.0832500010728836,0.19280000030994415,0.21410000324249268,-0.4279289841651917,-0.3917309045791626
2487466,2022,em_veg,annotated,0,571785,5152875,261900,0.0247422680412371,0.189724862575531,3.2806396484375,-0.132720947265625,0,0,5,0.07590000331401825,0.19380000233650208,0.22360000014305115,-0.4604833424091339,0.03507033735513687
2488607,2022,dry,annotated,0,571965,5153205,261900,0.0247422680412371,0.04597689211368561,3.43243408203125,0.019073486328125,0.0833333358168602,0,5,0.04170000180602074,0.18379999697208405,0.1412999927997589,-0.5442622900009155,-0.5309858918190002
2489563,2022,dry,annotated,0,572175,5153145,261900,0.0247422680412371,0.17253316938877106,3.50775146484375,0.094390869140625,0.05000000074505806,0,5,0.04639999940991402,0.19110000133514404,0.15035000443458557,-0.521773636341095,-0.4555256068706513
2490114,2022,glint,annotated,0,572265,5153025,261900,0.0247422680412371,0.29822054505348206,1.2264404296875,-2.186920166015625,0,0,5,0.11445000022649764,0.20855000615119937,0.32510000467300415,-0.4752782881259918,-0.3940940499305725
2490215,2022,em_veg,annotated,0,572265,5153175,261900,0.0247422680412371,0.13520783185958862,3.764373779296875,0.35101318359375,0.02631578966975212,0,5,0.07169999927282333,0.18205000460147855,0.22744999825954437,-0.5024449229240417,-0.284153014421463
2490222,2022,dry,annotated,0,572265,5153265,261900,0.0247422680412371,0.8970317840576172,3.732421875,0.319061279296875,0.03030303120613098,0,5,0.0544000007212162,0.14339999854564667,0.15880000591278076,-0.4896810650825501,-0.35668790340423584
2486282,2022,deep_water,random_draw,0,571575,5153295,6300,0.0571428571428571,0.2975490987300873,0.192413330078125,-0.28619384765625,0.02702702768146991,0,5,0.0499499998986721,0.1670999974012375,0.17339999973773956,-0.5440215468406677,-0.5184991955757141
2486451,2022,deep_water,random_draw,0,571575,5153385,6300,0.0571428571428571,0.02350722067058086,0.544586181640625,0.06597900390625,0.5833333134651184,0.4545454680919647,3,0.02590000070631504,0.05119999870657921,0.05669999867677688,-0.4757085144519806,-0.23127035796642303
2470417,2022,shallow_viz,annotated,1,569235,5153175,11700,0.041025641025641,0.07965971529483795,1.56689453125,0.082855224609375,0.20930232107639313,0.1818181872367859,5,0.0255999993532896,0.04850000143051147,0.03909999877214432,-0.19207316637039185,-0.1905781626701355
2470228,2022,dry,annotated,0,569205,5153145,11700,0.041025641025641,0.09499567747116087,1.549346923828125,0.0653076171875,0.09090909361839294,0.04347826167941093,5,0.0377499982714653,0.07590000331401825,0.10045000165700912,-0.5242041349411011,-0.3932075500488281
2470263,2022,dry,annotated,0,569205,5153235,11700,0.041025641025641,0.6220647692680359,1.207061767578125,-0.2769775390625,0.13636364042758942,0.04545454680919647,5,0.05635000020265579,0.16619999706745148,0.14650000631809235,-0.4467827081680298,-0.3949258029460907
2470985,2022,dry,annotated,0,569295,5153205,11700,0.041025641025641,0.05498853698372841,1.6158447265625,0.131805419921875,0.06818182021379471,0.05000000074505806,5,0.03819999843835831,0.09300000220537186,0.12380000203847884,-0.544562578201294,-0.5283950567245483
2465928,2022,shallow_viz,annotated,1,568665,5153055,27900,0.0344086021505376,0.10019560903310776,0.348175048828125,-0.028228759765625,0.04878048598766327,0.04347826167941093,5,0.03734999895095825,0.08545000106096268,0.10509999841451644,-0.47978588938713074,-0.3953177332878113
2467145,2022,dry,annotated,0,568815,5153235,27900,0.0344086021505376,0.6799570322036743,-0.316162109375,-0.69256591796875,0.02702702768146991,0,5,0.08020000159740448,0.25949999690055847,0.20679999887943268,-0.44111499190330505,-0.428767591714859
2463409,2022,dry,annotated,0,568335,5153025,1800,0.1,0.15446271002292633,1.52252197265625,0.212646484375,0,0,5,0.09279999881982803,0.20589999854564667,0.34790000319480896,-0.5788518190383911,-0.5788518190383911
2445845,2022,dry,annotated,0,566205,5153265,900,0.133333333333333,0.10999686270952223,-0.01107788085943184,-0.146636962890625,0.07407407462596893,0,5,0.05559999868273735,0.15569999814033508,0.19384999573230743,-0.5575674772262573,-0.5242258906364441
2441767,2022,dry,annotated,0,565785,5153235,28800,0.0333333333333333,0.5190141201019287,1.19873046875,-0.193878173828125,0.1071428582072258,0,5,0.05770000070333481,0.1266999989748001,0.11620000004768372,-0.33640024065971375,-0.33640024065971375
2441796,2022,dry,annotated,0,565755,5153355,28800,0.0333333333333333,0.06221023201942444,1.29620361328125,-0.096405029296875,0.06451612710952759,0,5,0.02549999952316284,0.07294999808073044,0.10454999655485152,-0.6235420107841492,-0.5705812573432922
2444431,2022,dry,annotated,0,566025,5153235,28800,0.0333333333333333,0.5838298797607422,1.167022705078125,-0.2255859375,0.1111111119389534,0,5,0.04369999840855598,0.09730000048875807,0.1143999993801117,-0.4471853375434875,-0.4471853375434875
2444964,2022,em_veg,annotated,0,566085,5152995,47700,0.0289308176100629,0.2670169472694397,0.72833251953125,0.0054931640625,0.1034482792019844,0,5,0.0203000009059906,0.07410000264644623,0.07479999959468842,-0.5730809569358826,-0.5730809569358826
2445393,2022,em_veg,annotated,0,566145,5153175,47700,0.0289308176100629,0.24542248249053955,0.677703857421875,-0.045135498046875,0.14814814925193787,0.125,5,0.02349999919533729,0.07509999722242355,0.0835999995470047,-0.5611578226089478,-0.5611578226089478
2446336,2022,dry,annotated,0,566235,5153055,47700,0.0289308176100629,0.08977441489696503,0.55572509765625,-0.1671142578125,0.1071428582072258,0,5,0.03060000017285347,0.07590000331401825,0.08340000361204147,-0.4631578922271729,-0.4631578922271729
2446756,2022,dry,annotated,0,566265,5153115,47700,0.0289308176100629,0.08624950051307678,0.55462646484375,-0.168212890625,0.1071428582072258,0,5,0.03099999949336052,0.08269999921321869,0.08950000256299973,-0.48547717928886414,-0.48547717928886414
2447556,2022,dry,annotated,0,566385,5153115,47700,0.0289308176100629,0.18573760986328125,0.55450439453125,-0.1683349609375,0.1111111119389534,0,5,0.02899999916553497,0.0926000028848648,0.08429999649524689,-0.48808473348617554,-0.48808473348617554
1976892,2022,dry,annotated,0,542115,5135685,3600,0.0833333333333333,0.5298925638198853,1.208526611328125,-0.178436279296875,0.0357142873108387,0,5,0.0608999989926815,0.19990000128746033,0.16529999673366547,-0.47297829389572144,-0.4295082092285156
1976893,2022,terrain,annotated,0,542145,5135655,3600,0.0833333333333333,0.1458699256181717,1.26531982421875,-0.12164306640625,0.03448275849223137,0,5,0.0544000007212162,0.17800000309944153,0.14880000054836273,-0.5019807815551758,-0.4645669162273407
1967227,2022,dry,annotated,0,540315,5133765,20700,0.0492753623188406,0.16243159770965576,1.26171875,-0.16796875,0,0,5,0.06859999895095825,0.13259999454021454,0.18050000071525577,-0.4531185328960418,0.10258044302463531
1963513,2022,em_veg,annotated,0,539685,5133435,9000,0.0533333333333333,0.21903365850448608,0.76434326171875,0.124542236328125,0.2857142984867096,0,5,0.05099999904632568,0.1331000030040741,0.1143999993801117,-0.4193548262119293,-0.3103448152542114
1963616,2022,dry,annotated,0,539685,5133405,9000,0.0533333333333333,0.2646700143814087,0.76708984375,0.127288818359375,0.2222222238779068,0,5,0.048700001090765,0.1216999962925911,0.12559999525547028,-0.42712438106536865,-0.4107683002948761
1956278,2022,dry,annotated,0,538485,5131995,7200,0.075,0.1328032910823822,0.232177734375,-0.250030517578125,0.0357142873108387,0,5,0.05490000173449516,0.1607999950647354,0.1643500030040741,-0.5000158548355103,-0.493742436170578
1956576,2022,em_veg,annotated,0,538545,5131965,7200,0.075,0.23386336863040924,0.467376708984375,-0.01483154296875,0,0,5,0.04729999974370003,0.1339000016450882,0.14820000529289246,-0.49920591711997986,-0.47159090638160706
1956960,2022,dry,annotated,0,538635,5132025,7200,0.075,0.14396168291568756,0.345245361328125,-0.136962890625,0.0357142873108387,0,5,0.04414999857544899,0.14925000071525574,0.15000000596046448,-0.5087242126464844,-0.47529199719429016
1957969,2022,dry,annotated,0,538785,5130045,21600,0.0444444444444444,0.25267183780670166,0.98590087890625,0.02853393554681815,0.1538461595773697,0,5,0.05339999869465828,0.15410000085830688,0.12210000306367874,-0.391780823469162,-0.3772594630718231
1958428,2022,em_veg,annotated,0,538815,5129985,21600,0.0444444444444444,0.29931461811065674,0.907012939453125,-0.05035400390630684,0.25,0,5,0.03554999828338623,0.08534999936819077,0.08649999648332596,-0.4071307182312012,-0.3971962630748749
1958466,2022,em_veg,annotated,0,538845,5130045,21600,0.0444444444444444,0.21044744551181793,0.88818359375,-0.06918334960943184,0.6296296119689941,0,4,0.05220000073313713,0.12094999849796297,0.12025000154972076,-0.3946067094802856,-0.39459457993507385
1958957,2022,em_veg,annotated,0,538935,5130045,21600,0.0444444444444444,0.1895183622837067,0.915008544921875,-0.04235839843755684,0.40740740299224854,0,4,0.04450000077486038,0.10320000350475313,0.09449999779462814,-0.3958640992641449,-0.28810974955558777
1949415,2022,dry,annotated,0,537525,5125665,20700,0.0347826086956522,0.14751234650611875,0.29083251953125,-0.387725830078125,0,0,5,0.0572500005364418,0.1058500036597252,0.1590999960899353,-0.5064761638641357,-0.43030303716659546
4964026,2022,dry,annotated,0,536385,5118915,60300,0.045771144278607,0.19145217537879944,0.625640869140625,-0.034454345703125,0.1923076957464218,0,5,0.04270000010728836,0.10570000112056732,0.07509999722242355,-0.27504244446754456,-0.27504244446754456
4964027,2022,dry,annotated,0,536385,5118855,60300,0.045771144278607,0.29038500785827637,0.60052490234375,-0.0595703125,0.22727273404598236,0,5,0.04134999960660934,0.10029999911785126,0.09679999947547913,-0.4062072932720184,-0.36487361788749695
4964697,2022,dry,annotated,0,536505,5118735,60300,0.045771144278607,0.2659286558628082,0.552032470703125,-0.108062744140625,0.3214285671710968,0,5,0.03099999949336052,0.08550000190734863,0.08309999853372574,-0.45661699771881104,-0.3472973108291626
4964108,2022,em_veg,random_draw,0,536385,5116905,45000,0.0306666666666667,0.15132120251655579,0.79620361328125,0.1346435546875,0.8064516186714172,0.1666666716337204,4,0.03779999911785126,0.1071000024676323,0.11330000311136246,-0.5017494559288025,-0.41713571548461914
4964387,2022,em_veg,random_draw,0,536445,5116995,45000,0.0306666666666667,0.1177944391965866,0.86700439453125,0.2054443359375,0.5714285969734192,0.3571428656578064,5,0.02859999984502792,0.08760000020265579,0.11569999903440475,-0.6106194853782654,-0.5013054609298706
4964496,2022,em_veg,random_draw,0,536475,5116785,45000,0.0306666666666667,0.16326099634170532,0.86041259765625,0.1988525390625,0.7857142686843872,0.2857142984867096,4,0.03310000151395798,0.09560000151395798,0.10989999771118164,-0.53706294298172,-0.448369562625885
4964639,2022,em_veg,random_draw,0,536475,5116905,45000,0.0306666666666667,0.30171507596969604,0.496856689453125,-0.164703369140625,0.24137930572032928,0,5,0.05669999867677688,0.13899999856948853,0.16339999437332153,-0.4956516921520233,-0.41917023062705994
4965317,2022,em_veg,random_draw,0,536565,5116965,45000,0.0306666666666667,0.19228602945804596,0.584991455078125,-0.076568603515625,0,0,5,0.0925000011920929,0.2087000012397766,0.26190000772476196,-0.47590869665145874,-0.4017249345779419
4965451,2022,em_veg,random_draw,0,536595,5116785,45000,0.0306666666666667,0.256511390209198,0.4451904296875,-0.21636962890625,0.14814814925193787,0,5,0.06849999725818634,0.1469999998807907,0.17509999871253967,-0.4376026391983032,-0.4376026391983032
4965810,2022,em_veg,random_draw,0,536625,5116875,45000,0.0306666666666667,0.22791241109371185,0.653411865234375,-0.008148193359375,0.5,0,5,0.02290000021457672,0.05270000174641609,0.05620000138878822,-0.4209860861301422,-0.4209860861301422
4966680,2022,dry,annotated,0,536805,5110605,18000,0.0533333333333333,0.1369164139032364,0.554962158203125,-0.1922607421875,0.06060606241226196,0,5,0.0601000003516674,0.189300000667572,0.16619999706745148,-0.4803963899612427,-0.4645879864692688
4967621,2022,dry,annotated,0,536955,5110605,18000,0.0533333333333333,0.12041707336902618,0.63006591796875,-0.117156982421875,0.05882352963089943,0,5,0.05290000140666962,0.13459999859333038,0.17309999465942383,-0.5132819414138794,-0.46412697434425354
4966089,2022,shallow_viz,annotated,1,536685,5108505,2700,0.0888888888888889,0.23464606702327728,0.22906494140625,0.01055908203125,0.06666667014360428,0,5,0.06024999916553497,0.16144999861717224,0.1237500011920929,-0.3703553378582001,-0.22033898532390592
4966088,2022,dry,annotated,0,536685,5108565,2700,0.0888888888888889,0.24350927770137787,0.151123046875,-0.0673828125,0,0,5,0.07355000078678131,0.1845500022172928,0.22529999911785129,-0.4955889582633972,-0.4501397907733917
4966404,2022,dry,annotated,0,536745,5108505,2700,0.0888888888888889,0.09760035574436188,-0.144287109375,-0.36279296875,0,0,5,0.08749999850988388,0.17550000548362732,0.30584999918937683,-0.574909508228302,-0.5297254323959351
4965514,2022,shallow_viz,annotated,1,536565,5108025,4500,0.0666666666666667,0.16688546538352966,0.613800048828125,-0.237091064453125,0.02941176481544971,0,5,0.05579999834299087,0.12240000069141388,0.1996999979019165,-0.5026212334632874,-0.49319568276405334
4965433,2022,dry,annotated,0,536595,5108085,4500,0.0666666666666667,0.0981043130159378,0.251373291015625,-0.599517822265625,0,0,5,0.06544999778270721,0.12845000624656677,0.2231999933719635,-0.5452420711517334,-0.5307517051696777
4965963,2022,terrain,annotated,0,536655,5108025,4500,0.0666666666666667,0.7109373211860657,0.786651611328125,-0.064239501953125,0.3235294222831726,0,5,0.06120000034570694,0.11869999766349792,0.1225999966263771,-0.3340587615966797,-0.3287671208381653
4995343,2022,dry,annotated,0,541155,5100195,24300,0.0419753086419753,0.22337055206298828,0.348876953125,-0.24725341796875,0.16129031777381897,0,5,0.04224999994039535,0.1128000020980835,0.1055999994277954,-0.4460533857345581,-0.2812051773071289
4995781,2022,dry,annotated,0,541215,5100165,24300,0.0419753086419753,0.15324683487415314,-0.01385498046875,-0.6099853515625,0,0,5,0.08444999903440475,0.16824999451637268,0.2922999858856201,-0.5510606169700623,-0.5062761306762695
4997078,2022,dry,annotated,0,541365,5100135,24300,0.0419753086419753,0.10471268743276596,0.207244873046875,-0.388885498046875,0,0,5,0.07535000145435333,0.15700000524520874,0.27044999599456787,-0.5700427293777466,-0.5272153615951538
4996471,2022,hugo_precise,annotated,1,541305,5100165,24300,0.0419753086419753,0.13573123514652252,0.551422119140625,-0.044708251953125,0.13793103396892548,0,5,0.0243999995291233,0.06129999831318855,0.03530000150203705,-0.1889137327671051,0.0556701049208641
4989399,2022,dry,annotated,0,540435,5093385,59400,0.0262626262626263,0.05236461013555527,2.04559326171875,-0.15673828125,0.03448275849223137,0,5,0.06100000068545341,0.1148499995470047,0.13285000622272491,-0.37043288350105286,-0.3692115247249603
5336497,2022,em_veg,annotated,0,538785,5083515,16200,0.0518518518518519,0.13325372338294983,0.7232360839844318,-0.1422119140625,0.03333333507180214,0,5,0.05959999933838844,0.14380000531673431,0.13349999487400055,-0.3827032744884491,-0.3827032744884491
5336711,2022,em_veg,annotated,0,538815,5083665,16200,0.0518518518518519,0.07678242027759552,0.8211669921875568,-0.044281005859375,0.06896551698446274,0,5,0.04100000113248825,0.11180000007152556,0.06509999930858612,-0.22714419662952423,-0.22714419662952423
5336777,2022,dry,annotated,0,538845,5083545,16200,0.0518518518518519,0.1198137104511261,0.49057006835943184,-0.3748779296875,0,0,5,0.06084999814629555,0.2313999980688095,0.1920499950647354,-0.5175672173500061,-0.48885220289230347
5337148,2022,em_veg,annotated,0,538875,5083665,16200,0.0518518518518519,0.11844240128993988,0.8929748535156818,0.02752685546875,0.03333333507180214,0,5,0.0340999998152256,0.1290999948978424,0.11469999700784685,-0.5416666865348816,-0.5416666865348816
5361311,2022,dry,annotated,0,541965,5078145,12600,0.0428571428571429,0.08969172835350037,0.3388671875,-0.043243408203125,0,0,5,0.05150000005960464,0.10660000145435332,0.13339999318122864,-0.44294214248657227,-0.44294214248657227
5364855,2022,glint,annotated,0,542385,5066655,94500,0.036190476190476203,0.15582425892353058,0.278656005859375,-0.42288208007818184,0.03030303120613098,0,5,0.04259999841451645,0.11140000075101852,0.1542000025510788,-0.5285002589225769,-0.47408464550971985
5364986,2022,em_veg,annotated,0,542385,5066205,94500,0.036190476190476203,0,0.733551025390625,0.03201293945306816,0.13333334028720856,0,5,0.03060000017285347,0.07509999722242355,0.08855000138282776,-0.4869286715984345,-0.48252788186073303
5365462,2022,em_veg,annotated,0,542445,5066565,94500,0.036190476190476203,0,0.733551025390625,0.03201293945306816,0.12121212482452393,0,5,0.04190000146627426,0.10109999775886536,0.12514999508857727,-0.496539443731308,-0.46446701884269714
5365623,2022,glint,annotated,0,542445,5066415,94500,0.036190476190476203,0,0.733551025390625,0.03201293945306816,0.25,0,5,0.01950000040233135,0.05714999884366989,0.07355000078678131,-0.5660440325737,-0.4755783975124359
5365668,2022,glint,annotated,0,542475,5066715,94500,0.036190476190476203,0.07715737819671631,0.715972900390625,0.01443481445306815,0.27272728085517883,0,5,0.01769999973475933,0.04329999908804893,0.05465000122785568,-0.4245763421058655,-0.1666666716337204
5365760,2022,em_veg,annotated,0,542475,5066325,94500,0.036190476190476203,0,0.733551025390625,0.03201293945306816,0.03225806355476379,0,5,0.04785000160336494,0.11455000191926956,0.1533000022172928,-0.5239745378494263,-0.5148413777351379
5366104,2022,dry,annotated,0,542505,5066415,94500,0.036190476190476203,0,0.733551025390625,0.03201293945306816,0.06666667014360428,0,5,0.07039999961853027,0.164450004696846,0.1903499960899353,-0.4598291516304016,-0.4440993666648865
5364764,2022,em_veg,annotated,0,542355,5065815,9900,0.0484848484848485,0.13128167390823364,0.73358154296875,0.044830322265625,0.10000000149011612,0,5,0.06159999966621399,0.16200000047683716,0.14339999854564667,-0.3997599482536316,-0.3477633595466614
5365132,2022,em_veg,annotated,0,542415,5065965,9900,0.0484848484848485,0.12120816111564636,0.60882568359375,-0.079925537109375,0.03333333507180214,0,5,0.04930000007152557,0.11020000278949738,0.15790000557899475,-0.5441967844963074,-0.5241312980651855
5365179,2022,dry,annotated,0,542415,5065845,9900,0.0484848484848485,0.3107592761516571,-0.235931396484375,-0.9246826171875,0,0,5,0.07039999961853027,0.27059999108314514,0.2330999970436096,-0.5265225768089294,-0.508208155632019
5363238,2022,dry,annotated,0,542175,5064675,7200,0.0583333333333333,0.23557567596435547,0.11871337890619316,-0.33868408203119316,0.0714285746216774,0,5,0.06565000116825104,0.19589999318122864,0.2008000016212463,-0.5093194246292114,-0.47856640815734863
5363001,2022,dry,annotated,0,542175,5062275,5400,0.0666666666666667,0.1211446076631546,0.148193359375,-0.32928466796875,0,0,5,0.10005000233650208,0.21089999377727509,0.326449990272522,-0.5311173796653748,-0.5218380093574524
5366107,2022,co_precise,annotated,1,542535,5062185,18000,0.0366666666666667,0.1108829602599144,0.377685546875,-0.05291748046875,0.36666667461395264,0,5,0.01830000057816505,0.04149999842047691,0.03644999861717224,-0.2772960662841797,-0.05825242772698402
5365868,2022,dry,annotated,0,542475,5062275,18000,0.0366666666666667,0.20993772149086,0.37603759765625,-0.0545654296875,0,0,5,0.06345000118017197,0.16054999828338623,0.1985500007867813,-0.5160940885543823,-0.49757733941078186
5366531,2022,dry,annotated,0,542565,5062125,18000,0.0366666666666667,0.16706615686416626,0.54400634765625,0.1134033203125,0.1875,0,5,0.01924999989569187,0.04270000010728836,0.05505000054836273,-0.386845588684082,-0.1434878557920456
5367222,2022,dry,annotated,0,542625,5062215,18000,0.0366666666666667,0.22249823808670044,0.35662841796875,-0.073974609375,0.03225806355476379,0,5,0.03500000014901161,0.07050000131130219,0.09984999895095824,-0.4827898144721985,-0.4324517548084259
5363840,2022,em_veg,annotated,0,542265,5061105,1800,0.1,0.17456455528736117,0.2557373046875,-0.12164306640625,0.03333333507180214,0,5,0.05139999836683273,0.10849999636411668,0.15279999375343323,-0.5367282629013062,-0.4951076209545135
5361508,2022,em_veg,random_draw,0,541995,5060385,59400,0.0303030303030303,0.11045802384614944,0.6649169921875,0.10125732421875,0.28125,0,5,0.04430000111460686,0.10859999805688858,0.10859999805688858,-0.373998761177063,-0.3030303120613098
5362408,2022,em_veg,random_draw,0,542085,5060295,59400,0.0303030303030303,0.07955414056777954,0.66717529296875,0.103515625,0.16129031777381897,0,5,0.04479999840259552,0.10909999907016754,0.09790000319480896,-0.3721093237400055,-0.3311688303947449
5362488,2022,em_veg,random_draw,0,542115,5060445,59400,0.0303030303030303,0.18826445937156677,0.53759765625,-0.02606201171875,0.0625,0,5,0.03920000046491623,0.1307000070810318,0.08940000087022781,-0.378041535615921,-0.324701189994812
5363331,2022,em_veg,random_draw,0,542205,5060355,59400,0.0303030303030303,0.04212005063891411,0.699981689453125,0.136322021484375,0.23333333432674408,0,5,0.04039999842643738,0.09969999641180038,0.09149999916553496,-0.31749460101127625,-0.2663101553916931
5363457,2022,em_veg,random_draw,0,542205,5060595,59400,0.0303030303030303,0.11569122225046158,-0.009979248046875,-0.573638916015625,0,0,5,0.07150000333786011,0.1573999971151352,0.2928999960422516,-0.6051948070526123,-0.5743896961212158
5363922,2022,em_veg,random_draw,0,542265,5060445,59400,0.0303030303030303,0.11171214282512663,0.664276123046875,0.100616455078125,0.16129031777381897,0,5,0.04320000112056732,0.11159999668598176,0.09070000052452087,-0.3547423481941223,-0.3379669785499573
5366613,2022,em_veg,random_draw,0,542595,5062485,6300,0.0571428571428571,0.15136195719242096,0.203399658203125,-0.045684814453125,0.25,0,5,0.0300500001758337,0.08420000225305557,0.0527999997138977,-0.21690881252288816,-0.00497512426227331
11086026,2022,dry,annotated,0,569685,5009835,18000,0.0566666666666667,0.06326783448457718,0.15985107421875,-0.098541259765625,0,0,5,0.0649000033736229,0.12380000203847884,0.1615000069141388,-0.4266784489154816,-0.17748241126537323
11086219,2022,dry,annotated,0,569715,5009955,18000,0.0566666666666667,0.0605723038315773,0.180328369140625,-0.07806396484375,0.03448275849223137,0.04347826167941093,5,0.04129999876022339,0.10140000283718108,0.10239999741315842,-0.4317976534366608,-0.42519137263298035
11046850,2022,shallow_viz,annotated,1,565395,5009685,19800,0.0424242424242424,0.03928399085998535,0.5009765625,-0.023651123046875,0.02631578966975212,0.05263157933950424,5,0.04190000146627426,0.08829999715089798,0.08190000057220459,-0.269143283367157,-0.11214952915906906
11047436,2022,hugo_precise,annotated,1,565455,5009775,19800,0.0424242424242424,0.04103364050388336,0.573760986328125,0.04913330078125,0.0833333358168602,0.0555555559694767,5,0.03844999894499779,0.07000000029802322,0.04380000010132789,-0.03053398430347442,0.0631895661354065
11046945,2022,dry,annotated,0,565395,5009775,19800,0.0424242424242424,0.03289709240198135,0.392578125,-0.132049560546875,0,0,5,0.05689999833703041,0.1348000019788742,0.22419999539852145,-0.5591098666191101,-0.5407507419586182
11046946,2022,dry,annotated,0,565395,5009625,19800,0.0424242424242424,0.06262725591659546,0.20184326171875,-0.322784423828125,0,0,5,0.06560000032186508,0.1467999964952469,0.2621999979019165,-0.5997559428215027,-0.5332714319229126
11047756,2022,dry,annotated,0,565485,5009655,19800,0.0424242424242424,0.03450711071491241,0.326385498046875,-0.1982421875,0,0,5,0.0714000016450882,0.14830000698566437,0.2475000023841858,-0.5522107481956482,-0.5293696522712708
11038102,2022,shallow_viz,annotated,1,564315,5009655,168300,0.0245989304812834,0.02998635359108448,0.452178955078125,-0.304229736328125,0.0882352963089943,0.0476190485060215,5,0.05999999865889549,0.09350000321865082,0.10329999774694444,-0.38471850752830505,-8.326394599862397e-4
11038288,2022,shallow_viz,annotated,1,564345,5009775,168300,0.0245989304812834,0.0268844049423933,0.3563232421875,-0.40008544921875,0.05714285746216774,0.04545454680919647,5,0.06319999694824219,0.13459999859333038,0.2094999998807907,-0.5299270153045654,-0.4528089761734009
11037718,2022,dry,annotated,0,564315,5009715,168300,0.0245989304812834,0.04459692165255546,0.348785400390625,-0.407623291015625,0.02941176481544971,0.04545454680919647,5,0.06350000202655792,0.1243000030517578,0.2158000022172928,-0.5354254245758057,-0.4750143587589264
11038621,2022,dry,annotated,0,564405,5009625,168300,0.0245989304812834,0.08477040380239487,0.1422119140625,-0.61419677734375,0,0,5,0.06360000371932983,0.1362999975681305,0.2273000031709671,-0.5520676374435425,-0.5389302372932434
11038688,2022,dry,annotated,0,564405,5009745,168300,0.0245989304812834,0.06414084136486053,0.16119384765625,-0.59521484375,0,0,5,0.06970000267028809,0.149399995803833,0.2563000023365021,-0.5833831429481506,-0.5533333420753479
11013505,2022,shallow_viz,annotated,1,561555,5010075,1800,0.1,0.06366528570652008,0.06884765625,-0.021087646484375,0.03225806355476379,0.095238097012043,5,0.04329999908804893,0.09839999675750732,0.09849999845027924,-0.5159611105918884,-0.16885964572429657
11013824,2022,dry,annotated,0,561615,5010105,1800,0.1,0.02526859752833843,0.1539306640625,0.063995361328125,0,0,5,0.07244999706745148,0.15115000307559967,0.20649999380111697,-0.48216670751571655,-0.2838504910469055
10508537,2022,dry,annotated,0,540585,5009925,6300,0.0666666666666667,0.1828824281692505,0.005096435546875,-0.815155029296875,0,0,5,0.07909999787807465,0.20685000717639923,0.2697499990463257,-0.5373474955558777,-0.4971279501914978
10508569,2022,dry,annotated,0,540645,5009805,6300,0.0666666666666667,0.09697897732257844,0.1451416015625,-0.67510986328125,0,0,5,0.08269999921321869,0.17720000445842743,0.29649999737739563,-0.5678407549858093,-0.5500532388687134
10507781,2022,co_precise,annotated,1,540255,5010255,15300,0.0431372549019608,0.08445174247026443,0.32171630859375,0.013031005859375,0.1489361673593521,0,5,0.05595000088214874,0.12245000153779984,0.0998999997973442,-0.2688978612422943,0.404458612203598
10507854,2022,shallow_viz,annotated,1,540285,5010195,15300,0.0431372549019608,0.09256979823112488,0.260711669921875,-0.0479736328125,0.02083333395421505,0,5,0.06515000015497208,0.14585000276565552,0.18854999542236328,-0.495960533618927,-0.35555556416511536
10507748,2022,dry,annotated,0,540195,5010225,15300,0.0431372549019608,0.08639447391033173,0.175018310546875,-0.1336669921875,0.02127659507095813,0,5,0.07694999873638153,0.1854500025510788,0.29260000586509705,-0.5835468769073486,-0.5099833607673645
10507827,2022,dry,annotated,0,540285,5010135,15300,0.0431372549019608,0.08083903044462204,0.112060546875,-0.196624755859375,0,0,5,0.08209999650716782,0.179749995470047,0.32179999351501465,-0.5861127376556396,-0.5571531057357788
10507221,2022,dry,annotated,0,540045,5009565,27000,0.0444444444444444,0.04869519174098968,0.0328369140625,-0.19891357421875,0,0,5,0.07930000126361847,0.16500000655651093,0.3145500123500824,-0.6011942028999329,-0.5605335831642151
10503934,2022,shallow_viz,annotated,1,538965,5009715,132300,0.0249433106575964,0.01142322551459074,0.15777587890630684,0.0189208984375,0.07407407462596893,0,5,0.05415000021457672,0.1188500002026558,0.16380000114440918,-0.43350979685783386,-0.17029449343681335
10504138,2022,shallow_viz,annotated,1,539025,5009805,132300,0.0249433106575964,0.01051993295550346,0.18405151367193184,0.045196533203125,0.1428571492433548,0,5,0.05420000106096268,0.09884999692440032,0.1080000028014183,-0.23451103270053864,0.5593220591545105
10503668,2022,dry,annotated,0,538875,5009805,132300,0.0249433106575964,0.03773051500320434,0.14752197265630684,0.0086669921875,0.09433962404727936,0,5,0.05420000106096268,0.11249999701976776,0.13220000267028809,-0.43255814909935,-0.41845494508743286
10504299,2022,dry,annotated,0,539085,5009925,132300,0.0249433106575964,0.01703489385545253,0.08551025390630684,-0.0533447265625,0.01886792480945587,0,5,0.06840000301599503,0.14225000143051147,0.23589999973773956,-0.5370926856994629,-0.41787439584732056
10504341,2022,dry,annotated,0,539055,5009865,132300,0.0249433106575964,0.02103775180876255,0.14404296875005684,0.00518798828125,0.05769230797886848,0,5,0.06260000169277191,0.12439999729394911,0.16615000367164612,-0.41574299335479736,-0.1289031207561493
10499658,2022,shallow_viz,annotated,1,537435,5010045,6300,0.0571428571428571,0.00127278524450957,0.12786865234369316,2.74658203125e-4,0,0,5,0.04239999875426292,0.09070000052452087,0.0908999964594841,-0.4136858582496643,-0.15730337798595428
10499715,2022,shallow_viz,annotated,1,537435,5010105,6300,0.0571428571428571,0.02520290203392505,0.12591552734369316,-0.001678466796875,0.03921568766236305,0,5,0.04369999840855598,0.09049999713897704,0.11330000311136246,-0.4479233324527741,-0.30524641275405884
10499585,2022,dry,annotated,0,537375,5010105,6300,0.0571428571428571,0.183944970369339,-0.22067260742193184,-0.3482666015625,0,0,5,0.08299999684095383,0.17000000178813934,0.28380000591278076,-0.5462962985038757,-0.5295068621635437
10498783,2022,dry,annotated,0,537075,5009595,18000,0.0633333333333333,0.03370570763945579,0.06475830078125,-0.20321655273431816,0.1428571492433548,0,5,0.08735000342130661,0.17759999632835388,0.30889999866485596,-0.5697017312049866,-0.537665843963623
10498810,2022,dry,annotated,0,537075,5009865,18000,0.0633333333333333,0.06355974823236465,0.026214599609375,-0.24176025390619316,0.07999999821186066,0,5,0.08749999850988388,0.1851000040769577,0.3357999920845032,-0.5809100866317749,-0.5687530636787415
10498799,2022,shallow_viz,annotated,1,537105,5010075,6300,0.0666666666666667,0.1023687943816185,1.1941223144530682,0.091949462890625,0.10204081982374193,0,5,0.04890000075101852,0.08179999887943268,0.07750000059604645,-0.2380191683769226,-0.01153212506324052
10498882,2022,shallow_viz,annotated,1,537105,5010045,6300,0.0666666666666667,0.0921206921339035,1.2645263671874432,0.162353515625,0.2340425550937653,0,5,0.05339999869465828,0.090549997985363,0.10554999858140944,-0.17187288403511047,-0.00416088756173849
10498978,2022,dry,annotated,0,537135,5010015,6300,0.0666666666666667,0.4623484015464782,0.8243713378905682,-0.277801513671875,0.09302325546741486,0,5,0.07429999858140945,0.16120000183582306,0.15889999270439148,-0.37216541171073914,-0.3575691878795624
10498996,2022,dry,annotated,0,537165,5010105,6300,0.0666666666666667,0.11668821424245834,0.9241943359374432,-0.177978515625,0,0,5,0.08990000188350677,0.17800000309944153,0.33480000495910645,-0.5966386795043945,-0.5572079420089722
10466029,2022,dry,annotated,0,530985,5009355,196200,0.0232415902140673,0.1005401611328125,1.763458251953125,-0.08258056640625,0.02941176481544971,0,5,0.05274999886751175,0.1670999974012375,0.15469999611377716,-0.4918416142463684,-0.47748592495918274
10421907,2022,em_veg,random_draw,0,520185,5017605,20700,0.0376811594202899,0.5085406303405762,0.500823974609375,-0.63299560546875,0.02702702768146991,0,5,0.08654999732971191,0.2086499929428101,0.24995000660419464,-0.48500391840934753,-0.454365074634552
10422710,2022,em_veg,random_draw,0,520305,5017665,20700,0.0376811594202899,0.04518277570605278,1.17401123046875,0.040191650390625,0.25641027092933655,0,5,0.02979999966919422,0.05195000022649765,0.04645000025629997,-0.21785619854927063,0.2709030210971832
10422723,2022,em_veg,random_draw,0,520305,5017545,20700,0.0376811594202899,0.13443993031978607,0.666961669921875,-0.46685791015625,0,0,5,0.07434999942779541,0.164000004529953,0.2592499852180481,-0.5542811751365662,-0.5171366333961487
10394622,2022,dry,annotated,0,516255,5019705,99000,0.0254545454545455,0.12374109029769896,1.421875,-0.012939453125,0.02941176481544971,0,5,0.05079999938607216,0.17329999804496765,0.13979999721050262,-0.46694648265838623,-0.43844011425971985
10394624,2022,dry,annotated,0,516285,5019465,99000,0.0254545454545455,0.18347705900669095,1.0933837890625,-0.3414306640625,0,0,5,0.06109999865293503,0.218299999833107,0.16369999945163727,-0.4839506149291992,-0.4564056992530823
10394992,2022,dry,annotated,0,516405,5019405,99000,0.0254545454545455,0.10138575732707976,1.33453369140625,-0.10028076171875,0,0,5,0.04895000159740448,0.1825000047683716,0.16015000641345978,-0.5452173948287964,-0.505565881729126
10392396,2022,dry,annotated,0,515805,5019735,9000,0.06,0.17640551924705505,0.31289672851568184,-0.13616943359375,0.02857142873108387,0,5,0.04809999838471413,0.13050000369548798,0.13189999759197235,-0.45968586206436157,-0.40470296144485474
10383354,2022,shallow_viz,annotated,1,513825,5019915,30600,0.0294117647058824,0.18552058935165405,0.307769775390625,0.001556396484375,0.05882352963089943,0,5,0.03040000051259994,0.07419999688863754,0.05939999967813492,-0.3229398727416992,-0.22077922523021695
10383782,2022,shallow_viz,annotated,1,513915,5019915,30600,0.0294117647058824,0.11082498729228972,0.322479248046875,0.016265869140625,0.06060606241226196,0,5,0.03099999949336052,0.07530000060796738,0.05950000137090683,-0.31491711735725403,-0.20168067514896393
10382992,2022,dry,annotated,0,513735,5019945,30600,0.0294117647058824,0.2913989722728729,0.473785400390625,0.167572021484375,0.03125,0,5,0.05319999903440475,0.13490000367164612,0.12380000203847884,-0.4098550677299499,-0.3925759196281433
10383983,2022,dry,annotated,0,513975,5019855,30600,0.0294117647058824,0.09499164670705797,0.206756591796875,-0.099456787109375,0,0,5,0.07129999995231628,0.15129999816417694,0.2281000018119812,-0.5237140655517578,-0.5094466805458069
10300006,2022,deep_water,random_draw,0,494685,5017095,100800,0.0172619047619048,0.2731965184211731,1.85614013671875,-0.145904541015625,0.78125,0.5625,4,0.03880000114440918,0.08794999867677689,0.10939999669790268,-0.4065731465816498,-0.37025171518325806
10300208,2022,deep_water,random_draw,0,494745,5016915,100800,0.0172619047619048,0.3467195928096771,0.6759033203125,-1.326141357421875,0,0,5,0.0750499963760376,0.16785000264644623,0.24424999952316284,-0.5295855402946472,-0.4835355281829834
10300377,2022,deep_water,random_draw,0,494775,5017035,100800,0.0172619047619048,0,2.094146728515625,0.09210205078125,1,1,1,0.02859999984502792,0.02789999917149543,0.02260000072419643,0.21269094944000244,0.6699857711791992
10300728,2022,deep_water,random_draw,0,494835,5016945,100800,0.0172619047619048,0,2.094146728515625,0.09210205078125,0.96875,1,3,0.03099999949336052,0.02329999953508377,0.02419999986886978,-0.00867052003741264,0.13553114235401154
10300881,2022,deep_water,random_draw,0,494895,5016855,100800,0.0172619047619048,0.4593418836593628,0.720703125,-1.281341552734375,0,0,5,0.07440000027418137,0.16734999418258667,0.2189999967813492,-0.49280253052711487,-0.4666023552417755
10300967,2022,deep_water,random_draw,0,494895,5017065,100800,0.0172619047619048,0,2.094146728515625,0.09210205078125,0.9696969985961914,1,2,0.02329999953508377,0.01860000006854534,0.02199999988079071,-0.10898661613464355,0.23144105076789856
10301152,2022,deep_water,random_draw,0,494955,5016975,100800,0.0172619047619048,5.584716927842237e-5,2.094146728515625,0.09210205078125,0.9677419066429138,1,3,0.01720000058412552,0.01810000091791153,0.02510000020265579,-0.11400651186704636,0.9657142758369446
10296907,2022,deep_water,random_draw,0,494085,5016555,91800,0.0261437908496732,0.4563070237636566,3.6097412109375,-1.104705810546875,0,0,5,0.0632999986410141,0.25,0.21209999918937683,-0.5183737277984619,-0.5164450407028198
10297183,2022,deep_water,random_draw,0,494115,5016195,91800,0.0261437908496732,0.4021832346916199,3.263671875,-1.450775146484375,0,0,5,0.07800000160932541,0.24320000410079956,0.2335000038146973,-0.514472484588623,-0.4958359897136688
10297344,2022,deep_water,random_draw,0,494175,5016405,91800,0.0261437908496732,0.3131802976131439,2.64593505859375,-2.068511962890625,0,0,5,0.08049999922513962,0.28929999470710754,0.26930001378059387,-0.5441755652427673,-0.5397369861602783
10297397,2022,deep_water,random_draw,0,494175,5016525,91800,0.0261437908496732,0.1734352856874466,4.609344482421875,-0.1051025390625,0.4000000059604645,0.0714285746216774,5,0.02690000087022781,0.07760000228881836,0.08060000091791153,-0.5436810851097107,-0.3932584226131439
10297551,2022,deep_water,random_draw,0,494205,5016255,91800,0.0261437908496732,0.66153883934021,3.325897216796875,-1.3885498046875,0.03030303120613098,0,5,0.06849999725818634,0.1996999979019165,0.19329999387264252,-0.4849255383014679,-0.472468227148056
10297696,2022,deep_water,random_draw,0,494205,5016105,91800,0.0261437908496732,0,5.05474853515625,0.340301513671875,1,1,1,0.04199999943375587,0.04320000112056732,0.02830000035464763,0.17619048058986664,1
10286345,2022,terrain,annotated,0,492135,5016435,14400,0.0416666666666667,0.11000418663024902,1.8843688964843184,0.09844970703125,0.02777777798473835,0,5,0.03779999911785126,0.09234999865293504,0.0783500000834465,-0.3615179657936096,-0.19540229439735413
10286452,2022,terrain,annotated,0,492135,5016495,14400,0.0416666666666667,0.12638062238693237,1.8500976562499432,0.064178466796875,0.09090909361839294,0,5,0.04289999976754188,0.10109999775886536,0.10819999873638152,-0.5069637894630432,-0.2897351086139679
10286612,2022,dry,annotated,0,492225,5016465,14400,0.0416666666666667,0.29229727387428284,1.6040039062499432,-0.181915283203125,0,0,5,0.04639999940991402,0.1960999965667725,0.13860000669956207,-0.5119501352310181,-0.48383620381355286
10266644,2022,deep_viz,annotated,0,488175,5016195,781200,0.00660522273425499,0.04571468755602836,4.13287353515625,0.082061767578125,1,1,3,0.04035000130534172,0.04749999940395355,0.0260000005364418,0.21799848973751068,0.2393442690372467
10267291,2022,dry,annotated,0,488265,5016315,781200,0.00660522273425499,0.2481442242860794,3.3551025390625,-0.695709228515625,0,0,5,0.05999999865889549,0.16820000112056732,0.1507000029087067,-0.4270833432674408,-0.4084221124649048
10267623,2022,dry,annotated,0,488325,5016375,781200,0.00660522273425499,0.7332935929298401,2.196319580078125,-1.8544921875,0,0,5,0.09640000015497208,0.2809000015258789,0.28679999709129333,-0.49686846137046814,-0.4955134689807892
10267874,2022,deep_viz,annotated,0,488385,5016225,781200,0.00660522273425499,0,4.144500732421875,0.09368896484375,1,1,1,0.04340000078082085,0.0575999990105629,0.02390000037848949,0.2401352822780609,0.2897473871707916
10268037,2022,deep_viz,annotated,0,488415,5016165,781200,0.00660522273425499,0,4.144500732421875,0.09368896484375,1,1,1,0.04980000108480453,0.05310000106692314,0.03009999915957451,0.2403486967086792,0.25770652294158936
10268635,2022,dry,annotated,0,488505,5016225,781200,0.00660522273425499,0.48384854197502136,3.499725341796875,-0.55108642578125,0.875,0.8571428656578064,4,0.06004999950528145,0.13744999468326569,0.1368499994277954,-0.3900624215602875,-0.3298202157020569
10248850,2022,dry,annotated,0,484575,5015985,19800,0.0454545454545455,0.2701350152492523,-0.479583740234375,-1.76580810546875,0,0,5,0.11879999935626984,0.25220000743865967,0.3864000141620636,-0.5305539965629578,-0.5192307829856873
10249051,2022,dry,annotated,0,484605,5015805,8100,0.0592592592592593,0.176672101020813,0.702972412109375,-0.849853515625,0,0,5,0.0908000022172928,0.1956000030040741,0.31850001215934753,-0.5553644895553589,-0.5198907852172852
10249271,2022,dry,annotated,0,484605,5015625,8100,0.0592592592592593,0.4754782915115357,0.1661376953125,-1.386688232421875,0,0,5,0.08824999630451202,0.18359999358654025,0.27904999256134033,-0.5015963912010193,-0.48148149251937866
10794576,2022,em_veg,random_draw,0,492885,4950405,14400,0.0458333333333333,0.4349696636199951,0.927520751953125,-0.0018310546875,0.2647058963775635,0,5,0.08500000089406967,0.17980000376701355,0.22714999318122864,-0.36094507575035095,-0.2297142893075943
10790748,2022,dry,annotated,0,491325,4944825,8100,0.0518518518518519,0.26063641905784607,0.78204345703125,-0.271240234375,0.02380952425301075,0,5,0.10440000146627426,0.2531999945640564,0.3434999883174896,-0.5310898423194885,-0.5004115104675293
10790936,2022,shallow_viz,annotated,1,491415,4944015,7200,0.0583333333333333,0.06201163679361343,1.41015625,0.183807373046875,0.4749999940395355,0,5,0.09109999984502792,0.17139999568462372,0.22994999587535855,-0.22442783415317535,1
10791042,2022,shallow_viz,annotated,1,491445,4943475,6300,0.0571428571428571,0.10319855809211732,0.70306396484375,0.0899658203125,0.1794871836900711,0,5,0.0940999984741211,0.1765500009059906,0.2703000009059906,-0.40668222308158875,-0.19893190264701843
10791110,2022,dry,annotated,0,491505,4943415,6300,0.0571428571428571,0.21034301817417145,0.167144775390625,-0.445953369140625,0,0,5,0.08505000174045563,0.1842000037431717,0.3375000059604645,-0.5882393717765808,-0.5521448254585266
14599080,2022,hugo_precise,annotated,1,494235,4837335,45000,0.0226666666666667,0.16982929408550262,1.85888671875,-0.09619140625,0.5111111402511597,0.8235294222831726,5,0.03184999898076057,0.07620000094175339,0.06880000233650208,-0.3591322600841522,-0.27412280440330505
14599097,2022,dry,annotated,0,494265,4837365,45000,0.0226666666666667,0.4716285765171051,-0.0889892578125,-2.0440673828125,0,0,5,0.07074999809265137,0.28404998779296875,0.23960000276565552,-0.5435029864311218,-0.5302826166152954
14599170,2022,dry,annotated,0,494355,4837305,45000,0.0226666666666667,0.4367408752441406,-0.48541259765625,-2.44049072265625,0,0,5,0.07010000199079514,0.3257000148296356,0.23330000042915344,-0.5419695973396301,-0.5161502957344055
14599205,2022,dry,annotated,0,494385,4837155,45000,0.0226666666666667,0.2564929127693176,1.306365966796875,-0.648712158203125,0.02083333395421505,0.7894737124443054,5,0.05000000074505806,0.20059999823570251,0.16539999842643738,-0.5357474684715271,-0.47899752855300903
14907887,2022,co_precise,annotated,1,661455,4821195,62100,0.0231884057971014,0,1.49432373046875,0.00112915039056815,0.10526315867900848,1,5,0.03060000017285347,0.0390000008046627,0.0272000003606081,0.05882352963089943,0.7083333134651184
14907655,2022,dry,annotated,0,661335,4821165,62100,0.0231884057971014,5.302195204421878e-4,1.49432373046875,0.00112915039056815,0,0.25,5,0.07000000029802322,0.2476000040769577,0.17640000581741333,-0.43808048963546753,-0.4154488444328308
14907872,2022,dry,annotated,0,661425,4821045,62100,0.0231884057971014,0.7100517153739929,0.88177490234375,-0.6114196777344318,0,0.125,5,0.08264999836683273,0.23305000364780423,0.24654999375343323,-0.5085168480873108,-0.48129674792289734
14907892,2022,dry,annotated,0,661485,4821135,62100,0.0231884057971014,0.04159488156437874,1.49114990234375,-0.00204467773443184,0.0476190485060215,1,5,0.06814999878406525,0.18809999525547028,0.1754000037908554,-0.4412711560726166,-0.4400356709957123
14276116,2022,em_veg,random_draw,0,657195,4906875,1800,0.1,0.10801110416650772,0.02398681640625,-0.14324951171875,0,0,5,0.07039999961853027,0.18000000715255737,0.2313999980688095,-0.54376983642578125,-0.5280025601387024
12355340,2022,shallow_viz,annotated,1,629505,4978605,5400,0.0555555555555556,0.12696625292301178,0.56427001953125,0.11737060546875,0.04545454680919647,0,5,0.03709999844431877,0.07909999787807465,0.10360000282526016,-0.4871794879436493,-0.3559027910232544
12354806,2022,dry,annotated,0,629475,4978635,5400,0.0555555555555556,0.15354226529598236,0.32769775390625,-0.11920166015625,0.04651162773370743,0,5,0.05950000137090683,0.12610000371932983,0.15410000085830688,-0.468275249004364,-0.4310609996318817
12372134,2022,dry,annotated,0,631185,4978725,58500,0.0317948717948718,0.8009701371192932,-0.11297607421875,-3.7568359375,0,0,5,0.08810000121593475,0.23960000276565552,0.33614999055862427,-0.5850275158882141,-0.5376366376876831
12373020,2022,deep_viz,annotated,0,631305,4978695,58500,0.0317948717948718,0,3.7806396484375,0.13677978515625,0.9772727489471436,1,1,0.03799999877810478,0.03840000182390213,0.04129999876022339,0,0.43729904294013977
12373876,2022,dry,annotated,0,631455,4978755,58500,0.0317948717948718,0.2752431631088257,3.08477783203125,-0.55908203125,0,0,5,0.07090000063180923,0.15760000050067902,0.2081000059843063,-0.4840390980243683,-0.4643265902996063
12374080,2022,deep_viz,annotated,0,631425,4978665,58500,0.0317948717948718,0,3.7806396484375,0.13677978515625,1,1,1,0.03444999828934669,0.03184999898076057,0.03144999966025352,0.02816979959607124,0.2168905884027481
12375346,2022,dry,annotated,0,631575,4978695,58500,0.0317948717948718,0.4137159287929535,2.5335693359375,-1.11029052734375,0,0,5,0.07569999992847443,0.2597000002861023,0.23819999396800995,-0.5157492756843567,-0.4933065474033356
12376986,2022,deep_viz,annotated,0,631755,4978665,58500,0.0317948717948718,0,3.7806396484375,0.13677978515625,1,1,1,0.03139999881386757,0.02759999968111515,0.0340999998152256,-0.08274231851100922,0.7402597665786743
12495597,2022,dry,annotated,0,666855,4989375,39600,0.0257575757575758,0.06106014549732208,0.21600341796875,-0.1982421875,0,0,5,0.08860000222921371,0.2651999890804291,0.2669999897480011,-0.3594704568386078,-0.29738304018974304
12495660,2022,dry,annotated,0,666915,4989225,39600,0.0257575757575758,0.07965859025716782,0.43182373046875,0.017578125,0.02941176481544971,0,5,0.08030000329017639,0.2612000107765198,0.2319999933242798,-0.3108782470226288,-0.2962472438812256
12495547,2022,em_veg,random_draw,0,666825,4990665,1800,0.1,0.0888959988951683,-0.099853515625,-0.18304443359375,0,0,5,0.10260000079870224,0.2518500089645386,0.2414000034332275,-0.4133248031139374,-0.3123178780078888
12495706,2022,em_veg,random_draw,0,666945,4990755,9000,0.0533333333333333,0.04579005762934685,0.096435546875,-0.0068359375,0.0625,0.2142857164144516,5,0.03229999914765358,0.1404000073671341,0.09210000187158585,-0.48070740699768066,-0.48070740699768066
12495741,2022,em_veg,random_draw,0,666975,4990665,9000,0.0533333333333333,0.04469547793269157,0.15228271484375,0.04901123046875,0.29032257199287415,0.6153846383094788,5,0.02290000021457672,0.10750000178813934,0.07680000364780426,-0.5406218767166138,-0.5406218767166138
12497268,2022,dry,annotated,0,667665,4990545,17100,0.0385964912280702,0.05414489656686783,0.21917724609375,-0.00927734375,0.0625,0.0714285746216774,5,0.05700000002980232,0.185699999332428,0.15569999814033508,-0.464033842086792,-0.464033842086792
12497282,2022,em_veg,annotated,0,667665,4990605,17100,0.0385964912280702,0.1093989685177803,0.220458984375,-0.00799560546875,0.06060606241226196,0.0714285746216774,5,0.0421999990940094,0.13670000433921814,0.1079000011086464,-0.4377081990242005,-0.4377081990242005
12497710,2022,dry,annotated,0,667785,4990575,17100,0.0385964912280702,0.07728753238916397,0.235107421875,0.00665283203125,0.06060606241226196,0.0714285746216774,5,0.05869999900460243,0.15094999969005585,0.13840000331401825,-0.4058585464954376,-0.3643486797809601
12502473,2022,em_veg,annotated,0,669345,4990665,1800,0.1,0.01011603605002164,0.2945556640625,0.00128173828125,0.6875,0.4615384638309479,4,0.0348999984562397,0.08735000342130661,0.09735000133514404,-0.4985158443450928,-0.38790470361709595
12505358,2022,dry,annotated,0,669975,4990845,80100,0.0164794007490637,0.7850751280784607,4.08135986328125,-0.183349609375,1,1,3,0.02810000069439411,0.08259999752044678,0.0640999972820282,-0.3904555439949035,-0.3904555439949035
12505686,2022,deep_viz,annotated,0,670005,4990815,80100,0.0164794007490637,0,4.26031494140625,-0.00439453125,1,1,2,0.01669999957084655,0.02319999970495701,0.02309999987483024,-0.16080401837825775,-0.16080401837825775
12506265,2022,deep_viz,annotated,0,670095,4990995,80100,0.0164794007490637,0,4.4102783203125,0.14556884765625,0.9615384340286256,1,1,0.02520000003278255,0.03139999881386757,0.03599999845027923,-0.19188986718654633,-0.14142678678035736
12506872,2022,deep_viz,annotated,0,670185,4990965,80100,0.0164794007490637,0.11591267585754396,4.23529052734375,-0.0294189453125,0.9629629850387572,1,3,0.03344999998807907,0.05950000137090683,0.06235000118613243,-0.3033912181854248,-0.2938053011894226
12507304,2022,dry,annotated,0,670245,4990815,80100,0.0164794007490637,0.9150118231773376,0.57269287109375,-3.6920166015625,0,0,5,0.09619999676942824,0.24130000174045563,0.30709999799728394,-0.5229358077049255,-0.47212740778923035
12509166,2022,dry,annotated,0,670485,4990695,5400,0.0666666666666667,0.4767463803291321,1.258056640625,-0.40966796875,0.10000000149011612,0,5,0.05400000140070915,0.18320000171661377,0.15639999508857727,-0.48669201135635376,-0.48669201135635376
12510039,2022,dry,annotated,0,670665,4990935,900,0.133333333333333,0.28991174697875977,0.759765625,0,0.3333333432674408,0.4285714328289032,5,0.04884999990463257,0.1513500064611435,0.13644999265670776,-0.4737101197242737,-0.4635108411312103
12526729,2022,em_veg,annotated,0,673995,4990965,7200,0.05,0.1467505395412445,0.240966796875,-0.0543212890625,0,0,5,0.06539999693632126,0.16374999284744263,0.1955000013113022,-0.49934834241867065,-0.4683164656162262
12526955,2022,dry,annotated,0,674085,4991025,7200,0.05,0.4716230034828186,-0.13238525390625,-0.42767333984375,0.07407407462596893,0,5,0.07405000180006027,0.19280000030994415,0.22155000269412992,-0.5000970959663391,-0.49280890822410583
12527095,2022,em_veg,annotated,0,674085,4990965,7200,0.05,0.08195680379867554,0.3065185546875,0.01123046875,0.5862069129943848,0.9090909361839294,4,0.03830000013113022,0.0877000018954277,0.0986500009894371,-0.43833687901496887,-0.3836765885353088
12528552,2022,dry,annotated,0,674445,4990755,900,0.133333333333333,0.6870700716972351,1.7254638671875,0,0.06896551698446274,0,5,0.0527999997138977,0.11550000309944151,0.149399995803833,-0.5441860556602478,-0.46395939588546753
9529194,2022,shallow_viz,annotated,1,694485,5036235,27900,0.0258064516129032,0.06582261621952057,1.037750244140625,0.079742431640625,0.05882352963089943,0.1111111119389534,5,0.048700001090765,0.09189999848604202,0.14730000495910645,-0.5030612349510193,-0.15311908721923828
9530002,2022,dry,annotated,0,694605,5036175,27900,0.0258064516129032,0.2393024116754532,1.18048095703125,0.22247314453125,0.05882352963089943,0.4444444477558136,5,0.08150000125169754,0.17139999568462372,0.25119999051094055,-0.5100691318511963,-0.2517580986022949
9517524,2022,deep_water,random_draw,0,692865,5040045,76500,0.0211764705882353,0.09750758856534958,0.49639892578125,-0.807891845703125,0,0,5,0.06790000200271606,0.149399995803833,0.24279999732971191,-0.5619170069694519,-0.509492039680481
9517703,2022,deep_water,random_draw,0,692895,5040255,76500,0.0211764705882353,0.0790824368596077,0.75738525390625,-0.546905517578125,0,0,5,0.06390000134706497,0.13570000231266022,0.23579999804496765,-0.5735735893249512,-0.5003092288970947
9517916,2022,deep_water,random_draw,0,692925,5040135,76500,0.0211764705882353,0.23601415753364563,1.30743408203125,0.003143310546875,0.29411765933036804,0.30000001192092896,5,0.03970000147819519,0.09969999641180038,0.10019999742507936,-0.4324517548084259,-0.4113923907279968
9518339,2022,deep_water,random_draw,0,692955,5039985,76500,0.0211764705882353,0.0720258355140686,0.259979248046875,-1.0443115234375,0,0,5,0.0820000022649765,0.17479999363422394,0.26579999923706055,-0.5284646153450012,-0.4752186536788941
9519464,2022,deep_water,random_draw,0,693075,5040195,76500,0.0211764705882353,0.23217441141605377,0.644744873046875,-0.6595458984375,0,0.30000001192092896,5,0.06300000101327896,0.13920000195503235,0.1882999986410141,-0.4896202385425568,-0.4858454465866089
9519513,2022,deep_water,random_draw,0,693105,5039925,76500,0.0211764705882353,0.13250401616096497,1.203033447265625,-0.10125732421875,0.0625,0.10000000149011612,5,0.05550000071525574,0.1256999969482422,0.13199999928474426,-0.41682785749435425,-0.4079999923706054
9519536,2022,deep_water,random_draw,0,693105,5040045,76500,0.0211764705882353,0.08529827743768692,1.753021240234375,0.44873046875,1,0.8999999761581421,3,0.03180000185966492,0.03139999881386757,0.02830000035464763,0.05823627114295959,0.3512476086616516
9520106,2022,deep_water,random_draw,0,693165,5040135,76500,0.0211764705882353,0.3388970196247101,0.8070068359375,-0.497283935546875,0,0.20000000298023224,5,0.0551999993622303,0.12370000034570694,0.17020000517368317,-0.5023394227027893,-0.4943123161792755
9520658,2022,deep_water,random_draw,0,693225,5039985,76500,0.0211764705882353,0.1567697376012802,0.4744873046875,-0.829803466796875,0,0,5,0.05810000002384186,0.11959999799728394,0.18539999425411224,-0.5486725568771362,-0.5178059935569763
9500267,2022,dry,annotated,0,690465,5039685,5400,0.0666666666666667,0.2232942432165146,0.476715087890625,-0.63104248046875,0,0,5,0.06719999760389328,0.13619999587535858,0.25209999084472656,-0.5790792107582092,-0.21675392985343933
9473773,2022,dry,annotated,0,685455,5039805,1800,0.1,0.10802432149648666,0.34088134765625,-0.098388671875,0,0,5,0.04820000007748604,0.14180000126361847,0.17820000648498535,-0.5742049217224121,-0.5742049217224121
9473848,2022,dry,annotated,0,685485,5039745,1800,0.1,0.28651684522628784,0.422088623046875,-0.017181396484375,0.07692307978868484,0.20000000298023224,5,0.0714000016450882,0.14955000579357147,0.16144999861717224,-0.3935007452964782,-0.36366817355155945
9459306,2022,dry,annotated,0,683025,5041545,1800,0.1,0.11579281091690063,-0.06475830078125,-0.421661376953125,0,0,5,0.04470000043511391,0.11550000309944151,0.1551000028848648,-0.5525525808334351,-0.5525525808334351
9457987,2022,shallow_viz,annotated,1,682785,5047335,11700,0.0564102564102564,0.07962509989738464,0.969268798828125,0.04248046875,0,0.1818181872367859,5,0.04755000025033951,0.12489999830722807,0.16705000400543213,-0.5327271819114685,-0.46324053406715393
9457973,2022,dry,annotated,0,682755,5047305,11700,0.0564102564102564,0.7550005912780762,-0.32403564453125,-1.250823974609375,0,0,5,0.0812000036239624,0.23045000433921817,0.2621000111103058,-0.5256129503250122,-0.512845516204834
9458052,2022,dry,annotated,0,682785,5047395,11700,0.0564102564102564,0.0993410423398018,0.775970458984375,-0.15081787109375,0,0,5,0.0729999989271164,0.15925000607967377,0.22089999914169312,-0.49286526441574097,-0.4633123576641083
9458563,2022,shallow_viz,annotated,1,682905,5053575,42300,0.0382978723404255,0.00139752065297216,0.69378662109375,0.010345458984375,0.07692307978868484,0.1818181872367859,5,0.0333000011742115,0.04890000075101852,0.05990000069141388,-0.3438485860824585,-0.2854077219963074
9458716,2022,shallow_viz,annotated,1,682935,5053485,42300,0.0382978723404255,9.6571771427989e-4,0.700042724609375,0.0166015625,0.07407407462596893,0.20000000298023224,5,0.03130000084638595,0.05229999870061874,0.09040000289678574,-0.485620379447937,-0.36421725153923035
9458275,2022,dry,annotated,0,682845,5053515,42300,0.0382978723404255,0.11490104347467422,0.57977294921875,-0.103668212890625,0.07407407462596893,0,5,0.05389999970793724,0.11209999769926073,0.1858000010251999,-0.5013936161994934,-0.4943999946117401
9458454,2022,dry,annotated,0,682875,5053665,42300,0.0382978723404255,0.23132380843162537,0.33331298828125,-0.350128173828125,0,0,5,0.0471000000834465,0.08950000256299973,0.17260000109672546,-0.5712335109710693,-0.5254485607147217
9455232,2022,dry,annotated,0,682305,5059635,3600,0.0666666666666667,0.08672833442687988,0.0196533203125,-0.110504150390625,0.07407407462596893,0,5,0.04769999906420708,0.1037999987602234,0.19259999692440033,-0.5966494083404541,-0.5788113474845886
9032765,2022,dry,annotated,0,682545,5063565,15300,0.0588235294117647,0.31118157505989075,0.4521484375,0.062103271484375,0.06451612710952759,0.0833333358168602,5,0.05700000002980232,0.094200000166893,0.16429999470710754,-0.48486217856407166,-0.4528089761734009
9035999,2022,dry,annotated,0,682965,5076795,20700,0.0376811594202899,0.05992598459124565,0.361083984375,-0.12103271484375,0,0.0833333358168602,5,0.05869999900460243,0.13220000267028809,0.20520000159740448,-0.47820135951042175,-0.33552631735801697
9037289,2022,dry,annotated,0,683115,5076795,20700,0.0376811594202899,0.0938587412238121,0.4749755859375,-0.00714111328125,0,0,5,0.05119999870657921,0.11455000191926956,0.14749999344348907,-0.42389631271362305,-0.27318719029426575
9034638,2022,dry,annotated,0,682755,5077425,2700,0.0888888888888889,0.13245441019535065,0.3602294921875,-0.121856689453125,0,0,5,0.05595000088214874,0.12364999949932098,0.19670000672340393,-0.49269959330558777,-0.34553131461143494
9035093,2022,dry,annotated,0,682845,5077635,23400,0.0307692307692308,0.1304122805595398,0.51275634765625,-0.31451416015625,0,0,5,0.0617000013589859,0.13005000352859497,0.21060000360012057,-0.5007054209709167,-0.40740740299224854
9035743,2022,dry,annotated,0,682935,5077665,23400,0.0307692307692308,0.14548777043819427,0.60345458984375,-0.22381591796875,0,0,5,0.05950000137090683,0.13154999911785126,0.2147500067949295,-0.5152871012687683,-0.40969783067703247
9035839,2022,dry,annotated,0,682935,5077725,23400,0.0307692307692308,0.2903002202510834,0.704315185546875,-0.122955322265625,0,0,5,0.0628499984741211,0.15905000269412994,0.20714999735355377,-0.49968355894088745,-0.39254385232925415
9034651,2022,dry,annotated,0,682785,5085765,75600,0.0341269841269841,0.14090369641780853,1.14801025390625,0.3262939453125,0,0,5,0.0835999995470047,0.18005000054836273,0.2383500039577484,-0.4588220715522766,-0.39162448048591614
9035989,2022,glint,annotated,0,682965,5085825,75600,0.0341269841269841,0.3842414021492005,1.214447021484375,0.392730712890625,0,0,5,0.07635000348091125,0.17045000195503235,0.259550005197525,-0.5434775948524475,-0.5369666218757629
7782542,2022,dry,annotated,0,679275,5109255,3600,0.0833333333333333,0.08737850934267044,0.1868896484375,-0.08758544921875,0,0,5,0.03799999877810478,0.0771000012755394,0.08139999955892563,-0.36348408460617065,-0.36348408460617065
3445412,2022,dry,annotated,0,644955,5162325,38700,0.0232558139534884,0.17107729613780975,0.7440185546875,-0.120635986328125,0.09756097197532654,0,5,0.0507499985396862,0.16410000622272491,0.15895000100135803,-0.5420138835906982,-0.4614560902118683
3445526,2022,dry,annotated,0,644985,5162535,38700,0.0232558139534884,0.07419931143522263,0.66497802734375,-0.199676513671875,0,0,5,0.08049999922513962,0.21035000681877136,0.2497500032186508,-0.515048086643219,-0.4960259199142456
3445975,2022,dry,annotated,0,645105,5162475,38700,0.0232558139534884,0.2822488248348236,0.312255859375,-0.552398681640625,0.04651162773370743,0.21052631735801697,5,0.05984999984502792,0.1839500069618225,0.2216999977827072,-0.5595567226409912,-0.5260977745056152
3388809,2022,dry,annotated,0,628845,5159205,18900,0.0380952380952381,0.05540865287184715,0.279998779296875,-0.04638671875,0,0,5,0.05510000139474869,0.13580000400543213,0.16820000112056732,-0.5064935088157654,-0.4838709533214569
3388942,2022,dry,annotated,0,628845,5159025,18900,0.0380952380952381,0.1032210886478424,0.180694580078125,-0.14569091796875,0,0,5,0.06960000097751617,0.19619999825954437,0.24480000138282776,-0.5529853105545044,-0.552834153175354
3389191,2022,dry,annotated,0,628935,5159085,18900,0.0380952380952381,0.04796204715967178,0.298583984375,-0.027801513671875,0,0,5,0.05350000038743019,0.1379999965429306,0.2074999958276749,-0.5900382995605469,-0.5256097316741943
3357254,2022,dry,annotated,0,620055,5163465,50400,0.0238095238095238,0.08924760669469833,0.23260498046875,-0.178680419921875,0,0,5,0.0568000003695488,0.1186000034213066,0.1590999960899353,-0.4738304913043976,-0.44281524419784546
3357376,2022,dry,annotated,0,620085,5163525,50400,0.0238095238095238,0.07960430532693863,0.233428955078125,-0.1778564453125,0,0,5,0.0649000033736229,0.1348000019788742,0.2184000015258789,-0.541828453540802,-0.516629695892334
2588430,2022,dry,annotated,0,589995,5159865,4500,0.08,0.1759234070777893,0.406982421875,-0.08905029296875,0.02564102597534656,0,5,0.03530000150203705,0.06830000132322311,0.10440000146627426,-0.4440944790840149,-0.4022834002971649
2456638,2022,shallow_viz,annotated,1,567525,5153535,66600,0.0225225225225225,0.05306129157543182,0.6816711425781818,-0.0845947265625,0.1304347813129425,0,5,0.02850000001490116,0.08574999868869781,0.05575000122189522,-0.32555750012397766,-0.3013100326061249
2457345,2022,shallow_viz,annotated,1,567585,5153595,66600,0.0225225225225225,0.09875933825969696,0.6926879882813068,-0.073577880859375,0.1304347813129425,0,5,0.03034999966621399,0.098300002515316,0.08145000040531158,-0.4576469361782074,-0.40353983640670776
2456582,2022,dry,annotated,0,567525,5153595,66600,0.0225225225225225,0.1237582266330719,-0.14309692382806816,-0.90936279296875,0.07407407462596893,0,5,0.04565000161528587,0.13920000195503235,0.19280000030994415,-0.6169184446334839,-0.6146789193153381
2457524,2022,dry,annotated,0,567615,5153715,66600,0.0225225225225225,0.25719454884529114,0.7477722167969318,-0.01849365234375,0.11538461595773696,0,5,0.04174999892711639,0.1273999959230423,0.10350000113248824,-0.425289124250412,-0.400820791721344
2457812,2022,dry,annotated,0,567645,5153325,66600,0.0225225225225225,0.11912714689970016,0.7091369628906818,-0.05712890625,0.1111111119389534,0,5,0.05550000071525574,0.14949999749660492,0.125,-0.38504156470298767,-0.38504156470298767
4996930,2022,hugo_precise,annotated,1,541365,5100015,3600,0.0833333333333333,0.13905338943004608,0.956512451171875,0.03656005859375,0.1515151560306549,0,5,0.03860000148415565,0.08720000088214874,0.10700000077486038,-0.5498542189598083,-0.40235909819602966
4997254,2022,dry,annotated,0,541395,5100015,3600,0.0833333333333333,0.1337514966726303,0.483306884765625,-0.4366455078125,0,0,5,0.08240000158548355,0.17790000140666962,0.26600000262260437,-0.5256667733192444,-0.5233880877494812
5693472,2022,shallow_viz,annotated,1,542505,5056335,9900,0.0606060606060606,0.12848201394081116,0.217041015625,0.0509033203125,0.19354838132858276,0,5,0.02979999966919422,0.06989999860525131,0.0640999972820282,-0.4041621088981629,-0.1745152324438095
5693459,2022,dry,annotated,0,542475,5056275,9900,0.0606060606060606,0.13370968401432037,0.15716552734375,-0.00897216796875,0.12121212482452393,0,5,0.06350000202655792,0.15289999544620514,0.2414000034332275,-0.5834699869155884,-0.5804480910301208
5693551,2022,dry,annotated,0,542535,5056335,9900,0.0606060606060606,0.10941750556230544,0.2352294921875,0.069091796875,0.16129031777381897,0,5,0.05579999834299087,0.1281999945640564,0.19939999282360077,-0.5658990740776062,-0.5626959204673767
5693615,2022,dry,annotated,0,542565,5056275,9900,0.0606060606060606,0.10131102800369264,0.13250732421875,-0.03363037109375,0.1875,0,5,0.03629999980330467,0.09629999846220016,0.08550000190734863,-0.4120561480522156,-0.33210670948028564
10991470,2022,co_precise,annotated,1,557685,5009775,3600,0.0833333333333333,0.04835952818393707,0.190460205078125,0.041534423828125,0.22499999403953552,0.04347826167941093,5,0.04490000009536743,0.09375,0.08649999648332596,-0.2897922098636627,-0.2541196942329407
10991446,2022,dry,annotated,0,557685,5009805,3600,0.0833333333333333,0.05231328308582306,0.101531982421875,-0.047393798828125,0.10000000149011612,0,5,0.05570000037550926,0.11259999871253969,0.17470000684261322,-0.5164930820465088,-0.47255370020866394
10991783,2022,dry,annotated,0,557745,5009745,3600,0.0833333333333333,0.03804285079240799,-0.05023193359375,-0.19915771484375,0,0,5,0.07479999959468842,0.16210000216960907,0.2800000011920929,-0.5923776626586914,-0.5509217381477356
10990816,2022,co_precise,annotated,1,557505,5009925,4500,0.0666666666666667,0.07878893613815308,0.18411254882806816,-0.00103759765625,0.1538461595773697,0.0476190485060215,5,0.03370000049471855,0.0885000005364418,0.10474999994039536,-0.503297746181488,-0.3913043439388275
10420846,2022,dry,annotated,0,520035,5012955,9900,0.0484848484848485,0.13395756483078003,-0.178955078125,-0.6177978515625,0,0,5,0.10249999910593031,0.2008000016212463,0.2990500032901764,-0.49701976776123047,-0.4796663224697113
10347544,2022,dry,annotated,0,505845,5019225,102600,0.0216374269005848,0.1930776983499527,0.00146484375,-0.357940673828125,0,0,5,0.09149999916553496,0.19030000269412992,0.28380000591278076,-0.5749099254608154,-0.505539059638977
10347748,2022,dry,annotated,0,505905,5019285,102600,0.0216374269005848,0.03222446516156196,0.31109619140625,-0.048309326171875,0,0,5,0.04845000058412552,0.12300000339746477,0.13819999992847443,-0.4807122349739074,-0.2864583432674408
10348131,2022,dry,annotated,0,505995,5019495,102600,0.0216374269005848,0.04041535779833793,0.24053955078125,-0.118865966796875,0,0,5,0.0738999992609024,0.16335000097751615,0.2529500126838684,-0.5472047924995422,-0.46499103307724
10338823,2022,co_precise,annotated,1,504165,5019855,3600,0.0833333333333333,0.070270836353302,0.24169921875,-0.002349853515625,0,0,5,0.04239999875426292,0.09000000357627869,0.11509999632835388,-0.4615873098373413,-0.27635326981544495
10338934,2022,dry,annotated,0,504195,5019825,3600,0.0833333333333333,0.14376816153526306,-0.064453125,-0.308502197265625,0,0,5,0.08590000122785568,0.2069000005722046,0.27970001101493835,-0.5234396457672119,-0.52173912525177
10328036,2022,shallow_viz,annotated,1,502665,5019825,9000,0.0533333333333333,0.0904974713921547,0.39801025390625,0.09539794921869316,0.3333333432674408,0,5,0.05124999955296516,0.1003499999642372,0.07355000078678131,-0.18697507679462433,0.7182608842849731
10328266,2022,shallow_viz,annotated,1,502695,5019885,9000,0.0533333333333333,0.05757362768054008,0.356292724609375,0.05368041992181816,0.2068965584039688,0,5,0.0502999983727932,0.07760000228881836,0.05169999971985817,-0.01473296526819467,1
10328400,2022,dry,annotated,0,502725,5019825,9000,0.0533333333333333,0.15312832593917847,-0.147857666015625,-0.45046997070318184,0,0,5,0.09794999659061432,0.2160000056028366,0.3012000024318695,-0.5112685561180115,-0.4987556040287018
10320360,2022,dry,annotated,0,501165,5019855,125100,0.026378896882494,0.3260348439216614,2.111724853515625,0.285308837890625,0,0,5,0.05869999900460243,0.15414999425411224,0.17110000550746918,-0.45471641421318054,-0.1568627506494522
10320497,2022,dry,annotated,0,501195,5019825,125100,0.026378896882494,0.4846249520778656,2.212982177734375,0.386566162109375,0,0,5,0.06019999831914902,0.1514499932527542,0.16509999334812164,-0.4531627595424652,-0.3806646466255188
10320647,2022,dry,annotated,0,501225,5019885,125100,0.026378896882494,0.3918117880821228,2.281646728515625,0.455230712890625,0.03125,0,5,0.04890000075101852,0.13404999673366547,0.13204999268054962,-0.445051372051239,-0.23608018457889557
10314359,2022,dry,annotated,0,500025,5019945,5400,0.0555555555555556,0.19851969182491305,0.073486328125,-0.22882080078125,0,0,5,0.08829999715089798,0.18400000035762787,0.2994999885559082,-0.5428990721702576,-0.4876033067703247
10314473,2022,terrain,annotated,0,500055,5019825,5400,0.0555555555555556,0.35988789796829224,-0.021759033203125,-0.324066162109375,0.03125,0,5,0.06639999896287918,0.18815000355243683,0.17229999601840973,-0.4670604765415192,-0.41411563754081726
10306983,2022,shallow_viz,annotated,1,496485,5016675,3600,0.0833333333333333,0.12468016892671584,0.410980224609375,-0.009429931640625,0.03125,0,5,0.065700002014637,0.11150000244379044,0.15309999883174896,-0.44094118475914,-0.33636364340782166
10306835,2022,dry,annotated,0,496425,5016615,3600,0.0833333333333333,0.91598778963089,-0.092803955078125,-0.513214111328125,0,0,5,0.09470000118017197,0.21969999372959137,0.240899994969368,-0.4664119780063629,-0.4356376528739929
10305416,2022,shallow_viz,annotated,1,496035,5016675,4500,0.0666666666666667,0.04539651051163673,0.440032958984375,0.080474853515625,0.1875,0.1764705926179886,5,0.03940000012516975,0.0640999972820282,0.05999999865889549,-0.2072434574365616,1
10307309,2022,shallow_viz,annotated,1,496605,5016405,9000,0.0666666666666667,0.08311953395605087,0.40963745117181816,-0.054962158203125,0.02941176481544971,0,5,0.05319999903440475,0.09640000015497208,0.11230000108480452,-0.357099711894989,-0.2266666740179062
10307559,2022,shallow_viz,annotated,1,496665,5016435,9000,0.0666666666666667,0.1143750250339508,0.7361450195311932,0.27154541015625,0.3235294222831726,0,5,0.06230000033974647,0.08070000261068344,0.05130000039935112,0.01118568237870931,0.7665130496025085
10307436,2022,dry,annotated,0,496635,5016465,9000,0.0666666666666667,0.14452257752418518,0.31216430664056816,-0.152435302734375,0,0,5,0.08460000157356262,0.14550000429153442,0.17329999804496765,-0.4201500415802002,-0.34393176436424255
10300680,2022,dry,annotated,0,494835,5016645,5400,0.0555555555555556,0.2988029420375824,0.74456787109375,-0.096893310546875,0.0555555559694767,0,5,0.03925000131130218,0.11585000157356262,0.1206500008702278,-0.4481712877750397,-0.4085545837879181
10299025,2022,dry,annotated,0,494445,5016675,9900,0.0484848484848485,0.4664050340652466,0.013519287109375,-1.014495849609375,0,0,5,0.07020000368356705,0.15379999577999115,0.21770000457763672,-0.523097813129425,-0.4916067123413086
10284812,2022,dry,annotated,0,491805,5016705,5400,0.0666666666666667,0.07086804509162903,1.1331787109375,-0.0499267578125,0,0,5,0.0458500012755394,0.22644999623298645,0.1476999968290329,-0.5495091676712036,-0.4659498333930969
10271909,2022,hugo_precise,annotated,1,489165,5016495,10800,0.0722222222222222,0.13755138218402865,0.66802978515625,-0.09759521484375,0.03030303120613098,0,5,0.04940000176429748,0.1088000014424324,0.13830000162124634,-0.5264139175415039,-0.4133016765117645
10271722,2022,dry,annotated,0,489135,5016375,10800,0.0722222222222222,0.18884871900081637,0.689239501953125,-0.076385498046875,0,0,5,0.04439999908208847,0.08399999886751175,0.1172500029206276,-0.5059874653816223,-0.43396225571632385
10272059,2022,dry,annotated,0,489195,5016375,10800,0.0722222222222222,0.3215525150299072,-0.07025146484375,-0.83587646484375,0,0,5,0.09189999848604202,0.1960999965667725,0.3163999915122986,-0.5694444179534912,-0.5302836894989014
10272174,2022,dry,annotated,0,489195,5016465,10800,0.0722222222222222,0.3840317130088806,0.200286865234375,-0.565338134765625,0,0,5,0.08900000154972076,0.17890000343322754,0.2612999975681305,-0.5286624431610107,-0.46913212537765503
10267641,2022,dry,annotated,0,488355,5016735,21600,0.0444444444444444,0.19857469201087952,0.35943603515625,-0.4376220703125568,0,0,5,0.07109999656677246,0.2513999938964844,0.22010000050067904,-0.5258814692497253,-0.4850608706474304
10250431,2022,dry,annotated,0,484785,5016435,13500,0.0488888888888889,0.4260331988334656,0.29901123046875,-1.456146240234375,0,0,5,0.0632999986410141,0.2720000147819519,0.21080000698566437,-0.5479807257652283,-0.5381247997283936
10251283,2022,dry,annotated,0,484905,5016495,13500,0.0488888888888889,0.23057018220424652,0.5150146484375,-1.240142822265625,0,0,5,0.07020000368356705,0.26969999074935913,0.2433999925851822,-0.5567636489868164,-0.5411764979362488
10249105,2022,co_precise,annotated,1,484605,5013465,7200,0.0583333333333333,0.08451206982135773,0.55145263671875,0.03927612304693184,0.3333333432674408,0,5,0.05209999904036522,0.05730000138282776,0.0560000017285347,-0.08003856986761093,0.4432132840156555
10250470,2022,dry,annotated,0,484785,5011815,8100,0.0518518518518519,0.258158802986145,0.325653076171875,-0.48626708984375,0,0,5,0.07919999957084656,0.26455000042915344,0.24504999816417697,-0.5062392354011536,-0.4935477077960968
10266433,2022,dry,annotated,0,488145,5010165,7200,0.0583333333333333,0.7418303489685059,1.031982421875,-0.844482421875,0,0,5,0.09245000034570694,0.25905001163482666,0.2680499851703644,-0.4899428188800812,-0.4826533496379852
10278603,2022,co_precise,annotated,1,490455,5006445,1800,0.1,0.31374895572662354,1.679534912109375,0.29931640625,0.2647058963775635,0,5,0.04419999942183494,0.2021999955177307,0.14920000731945038,-0.4778499603271485,-0.4410944879055023
10278669,2022,dry,annotated,0,490485,5006415,1800,0.1,0.3565429449081421,0.00396728515625,-1.376251220703125,0,0,5,0.08020000159740448,0.31290000677108765,0.2612000107765198,-0.5412843823432922,-0.5301699042320251
10277237,2022,co_precise,annotated,1,490155,5003325,900,0.133333333333333,0.07491116225719452,0.078033447265625,0,0,0,5,0.06190000101923942,0.1302500069141388,0.2037999927997589,-0.4494768977165222,0.1388888955116272
10278109,2022,shallow_viz,annotated,1,490365,5001945,14400,0.05,0.12025156617164612,1.0910034179686932,-0.143035888671875,0.1034482792019844,0,5,0.03689999878406525,0.10189999639987946,0.12690000236034393,-0.5113587379455566,-0.44173914194107056
10278585,2022,hugo_precise,annotated,1,490455,5001945,14400,0.05,0.18504959344863892,1.3792419433593182,0.14520263671875,0.125,0.07692307978868484,5,0.02630000002682209,0.03280000016093254,0.05119999870657921,-0.4104683101177216,-0.04363636299967766
10277881,2022,dry,annotated,0,490335,5001915,14400,0.05,0.11771330237388612,0.5397644042968182,-0.69427490234375,0,0,5,0.07594999670982361,0.16599999368190765,0.2720000147819519,-0.56974858045578,-0.5440534949302673
10278039,2022,dry,annotated,0,490335,5002005,14400,0.05,0.250861793756485,-0.04064941406255684,-1.274688720703125,0,0,5,0.0966000035405159,0.19599999487400055,0.3379000127315521,-0.5553509593009949,-0.5456663370132446
10278435,2022,dry,annotated,0,490425,5002065,14400,0.05,0.39158329367637634,0.46292114257806816,-0.7711181640625,0,0,5,0.06700000166893005,0.15459999442100525,0.21875,-0.5424448251724243,-0.5207407474517822
10561368,2022,co_precise,annotated,1,491565,4971435,900,0.133333333333333,0.311610609292984,0.444610595703125,0,0.02702702768146991,0,5,0.10360000282526016,0.2621000111103058,0.34439998865127563,-0.5042585730552673,-0.4688156843185425
10561369,2022,dry,annotated,0,491565,4971405,900,0.133333333333333,0.2775583863258362,-0.356292724609375,-0.8009033203125,0,0,5,0.07774999737739563,0.242249995470047,0.26739999651908875,-0.526430070400238,-0.5100108981132507
10563463,2022,shallow_viz,annotated,1,492675,4971765,31500,0.036190476190476203,0.05432023108005524,1.416717529296875,5.79833984375e-4,0.6666666865348816,0.06666667014360428,5,0.09040000289678574,0.24379999935626984,0.3418999910354614,-0.5293602347373962,-0.39416059851646423
10563464,2022,co_precise,annotated,1,492675,4971705,31500,0.036190476190476203,0.04624140635132789,1.35467529296875,-0.06146240234375,0.5454545617103577,0.0625,5,0.08959999680519104,0.21660000085830688,0.31459999084472656,-0.5297836065292358,-0.36021506786346436
10563418,2022,dry,annotated,0,492645,4971855,31500,0.036190476190476203,0.3574230968952179,0.310577392578125,-1.105560302734375,0,0,5,0.09839999675750732,0.27489998936653137,0.291949987411499,-0.4852898418903351,-0.43965885043144226
10563447,2022,dry,annotated,0,492675,4971585,31500,0.036190476190476203,0.3444189131259918,0.54522705078125,-0.87091064453125,0,0,5,0.098300002515316,0.3185499906539917,0.32420000433921814,-0.5389572381973267,-0.4998236298561096
10563606,2022,deep_viz,annotated,0,492735,4971825,31500,0.036190476190476203,0.05560217425227165,1.711273193359375,0.295135498046875,1,0.5625,1,0.04380000010132789,0.10779999941587448,0.15725000202655792,-0.46212059259414673,-0.33923304080963135
10563634,2022,dry,annotated,0,492735,4971915,31500,0.036190476190476203,0.22314009070396423,1.02032470703125,-0.39581298828125,0.02941176481544971,0,5,0.11365000158548356,0.27665001153945923,0.30059999227523804,-0.44561249017715454,-0.3897952139377594
10795343,2022,shallow_viz,annotated,1,493305,4969305,34200,0.0350877192982456,0.01481875497847795,3.325897216796875,0.167572021484375,0.23529411852359772,0.0555555559694767,5,0.07729999721050262,0.2029000073671341,0.33559998869895935,-0.5912961363792419,0.25702810287475586
10795394,2022,co_precise,annotated,1,493305,4969455,34200,0.0350877192982456,0.07835697382688522,3.30401611328125,0.14569091796875,0.05714285746216774,0,5,0.08410000056028366,0.2167000025510788,0.3361000120639801,-0.5556584000587463,-0.3125
10795252,2022,dry,annotated,0,493275,4969545,34200,0.0350877192982456,0.11070957779884338,3.105560302734375,-0.052764892578125,0,0,5,0.07689999788999557,0.193900004029274,0.3174000084400177,-0.5697329640388489,-0.5308057069778442
10795327,2022,dry,annotated,0,493305,4969425,34200,0.0350877192982456,0.11808831989765169,3.1531982421875,-0.005126953125,0.02857142873108387,0,5,0.08060000091791153,0.22020000219345093,0.32690000534057617,-0.5451552271842957,-0.4921020567417145
10795648,2022,dry,annotated,0,493425,4969575,34200,0.0350877192982456,0.3129885792732239,2.8548583984375,-0.303466796875,0.02702702768146991,0,5,0.09179999679327012,0.2189999967813492,0.3424000144004822,-0.5454750657081604,-0.4919354915618897
10795147,2022,dry,annotated,0,493215,4967325,27000,0.0377777777777778,0.3528621196746826,0.107635498046875,-1.1104736328125,0,0,5,0.0989999994635582,0.21729999780654907,0.34360000491142273,-0.5435759425163269,-0.5402182340621948
10790404,2022,shallow_viz,annotated,1,491205,4942605,9000,0.0466666666666667,0.02984903566539287,0.681243896484375,0.0811767578125,0.05405405536293983,0,5,0.08659999817609787,0.1709499955177307,0.2198999971151352,-0.11238129436969756,0.8817567825317383
10790302,2022,dry,annotated,0,491145,4942605,9000,0.0466666666666667,0.11409807205200195,0.269195556640625,-0.33087158203125,0,0,5,0.08370000123977661,0.1871999949216843,0.3439500033855438,-0.6095482110977173,-0.5860834717750549
10790483,2022,dry,annotated,0,491235,4942545,9000,0.0466666666666667,0.2929045855998993,-0.1431884765625,-0.743255615234375,0,0,5,0.08389999717473984,0.187049999833107,0.3133000135421753,-0.5658097863197327,-0.557894766330719
13422536,2022,co_precise,annotated,1,483435,4936485,900,0.133333333333333,0.0278392918407917,0.03878784179693184,0,0.2432432472705841,0,5,0.10679999738931656,0.19370000064373016,0.3425000011920929,-0.5205327272415161,-0.1815352737903595
13433950,2022,dry,annotated,0,483495,4908015,9000,0.0466666666666667,0.04093680903315544,0.7099609375,0.0032958984375,0,0,5,0.05629999935626983,0.1420000046491623,0.15770000219345093,-0.47383177280426025,-0.45575958490371704
14604877,2022,co_precise,annotated,1,497415,4834455,137700,0.0209150326797386,0.03720076009631157,0.9539489746094318,-0.06396484375,0.09259258955717088,1,5,0.02779999934136867,0.0494999997317791,0.03125,0.125,1
14604968,2022,dry,annotated,0,497415,4834065,137700,0.0209150326797386,0.10459063202142715,0.6027221679688068,-0.415191650390625,0,0.3888888955116272,5,0.08940000087022781,0.18299999833106995,0.29464998841285706,-0.5083100199699402,-0.42746466398239136
14605027,2022,dry,annotated,0,497445,4834365,137700,0.0209150326797386,0.22471638023853305,-0.10995483398431816,-1.12786865234375,0,0,5,0.07559999823570251,0.24779999256134033,0.26899999380111694,-0.5612304210662842,-0.5606803297996521
14605498,2022,dry,annotated,0,497535,4834035,137700,0.0209150326797386,0.08905505388975143,0.5853881835938068,-0.432525634765625,0,0.3333333432674408,5,0.0892999991774559,0.2137500047683716,0.28769999742507935,-0.4958523213863373,-0.47068145871162415
14680130,2022,co_precise,annotated,1,502005,4811505,35100,0.0376068376068376,0.07360873371362686,1.66766357421875,-0.03564453125,0.04347826167941093,1,5,0.03424999862909317,0.07450000196695328,0.04670000076293945,0.0997396856546402,0.5049505233764648
14680252,2022,dry,annotated,0,502095,4811535,35100,0.0376068376068376,0.1564083844423294,1.265289306640625,-0.438018798828125,0.02083333395421505,0,5,0.09425000101327896,0.2959499955177307,0.29455000162124634,-0.5172544121742249,-0.5069548487663269
14680463,2022,dry,annotated,0,502275,4811535,35100,0.0376068376068376,0.2658216655254364,1.646942138671875,-0.056365966796875,0.05882352963089943,0.9444444179534912,5,0.07729999721050262,0.17649999260902405,0.2425999939441681,-0.4076008200645447,-0.4047619104385376
14686207,2022,dry,annotated,0,513105,4813305,3600,0.0833333333333333,0.436853289604187,2.250457763671875,-0.22537231445318184,0,0,5,0.07694999873638153,0.18684999644756317,0.24899999797344208,-0.5125188231468201,-0.4525968730449677
14360809,2022,shallow_viz,annotated,1,656445,4851885,149400,0.0136546184738956,0,3.1798095703125,0.010986328125,0.05000000074505806,1,5,0.02850000001490116,0.03159999847412109,0.02080000005662441,0.03981264680624008,0.15618661046028137
14361082,2022,shallow_viz,annotated,1,656535,4851975,149400,0.0136546184738956,0,3.1798095703125,0.010986328125,0.0555555559694767,1,5,0.05505000054836273,0.08524999767541885,0.04214999824762344,0.13654495775699615,0.38155514001846313
14360604,2022,dry,annotated,0,656385,4851915,149400,0.0136546184738956,0.09230837225914,3.10205078125,-0.0667724609375,0,0.5,5,0.06939999759197235,0.16300000250339508,0.18565000593662265,-0.4092322587966919,-0.3608625829219818
14361613,2022,dry,annotated,0,656715,4851645,149400,0.0136546184738956,0.04885879531502724,3.16522216796875,-0.00360107421875,0,0.6666666865348816,5,0.07925000041723251,0.20424999296665192,0.18320000171661377,-0.4221521914005279,-0.04355716705322265
14361685,2022,dry,annotated,0,656715,4851915,149400,0.0136546184738956,0.00397244095802307,3.17938232421875,0.01055908203125,0.05000000074505806,1,5,0.07235000282526016,0.1305499970912933,0.09929999709129332,-0.17544828355312347,-0.11748380959033966
14057999,2022,em_veg,annotated,0,657255,4922835,4500,0.08,3.549478424247354e-5,0.520294189453125,0.02789306640625,0.3333333432674408,0.4444444477558136,5,0.0758500024676323,0.21220000088214871,0.1981499940156937,-0.4459479153156281,-0.3945720195770264
14058186,2022,em_veg,annotated,0,657255,4922895,4500,0.08,0,0.520294189453125,0.02789306640625,0.3214285671710968,0.5555555820465088,5,0.07699999958276749,0.21209999918937683,0.20659999549388883,-0.4284355640411377,-0.4035325944423675
14058637,2022,dry,annotated,0,657315,4922865,4500,0.08,0.1679940968751907,0.380828857421875,-0.111572265625,0.29629629850387573,0.5555555820465088,5,0.08129999786615372,0.20909999310970304,0.23579999804496765,-0.48722800612449646,-0.4557019472122192
14058139,2022,em_veg,annotated,0,657255,4922775,11700,0.0512820512820513,0.00760841555893421,0.54998779296875,0.03985595703125,0.07407407462596893,0.27272728085517883,5,0.09880000352859496,0.2207999974489212,0.2612000107765198,-0.462583065032959,-0.4453146159648895
14058590,2022,terrain,annotated,0,657345,4922805,11700,0.0512820512820513,0.23827682435512543,0.4771728515625,-0.032958984375,0.4399999976158142,0.4285714328289032,5,0.07845000177621841,0.1764499992132187,0.20845000445842743,-0.4497057795524597,-0.31151118874549866
14059088,2022,em_veg,annotated,0,657465,4922745,11700,0.0512820512820513,0.2050786018371582,0.095458984375,-0.4146728515625,0,0,5,0.09014999866485596,0.22660000622272491,0.28200000524520874,-0.5134426951408386,-0.496292382478714
14059142,2022,dry,annotated,0,657495,4922805,11700,0.0512820512820513,0.5779094099998474,0.0516357421875,-0.45849609375,0,0,5,0.09714999794960022,0.23454999923706055,0.2904999852180481,-0.4914019703865051,-0.46460673213005066
12362384,2022,shallow_viz,annotated,1,630195,4978635,17100,0.0421052631578947,0.03634345903992653,1.8175048828125,0.25396728515625,0.2340425550937653,0.1304347813129425,5,0.04414999857544899,0.07355000078678131,0.05649999901652336,-0.11981124430894852,0.46503496170043945
12495283,2022,em_veg,random_draw,0,666675,4989795,900,0.133333333333333,0.13378751277923584,-0.03826904296875,-0.08856201171875,0,0.0714285746216774,5,0.05970000103116035,0.15279999375343323,0.17139999568462372,-0.47775933146476746,-0.42333653569221497
9016872,2022,dry,annotated,0,680325,5087865,900,0.133333333333333,0.108048677444458,0.1715087890625,0,0,0,5,0.08250000327825546,0.1826000064611435,0.22419999539852145,-0.49058350920677185,-0.1542145609855652
4035403,2022,em_veg,annotated,0,680355,5126325,8100,0.0444444444444444,0.7201406359672546,0.88641357421875,-0.079681396484375,0.4285714328289032,0.9090909361839294,4,0.05775000154972076,0.13484999537467957,0.14534999430179596,-0.4318016767501831,-0.4182509481906891
4035934,2022,dry,annotated,0,680415,5126385,8100,0.0444444444444444,0.910754144191742,0.853271484375,-0.112823486328125,0.4285714328289032,0.6666666865348816,4,0.06669999659061432,0.1080000028014183,0.15320000052452087,-0.4063195288181305,-0.3814246952533722
3529158,2022,dry,annotated,0,658095,5166525,77400,0.0263565891472868,0.02989723160862922,0.10479736328125,-0.18377685546875,0,0,5,0.08789999783039093,0.18299999833106995,0.3034999966621399,-0.5508431196212769,-0.26878806948661804
3529476,2022,dry,annotated,0,658125,5166465,77400,0.0263565891472868,0.02885383553802967,0.122161865234375,-0.166412353515625,0,0.05000000074505806,5,0.0697999969124794,0.1513500064611435,0.21455000340938568,-0.4442118704319,-0.2913866937160492
3531401,2022,dry,annotated,0,658365,5166525,77400,0.0263565891472868,0.02197016030550003,0.252532958984375,-0.036041259765625,0,0,5,0.07765000313520432,0.17104999721050262,0.29600000381469727,-0.5746142268180847,-0.18118736147880551
3517388,2022,dry,annotated,0,656625,5166375,77400,0.0209302325581395,0.19437390565872192,0.72528076171875,-0.3133544921875,0.09375,0,5,0.0324999988079071,0.04109999909996986,0.0560000017285347,-0.26553672552108765,-0.26553672552108765
3518247,2022,dry,annotated,0,656685,5166615,77400,0.0209302325581395,0.14062990248203278,0.117218017578125,-0.921417236328125,0,0,5,0.10369999706745148,0.21739999949932096,0.3287000060081482,-0.5203515291213989,-0.5203515291213989
3518693,2022,dry,annotated,0,656715,5166495,77400,0.0209302325581395,0.13768118619918823,0.8922119140625,-0.14642333984375,0.09090909361839294,0,5,0.03099999949336052,0.04479999840259552,0.04960000142455101,-0.2307692319154739,-0.2307692319154739
3494061,2022,dry,annotated,0,654585,5166195,1070100,0.0202971684889263,0.0383705198764801,2.67242431640625,-0.40765380859375,0,0,5,0.03720000013709068,0.08780000358819962,0.04940000176429748,-0.1408776044845581,-0.1408776044845581
3494797,2022,dry,annotated,0,654675,5166165,1070100,0.0202971684889263,0.05583512783050537,2.695068359375,-0.385009765625,0,0,5,0.03750000149011612,0.09880000352859496,0.08630000054836273,-0.3941841721534729,-0.3941841721534729
3496243,2022,dry,annotated,0,654885,5166345,1070100,0.0202971684889263,0.1544075459241867,2.49493408203125,-0.58514404296875,0,0,5,0.06864999979734421,0.2164500057697296,0.2605000138282776,-0.5522866249084473,-0.48712077736854553
3449072,2022,dry,annotated,0,645825,5162895,18000,0.0366666666666667,0.08912073075771332,0.33880615234375,-0.1473388671875,0,0,5,0.0908999964594841,0.20579999685287476,0.3353999853134155,-0.53167724609375,-0.522827684879303
3421487,2022,shallow_viz,annotated,1,637635,5159205,3600,0.0666666666666667,0.3432965576648712,0.29388427734375,0.0986328125,0.0882352963089943,0,5,0.03745000064373016,0.13040000200271606,0.10490000247955322,-0.4728870987892151,-0.466556578874588
3421420,2022,dry,annotated,0,637605,5159145,3600,0.0666666666666667,0.05607392638921738,-0.006195068359375,-0.201446533203125,0,0,5,0.06199999898672104,0.3447999954223633,0.21559999883174896,-0.5685703754425049,-0.5338345766067505
3421560,2022,terrain,annotated,0,637695,5159145,3600,0.0666666666666667,0.07629925012588501,0.101654052734375,-0.093597412109375,0,0,5,0.05544999986886978,0.26715001463890076,0.18174999952316284,-0.5252358317375183,-0.48298147320747375
3376863,2022,dry,annotated,0,625545,5159835,32400,0.0407407407407407,0.08424601703882217,0.309539794921875,-0.097442626953125,0,0,5,0.05874999985098839,0.14020000398159027,0.21289999783039093,-0.5674587488174438,-0.5642252564430237
3377016,2022,dry,annotated,0,625575,5159715,32400,0.0407407407407407,0.2940608263015747,0.556182861328125,0.149200439453125,0.13333334028720856,0,5,0.05609999969601631,0.13934999704360962,0.12134999781847,-0.3673185706138611,-0.35990482568740845
3377910,2022,dry,annotated,0,625755,5159565,32400,0.0407407407407407,0.13717120885849,0.209747314453125,-0.197235107421875,0.12903225421905518,0,5,0.04720000177621841,0.15479999780654907,0.08919999748468399,-0.30791789293289185,-0.30791789293289185
1996602,2022,co_precise,annotated,1,545325,5128965,16200,0.0407407407407407,0.1794506460428238,0.44427490234375,-0.0943603515625,0.09677419066429138,0,5,0.02745000086724758,0.03905000165104866,0.03269999846816063,-0.11926058679819108,-0.0077519379556179
1996655,2022,dry,annotated,0,545325,5129115,16200,0.0407407407407407,0.11153953522443771,0.0108642578125,-0.52777099609375,0.03030303120613098,0,5,0.05640000104904175,0.1120000034570694,0.19134999811649325,-0.5432621240615845,-0.5308078527450562
1944059,2022,dry,annotated,0,536745,5123985,7200,0.0583333333333333,0.09414709359407424,0.299713134765625,-0.10870361328125,0.0882352963089943,0,5,0.05070000141859054,0.08985000103712082,0.10965000092983246,-0.3831567466259002,-0.3448496460914612
1943153,2022,dry,annotated,0,536595,5123745,6300,0.0571428571428571,0.08451695740222931,0.211944580078125,-0.109619140625,0.03225806355476379,0,5,0.05889999866485596,0.10329999774694444,0.14190000295639038,-0.4156745970249176,-0.3783389925956726
1943070,2022,shallow_viz,annotated,1,536595,5122875,15300,0.0352941176470588,0.07215749472379684,0.3812255859375,-0.28173828125,0.0882352963089943,0,5,0.04589999839663505,0.07959999889135361,0.08449999988079071,-0.2594187259674072,-0.24447716772556305
1943786,2022,terrain,annotated,0,536685,5122875,15300,0.0352941176470588,0.7172754406929016,0.410980224609375,-0.251983642578125,0.4193548262119293,0,5,0.0632999986410141,0.08969999849796295,0.09780000150203703,-0.21415269374847412,-0.21415269374847412
1944275,2022,dry,annotated,0,536775,5122515,5400,0.0666666666666667,0.1315416693687439,0.2435302734375,-0.40985107421875,0,0,5,0.05150000005960464,0.16744999587535858,0.19214999675750732,-0.5773333311080933,-0.5759468674659729
1944506,2022,dry,annotated,0,536775,5122425,5400,0.0666666666666667,0.2163706421852112,0.483612060546875,-0.169769287109375,0.03225806355476379,0,5,0.03824999928474426,0.11675000190734865,0.1412999927997589,-0.5721514225006104,-0.47362449765205383
1944213,2022,dry,annotated,0,536745,5120985,8100,0.0666666666666667,0.10528630018234252,0.75225830078125,-0.15045166015625,0.03448275849223137,0,5,0.03305000066757202,0.08150000125169754,0.11095000058412552,-0.5429009199142456,-0.5360433459281921
1944436,2022,dry,annotated,0,536775,5119875,10800,0.05,0.1246538758277893,-0.047332763671875,-0.340850830078125,0,0,5,0.08479999750852585,0.15399999916553497,0.22920000553131104,-0.45987260341644287,-0.43557804822921753
4967454,2022,dry,annotated,0,536925,5119635,15300,0.0431372549019608,0.07254708558320999,0.306243896484375,-0.137237548828125,0.09677419066429138,0,5,0.05534999817609787,0.09560000151395798,0.09934999793767928,-0.30140089988708496,-0.2582872807979584
4964902,2022,dry,annotated,0,536535,5119545,13500,0.0533333333333333,0.17380130290985107,0.239654541015625,-0.255340576171875,0,0.06666667014360428,5,0.05844999849796295,0.11949999630451202,0.16554999351501465,-0.45896095037460327,-0.4394841194152832
1943264,2022,dry,annotated,0,536595,5120565,2700,0.0888888888888889,0.12553152441978457,0.40008544921875,-0.027740478515625,0.03448275849223137,0,5,0.04129999876022339,0.09210000187158585,0.13459999859333038,-0.5030708909034729,-0.49879518151283264
4966436,2022,dry,annotated,0,536775,5116335,42300,0.0312056737588652,0.1689085215330124,1.013214111328125,-0.0081787109375,0.03846153989434242,0,5,0.03884999826550484,0.15449999272823334,0.11739999800920486,-0.5022031664848328,-0.4607906639575958
4967132,2022,glint,annotated,0,536895,5116335,42300,0.0312056737588652,0.22462621331214905,0.94122314453125,-0.080169677734375,0.26923078298568726,0,5,0.04050000011920929,0.11415000259876253,0.11635000258684158,-0.48334574699401855,-0.4632258117198944
4966437,2022,glint,annotated,0,536745,5116155,1800,0.1,0.2766900658607483,0.224884033203125,-0.023712158203125,0.17241379618644714,0,5,0.03950000181794166,0.12160000205039978,0.08084999769926071,-0.34373873472213745,-0.3365853726863861
11042534,2022,shallow_viz,annotated,1,564855,5010225,45900,0.0313725490196078,0.02999078296124935,0.08154296875,-0.003570556640625,0,0,5,0.06469999998807907,0.1143999993801117,0.12399999797344208,-0.4781021773815155,-0.2537485659122467
11043503,2022,shallow_viz,annotated,1,564975,5010165,45900,0.0313725490196078,0.01512307208031416,0.072296142578125,-0.0128173828125,0,0,5,0.04560000076889992,0.10660000145435332,0.17759999632835388,-0.4899328947067261,-0.34711965918540955
11042229,2022,dry,annotated,0,564795,5010255,45900,0.0313725490196078,0.0330517403781414,0.040191650390625,-0.044921875,0,0,5,0.05754999816417694,0.1347000002861023,0.22339999675750732,-0.588466227054596,-0.5665081143379211
11042715,2022,dry,annotated,0,564855,5010255,45900,0.0313725490196078,0.04044562205672264,0.065582275390625,-0.01953125,0,0,5,0.05669999867677688,0.11429999768733978,0.16269999742507937,-0.552480936050415,-0.39423078298568726
11043937,2022,dry,annotated,0,565035,5010165,45900,0.0313725490196078,0.05137862265110016,0.01507568359375,-0.070037841796875,0,0,5,0.05889999866485596,0.11959999799728394,0.2153999954462051,-0.5841863751411438,-0.5470001697540283
11035985,2022,dry,annotated,0,564105,5010225,54900,0.039344262295082,0.05791986361145973,0.1944580078125,-0.134002685546875,0,0,5,0.07569999992847443,0.1729000061750412,0.23680000007152557,-0.48025476932525635,-0.4759309589862823
11036211,2022,dry,annotated,0,564135,5010075,54900,0.039344262295082,0.05380437895655632,0.115203857421875,-0.2132568359375,0,0,5,0.06424999982118607,0.14650000631809235,0.1981000006198883,-0.45239707827568054,-0.4162465035915375
11036526,2022,dry,annotated,0,564165,5010165,54900,0.039344262295082,0.04693311080336571,0.179443359375,-0.149017333984375,0,0,5,0.07055000215768814,0.16089999675750732,0.24369999766349792,-0.5310651659965515,-0.5
10521252,2022,dry,annotated,0,546135,5010075,19800,0.0515151515151515,0.04837621748447418,0.084442138671875,-0.16741943359375,0.02325581386685371,0,5,0.07760000228881836,0.1533000022172928,0.26649999618530273,-0.5496726632118225,-0.4914039969444275
10520281,2022,dry,annotated,0,545745,5010225,31500,0.0342857142857143,0.03750630095601082,0.145721435546875,-0.177001953125,0,0,5,0.07509999722242355,0.1582999974489212,0.3199999928474426,-0.6219481229782104,-0.586841344833374
10520522,2022,dry,annotated,0,545835,5010195,31500,0.0342857142857143,0.08298156410455704,0.252593994140625,-0.07012939453125,0.02325581386685371,0,5,0.06379999965429306,0.15320000052452087,0.195700004696846,-0.5057950615882874,-0.43360304832458496
10467972,2022,dry,annotated,0,531465,5009595,279000,0.023010752688172,0.06383557617664337,1.49761962890625,-0.05889892578125,0.02857142873108387,0,5,0.06379999965429306,0.16200000047683716,0.1559000015258789,-0.45429104566574097,-0.39611926674842834
10468178,2022,dry,annotated,0,531495,5009355,279000,0.023010752688172,0.16888025403022766,1.425689697265625,-0.130828857421875,0.03030303120613098,0,5,0.07760000228881836,0.19750000536441803,0.1776999980211258,-0.44682714343070984,-0.3920877277851105
10420347,2022,dry,annotated,0,519945,5015355,14400,0.05,0.24410411715507507,0.527313232421875,-0.14849853515619316,0,0,5,0.04410000145435333,0.11509999632835388,0.1096000000834465,-0.4283657371997833,-0.42615485191345215
10420562,2022,dry,annotated,0,519975,5015295,14400,0.05,0.13039004802703855,0.582305908203125,-0.09350585937494316,0,0,5,0.05550000071525574,0.12520000338554382,0.16660000383853912,-0.5002251267433167,-0.4615384638309479
10389904,2022,shallow_viz,annotated,1,515265,5019555,8100,0.0444444444444444,0.04351771250367164,0.148406982421875,4.2724609375e-4,0.0833333358168602,0,5,0.02129999920725822,0.05719999969005585,0.04160000011324882,-0.1393643021583557,1
10382782,2022,dry,annotated,0,513705,5019855,18000,0.0333333333333333,0.7682210803031921,0.4168701171875,-0.5712890625,0,0,5,0.08240000158548355,0.18490000069141388,0.19099999964237213,-0.4215514361858368,-0.3795114755630493
10363158,2022,dry,annotated,0,509085,5019645,15300,0.0431372549019608,0.21565116941928864,0.245819091796875,-0.28668212890625,0.02941176481544971,0,5,0.05490000173449516,0.17524999380111694,0.1367499977350235,-0.4279199540615082,-0.4167879521846771
10363329,2022,dry,annotated,0,509115,5019585,15300,0.0431372549019608,0.1858961284160614,0.248016357421875,-0.28448486328125,0,0,5,0.05424999818205833,0.27035000920295715,0.17384999990463257,-0.5245059132575989,-0.5023923516273499
10343777,2022,em_veg,annotated,0,505125,5019615,89100,0.032996632996633,0.1747550070285797,0.479278564453125,-0.305633544921875,0,0,5,0.05799999833106994,0.1378999948501587,0.17630000412464142,-0.5042662024497986,-0.47724199295043945
10344105,2022,dry,annotated,0,505215,5019675,89100,0.032996632996633,0.13309472799301147,0.736846923828125,-0.048065185546875,0.3103448152542114,0,5,0.05840000137686729,0.13850000500679016,0.125900000333786,-0.3687500059604645,-0.32596102356910706
10344112,2022,dry,annotated,0,505215,5019285,89100,0.032996632996633,0.22163520753383636,0.447357177734375,-0.337554931640625,0,0,5,0.08449999988079071,0.1965000033378601,0.2624000012874603,-0.5135290622711182,-0.504470705986023
10344125,2022,em_veg,annotated,0,505215,5019735,89100,0.032996632996633,0.2069740742444992,0.25494384765625,-0.52996826171875,0,0,5,0.06700000166893005,0.15389999747276306,0.20010000467300415,-0.490579217672348,-0.4832240641117096
10344409,2022,dry,annotated,0,505245,5019555,89100,0.032996632996633,0.19321973621845245,0.576629638671875,-0.208282470703125,0.03703703731298447,0,5,0.04495000094175339,0.11254999786615372,0.13410000503063202,-0.5136545896530151,-0.45942920446395874
10344579,2022,em_veg,annotated,0,505305,5019735,89100,0.032996632996633,0.2090315818786621,0.43731689453125,-0.34759521484375,0,0,5,0.04859999939799309,0.11379999667406082,0.1319500058889389,-0.46139752864837646,-0.4343208372592926
10338431,2022,dry,annotated,0,504045,5019705,15300,0.0509803921568627,0.10518711805343628,0.434112548828125,-0.01046752929681815,0,0,5,0.0421999990940094,0.08760000020265579,0.13269999623298645,-0.4964028894901275,-0.4889821708202362
10375137,2022,shallow_viz,annotated,1,512055,5019675,10800,0.0444444444444444,0.10833396017551422,1.019805908203125,0.002716064453125,0,0,5,0.03770000115036964,0.10620000213384628,0.11230000108480452,-0.5108898282051086,-0.4973333477973938
10375269,2022,shallow_viz,annotated,1,512115,5019705,10800,0.0444444444444444,0.5555571913719177,1.047210693359375,0.030120849609375,0,0,5,0.05480000004172325,0.16359999775886536,0.14509999752044678,-0.442345917224884,-0.427887499332428
10375136,2022,dry,annotated,0,512055,5019765,10800,0.0444444444444444,0.17813695967197418,0.960296630859375,-0.056793212890625,0.0357142873108387,0,5,0.03970000147819519,0.1242000013589859,0.09950000047683716,-0.4412385523319245,-0.3546837568283081
10375371,2022,dry,annotated,0,512145,5019765,10800,0.0444444444444444,0.6344886422157288,0.86627197265625,-0.15081787109375,0,0,5,0.05449999868869781,0.16040000319480896,0.16249999403953552,-0.4908921122550965,-0.47670549154281616
10375385,2022,dry,annotated,0,512145,5019675,10800,0.0444444444444444,0.6113718152046204,0.5821533203125,-0.4349365234375,0,0,5,0.07129999995231628,0.20260000228881836,0.23440000414848328,-0.530469536781311,-0.5093367695808411
10304657,2022,dry,annotated,0,495855,5016585,12600,0.0476190476190476,0.11128968000411989,0.4550781250000568,-0.00195312499994315,0.20000000298023224,0,5,0.03500000014901161,0.0926000028848648,0.08780000358819962,-0.4299674332141876,-0.2157894670963287
10304728,2022,dry,annotated,0,495855,5016495,12600,0.0476190476190476,0.09717972576618196,0.28955078125005684,-0.16748046874994316,0.02857142873108387,0,5,0.05900000035762787,0.1200999990105629,0.15160000324249268,-0.4396961033344269,-0.392363041639328
10271014,2022,dry,annotated,0,488985,5016555,1800,0.1,0.16170479357242584,0.26287841796875,-0.06787109375,0.0625,0,5,0.07429999858140945,0.12690000236034393,0.14730000495910645,-0.5002721548080444,-0.2166578769683838
10248562,2022,dry,annotated,0,484545,5014785,6300,0.0761904761904762,0.22754108905792236,-0.183563232421875,-1.0655517578125,0,0,5,0.07415000349283218,0.16474999487400055,0.2860499918460846,-0.5892333388328552,-0.5714285969734192
10249102,2022,co_precise,annotated,1,484605,5014815,6300,0.0761904761904762,0.18396370112895968,0.9512939453125,0.069305419921875,0.3846153914928436,0,4,0.04114999994635582,0.065700002014637,0.0783500000834465,-0.31961172819137573,-0.21611154079437256
10249545,2022,co_precise,annotated,1,484665,5014275,13500,0.0622222222222222,0.3085824251174927,1.2108764648438068,-0.0347900390625,0.2916666567325592,0,5,0.05490000173449516,0.09380000084638596,0.096500001847744,-0.2663075625896454,-0.21587301790714264
10249789,2022,dry,annotated,0,484665,5014425,13500,0.0622222222222222,0.33805397152900696,0.9172058105469318,-0.328460693359375,0.1599999964237213,0,5,0.04444999992847442,0.11734999716281892,0.10625000298023224,-0.4059997797012329,-0.3180236518383026
10249103,2022,co_precise,annotated,1,484575,5014065,5400,0.0666666666666667,0.2021392583847046,0.845947265625,-0.11334228515625,0.07999999821186066,0,5,0.03950000181794166,0.0726500004529953,0.1094999983906746,-0.5358016490936279,-0.4252873659133911
10253060,2022,deep_water,random_draw,0,485145,5009775,292500,0.00882051282051282,0.11017463356256484,1.2572021484375,-0.002655029296875,1,0.9166666865348816,3,0.03754999861121178,0.08860000222921371,0.07654999941587448,-0.35557830333709717,-0.26033690571784973
10253081,2022,deep_water,random_draw,0,485145,5009925,292500,0.00882051282051282,0.44693687558174133,0.8983154296875,-0.361541748046875,0.04347826167941093,0.2307692319154739,5,0.07169999927282333,0.14830000698566437,0.13830000162124634,-0.3089156746864319,-0.27339598536491394
10253257,2022,deep_water,random_draw,0,485205,5010045,292500,0.00882051282051282,1.6998319188132882e-4,1.2674560546875,0.007598876953125,1,1,3,0.04050000011920929,0.06219999864697456,0.05350000038743019,-0.13829787075519562,-0.0674603208899498
10253258,2022,deep_water,random_draw,0,485205,5009685,292500,0.00882051282051282,0.1884018182754517,1.22576904296875,-0.034088134765625,0.7777777910232544,1,4,0.06390000134706497,0.09160000085830688,0.08879999816417694,-0.1630648374557495,-0.1573472023010254
10253820,2022,deep_water,random_draw,0,485295,5009715,292500,0.00882051282051282,0,1.2674560546875,0.007598876953125,1,1,1,0.02590000070631504,0.04760000109672546,0.02319999970495701,0.1264080107212067,0.42307692766189575
10254039,2022,deep_water,random_draw,0,485325,5009955,292500,0.00882051282051282,0,1.2674560546875,0.007598876953125,1,1,2,0.03400000184774399,0.04800000041723251,0.01950000040233135,0.17789757251739502,0.2710280418395996
10254188,2022,deep_water,random_draw,0,485355,5009865,292500,0.00882051282051282,0,1.2674560546875,0.007598876953125,1,1,2,0.03180000185966492,0.04839999973773956,0.02199999988079071,0.13333334028720856,0.2446184009313583
10254565,2022,deep_water,random_draw,0,485415,5010045,292500,0.00882051282051282,0,1.2674560546875,0.007598876953125,1,1,3,0.02989999949932098,0.05660000070929527,0.03730000182986259,-0.02941176481544971,1
10254869,2022,deep_water,random_draw,0,485445,5009895,292500,0.00882051282051282,0.01640858128666877,1.2674560546875,0.007598876953125,1,1,3,0.04879999905824661,0.06599999964237213,0.06279999762773514,-0.16016151010990143,-0.12544803321361542
10254873,2022,deep_water,random_draw,0,485445,5009715,292500,0.00882051282051282,0.09473314136266708,1.262908935546875,0.0030517578125,1,1,3,0.04280000180006027,0.08540000021457672,0.05719999969005585,-0.16523100435733795,-0.14399999380111694
10564737,2022,shallow_viz,annotated,1,493365,4971225,3600,0.0833333333333333,0.12281080335378648,0.402923583984375,0.050506591796875,0.10810811072587968,0.06666667014360428,5,0.0737999975681305,0.1396999955177307,0.23829999566078183,-0.4605378210544586,-0.2877604067325592
10795747,2022,shallow_viz,annotated,1,493485,4967895,1800,0.1,0.19698528945446017,-0.08184814453125,-0.214813232421875,0.05000000074505806,0,5,0.10480000078678132,0.22200000286102295,0.34310001134872437,-0.5051546096801758,-0.336444228887558
10794715,2022,co_precise,annotated,1,492975,4950795,5400,0.0555555555555556,0.07174951583147049,0.370330810546875,-0.003509521484375,0.125,0,5,0.0872500017285347,0.18279999494552612,0.25200000405311584,-0.42338109016418457,-0.30349478125572205
10794681,2022,dry,annotated,0,492915,4950825,5400,0.0555555555555556,1.120265245437622,-0.390350341796875,-0.764190673828125,0,0,5,0.10535000264644624,0.2662000060081482,0.3043999969959259,-0.4850696623325348,-0.48171108961105347
10794361,2022,dry,annotated,0,492825,4950525,15300,0.0470588235294118,0.30541306734085083,-0.061279296875,-0.696044921875,0,0,5,0.11819999665021896,0.24175000190734863,0.3289499878883362,-0.4692571461200714,-0.4583563208580017
10794431,2022,dry,annotated,0,492855,4950645,15300,0.0470588235294118,0.1308256834745407,0.56744384765625,-0.06732177734375,0.40625,0,5,0.0925000011920929,0.1877499967813492,0.2576499879360199,-0.4529687166213989,-0.4202127754688263
14678969,2022,em_veg,random_draw,0,499605,4811475,900,0.133333333333333,0.14735019207000732,0.1552734375,-0.027099609375,0.12280701845884325,0,5,0.09030000120401382,0.2345999926328659,0.28040000796318054,-0.50087738037109375,-0.4482126533985138
14806629,2022,shallow_viz,annotated,1,550125,4793625,69300,0.0242424242424242,0,0.12982177734375,3.0517578125e-5,0.11428571492433548,1,5,0.07769999653100967,0.10490000247955322,0.08569999784231186,-0.04895960912108421,-0.04895960912108421
14806726,2022,hugo_precise,annotated,1,550215,4793565,69300,0.0242424242424242,0,0.12982177734375,3.0517578125e-5,0.1315789520740509,1,5,0.03370000049471855,0.08540000021457672,0.08179999887943268,-0.4164502024650574,-0.4164502024650574
14806588,2022,dry,annotated,0,550095,4793505,69300,0.0242424242424242,0,0.12982177734375,3.0517578125e-5,0.10256410390138626,1,5,0.05950000137090683,0.120899997651577,0.09880000352859496,-0.24826279282569885,-0.24826279282569885
14806925,2022,dry,annotated,0,550395,4793595,69300,0.0242424242424242,0.41536280512809753,-0.41943359375,-0.549224853515625,0,0,5,0.10289999842643738,0.2257999926805496,0.3089999854564667,-0.5003641843795776,-0.5003641843795776
14715330,2022,co_precise,annotated,1,538755,4798965,33300,0.0288288288288288,0,5.684341886080804e-14,5.684341886080804e-14,0.25581395626068115,1,5,0.04755000025033951,0.0908999964594841,0.090549997985363,-0.31779810786247253,-0.2534562349319458
14715527,2022,shallow_viz,annotated,1,538815,4799055,33300,0.0288288288288288,0,5.684341886080804e-14,5.684341886080804e-14,0.25,1,5,0.0527999997138977,0.08449999988079071,0.09279999881982803,-0.29323840141296387,-0.1086142286658287
14715170,2022,dry,annotated,0,538695,4799085,33300,0.0288288288288288,0.186774879693985,-0.16647338867181816,-0.16647338867181816,0,0,5,0.0812000036239624,0.2874000072479248,0.24979999661445615,-0.5093655586242676,-0.4798815548419952
14715285,2022,dry,annotated,0,538755,4799055,33300,0.0288288288288288,0,5.684341886080804e-14,5.684341886080804e-14,0.1463414579629898,1,5,0.06624999642372131,0.14135000109672546,0.17389999330043793,-0.4214816391468048,-0.3183352053165436
14715593,2022,dry,annotated,0,538845,4799085,33300,0.0288288288288288,0,5.684341886080804e-14,5.684341886080804e-14,0.15555556118488312,1,5,0.0685499981045723,0.1340000033378601,0.17184999585151672,-0.40609344840049744,-0.322880357503891
14671605,2022,terrain,annotated,0,542445,4825665,9000,0.0533333333333333,0.0253932848572731,0.14398193359369316,-6.103515625e-4,0.19565217196941376,0,5,0.07029999792575836,0.15399999916553497,0.2154500037431717,-0.474793404340744,-0.3986360728740692
14671635,2022,dry,annotated,0,542475,4825755,9000,0.0533333333333333,0.3055148422718048,-0.46743774414068184,-0.612030029296875,0,0,5,0.09920000284910202,0.2707499861717224,0.32394999265670776,-0.5300623178482056,-0.515848696231842
14780136,2022,deep_water,random_draw,0,585195,4822125,251100,0.022700119474313,0,4.538574218750057,0.071502685546875,1,1,1,0.10100000351667404,0.01920000091195106,0.00350000010803341,0.9347623586654664,1
14780203,2022,deep_water,random_draw,0,585255,4822035,251100,0.022700119474313,0.04835308715701103,4.537231445312557,0.070159912109375,0.9722222089767456,1,1,0.10180000215768814,0.04809999838471413,0.06279999762773514,0.24572774767875671,0.44294825196266174
14780247,2022,deep_water,random_draw,0,585285,4822125,251100,0.022700119474313,0,4.538574218750057,0.071502685546875,1,1,1,0.10180000215768814,0.03139999881386757,0.02309999987483024,0.6489361524581909,0.684036374092102
14780301,2022,deep_water,random_draw,0,585345,4821975,251100,0.022700119474313,0,4.538574218750057,0.071502685546875,0.9677419066429138,1,1,0.10119999945163728,0.03660000115633011,0.02869999967515468,0.5581216216087341,0.6554487347602844
14780317,2022,deep_water,random_draw,0,585375,4822065,251100,0.022700119474313,0,4.538574218750057,0.071502685546875,0.9736841917037964,1,1,0.10565000027418137,0.02779999934136867,0.01954999938607216,0.6331649422645569,0.8522522449493408
14780352,2022,deep_water,random_draw,0,585435,4821945,251100,0.022700119474313,0.4048495888710022,4.347229003906307,-0.119842529296875,0.8857142925262451,1,4,0.11029999703168868,0.12160000205039978,0.1202000007033348,-0.13422292470932007,-0.0333041176199913
14363819,2022,dry,annotated,0,657225,4851345,17100,0.0421052631578947,0.04973186925053596,0.169677734375,-0.021484375,0,0,5,0.0645499974489212,0.13979999721050262,0.23315000534057617,-0.5628827810287476,-0.4187725484371186
14368092,2022,em_veg,random_draw,0,658215,4860015,9000,0.0466666666666667,0.21152815222740173,0.451141357421875,-0.181243896484375,0,0,5,0.12630000710487366,0.3073999881744385,0.3625999987125397,-0.4833299219608307,-0.4476048052310944
14368540,2022,em_veg,random_draw,0,658335,4860015,9000,0.0466666666666667,0.27948760986328125,0.63775634765625,0.00537109375,0,0,5,0.0982000008225441,0.23090000450611117,0.30820000171661377,-0.5142620801925659,-0.4333333373069763
14377837,2022,dry,annotated,0,661095,4865115,7200,0.0666666666666667,0.6164808869361877,0.375091552734375,-0.84368896484375,0,0,5,0.0738999992609024,0.2563999891281128,0.30399999022483826,-0.5697560906410217,-0.5073333382606506
14387862,2022,dry,annotated,0,664485,4869015,3600,0.0666666666666667,0.06119237467646599,0.17401123046875,-0.0081787109375,0.190476194024086,0.1111111119389534,5,0.07050000131130219,0.16304999589920044,0.18565000593662265,-0.4548852443695069,-0.4146341383457184
14387871,2022,em_veg,annotated,0,664485,4868955,3600,0.0666666666666667,0.08535412698984146,0.1632080078125,-0.01898193359375,0,0,5,0.07064999639987946,0.18539999425411224,0.2199999988079071,-0.5048714876174927,-0.4971932768821716
9529061,2022,deep_water,random_draw,0,694455,5039955,282600,0.0101910828025478,0.6178361773490906,0.466156005859375,-4.0684814453125,0.10526315867900848,0,5,0.05889999866485596,0.1777999997138977,0.1606999933719635,-0.46357011795043945,-0.23940148949623108
9529576,2022,deep_water,random_draw,0,694545,5040135,282600,0.0101910828025478,0.4351887106895447,0.7337646484375,-3.800872802734375,0,0.10000000149011612,5,0.05310000106692314,0.13459999859333038,0.1932000070810318,-0.5503512620925903,-0.5437474846839905
9529689,2022,deep_water,random_draw,0,694545,5040015,282600,0.0101910828025478,0.09019181877374648,4.9693603515625,0.434722900390625,1,1,1,0.04940000176429748,0.0255999993532896,0.02290000021457672,0.3933774828910827,0.5199999809265137
9530030,2022,deep_water,random_draw,0,694605,5040315,282600,0.0101910828025478,0.0617857351899147,5.063446044921875,0.52880859375,1,1,1,0.04529999941587448,0.02080000005662441,0.01530000008642673,0.49504950642585754,0.7123966813087463
9530253,2022,deep_water,random_draw,0,694635,5040225,282600,0.0101910828025478,0.1882924437522888,4.960174560546875,0.425537109375,1,1,1,0.04540000110864639,0.03299999982118606,0.04210000112652778,0.06651885062456131,0.14070351421833038
9530320,2022,deep_water,random_draw,0,694635,5040075,282600,0.0101910828025478,0.14148560166358948,4.899871826171875,0.365234375,1,1,1,0.0340999998152256,0.00910000037401914,0.00559999980032444,0.754923403263092,0.7577319741249084
9530445,2022,deep_water,random_draw,0,694665,5039925,282600,0.0101910828025478,0.846377968788147,3.80419921875,-0.730438232421875,1,1,4,0.06589999794960022,0.08919999748468399,0.1062999963760376,-0.17264202237129211,-0.13929961621761322
9531215,2022,deep_water,random_draw,0,694785,5039985,282600,0.0101910828025478,0.5870633721351624,2.89312744140625,-1.641510009765625,0.9473684430122375,0.8999999761581421,4,0.05319999903440475,0.06880000233650208,0.0966999977827072,-0.20874999463558197,-0.15015974640846252
9454870,2022,deep_water,random_draw,0,682245,5051265,90900,0.0231023102310231,0.02032665722072124,0.796295166015625,0.025604248046875,0.95652174949646,1,1,0.02575000002980232,0.0239499993622303,0.02575000002980232,0.04958278685808182,0.33018869161605835
9455143,2022,deep_water,random_draw,0,682275,5051355,90900,0.0231023102310231,0.02602453716099262,0.787994384765625,0.017303466796875,0.875,0.5833333134651184,3,0.02745000086724758,0.04670000076293945,0.05460000038146973,-0.33399882912635803,-0.28358209133148193
9455473,2022,deep_water,random_draw,0,682335,5051175,90900,0.0231023102310231,0.02710752002894878,0.80120849609375,0.030517578125,0.959999978542328,1,2,0.02015000022947788,0.01940000057220459,0.02740000002086162,-0.16901108622550964,0.15199999511241913
9455672,2022,deep_water,random_draw,0,682365,5051325,90900,0.0231023102310231,0.09201040863990784,0.740570068359375,-0.030120849609375,0.5,0.25,4,0.05480000004172325,0.13279999792575836,0.14020000398159027,-0.43560582399368286,-0.42734432220458984
9456191,2022,deep_water,random_draw,0,682425,5051205,90900,0.0231023102310231,0.10649459064006804,0.695068359375,-0.07562255859375,0.6666666865348816,0.0833333358168602,4,0.03269999846816063,0.08760000020265579,0.09229999780654909,-0.47679999470710754,-0.47679999470710754
9456347,2022,deep_water,random_draw,0,682455,5051325,90900,0.0231023102310231,0.02392229810357093,0.795745849609375,0.025054931640625,1,0.8333333134651184,1,0.02624999918043613,0.02229999937117099,0.02280000038444996,0.20977036654949188,0.557823121547699
9456737,2022,deep_water,random_draw,0,682545,5051415,90900,0.0231023102310231,0.1481562703847885,0.670166015625,-0.10052490234375,0.0833333358168602,0,5,0.08009999990463257,0.18790000677108765,0.2264000028371811,-0.4773246347904206,-0.4747747778892517
9457091,2022,deep_water,random_draw,0,682605,5051235,90900,0.0231023102310231,0.2814609408378601,0.476287841796875,-0.294403076171875,0.0833333358168602,0,5,0.06915000081062317,0.1776999980211258,0.1988999992609024,-0.4840887188911438,-0.4810173213481903
3473503,2022,dry,annotated,0,650655,5167245,535500,0.0116526610644258,0.5559377670288086,1.29669189453125,0.2144775390625,0,0,5,0.06345000118017197,0.1507000029087067,0.21400000154972076,-0.5431196689605713,-0.2590942978858948
3473925,2022,dry,annotated,0,650715,5166345,535500,0.0116526610644258,0.06045719608664512,0.68341064453125,-0.3988037109375,0,0,5,0.06530000269412994,0.14135000109672546,0.21649999916553497,-0.503260612487793,-0.3007335066795349
3474288,2022,dry,annotated,0,650775,5166645,535500,0.0116526610644258,0.03717635944485664,0.94012451171875,-0.14208984375,0,0,5,0.04944999888539314,0.10795000195503236,0.14239999651908877,-0.461989551782608,-0.1433628350496292
3467110,2022,dry,annotated,0,649845,5166945,1287900,0.00931749359422315,0.0535314530134201,2.3021240234375,-0.037933349609375,0,0,5,0.07150000333786011,0.1573999971151352,0.29820001125335693,-0.604938268661499,-0.4254335165023804
3472161,2022,dry,annotated,0,650445,5167095,1287900,0.00931749359422315,0.04103697836399078,2.3221435546875,-0.017913818359375,0,0,5,0.05590000003576279,0.12449999898672104,0.2158000022172928,-0.5733751654624939,-0.45248475670814514
3434397,2022,dry,annotated,0,642345,5162535,15300,0.0352941176470588,0.05459214746952057,0.0894775390625,-0.324859619140625,0,0,5,0.04715000092983246,0.1026500016450882,0.14800000190734863,-0.5567166209220886,-0.21975308656692505
3434398,2022,dry,annotated,0,642345,5162445,15300,0.0352941176470588,0.05991768464446068,-0.00799560546875,-0.422332763671875,0,0,5,0.0608999989926815,0.1316000074148178,0.22179999947547913,-0.5725714564323425,-0.5424200296401978
3434881,2022,dry,annotated,0,642495,5162505,15300,0.0352941176470588,0.05417826026678085,-0.091888427734375,-0.5062255859375,0,0,5,0.04830000177025795,0.11240000277757645,0.18019999563694,-0.553095817565918,-0.5129404664039612
3368018,2022,dry,annotated,0,623445,5160765,80100,0.0269662921348315,0.04981011897325516,0.497955322265625,-0.125946044921875,0.07407407462596893,0,5,0.04309999942779541,0.10520000010728836,0.0885000005364418,-0.3449847996234894,-0.3449847996234894
3368495,2022,dry,annotated,0,623535,5160735,80100,0.0269662921348315,0.08375643938779831,0.399444580078125,-0.224456787109375,0,0,5,0.06920000165700912,0.15620000660419464,0.20010000467300415,-0.4860750138759613,-0.4860750138759613
3368813,2022,dry,annotated,0,623655,5160645,80100,0.0269662921348315,0.10009800642728806,0.6444091796875,0.0205078125,0.06896551698446274,0,5,0.02714999951422214,0.07824999839067459,0.08595000207424164,-0.51048743724823,-0.46212953329086304
2139511,2022,hugo_precise,annotated,1,566475,5199495,100800,0.030952380952381,0.06988213211297989,5.904968261718807,0.316192626953125,0,0,5,0.05629999935626983,0.10490000247955322,0.12189999967813492,-0.37927231192588806,-0.3374767005443573
2140523,2022,shallow_viz,annotated,1,566685,5199675,100800,0.030952380952381,0.0977063924074173,6.125122070312557,0.536346435546875,0.15625,0,5,0.04820000007748604,0.08985000103712082,0.04839999973773956,0.0017398182535544,0.1068493127822876
2139091,2022,dry,annotated,0,566385,5199915,100800,0.030952380952381,0.13447205722332,1.998138427734432,-3.59063720703125,0,0,5,0.10840000212192535,0.21130000054836273,0.41040000319480896,-0.5695817470550537,-0.47440946102142334
2139096,2022,dry,annotated,0,566355,5199975,100800,0.030952380952381,0.14060567319393158,1.7839965820313068,-3.804779052734375,0,0,5,0.08489999920129776,0.17589999735355377,0.3521000146865845,-0.6114416718482971,-0.4943705201148987
2139268,2022,dry,annotated,0,566415,5199675,100800,0.030952380952381,0.05139435827732086,4.790374755859432,-0.79840087890625,0,0,5,0.09799999743700027,0.19169999659061432,0.3873000144958496,-0.5914499163627625,-0.4310823380947113
2138600,2022,hugo_precise,annotated,1,566235,5198205,33300,0.0288288288288288,0.097789965569973,0.844512939453125,0.00592041015625,0.14705882966518402,0,5,0.05530000105500221,0.09269999712705612,0.05710000172257423,-0.00911350455135107,0.1879699230194092
2138710,2022,shallow_viz,annotated,1,566265,5198295,33300,0.0288288288288288,0.05108857154846191,0.878265380859375,0.0396728515625,0.21212121844291687,0,5,0.04924999922513962,0.089649997651577,0.03310000151395798,0.17552606761455536,0.4320987761020661
2138968,2022,dry,annotated,0,566355,5198355,33300,0.0288288288288288,0.3720254600048065,0.516387939453125,-0.32220458984375,0,0,5,0.05595000088214874,0.178849995136261,0.16404999792575836,-0.49156588315963745,-0.45143556594848633
22306631,2023,co_precise,annotated,1,609405,4806045,287100,0.0102403343782654,0,1.348876953125,0.004852294921875,0.6000000238418579,1,5,0.04434999823570251,0.05745000019669533,0.05784999951720238,-0.11384662240743636,-0.06933332979679108
22305914,2023,dry,annotated,0,609135,4805955,287100,0.0102403343782654,0,1.348876953125,0.004852294921875,0.7777777910232544,1,5,0.04774999991059303,0.09634999930858612,0.11755000054836272,-0.4260571300983429,-0.3836757242679596
22306324,2023,deep_viz,annotated,0,609285,4805925,287100,0.0102403343782654,0,1.348876953125,0.004852294921875,1,1,1,0.03079999983310699,0.01154999993741512,0.01224999967962503,0.26967671513557434,0.4797441363334656
22306570,2023,deep_viz,annotated,0,609375,4805955,287100,0.0102403343782654,0,1.348876953125,0.004852294921875,1,1,1,0.04340000078082085,0.02260000072419643,0.02089999988675117,0.14216867089271543,0.349922239780426
22306571,2023,deep_viz,annotated,0,609375,4805865,287100,0.0102403343782654,0,1.348876953125,0.004852294921875,1,1,1,0.03880000114440918,0.02390000037848949,0.02229999937117099,0.1582089513540268,0.37244898080825806
22306586,2023,dry,annotated,0,609405,4806105,287100,0.0102403343782654,0,1.348876953125,0.004852294921875,0.0625,0.8666666746139526,5,0.05229999870061874,0.1071000024676323,0.11990000307559968,-0.37873753905296326,-0.3312836289405823
22306775,2023,dry,annotated,0,609495,4806015,287100,0.0102403343782654,8.029042510315776e-5,1.348876953125,0.004852294921875,0.05882352963089943,0.07692307978868484,5,0.09375,0.1701499968767166,0.1826000064611435,-0.3189469873905182,-0.2750087082386017
22296029,2023,co_precise,annotated,1,603735,4812045,18000,0.0333333333333333,0,0,0,0.8333333134651184,0.8125,5,0.02824999950826168,0.04884999990463257,0.0750499963760376,-0.4807547628879547,0.37659329175949097
22624815,2023,shallow_viz,annotated,1,619005,4810905,37800,0.0253968253968254,0,2.401885986328125,0.01043701171875,0,0.30000001192092896,5,0.0418500006198883,0.12210000306367874,0.1454000025987625,-0.3744710385799408,-0.2223634123802185
22624877,2023,co_precise,annotated,1,619035,4810995,37800,0.0253968253968254,0,2.401885986328125,0.01043701171875,0,0.27272728085517883,5,0.04309999942779541,0.10329999774694444,0.11509999632835388,-0.3781321048736572,0.06040268391370773
22624752,2023,dry,annotated,0,618975,4810965,37800,0.0253968253968254,0,2.401885986328125,0.01043701171875,0,0,5,0.0564499981701374,0.15189999341964722,0.2061000019311905,-0.43512484431266785,-0.3895348906517029
22624798,2023,dry,annotated,0,619005,4811055,37800,0.0253968253968254,0,2.401885986328125,0.01043701171875,0,0,5,0.05764999985694885,0.13654999434947968,0.18479999899864197,-0.4902277886867523,-0.4784240126609802
22625195,2023,dry,annotated,0,619185,4810905,37800,0.0253968253968254,0.4880930185317993,1.963714599609375,-0.427734375,0,0,5,0.09160000085830688,0.2289000004529953,0.2752000093460083,-0.5027124881744385,0.14766183495521543
21579250,2023,dry,annotated,0,732705,4886595,181800,0.0128712871287129,0.7944592237472534,1.9483642578125,-1.1497802734375,0,0,5,0.09404999762773514,0.22065000236034393,0.2653999924659729,-0.49857455492019653,0.05874701961874962
21579407,2023,dry,annotated,0,732705,4886865,181800,0.0128712871287129,0.5725418329238892,1.25830078125,-1.83984375,0,0,5,0.10499999672174454,0.24959999322891235,0.321399986743927,-0.48418858647346497,-0.4105847179889679
21579686,2023,deep_viz,annotated,0,732765,4886745,181800,0.0128712871287129,0,3.1373291015625,0.0391845703125,1,1,1,0.0729999989271164,0.05689999833703041,0.05420000106096268,0.14779874682426453,0.1876923143863678
21580075,2023,dry,annotated,0,732855,4886955,181800,0.0128712871287129,0.7046535611152649,1.01629638671875,-2.08184814453125,0,0,5,0.06989999860525131,0.28940001130104065,0.21649999916553497,-0.5118715167045593,-0.5118715167045593
21580359,2023,deep_viz,annotated,0,732915,4886835,181800,0.0128712871287129,0,3.1373291015625,0.0391845703125,1,1,1,0.10080000013113022,0.01400000043213367,0.01769999973475933,0.701265811920166,0.701265811920166
21581001,2023,deep_viz,annotated,0,733035,4886805,181800,0.0128712871287129,0,3.1373291015625,0.0391845703125,1,1,1,0.07235000282526016,0.06970000267028809,0.06379999965429306,0.0675654262304306,0.1296738237142563
17975949,2023,hugo_precise,annotated,1,728955,4964985,558900,0.013419216317767,0.15154853463172913,9.59295654296875,0.003326416015625,0,0,5,0.04084999859333038,0.11980000138282776,0.10135000199079514,-0.4513489305973053,-0.2069316953420639
17975888,2023,dry,annotated,0,728955,4964955,558900,0.013419216317767,0.1688910275697708,9.556671142578123,-0.032958984375,0,0,5,0.05059999972581863,0.10080000013113022,0.07280000299215317,-0.252506822347641,-0.17990276217460632
17976617,2023,dry,annotated,0,729105,4964955,558900,0.013419216317767,0.15511994063854218,9.54046630859375,-0.049163818359375,0.21739129722118375,0,5,0.03909999877214432,0.06210000067949295,0.04369999840855598,-0.17001338303089142,0.8660415410995483
17979376,2023,glint,annotated,0,729435,4964745,558900,0.013419216317767,0.07079372555017471,9.654754638671877,0.06512451171875,0,0,5,0.10199999809265135,0.22139999270439148,0.34630000591278076,-0.5329311490058899,-0.1068635955452919
17980993,2023,glint,annotated,0,729585,4964985,558900,0.013419216317767,0.6112220287322998,4.118316650390625,-5.4713134765625,0,0,5,0.15389999747276306,0.2728999853134155,0.41350001096725464,-0.4501360058784485,-0.4209672212600708
17982621,2023,dry,annotated,0,729795,4964565,558900,0.013419216317767,0.5877662897109985,9.715789794921877,0.12615966796875,0.0357142873108387,0,4,0.08980000019073486,0.21369999647140503,0.2791999876499176,-0.5361760854721069,-0.14425428211688995
17893997,2023,shallow_viz,annotated,1,699315,4958625,25200,0.0380952380952381,0.03301982209086418,1.849945068359375,0.24566650390625,0,0,5,0.05124999955296516,0.0930500030517578,0.05864999815821647,-0.15598756074905396,0.12345679104328156
17894366,2023,hugo_precise,annotated,1,699405,4958685,25200,0.0380952380952381,0.04349870234727859,1.835723876953125,0.2314453125,0,0,5,0.05730000138282776,0.09700000286102296,0.08389999717473984,-0.15724137425422668,0.3640553057193756
17893721,2023,dry,annotated,0,699225,4958655,25200,0.0380952380952381,0.21382352709770203,0.119384765625,-1.484893798828125,0,0,5,0.09929999709129332,0.1890999972820282,0.3271999955177307,-0.566847562789917,-0.4825102984905243
17894161,2023,dry,annotated,0,699375,4958745,25200,0.0380952380952381,0.11226045340299606,1.384429931640625,-0.2198486328125,0,0,5,0.09085000306367874,0.1906999945640564,0.34599998593330383,-0.5949288010597229,-0.1428571492433548
17894174,2023,dry,annotated,0,699375,4958805,25200,0.0380952380952381,0.06882741302251816,1.33477783203125,-0.269500732421875,0,0,5,0.07980000227689743,0.18050000071525577,0.33329999446868896,-0.5912214517593384,0.00326797389425337
20872221,2023,hugo_precise,annotated,1,673035,4909305,13500,0.0622222222222222,0.11369998753070833,0.15390014648431816,-0.080810546875,0,0,5,0.06360000371932983,0.1710000038146973,0.1929000020027161,-0.5025243759155273,-0.39471107721328735
20870921,2023,dry,annotated,0,672915,4909185,13500,0.0622222222222222,0.08176186680793762,0.33670043945306816,0.10198974609375,0,0,5,0.06849999725818634,0.1955000013113022,0.2070000022649765,-0.5035919547080994,-0.3440000116825104
20871442,2023,dry,annotated,0,672945,4909245,13500,0.0622222222222222,0.07069996744394302,0.12405395507806816,-0.11065673828125,0,0,5,0.07660000026226044,0.2370000034570694,0.2414000034332275,-0.5194000601768494,-0.45295587182044983
20872306,2023,dry,annotated,0,673035,4909245,13500,0.0622222222222222,0.05168528482317924,0.10366821289056816,-0.13104248046875,0,0,5,0.07159999758005142,0.2298000007867813,0.20569999516010284,-0.4862716794013977,-0.4122055768966675
19770075,2023,co_precise,annotated,1,621735,4915515,246600,0.0119221411192214,0.07125908136367798,2.62384033203125,-0.06866455078125,0.1875,0.625,5,0.0478999987244606,0.11060000211000444,0.1306000053882599,-0.4345177710056305,-0.33564493060112
19766497,2023,deep_viz,annotated,0,621315,4915425,246600,0.0119221411192214,0.06271161884069443,2.8875732421875,0.195068359375,0.9285714030265808,1,2,0.04095000028610229,0.02459999918937683,0.02504999935626983,0.22226420044898987,1
19767657,2023,deep_viz,annotated,0,621465,4915335,246600,0.0119221411192214,0,2.9625244140625,0.27001953125,0.9230769276618958,1,2,0.03379999846220016,0.02690000087022781,0.01940000057220459,0.22909091413021088,0.40763360261917114
19767774,2023,dry,annotated,0,621465,4915425,246600,0.0119221411192214,0.19389276206493375,2.50750732421875,-0.18499755859375,0,0.7857142686843872,5,0.06814999878406525,0.14010000228881836,0.15649999678134918,-0.3923799991607666,-0.3127317726612091
19768580,2023,dry,annotated,0,621555,4915095,246600,0.0119221411192214,0.7126805186271667,1.95294189453125,-0.73956298828125,0,0.3333333432674408,5,0.08150000125169754,0.18449999392032623,0.19820000231266025,-0.437357634305954,0.14692425727844238
19769337,2023,deep_viz,annotated,0,621645,4915335,246600,0.0119221411192214,0.01823668181896209,2.83587646484375,0.14337158203125,0.9230769276618958,1,2,0.02050000056624412,0.01689999923110008,0.01429999992251396,0.16766467690467834,0.28868359327316284
19769662,2023,dry,annotated,0,621675,4915125,246600,0.0119221411192214,0.04976370185613632,2.60650634765625,-0.08599853515625,0,0.6666666865348816,5,0.03435000032186508,0.09165000170469284,0.09404999762773514,-0.4451630711555481,-0.13740457594394684
15381070,2023,co_precise,annotated,1,568125,4960695,7200,0.0583333333333333,0.0950479805469513,0.39276123046875,0.146820068359375,0,0.1111111119389534,5,0.0340999998152256,0.07190000265836716,0.09200000017881392,-0.509871244430542,0.16183985769748688
15380969,2023,dry,annotated,0,568095,4960635,7200,0.0583333333333333,0.06577800959348679,0.21124267578125,-0.034698486328125,0,0,5,0.05689999833703041,0.14480000734329224,0.22669999301433563,-0.5720270872116089,-0.3645485043525696
15381193,2023,dry,annotated,0,568155,4960665,7200,0.0583333333333333,0.11183173954486848,0.06591796875,-0.180023193359375,0,0,5,0.06650000065565109,0.1876000016927719,0.2337999939918518,-0.5493243336677551,-0.44801512360572815
14435022,2023,co_precise,annotated,1,543165,4969935,44100,0.0462585034013605,0.14406168460845947,1.7955322265625,0.06829833984375,0.0416666679084301,0,5,0.05539999902248382,0.14110000431537628,0.14139999449253082,-0.47410592436790466,-0.17130620777606964
14434866,2023,em_veg,annotated,0,543105,4969935,44100,0.0462585034013605,0.01088235061615705,1.61981201171875,-0.107421875,0,0,5,0.06355000287294388,0.178849995136261,0.21115000545978543,-0.5738866329193115,-0.44941380620002747
14434867,2023,dry,annotated,0,543135,4969785,44100,0.0462585034013605,0.15329919755458832,1.708404541015625,-0.018829345703125,0.15625,0,5,0.06360000371932983,0.19859999418258667,0.1875,-0.4917955994606018,-0.3729372918605805
14435468,2023,dry,annotated,0,543225,4969905,44100,0.0462585034013605,0.10120101273059844,1.61273193359375,-0.114501953125,0,0,5,0.0746999979019165,0.1972000002861023,0.2676999866962433,-0.5384215712547302,-0.45334798097610474
14435493,2023,dry,annotated,0,543225,4969845,44100,0.0462585034013605,0.01714074239134788,1.63189697265625,-0.0953369140625,0,0,5,0.07225000113248825,0.19805000722408295,0.2468000054359436,-0.5373433828353882,-0.3759555220603943
14385232,2023,co_precise,annotated,1,532545,4968015,8100,0.0592592592592593,0.0978185459971428,1.015045166015625,0.11447143554681816,0,0,5,0.06679999828338623,0.1518000066280365,0.24525000154972076,-0.5391975045204163,-0.07727975398302078
14384976,2023,dry,annotated,0,532485,4968015,8100,0.0592592592592593,0.0715198665857315,0.861328125,-0.03924560546880684,0,0,5,0.09839999675750732,0.2055000066757202,0.34150001406669617,-0.5579379796981812,-0.07349666208028793
14385148,2023,dry,annotated,0,532515,4967985,8100,0.0592592592592593,0.08165418356657028,0.9569091796875,0.05633544921869316,0,0,5,0.08089999854564667,0.1815000027418137,0.3334999978542328,-0.5530145764350891,-0.10162916779518127
14385161,2023,dry,annotated,0,532515,4968045,8100,0.0592592592592593,0.2775907814502716,0.8179931640625,-0.08258056640630684,0.02941176481544971,0,5,0.0820000022649765,0.18870000541210177,0.26919999718666077,-0.5159721970558167,-0.2865064740180969
14313128,2023,hugo_precise,annotated,1,519975,4968075,29700,0.0444444444444444,0.06413302570581436,3.689697265625,0.6973266601563068,0.11538461595773696,0,5,0.03909999877214432,0.0998999997973442,0.08789999783039093,-0.2746114134788513,0.4348623752593994
14312447,2023,dry,annotated,0,519825,4968075,29700,0.0444444444444444,0.11669771373271942,2.326690673828125,-0.6656799316405682,0,0,5,0.10445000231266022,0.22789999842643735,0.38510000705718994,-0.5826038718223572,0.4041241109371186
14312747,2023,dry,annotated,0,519885,4968015,29700,0.0444444444444444,0.10893863439559937,3.520477294921875,0.5281066894531818,0,0,5,0.09430000185966492,0.2008499950170517,0.3488500118255615,-0.563204288482666,-0.47709497809410095
14313338,2023,dry,annotated,0,520005,4967955,29700,0.0444444444444444,0.10968463122844696,3.592041015625,0.5996704101563068,0.03703703731298447,0,5,0.07530000060796738,0.16210000216960907,0.23555000126361847,-0.5184372067451477,-0.4039497375488281
14312527,2023,shallow_viz,annotated,1,519825,4967655,5400,0.0555555555555556,0.03535763546824455,0.362548828125,0.044036865234375,0.3846153914928436,0,4,0.06150000169873237,0.09759999811649324,0.09354999661445618,-0.22535784542560575,1
14312079,2023,dry,annotated,0,519795,4967655,5400,0.0555555555555556,0.07581035047769547,0.294189453125,-0.024322509765625,0.26923078298568726,0,4,0.07129999995231628,0.13920000195503235,0.17339999973773956,-0.5082170367240906,-0.2741546034812927
14312410,2023,dry,annotated,0,519855,4967595,5400,0.0555555555555556,0.20458175241947177,-0.06317138671875,-0.381683349609375,0,0,5,0.10490000247955322,0.22245000302791595,0.3691000044345856,-0.5529131293296814,-0.5299089550971985
13756282,2023,co_precise,annotated,1,513645,4973025,9000,0.06,0.0805007740855217,0.438446044921875,0.048919677734375,0.1818181872367859,0,4,0.04830000177025795,0.13910000026226044,0.13535000383853912,-0.46525824069976807,0.2822580635547638
13756448,2023,dry,annotated,0,513675,4972965,9000,0.06,0.07612521201372147,0.310791015625,-0.0787353515625,0.04545454680919647,0,5,0.08139999955892563,0.218299999833107,0.28014999628067017,-0.5287407636642456,-0.34541577100753784
13756705,2023,dry,annotated,0,513675,4973055,9000,0.06,0.11707144975662231,0.16717529296875,-0.22235107421875,0,0,5,0.07959999889135361,0.22454999387264252,0.243599995970726,-0.5232654809951782,-0.4721649587154389
13757287,2023,dry,annotated,0,513735,4972965,9000,0.06,0.12047158926725388,0.195831298828125,-0.193695068359375,0.0476190485060215,0,5,0.09085000306367874,0.23929999768733975,0.3151499927043915,-0.5464417338371277,-0.449947327375412
13745787,2023,hugo_precise,annotated,1,512625,4974645,6300,0.0666666666666667,0.10480628907680511,1.312408447265625,0.12799072265625,0.7857142686843872,0,3,0.00970000028610229,0.04470000043511391,0.01579999923706054,-0.6674473285675049,0.06010929122567177
13745485,2023,dry,annotated,0,512595,4974645,6300,0.0666666666666667,0.13581931591033936,0.97955322265625,-0.204864501953125,0.2666666805744171,0,4,0.0723000019788742,0.20100000500679016,0.24150000512599945,-0.5150060057640076,-0.269772469997406
13745849,2023,dry,annotated,0,512625,4974555,6300,0.0666666666666667,0.3070257306098938,0.7978515625,-0.386566162109375,0.3076923191547394,0,5,0.05829999968409538,0.1696999967098236,0.17890000343322754,-0.5292461514472961,0.15265487134456637
13708620,2023,co_precise,annotated,1,509355,4979625,8100,0.0518518518518519,0.14217013120651245,0.606658935546875,0.052215576171875,0,0,5,0.03519999980926514,0.08415000140666962,0.08624999970197678,-0.4618813693523407,-0.1879699230194092
13709053,2023,dry,annotated,0,509355,4979685,8100,0.0518518518518519,0.18369798362255096,0.39459228515625,-0.15985107421875,0,0,5,0.05974999815225601,0.19994999468326569,0.1919499933719635,-0.5291606783866882,-0.0927654579281807
13663783,2023,co_precise,annotated,1,505185,4979655,91800,0.0215686274509804,0.07311958074569702,8.554351806640682,0.263031005859375,0.7142857313156128,0.07692307978868484,4,0.04500000178813934,0.1054999977350235,0.11100000143051147,-0.3222891688346863,-0.3167259693145752
13663553,2023,dry,annotated,0,505155,4979715,91800,0.0215686274509804,0.21522609889507296,8.371856689453182,0.080535888671875,0.380952388048172,0.06666667014360428,4,0.08100000023841858,0.20589999854564667,0.18240000307559967,-0.43392857909202576,-0.3122028410434723
13663957,2023,dry,annotated,0,505215,4979835,91800,0.0215686274509804,0.4504034817218781,7.777008056640682,-0.514312744140625,0.095238097012043,0,5,0.12290000170469284,0.24050000309944153,0.22290000319480896,-0.330078125,0.46659985184669495
13664680,2023,deep_viz,annotated,0,505275,4979715,91800,0.0215686274509804,0,8.761169433593807,0.4698486328125,1,1,1,0.05040000006556511,0.03669999912381172,0.02415000088512897,0.3128417432308197,0.41112619638442993
13664938,2023,deep_viz,annotated,0,505305,4979655,91800,0.0215686274509804,0,8.761169433593807,0.4698486328125,1,1,1,0.04104999825358391,0.02529999986290931,0.02099999971687793,0.35811546444892883,0.4186413884162903
13665585,2023,deep_viz,annotated,0,505365,4979685,91800,0.0215686274509804,0,8.761169433593807,0.4698486328125,1,1,1,0.0430000014603138,0.02834999933838844,0.02170000039041042,0.35177701711654663,0.43546098470687866
13667721,2023,dry,annotated,0,505575,4979745,91800,0.0215686274509804,0.2851957082748413,7.093475341796932,-1.197845458984375,0,0,5,0.094200000166893,0.2345000058412552,0.3149999976158142,-0.5473394989967346,-0.356297105550766
14206539,2023,hugo_precise,annotated,1,501165,4966605,6300,0.0571428571428571,0.2095002681016922,0.7587890625,-0.02264404296875,0.6666666865348816,0,3,0.02329999953508377,0.05050000175833702,0.05979999899864197,-0.4310756921768189,-0.15657392144203186
14206656,2023,dry,annotated,0,501195,4966545,6300,0.0571428571428571,0.765464723110199,0.423919677734375,-0.357513427734375,0.22727273404598236,0,4,0.06605000048875809,0.15884999930858612,0.20784999430179596,-0.49715685844421387,-0.45269909501075745
14205827,2023,dry,annotated,0,500985,4965975,22500,0.0346666666666667,0.4987943172454834,0.17730712890625,-0.7120361328125,0.04347826167941093,0,5,0.1018500030040741,0.22495000064373016,0.2842499911785126,-0.5100499391555786,-0.06177369877696037
14205887,2023,dry,annotated,0,501015,4966065,22500,0.0346666666666667,0.239512100815773,0.78399658203125,-0.1053466796875,0.3181818127632141,0,4,0.04634999856352806,0.1034500002861023,0.12255000323057176,-0.3784637153148651,-0.2136025577783585
14206657,2023,dry,annotated,0,501165,4966065,22500,0.0346666666666667,0.27519354224205017,0.748046875,-0.14129638671875,0.4615384638309479,0,4,0.0601000003516674,0.12479999661445618,0.12759999930858612,-0.3607935309410095,-0.11666666716337204
14206344,2023,hugo_precise,annotated,1,501075,4966035,22500,0.0346666666666667,0.0782351940870285,0.967803955078125,0.078460693359375,0,0,5,0.01879999972879886,0.04569999873638153,0.02940000034868717,-0.1620553433895111,0.18048781156539917
14220197,2023,hugo_precise,annotated,1,504105,4957005,8100,0.0518518518518519,0.1015445813536644,0.45416259765625,0.00775146484375,0.03703703731298447,0,5,0.02490000054240226,0.02814999967813491,0.02309999987483024,0.2116534411907196,1
14220019,2023,dry,annotated,0,504045,4957035,8100,0.0518518518518519,0.08571195602416992,0.1478271484375,-0.298583984375,0,0,5,0.1079000011086464,0.22859999537467957,0.37119999527931213,-0.5584989190101624,-0.4942573606967926
19128383,2023,co_precise,annotated,1,549435,4913205,64800,0.0240740740740741,0.2591148018836975,1.044281005859375,-0.056060791015625,0.1764705926179886,0.9473684430122375,5,0.03229999914765358,0.08669999986886978,0.0649000033736229,-0.32426777482032776,-0.2539840638637543
19131170,2023,co_precise,annotated,1,549825,4913175,64800,0.0240740740740741,0,1.124237060546875,0.023895263671875,0,0.949999988079071,5,0.02410000003874302,0.04890000075101852,0.03370000049471855,-0.4056399166584015,1
19127429,2023,dry,annotated,0,549285,4913205,64800,0.0240740740740741,0.4066084325313568,0.912078857421875,-0.188262939453125,0,0.47058823704719543,5,0.06750000268220901,0.24420000612735748,0.21209999918937683,-0.5189096927642822,-0.4602409601211548
19128184,2023,dry,annotated,0,549405,4913055,64800,0.0240740740740741,0.25713369250297546,0.801910400390625,-0.298431396484375,0,0,5,0.0843999981880188,0.2930999994277954,0.2540999948978424,-0.5089073777198792,0.29113924503326416
19130551,2023,dry,annotated,0,549705,4913205,64800,0.0240740740740741,0.15122997760772705,1.09619140625,-0.004150390625,0,0.8999999761581421,5,0.0385500006377697,0.09894999861717224,0.10824999958276749,-0.45764079689979553,-0.41453832387924194
19125319,2023,hugo_precise,annotated,1,548955,4913955,310500,0.0204830917874396,0,0.929107666015625,0.03240966796875,0,1,5,0.04205000028014183,0.10980000346899033,0.08974999934434891,-0.29433855414390564,-0.14809590578079224
19130322,2023,hugo_precise,annotated,1,549705,4913715,310500,0.0204830917874396,0.00129689474124461,0.869110107421875,-0.027587890625,0.05882352963089943,0.8947368264198303,5,0.03109999932348728,0.08799999952316284,0.08889999985694885,-0.4021352231502533,-0.2252907007932663
19127063,2023,dry,annotated,0,549225,4913265,310500,0.0204830917874396,0.24509359896183017,0.694305419921875,-0.202392578125,0,0.29411765933036804,5,0.08049999922513962,0.29170000553131104,0.2488500028848648,-0.5157208442687988,-0.47068145871162415
19127830,2023,em_veg,annotated,0,549375,4913445,310500,0.0204830917874396,0.09736455976963045,0.796844482421875,-0.099853515625,0,0.0625,5,0.0750499963760376,0.19419999420642853,0.1871500015258789,-0.4392874240875244,-0.4210194945335388
19128595,2023,em_veg,annotated,0,549465,4913565,310500,0.0204830917874396,0.10767733305692671,0.79364013671875,-0.103057861328125,0,0.9411764740943908,5,0.06915000081062317,0.1830500066280365,0.156700000166893,-0.41662371158599854,0.1763164848089218
19129130,2023,deep_viz,annotated,0,549555,4913295,310500,0.0204830917874396,0,0.929107666015625,0.03240966796875,1,1,3,0.02250000089406967,0.02319999970495701,0.01460000034421682,-0.16163410246372223,0.7570499181747437
19130293,2023,em_veg,annotated,0,549675,4913415,310500,0.0204830917874396,0.08603769540786743,0.8211669921875,-0.075531005859375,0.04545454680919647,1,5,0.05429999902844429,0.1277499943971634,0.14059999585151672,-0.4251779615879059,-0.39145106077194214
19130388,2023,deep_viz,annotated,0,549705,4913505,310500,0.0204830917874396,0,0.869110107421875,-0.027587890625,0.9444444179534912,1,1,0.03929999843239784,0.04360000044107437,0.02604999952018261,0.17481134831905365,0.24788391590118408
19130829,2023,deep_viz,annotated,0,549765,4913565,310500,0.0204830917874396,0,0.869110107421875,-0.027587890625,1,1,1,0.02769999951124191,0.03280000016093254,0.02019999921321869,0.15657620131969452,0.2318501174449921
19131778,2023,dry,annotated,0,549915,4913655,310500,0.0204830917874396,0.3543223440647125,-0.637176513671875,-1.53387451171875,0,0,5,0.12470000237226486,0.2888000011444092,0.3691999912261963,-0.49061861634254456,-0.4755006432533264
18495649,2023,hugo_precise,annotated,1,538515,4922925,3600,0.0833333333333333,0.03395924344658851,0.09735107421875,0.0220947265625,0,0,5,0.04679999873042106,0.1664000004529953,0.1934999972581863,-0.5632240772247314,-0.43531203269958496
18495676,2023,hugo_precise,annotated,1,538515,4922955,3600,0.0833333333333333,0.03363749757409096,0.055450439453125,-0.019805908203125,0,0,5,0.05260000005364418,0.18170000612735748,0.2117999941110611,-0.5540773868560791,-0.48382458090782166
19428613,2023,shallow_viz,annotated,1,559845,4898955,50400,0.0321428571428571,0.03040776401758194,0.4169921875,0.06396484375,0.119999997317791,0,5,0.06319999694824219,0.1331000030040741,0.241799995303154,-0.5274849534034729,0.7601246237754822
19428830,2023,hugo_precise,annotated,1,559935,4899015,50400,0.0321428571428571,0.05465977638959884,0.468536376953125,0.115509033203125,0.3333333432674408,0.0555555559694767,5,0.05324999988079071,0.11900000274181366,0.1673000007867813,-0.5638312697410583,0.589958131313324
19428140,2023,dry,annotated,0,559635,4899075,50400,0.0321428571428571,0.03138643130660057,0.289306640625,-0.063720703125,0,0,5,0.08444999903440475,0.1808999925851822,0.32785001397132874,-0.5550755262374878,-0.20213712751865387
19428818,2023,dry,annotated,0,559935,4899105,50400,0.0321428571428571,0.02929355576634407,0.323333740234375,-0.029693603515625,0,0,5,0.07935000211000443,0.17215000092983246,0.3001500070095062,-0.548504650592804,0.22681564092636108
19428984,2023,dry,annotated,0,559995,4899105,50400,0.0321428571428571,0.04912129044532776,0.335357666015625,-0.017669677734375,0.03999999910593033,0,5,0.07199999690055847,0.15119999647140503,0.26080000400543213,-0.5473324656486511,0.06075216829776764
19428307,2023,co_precise,annotated,1,559725,4895535,5400,0.0666666666666667,0.0819820687174797,0.247802734375,0.09039306640625,0.5,0.21052631735801697,5,0.045499999076128,0.10610000044107436,0.13439999520778656,-0.5385321378707886,0.12116316705942154
19428313,2023,dry,annotated,0,559725,4895565,5400,0.0666666666666667,0.08695095032453537,0.149139404296875,-0.008270263671875,0.3478260934352875,0.15789473056793213,5,0.08760000020265579,0.19990000128746033,0.2572000026702881,-0.4784172773361206,-0.2324386090040207
19463091,2023,dry,annotated,0,570495,4887435,3679200,0.00940965427266797,0.06604180485010147,14.894775390625,-0.850921630859375,0,0,5,0.10074999928474426,0.23690000176429749,0.27630001306533813,-0.4719175696372986,-0.4249578416347504
19463134,2023,dry,annotated,0,570495,4887315,3679200,0.00940965427266797,1.855020761489868,13.921630859375,-1.824066162109375,0.1599999964237213,0.4736842215061188,5,0.06849999725818634,0.17260000109672546,0.19965000450611117,-0.46685728430747986,-0.44691717624664307
19463817,2023,dry,annotated,0,570795,4887135,3679200,0.00940965427266797,0.219533309340477,14.437713623046877,-1.3079833984375,0,0,5,0.07559999823570251,0.33090001344680786,0.2398999929428101,-0.533365786075592,-0.5054230093955994
19464402,2023,co_precise,annotated,1,571065,4886985,3679200,0.00940965427266797,0.45553603768348694,16.724029541015625,0.97833251953125,0.5,0.5263158082962036,5,0.04890000075101852,0.05400000140070915,0.04039999842643738,0.18040816485881803,0.42971888184547424
22285757,2023,hugo_precise,annotated,1,597285,4808775,4707000,0.00689611217335883,0.04580557718873024,21.742767333984375,-0.8089294433594318,0,0,5,0.07684999704360962,0.16564999520778656,0.29910001158714294,-0.5781334042549133,-0.2023809552192688
22285279,2023,dry,annotated,0,597105,4808955,4707000,0.00689611217335883,0.3603002429008484,20.878387451171875,-1.6733093261719318,0.375,0.125,5,0.06260000169277191,0.1507000029087067,0.20160000026226044,-0.5407830476760864,-0.499611496925354
22286368,2023,dry,annotated,0,597555,4809165,4707000,0.00689611217335883,1.9086047410964968,21.052215576171875,-1.4994812011719318,0.7894737124443054,0.5,5,0.0601000003516674,0.13715000450611117,0.17534999549388883,-0.5007010102272034,-0.4391111135482788
22286462,2023,dry,annotated,0,597615,4809045,4707000,0.00689611217335883,0.4365471303462982,19.368682861328125,-3.183013916015682,0,0,5,0.08079999685287476,0.2320999950170517,0.31049999594688416,-0.5722965002059937,-0.55250483751297
22710195,2023,co_precise,annotated,1,637635,4765215,50400,0.0214285714285714,0.11717704683542252,1.09002685546875,0.00424194335931815,0.0625,0,5,0.05590000003576279,0.13725000619888306,0.14214999973773956,-0.4138742685317993,-0.2701100707054138
22710066,2023,dry,annotated,0,637545,4765335,50400,0.0214285714285714,0.03084621950984001,1.018890380859375,-0.06689453125005684,0,0,5,0.05829999968409538,0.10450000315904616,0.14980000257492063,-0.5146612524986267,-0.3002985119819641
22710074,2023,em_veg,annotated,0,637545,4765215,50400,0.0214285714285714,0.1199701726436615,0.949920654296875,-0.13586425781255684,0,0,5,0.07724999636411667,0.16200000047683716,0.24940000474452972,-0.5129626989364624,-0.4256912469863891
22710197,2023,em_veg,annotated,0,637635,4765185,50400,0.0214285714285714,0.05352110415697098,0.927734375,-0.15805053710943184,0,0,5,0.06310000270605087,0.19189999997615817,0.2669999897480011,-0.616416335105896,-0.4613402187824249
22710236,2023,dry,annotated,0,637695,4765155,50400,0.0214285714285714,0.08390623331069946,0.924163818359375,-0.16162109375005684,0,0,5,0.08465000241994858,0.2170500010251999,0.27219998836517334,-0.530009388923645,-0.4230913817882538
22710313,2023,em_veg,annotated,0,637755,4765215,50400,0.0214285714285714,0.10903972387313844,1.0679931640625,-0.01779174804693184,0,0,5,0.04899999871850014,0.11919999867677689,0.16009999811649325,-0.4969199299812317,-0.2993960380554199
22710373,2023,dry,annotated,0,637785,4765275,50400,0.0214285714285714,0.28262442350387573,0.732269287109375,-0.35351562500005684,0,0,5,0.07209999859333038,0.18160000443458557,0.19130000472068787,-0.4710743725299835,-0.3071274161338806
22450681,2023,co_precise,annotated,1,612465,4767615,236700,0.0159695817490494,0.00405606487765908,1.743133544921875,0.008056640625,0.5555555820465088,0.8333333134651184,5,0.05790000036358833,0.1128999963402748,0.15189999341964722,-0.4510556757450104,-0.3841463327407837
22449688,2023,dry,annotated,0,612165,4768155,236700,0.0159695817490494,0.4563182592391968,1.123077392578125,-0.61199951171875,0,0,5,0.1137000024318695,0.2644999921321869,0.3606500029563904,-0.5224464535713196,0.1750987470149994
22449773,2023,dry,annotated,0,612195,4767675,236700,0.0159695817490494,0,1.743133544921875,0.008056640625,0.9411764740943908,0.9473684430122375,4,0.07280000299215317,0.11749999970197678,0.1412999927997589,-0.31994396448135376,-0.03327495604753494
22449778,2023,em_veg,annotated,0,612195,4768065,236700,0.0159695817490494,0.00972412247210741,1.742919921875,0.007843017578125,0,0,5,0.09799999743700027,0.2335000038146973,0.3176000118255615,-0.5399060845375061,-0.2896122634410858
22450273,2023,dry,annotated,0,612345,4767465,236700,0.0159695817490494,0,1.743133544921875,0.008056640625,0,0,5,0.06120000034570694,0.13590000569820404,0.15620000660419464,-0.4399999976158142,-0.30358704924583435
22450477,2023,glint,annotated,0,612405,4767915,236700,0.0159695817490494,0,1.743133544921875,0.008056640625,0.5,0.23529411852359772,5,0.07805000245571136,0.1376499980688095,0.1376499980688095,-0.29511162638664246,-0.14660055935382843
22450680,2023,em_veg,annotated,0,612465,4767825,236700,0.0159695817490494,0.2281775325536728,1.3255615234375,-0.409515380859375,0,0,5,0.10405000299215315,0.24985000491142273,0.3188999891281128,-0.5106890201568604,-2.2558086493518203e-4
22450865,2023,em_veg,annotated,0,612525,4768155,236700,0.0159695817490494,0.5509334206581116,0.533599853515625,-1.20147705078125,0,0,5,0.09790000319480896,0.20970000326633453,0.28619998693466187,-0.49441036581993103,-0.37381917238235474
22894021,2023,co_precise,annotated,1,679335,4800375,60300,0.0238805970149254,0.04315633699297905,1.390411376953125,0.024078369140625,0.2857142984867096,0.2857142984867096,5,0.05180000141263008,0.13689999282360077,0.06620000302791595,-0.12203390151262283,-0.12203390151262283
22669264,2023,dry,annotated,0,679095,4800495,60300,0.0238805970149254,0.1082405149936676,1.241058349609375,-0.125274658203125,0,0.1428571492433548,5,0.08224999904632568,0.1911499947309494,0.20010000467300415,-0.4174700677394867,-0.4153005480766296
22669290,2023,dry,annotated,0,679125,4800435,60300,0.0238805970149254,0.08840703219175339,1.303375244140625,-0.062957763671875,0.1666666716337204,0.1666666716337204,5,0.05939999967813492,0.14745000004768372,0.14910000562667847,-0.4304710626602173,-0.41481831669807434
22669358,2023,dry,annotated,0,679215,4800555,60300,0.0238805970149254,0.11372189223766328,1.241912841796875,-0.124420166015625,0,0,5,0.06960000097751617,0.17090000212192535,0.19210000336170197,-0.43027329444885254,-0.4155653417110443
22669374,2023,em_veg,annotated,0,679185,4800345,60300,0.0238805970149254,0.11130204796791077,1.302001953125,-0.0643310546875,0.1666666716337204,0.5,5,0.05409999936819076,0.12380000203847884,0.12269999831914902,-0.38800904154777527,-0.38800904154777527
22669383,2023,em_veg,annotated,0,679215,4800285,60300,0.0238805970149254,0.11389537900686264,1.337677001953125,-0.028656005859375,0.2857142984867096,0.1111111119389534,5,0.05609999969601631,0.13539999723434448,0.08420000225305557,0,0
22669470,2023,em_veg,annotated,0,679275,4800375,60300,0.0238805970149254,0,1.4093017578125,0.04296875,0.1666666716337204,0,5,0.04230000078678131,0.10459999740123747,0.07280000299215317,-0.26498696208000183,-0.26498696208000183
22685187,2023,hugo_precise,annotated,1,620385,4788765,15300,0.0392156862745098,0.21615244448184967,0.555084228515625,-0.00634765625,0,0,5,0.0397999994456768,0.066600002348423,0.05770000070333481,-0.2838934063911438,0.04875406250357628
22685065,2023,dry,annotated,0,620295,4788765,15300,0.0392156862745098,0.5720276832580566,-0.541107177734375,-1.1025390625,0,0,5,0.07355000078678131,0.20845000445842743,0.25450000166893005,-0.5623248815536499,-0.4536557197570801
22685276,2023,dry,annotated,0,620415,4788735,15300,0.0392156862745098,0.07491189241409302,0.361724853515625,-0.19970703125,0,0,5,0.05130000039935112,0.14319999516010284,0.13449999690055847,-0.4329330623149872,-0.15306122601032257
22685430,2023,dry,annotated,0,620445,4788765,15300,0.0392156862745098,0.12536275386810303,0.3697509765625,-0.191680908203125,0,0,5,0.04980000108480453,0.14309999346733093,0.1477999985218048,-0.5165048837661743,-0.3374536335468292
21164296,2023,co_precise,annotated,1,657105,4851435,25200,0.0357142857142857,0,0.35870361328125,0.0380859375,0.3846153914928436,0,5,0.02465000003576278,0.05784999951720238,0.03260000050067901,-0.19769993424415588,-0.08907563239336014
21164062,2023,dry,annotated,0,657045,4851495,25200,0.0357142857142857,0.07305429130792618,0.2811279296875,-0.03948974609375,0,0,5,0.06055000051856041,0.16699999570846558,0.25440001487731934,-0.5980425477027893,-0.5627813935279846
21165005,2023,dry,annotated,0,657165,4851465,25200,0.0357142857142857,0.04828602820634842,0.33258056640625,0.011962890625,0,0,5,0.04764999821782112,0.11900000274181366,0.15334999561309814,-0.5400385856628418,-0.45518454909324646
21165117,2023,dry,annotated,0,657195,4851405,25200,0.0357142857142857,0.02835860662162304,0.34246826171875,0.0218505859375,0.2857142984867096,0,5,0.03015000000596046,0.07464999705553055,0.08749999850988388,-0.457227885723114,-0.33062881231307983
20743160,2023,dry,annotated,0,650985,4901745,609300,0.0124076809453471,0.32010871171951294,7.1181640625,-0.2939453125,0.75,0.6666666865348816,5,0.07689999788999557,0.16885000467300415,0.18649999797344208,-0.3706169128417969,-0.31661441922187805
20745359,2023,deep_viz,annotated,0,651135,4901595,609300,0.0124076809453471,0,7.55157470703125,0.13946533203125,1,1,1,0.06800000369548798,0.03554999828338623,0.03135000169277191,0.28921809792518616,0.6203007698059082
20745607,2023,deep_viz,annotated,0,651165,4901235,609300,0.0124076809453471,0,7.55157470703125,0.13946533203125,1,1,1,0.07840000092983246,0.04580000042915344,0.04039999842643738,0.32909783720970154,0.4743362963199615
20745758,2023,dry,annotated,0,651195,4900995,609300,0.0124076809453471,0.5273613929748535,6.74365234375,-0.66845703125,0,0,5,0.092849999666214,0.3094500005245209,0.24424999952316284,-0.5011651515960693,0.6043606400489807
20746377,2023,deep_viz,annotated,0,651225,4901505,609300,0.0124076809453471,0,7.55157470703125,0.13946533203125,1,1,1,0.06494999676942825,0.05000000074505806,0.04444999992847442,0.19482991099357605,0.39118456840515137
20747668,2023,dry,annotated,0,651345,4901685,609300,0.0124076809453471,1.8182013034820557,4.4114990234375,-3.0006103515625,0.6111111044883728,0.3529411852359772,4,0.08560000360012054,0.2299000024795532,0.18119999766349792,-0.38906753063201904,-0.33098867535591125
20422054,2023,dry,annotated,0,623055,4898055,49311900,0.00165842322035857,0.35888901352882385,2.30743408203125,-6.030517578125,0,0,5,0.14474999904632568,0.2732999920845032,0.3048500120639801,-0.3810640275478363,0.02939503081142902
20426201,2023,em_veg,annotated,0,623265,4898055,49311900,0.00165842322035857,0.22051818668842316,6.6427001953125,-1.69525146484375,0.10000000149011612,0,5,0.10520000010728836,0.23919999599456787,0.3091999888420105,-0.5123502016067505,0.13746391236782074
20428681,2023,em_veg,annotated,0,623415,4897965,49311900,0.00165842322035857,0.3259477913379669,7.085693359375,-1.25225830078125,0,0,5,0.08569999784231186,0.20730000734329224,0.28270000219345093,-0.5524436831474304,0.4000551402568817
20431366,2023,terrain,annotated,0,623565,4897905,49311900,0.00165842322035857,1.4963949918746948,6.28155517578125,-2.056396484375,0,0,5,0.12359999865293504,0.1906999945640564,0.23389999568462372,-0.3013445734977722,-0.2820656895637512
20432891,2023,deep_viz,annotated,0,623625,4898055,49311900,0.00165842322035857,0,8.352783203125,0.01483154296875,1,1,1,0.06689999997615814,0.0324999988079071,0.0248000007122755,0.4591057896614074,0.6979591846466064
20439459,2023,deep_viz,annotated,0,623985,4898025,49311900,0.00165842322035857,0,8.352783203125,0.01483154296875,1,1,1,0.05204999819397926,0.01710000075399875,0.01329999975860118,0.6713783740997314,0.8673469424247742
20442899,2023,terrain,annotated,0,624195,4897935,49311900,0.00165842322035857,0.8139484524726868,7.8729248046875,-0.46502685546875,0.625,0.8181818127632141,4,0.07490000128746033,0.08635000139474869,0.11204999685287476,-0.20172019302845,-0.1843065619468689
20446267,2023,deep_viz,annotated,0,624375,4897965,49311900,0.00165842322035857,0,8.352783203125,0.01483154296875,1,1,1,0.05490000173449516,0.01789999939501285,0.0215499997138977,0.4614394307136536,0.526652455329895
20465764,2023,em_veg,annotated,0,625425,4898085,49311900,0.00165842322035857,0,8.352783203125,0.01483154296875,0,0.3571428656578064,5,0.08945000171661377,0.15684999525547028,0.17550000548362732,-0.2882535755634308,-0.1334068328142166
20466666,2023,dry,annotated,0,625455,4897965,49311900,0.00165842322035857,0.22007466852664948,7.77142333984375,-0.5665283203125,0.0416666679084301,0,5,0.09309999644756316,0.22499999403953552,0.26460000872612,-0.4809989035129547,-0.04866286739706993
19355344,2023,hugo_precise,annotated,1,610965,4926375,2231100,0.00519026489175743,0.09305548667907716,4.8997802734375,-0.26507568359375,0.5333333611488342,0.6800000071525574,5,0.05079999938607216,0.13230000436306,0.1281999945640564,-0.42198580503463745,-0.34502923488616943
19353596,2023,dry,annotated,0,610815,4926105,2231100,0.00519026489175743,0.2885652780532837,3.14068603515625,-2.024169921875,0,0,5,0.08640000224113464,0.3312000036239624,0.2969000041484833,-0.5710583329200745,0.618992030620575
19361328,2023,deep_viz,annotated,0,611445,4926615,2231100,0.00519026489175743,0,5.24151611328125,0.07666015625,1,1,1,0.02930000051856041,0.01090000011026859,0.00604999996721744,0.49532437324523926,1
19361403,2023,deep_viz,annotated,0,611415,4926435,2231100,0.00519026489175743,0,5.24151611328125,0.07666015625,1,1,1,0.03669999912381172,0.02009999938309192,0.01389999967068433,0.5070921778678894,0.9686520099639891
19363566,2023,dry,annotated,0,611655,4926525,2231100,0.00519026489175743,0.2230166792869568,4.33148193359375,-0.8333740234375,0,0,5,0.09709999710321426,0.2653000056743622,0.31984999775886536,-0.5536009669303894,-0.24836087226867676
19366192,2023,dry,annotated,0,611895,4926435,2231100,0.00519026489175743,0.6252684593200684,4.0313720703125,-1.13348388671875,0.7037037014961243,0.3478260934352875,4,0.06624999642372131,0.18320000171661377,0.21044999361038208,-0.4907852113246918,-0.3676110506057739
19367631,2023,deep_viz,annotated,0,612015,4926585,2231100,0.00519026489175743,0,5.24151611328125,0.07666015625,1,1,1,0.04520000144839287,0.02129999920725822,0.00980000011622905,0.5625,0.8206278085708618
15081390,2023,co_precise,annotated,1,572565,4995675,2700,0.0888888888888889,0.04746859893202782,0.6881103515625,0.033782958984375,0.0714285746216774,0.0476190485060215,5,0.05824999883770943,0.1281999945640564,0.17104999721050262,-0.48360636830329895,0.02330743707716465
8701893,2023,shallow_viz,annotated,1,545925,5041665,230400,0.0166666666666667,0.05982232466340065,1.095672607421875,0.02239990234380684,0,0,5,0.02529999986290931,0.04479999840259552,0.03449999913573265,-0.45180219411849976,0.27392739057540894
8702143,2023,shallow_viz,annotated,1,545925,5041935,230400,0.0166666666666667,0.05584762990474701,1.1787109375,0.10543823242193184,0.0810810774564743,0,5,0.0260000005364418,0.02999999932944774,0.02089999988675117,-0.13896457850933075,0.3978494703769684
8701821,2023,dry,annotated,0,545895,5041155,230400,0.0166666666666667,0.1506264954805374,0.661834716796875,-0.4114379882811931,0,0,5,0.08910000324249268,0.3230000138282776,0.21940000355243683,-0.5048183798789978,0.4676708281040192
8702471,2023,dry,annotated,0,545925,5041305,230400,0.0166666666666667,0.05099298059940338,0.98431396484375,-0.08895874023431816,0,0,5,0.06589999794960022,0.23160000145435333,0.21709999442100525,-0.5069953203201294,-0.1718146651983261
8703675,2023,dry,annotated,0,546075,5041155,230400,0.0166666666666667,0.093728169798851,0.90203857421875,-0.17123413085931816,0,0,5,0.11744999885559082,0.2788499891757965,0.29989999532699585,-0.4231474995613098,0.5037993788719177
8703769,2023,glint,annotated,0,546045,5041695,230400,0.0166666666666667,0.06572391837835312,0.956878662109375,-0.11639404296869316,0,0,5,0.10499999672174454,0.2053000032901764,0.3091999888420105,-0.5127201676368713,-0.18791064620018005
9410096,2023,dry,annotated,0,561765,5066265,177300,0.0209813874788494,0.09779205173254012,0.47393798828125,-0.317291259765625,0,0,5,0.0723000019788742,0.17090000212192535,0.21969999372959137,-0.5139631628990173,-0.408587247133255
9413037,2023,dry,annotated,0,561975,5066175,177300,0.0209813874788494,0.12015434354543686,0.518707275390625,-0.27252197265625,0,0,5,0.06729999929666519,0.1533000022172928,0.1914999932050705,-0.48294737935066223,-0.4315245449542999
9417687,2023,dry,annotated,0,562305,5065995,177300,0.0209813874788494,0.13760794699192047,0.6912841796875,-0.099945068359375,0,0,5,0.05319999903440475,0.13774999976158142,0.1724500060081482,-0.5481921434402466,-0.4532374143600464
7257024,2023,co_precise,annotated,1,528765,5094765,56700,0.0285714285714286,0.14674095809459686,1.109039306640625,0.116912841796875,0.10526315867900848,0,5,0.03559999912977218,0.07760000228881836,0.06724999845027924,-0.22953049838542935,-0.1967921108007431
7255622,2023,glint,annotated,0,528615,5094735,56700,0.0285714285714286,0.11859405785799026,0.76043701171875,-0.231689453125,0,0,5,0.11914999783039092,0.2545500099658966,0.34005001187324524,-0.46965473890304565,-0.31733816862106323
7256872,2023,dry,annotated,0,528735,5094735,56700,0.0285714285714286,0.1110607236623764,0.81231689453125,-0.1798095703125,0,0,5,0.08820000290870667,0.17589999735355377,0.2084999978542328,-0.43897995352745056,-0.40546005964279175
7256880,2023,dry,annotated,0,528735,5094825,56700,0.0285714285714286,0.2056668996810913,0.799468994140625,-0.192657470703125,0,0,5,0.07885000109672546,0.18310000002384183,0.20995000004768372,-0.5204631686210632,0.18977469205856323
7257026,2023,glint,annotated,0,528735,5094675,56700,0.0285714285714286,0.1560697704553604,0.97027587890625,-0.0218505859375,0.05000000074505806,0,5,0.06539999693632126,0.1274999976158142,0.16189999878406525,-0.4245490431785583,-0.1301446110010147
7258660,2023,dry,annotated,0,528915,5094885,56700,0.0285714285714286,0.18838098645210263,0.80670166015625,-0.1854248046875,0,0,5,0.06639999896287918,0.1444000005722046,0.09009999781847,-0.1870824098587036,-0.1075599268078804
3159966,2023,shallow_viz,annotated,1,503325,5128995,56700,0.0243386243386243,0.07817213237285614,0.66912841796875,0.0828857421875,0.1666666716337204,0,5,0.05099999904632568,0.09139999747276306,0.12800000607967377,-0.4671580493450165,0.20433436334133148
3160109,2023,hugo_precise,annotated,1,503325,5128875,56700,0.0243386243386243,0.11396979540586472,0.65106201171875,0.0648193359375,0.15789473056793213,0,5,0.05570000037550926,0.0982000008225441,0.17430000007152557,-0.4969879388809204,-0.16805721819400787
3158158,2023,dry,annotated,0,503175,5129085,56700,0.0243386243386243,0.1116865798830986,0.39593505859375,-0.1903076171875,0,0,5,0.05799999833106994,0.23579999804496765,0.2596000134944916,-0.60146564245224,-0.48338082432746887
3159187,2023,dry,annotated,0,503265,5128845,56700,0.0243386243386243,0.03080391883850097,0.583251953125,-0.00299072265625,0.1666666716337204,0,5,0.06319999694824219,0.17710000276565552,0.24070000648498535,-0.5840737223625183,-0.4514835476875305
3161375,2023,dry,annotated,0,503445,5128905,56700,0.0243386243386243,0.03691362962126732,0.52923583984375,-0.0570068359375,0.05263157933950424,0,5,0.08569999784231186,0.1589999943971634,0.28839999437332153,-0.5556118488311768,-0.5352494716644287
1258335,2023,shallow_viz,annotated,1,477405,5153025,21600,0.0333333333333333,0.05701038241386413,1.7498779296875,0.0682373046875,0,0,5,0.04729999974370003,0.1509000062942505,0.06549999862909317,-0.31696751713752747,1
1258415,2023,co_precise,annotated,1,477405,5152965,21600,0.0333333333333333,0.03788358345627785,1.93963623046875,0.25799560546875,0.125,0,5,0.03020000085234642,0.08624999970197678,0.04455000162124634,-0.24567487835884097,0.4486486613750458
1258334,2023,dry,annotated,0,477405,5153115,21600,0.0333333333333333,0.3166607618331909,0.80950927734375,-0.87213134765625,0,0,5,0.0681999996304512,0.2974500060081482,0.2139499932527542,-0.5326386094093323,0.4476293623447418
1259284,2023,dry,annotated,0,477465,5152965,21600,0.0333333333333333,0.2024262547492981,1.60601806640625,-0.07562255859375,0,0,5,0.05835000053048134,0.1858000010251999,0.16384999454021454,-0.4996371567249298,-0.4374700486660004
1114288,2023,co_precise,annotated,1,466935,5167755,184500,0.0149593495934959,0.18054558336734772,4.53045654296875,-0.291015625,0,0,5,0.04289999976754188,0.11739999800920486,0.1022000014781952,-0.39665552973747253,-0.2767203450202942
1114734,2023,dry,annotated,0,466965,5167755,184500,0.0149593495934959,0.2271709442138672,4.00634765625,-0.81512451171875,0,0,5,0.07440000027418137,0.2117000073194504,0.2045000046491623,-0.4606741666793823,-0.4276679754257202
1115305,2023,deep_viz,annotated,0,466995,5167605,184500,0.0149593495934959,0,4.981689453125,0.16021728515625,1,1,1,0.02875000052154064,0.02209999971091747,0.01905000023543834,0.23549050092697144,1
1115935,2023,deep_viz,annotated,0,467055,5167935,184500,0.0149593495934959,0,4.981689453125,0.16021728515625,1,1,1,0.0377499982714653,0.03079999983310699,0.02335000038146972,0.11957214772701263,0.28219178318977356
1116604,2023,dry,annotated,0,467115,5168055,184500,0.0149593495934959,0.8600024580955505,3.37249755859375,-1.448974609375,0.12903225421905518,0.09090909361839294,5,0.07649999856948853,0.20630000531673431,0.21140000224113464,-0.5132370591163635,-0.43079525232315063
1119331,2023,deep_viz,annotated,0,467295,5167605,184500,0.0149593495934959,0,4.981689453125,0.16021728515625,1,1,1,0.03319999948143959,0.0210999995470047,0.02239999920129776,0.1660899668931961,0.6428571343421936
1120431,2023,dry,annotated,0,467385,5167665,184500,0.0149593495934959,0.7461784482002258,2.9144287109375,-1.90704345703125,0.27272728085517883,0.03448275849223137,4,0.07119999825954437,0.19140000641345975,0.18359999358654025,-0.4799015522003174,-0.4239482283592224
994280,2023,co_precise,annotated,1,457785,5177505,12600,0.0428571428571429,0.07137478142976761,0.6578369140625,-0.12298583984375,0.2307692319154739,0,5,0.03119999915361404,0.09155000001192092,0.0617000013589859,-0.2825964689254761,-0.15160350501537323
993505,2023,dry,annotated,0,457755,5177475,12600,0.0428571428571429,0.10831963270902634,0.644775390625,-0.13604736328125,0.10000000149011612,0,5,0.04315000027418136,0.11625000089406969,0.11145000159740448,-0.4312956035137177,-0.33377307653427124
994281,2023,em_veg,annotated,0,457785,5177445,12600,0.0428571428571429,0.08795439451932907,0.89569091796875,0.1148681640625,0.0476190485060215,0,5,0.03415000066161156,0.08290000259876251,0.07720000296831131,-0.36316871643066406,-0.2834394872188568
995019,2023,dry,annotated,0,457815,5177535,12600,0.0428571428571429,0.1151590421795845,0.5438232421875,-0.23699951171875,0.06896551698446274,0,5,0.06040000170469284,0.1696999967098236,0.1664000004529953,-0.4766147434711456,-0.4380995929241181
995137,2023,em_veg,annotated,0,457845,5177475,12600,0.0428571428571429,0.0992804989218712,0.9783935546875,0.19757080078125,0.52173912525177,0,5,0.05689999833703041,0.1272999942302704,0.13349999487400055,-0.4011735022068024,-0.34106728434562683
143847,2023,co_precise,annotated,1,439905,5180715,2700,0.0888888888888889,0.09191397577524184,0.89788818359375,0.05902099609375,0,0,5,0.05240000039339065,0.12919999659061432,0.14920000731945038,-0.4862026572227478,-0.320438414812088
143738,2023,dry,annotated,0,439875,5180745,2700,0.0888888888888889,0.4417422115802765,0.3092041015625,-0.5296630859375,0,0,5,0.09929999709129332,0.23019999265670776,0.31150001287460327,-0.5066103935241699,-0.471615731716156
5848781,2023,shallow_viz,annotated,1,470475,5096205,15300,0.0431372549019608,0.1445932537317276,0.787353515625,0.08709716796875,0.1764705926179886,0,5,0.04490000009536743,0.08164999634027481,0.12770000100135803,-0.501154363155365,0.8905109763145447
5849445,2023,co_precise,annotated,1,470565,5096145,15300,0.0431372549019608,0.14277157187461853,0.9390869140625,0.23883056640625,0.1764705926179886,0,5,0.03914999961853027,0.07410000264644623,0.11595000326633452,-0.4819769263267517,0.8838709592819214
5849024,2023,dry,annotated,0,470505,5096145,15300,0.0431372549019608,0.14093880355358124,0.31085205078125,-0.389404296875,0,0,5,0.09220000356435776,0.1829500049352646,0.2840000092983246,-0.4906969666481018,-0.3805742263793946
5849816,2023,dry,annotated,0,470595,5096235,15300,0.0431372549019608,0.08704261481761932,0.41839599609375,-0.2818603515625,0,0,5,0.08654999732971191,0.18164999783039093,0.31450000405311584,-0.5517869591712952,-0.4760705232620239
5850186,2023,dry,annotated,0,470625,5096175,15300,0.0431372549019608,0.1961330771446228,0.5616455078125,-0.13861083984375,0,0,5,0.07774999737739563,0.16920000314712524,0.26660001277923584,-0.5485132932662964,-0.04524469003081322
6498841,2023,co_precise,annotated,1,449445,5044785,1800,0.1,0.13537029922008514,0.75860595703125,0.0985107421875,0.04545454680919647,0,5,0.02264999970793724,0.0527999997138977,0.10525000095367432,-0.5685425400733948,-0.3886010348796845
6498793,2023,dry,annotated,0,449475,5044725,1800,0.1,0.17127302289009094,0.2816162109375,-0.37847900390625,0,0,5,0.0714000016450882,0.1891999989748001,0.26304998993873596,-0.5732422471046448,-0.4972260892391205
11838038,2023,co_precise,annotated,1,449955,5021565,52200,0.0379310344827586,0.10165935754776,3.13037109375,0.73895263671875,0.0555555559694767,0,5,0.02170000039041042,0.05310000106692314,0.06610000133514404,-0.5105162262916565,1
11834019,2023,glint,annotated,0,449415,5021565,52200,0.0379310344827586,0.25207215547561646,2.5977783203125,0.20635986328125,0,0,5,0.1054999977350235,0.22869999706745148,0.2662000060081482,-0.5703522562980652,0.7084388732910156
11834703,2023,dry,annotated,0,449535,5021595,52200,0.0379310344827586,0.09818215668201448,2.68359375,0.29217529296875,0,0,5,0.1014999970793724,0.20350000262260437,0.2590000033378601,-0.5673981308937073,-0.03677242994308472
11835163,2023,glint,annotated,0,449595,5021565,52200,0.0379310344827586,0.2435375452041626,1.6038818359375,-0.78753662109375,0,0,5,0.10480000078678132,0.24150000512599945,0.2372999936342239,-0.5626956224441528,0.6943067312240601
11836662,2023,glint,annotated,0,449775,5021565,52200,0.0379310344827586,0.12636226415634155,3.3154296875,0.92401123046875,0,0,5,0.10890000313520432,0.22609999775886536,0.24940000474452972,-0.5670840740203857,0.919538140296936
11837121,2023,dry,annotated,0,449835,5021535,52200,0.0379310344827586,0.22511954605579376,2.5966796875,0.20526123046875,0,0,5,0.1111000031232834,0.2257999926805496,0.3711000084877014,-0.5518354177474976,0.08514684438705444
11859204,2023,co_precise,annotated,1,453435,5021805,12600,0.0476190476190476,0.0904502421617508,1.49664306640625,0.1187744140625,0.15000000596046448,0.1538461595773697,5,0.02290000021457672,0.01169999968260526,0.00579999992623925,0.9826839566230774,1
11859148,2023,dry,annotated,0,453405,5021865,12600,0.0476190476190476,0.41974425315856934,0.69256591796875,-0.685302734375,0,0,5,0.07349999994039536,0.14785000681877136,0.21279999613761905,-0.507270097732544,-0.08978710323572159
11859418,2023,dry,annotated,0,453465,5021715,12600,0.0476190476190476,0.3191789388656616,0.781982421875,-0.59588623046875,0,0,5,0.06809999793767929,0.15279999375343323,0.1995999962091446,-0.4550299942493438,-0.44498777389526367
11859604,2023,dry,annotated,0,453495,5021805,12600,0.0476190476190476,0.3032296299934387,1.1171875,-0.26068115234375,0.1428571492433548,0,5,0.05160000175237655,0.08579999953508377,0.11209999769926073,-0.4339001774787903,-0.12403561174869536
6633858,2023,co_precise,annotated,1,468825,5032905,256500,0.0217543859649123,0.03162125870585441,1.8695068359375,0.52398681640625,0.13333334028720856,0.5,5,0.02284999936819076,0.03925000131130218,0.01520000025629997,0.13560153543949127,0.3440000116825104
6633345,2023,dry,annotated,0,468765,5033235,256500,0.0217543859649123,0.02862574346363544,1.66229248046875,0.3167724609375,0,0,5,0.05480000004172325,0.10305000096559525,0.20720000565052032,-0.5484828948974609,-0.48803946375846863
6633409,2023,dry,annotated,0,468795,5033085,256500,0.0217543859649123,0.7382343411445618,1.4888916015625,0.14337158203125,0.1818181872367859,0.8461538553237915,5,0.04854999855160713,0.07329999655485153,0.0758500024676323,-0.2180972844362259,-0.1785150021314621
6637490,2023,dry,annotated,0,469275,5033265,256500,0.0217543859649123,0.04249553382396698,1.11700439453125,-0.228515625,0,0,5,0.08754999935626984,0.17239999771118164,0.30024999380111694,-0.5464518666267395,-0.3189009130001068
8125434,2023,co_precise,annotated,1,484755,5036745,40500,0.0296296296296296,0.35935917496681213,2.21722412109375,-0.32501220703125,0.6428571343421936,0.8461538553237915,5,0.05790000036358833,0.06560000032186508,0.09019999951124193,-0.25754716992378235,-0.09033778309822084
8125507,2023,dry,annotated,0,484785,5036475,40500,0.0296296296296296,0.2968481481075287,1.47418212890625,-1.06805419921875,0,0.5714285969734192,5,0.07010000199079514,0.11320000141859056,0.17630000412464142,-0.4425447285175323,0.09574468433856964
8125885,2023,dry,annotated,0,484785,5036715,40500,0.0296296296296296,0.46488815546035767,1.39697265625,-1.145263671875,0,0.7692307829856873,5,0.07100000232458115,0.10599999874830246,0.15489999949932098,-0.39794304966926575,-0.2510548532009125
8127679,2023,dry,annotated,0,484965,5036535,40500,0.0296296296296296,0.4489142894744873,1.85516357421875,-0.68707275390625,0.6666666865348816,0.9285714030265808,4,0.06239999830722809,0.0729999989271164,0.09470000118017197,-0.3326203227043152,0.1973203420639038
8125755,2023,shallow_viz,annotated,1,484785,5042115,15300,0.0392156862745098,0.07246710360050201,1.08685302734375,0.15350341796875,0.2222222238779068,0,5,0.02390000037848949,0.0714000016450882,0.07119999825954437,-0.3790087401866913,-0.21796564757823944
8126235,2023,co_precise,annotated,1,484845,5042175,15300,0.0392156862745098,0.05479652807116508,1.06427001953125,0.13092041015625,0.3529411852359772,0,5,0.01920000091195106,0.05000000074505806,0.03229999914765358,-0.13626374304294586,0.9090909361839294
8126360,2023,dry,annotated,0,484845,5042235,15300,0.0392156862745098,0.16584622859954834,0.23040771484375,-0.70294189453125,0,0,5,0.09709999710321426,0.21559999883174896,0.2994000017642975,-0.5199440121650696,-0.4830379784107208
8126486,2023,dry,annotated,0,484875,5042115,15300,0.0392156862745098,0.18331541121006012,0.43060302734375,-0.50274658203125,0,0,5,0.07280000299215317,0.15459999442100525,0.2370000034570694,-0.5044352412223816,-0.4563536047935486
8163029,2023,co_precise,annotated,1,488385,5050305,19800,0.0333333333333333,0.03293334320187569,1.5736083984375,0.2200927734375,0.8235294222831726,0.0625,4,0.0142000000923872,0.02229999937117099,0.02989999949932098,-0.3835616409778595,-0.1690140813589096
8161812,2023,dry,annotated,0,488295,5050395,19800,0.0333333333333333,0.7053577303886414,0.09033203125,-1.26318359375,0,0,5,0.0820000022649765,0.20970000326633453,0.21040000021457672,-0.4351464509963989,6.600660271942616e-4
8162897,2023,dry,annotated,0,488385,5050395,19800,0.0333333333333333,0.69826507568359375,0.20458984375,-1.14892578125,0,0,5,0.08219999819993973,0.20010000467300415,0.20999999344348907,-0.4443603456020355,0.18509894609451297
8163980,2023,dry,annotated,0,488445,5050335,19800,0.0333333333333333,0.27267399430274963,1.03594970703125,-0.31756591796875,0.4117647111415863,0,5,0.0551999993622303,0.1379999965429306,0.14920000731945038,-0.4530853629112244,-0.42434367537498474
8328356,2023,shallow_viz,annotated,1,511995,5032755,49500,0.0315151515151515,0.12410807609558104,2.49066162109375,0.15637207031244316,0.05882352963089943,0,5,0.00609999988228082,0.01669999957084655,0.01269999984651804,0.7653666734695435,1
8329932,2023,hugo_precise,annotated,1,512145,5032755,49500,0.0315151515151515,0.20211336016654968,2.3179931640625,-0.01629638671880684,0.0555555559694767,0,5,0.04015000164508819,0.1184000000357628,0.11524999886751176,-0.48443183302879333,-0.47594794631004333
8328415,2023,dry,annotated,0,511995,5032905,49500,0.0315151515151515,0.10657867789268494,2.203033447265625,-0.13125610351568184,0.03999999910593033,0,5,0.06639999896287918,0.16349999606609344,0.1704999953508377,-0.37217918038368225,-0.2990476191043854
8329053,2023,dry,annotated,0,512055,5032845,49500,0.0315151515151515,0.14237231016159058,2.243988037109375,-0.09030151367193184,0.04347826167941093,0,5,0.05310000106692314,0.15680000185966492,0.14229999482631683,-0.4643257260322571,-0.4123076796531677
8329738,2023,dry,annotated,0,512145,5032905,49500,0.0315151515151515,0.12518024444580078,2.296844482421875,-0.03744506835943184,0.03999999910593033,0,5,0.04470000043511391,0.16439999639987946,0.11569999903440475,-0.43772241473197937,-0.3359436094760895
8392957,2023,shallow_viz,annotated,1,518235,5032725,19800,0.0393939393939394,0.08774441480636597,0.66632080078125,0.081573486328125,0,0,5,0.05009999871253967,0.06759999692440033,0.0885000005364418,-0.2867611050605774,0.017258882522583
8394246,2023,shallow_viz,annotated,1,518355,5032755,19800,0.0393939393939394,0.08681180328130722,0.6552734375,0.070526123046875,0,0,5,0.03705000132322311,0.05925000086426735,0.06539999693632126,-0.2549828290939331,1
8393410,2023,dry,annotated,0,518265,5032695,19800,0.0393939393939394,0.13571949303150177,0.5775146484375,-0.007232666015625,0,0,5,0.04619999974966049,0.09200000017881392,0.12274999916553496,-0.43880495429039,-0.21806854009628296
8393548,2023,dry,annotated,0,518295,5032785,19800,0.0393939393939394,0.0906217098236084,0.4661865234375,-0.118560791015625,0,0,5,0.097850002348423,0.22184999287128448,0.3361000120639801,-0.5528725385665894,-0.4299287497997284
8394705,2023,dry,annotated,0,518385,5032785,19800,0.0393939393939394,0.0974484607577324,0.427398681640625,-0.1573486328125,0,0,5,0.09610000252723694,0.20035000145435333,0.30614998936653137,-0.5193565487861633,-0.40546783804893494
8387882,2023,co_precise,annotated,1,517785,5034285,54900,0.0306010928961749,0.08713401854038239,2.045501708984375,0.420074462890625,0.0416666679084301,0,5,0.03519999980926514,0.05869999900460243,0.066600002348423,-0.2073231041431427,0.15744680166244507
8386617,2023,glint,annotated,0,517665,5034285,54900,0.0306010928961749,0.1904275119304657,1.233795166015625,-0.391632080078125,0,0,5,0.11225000023841858,0.2294999957084656,0.3746500015258789,-0.5352428555488586,-0.4612891674041748
8387517,2023,dry,annotated,0,517755,5034255,54900,0.0306010928961749,0.35552680492401123,1.43572998046875,-0.189697265625,0,0,5,0.0934000015258789,0.18440000712871552,0.22439999878406525,-0.41557377576828,-0.4040532112121582
8388427,2023,terrain,annotated,0,517845,5034255,54900,0.0306010928961749,0.3796296715736389,1.73150634765625,0.1060791015625,0,0,5,0.06440000236034393,0.1306000053882599,0.16200000047683716,-0.4177109301090241,-0.3263598382472992
8388839,2023,dry,annotated,0,517845,5034375,54900,0.0306010928961749,0.19799350202083588,1.67364501953125,0.0482177734375,0,0.0476190485060215,5,0.07360000163316727,0.18410000205039975,0.1642500013113022,-0.39712825417518616,0.2291390746831894
8389664,2023,dry,annotated,0,517935,5034345,54900,0.0306010928961749,0.2241627871990204,1.600067138671875,-0.025360107421875,0,0,5,0.09160000085830688,0.20024999976158145,0.3192000091075897,-0.5786324739456177,0.6653165817260742
13360140,2023,co_precise,annotated,1,536295,5029395,3600,0.0833333333333333,0.04696761071681976,1.696685791015625,0.32574462890625,0,0,5,0.05299999937415123,0.11445000022649764,0.15244999527931213,-0.4383266568183899,-0.08420056849718094
13360283,2023,dry,annotated,0,536325,5029365,3600,0.0833333333333333,0.33590802550315857,1.21453857421875,-0.156402587890625,0,0,5,0.08709999918937683,0.24070000648498535,0.31450000405311584,-0.5679993033409119,0.6178643107414246
13352785,2023,co_precise,annotated,1,535575,5029515,20700,0.0405797101449275,0,1.412933349609375,0.11749267578125,0,0,5,0.02339999936521053,0.0515500009059906,0.05925000086426735,-0.27593693137168884,1
13353078,2023,co_precise,annotated,1,535635,5029425,20700,0.0405797101449275,0.12324712425470352,1.357421875,0.061981201171875,0,0,5,0.04394999891519546,0.10459999740123747,0.16030000150203705,-0.5037639141082764,-0.4186747074127197
13352106,2023,dry,annotated,0,535545,5029545,20700,0.0405797101449275,0.04152655601501465,1.410308837890625,0.1148681640625,0,0,5,0.0478999987244606,0.13660000264644623,0.18410000205039975,-0.5485730767250061,-0.1111111119389534
13352437,2023,dry,annotated,0,535575,5029395,20700,0.0405797101449275,0.26446932554244995,0.53375244140625,-0.761688232421875,0,0,5,0.11760000139474867,0.24809999763965607,0.4057500064373016,-0.5457738041877747,-0.4978102147579193
13353472,2023,dry,annotated,0,535635,5029485,20700,0.0405797101449275,0.34345805644989014,0.776763916015625,-0.5186767578125,0,0,5,0.10365000367164612,0.21895000338554385,0.34645000100135803,-0.5425329804420471,-0.3640206754207611
13300094,2023,co_precise,annotated,1,531375,5026005,64800,0.0212962962962963,0.09208080172538756,1.0639038085936932,0.001922607421875,0,0,5,0.0414000004529953,0.12905000150203705,0.090549997985363,-0.36542099714279175,-0.27774935960769653
13298706,2023,dry,annotated,0,531225,5025885,64800,0.0212962962962963,0.1816718429327011,0.7500610351561932,-0.311920166015625,0,0,5,0.06230000033974647,0.225600004196167,0.1794999986886978,-0.4501323997974396,-0.29137200117111206
13299816,2023,dry,annotated,0,531345,5025945,64800,0.0212962962962963,0.12600351870059967,0.9764404296874432,-0.085540771484375,0.04545454680919647,0,5,0.04365000128746033,0.13064999878406525,0.09565000236034392,-0.360643208026886,-0.2735268175601959
13300584,2023,dry,annotated,0,531405,5025765,64800,0.0212962962962963,0.12727922201156616,0.9004516601561932,-0.161529541015625,0,0,5,0.0575999990105629,0.1501999944448471,0.147599995136261,-0.4482705295085907,-0.3396226465702057
13301901,2023,shallow_viz,annotated,1,531555,5021715,6300,0.0666666666666667,0.17649617791175842,0.5191040039061932,-0.051483154296875,0,0,5,0.07795000076293945,0.19130000472068787,0.25780001282691956,-0.5317645072937012,-0.08172177523374557
13302565,2023,hugo_precise,annotated,1,531585,5021655,6300,0.0666666666666667,0.18687492609024048,0.4373168945311931,-0.133270263671875,0,0,5,0.13459999859333038,0.27390000224113464,0.37299999594688416,-0.4693587124347687,-0.1621880978345871
13302261,2023,dry,annotated,0,531585,5021685,6300,0.0666666666666667,0.13775233924388883,0.6289978027343182,0.05841064453125,0,0,5,0.0674000009894371,0.1854500025510788,0.24869999289512632,-0.5584618449211121,-0.10837438702583312
13302484,2023,dry,annotated,0,531585,5021625,6300,0.0666666666666667,0.12634821236133575,0.04394531249994316,-0.526641845703125,0,0,5,0.17544999718666077,0.33809998631477356,0.4713000059127808,-0.44444209337234497,-0.33947527408599854
13302741,2023,dry,annotated,0,531615,5021655,6300,0.0666666666666667,0.16550493240356445,0.5986938476561932,0.028106689453125,0,0,5,0.1037999987602234,0.22155000269412992,0.30630001425743103,-0.5103326439857483,-0.04525547474622726
13231314,2023,glint,annotated,0,525195,5019765,111600,0.0182795698924731,0.00102042953949421,2.737030029296875,0.017669677734375,0,0,5,0.08919999748468399,0.17260000109672546,0.2295999974012375,-0.3772177994251251,-0.2965069115161896
13232329,2023,dry,annotated,0,525285,5019885,111600,0.0182795698924731,0,2.737030029296875,0.017669677734375,1,0.9473684430122375,3,0.05974999815225601,0.10490000247955322,0.08744999766349792,-0.18766404688358307,-0.1639871448278427
13232866,2023,glint,annotated,0,525345,5020035,111600,0.0182795698924731,0.5688244700431824,1.73760986328125,-0.98175048828125,0.04347826167941093,0,5,0.1202000007033348,0.24570000171661377,0.33489999175071716,-0.47021040320396423,-0.3929673135280609
13233182,2023,dry,annotated,0,525375,5019855,111600,0.0182795698924731,0,2.737030029296875,0.017669677734375,0.04545454680919647,0,5,0.08129999786615372,0.1573999971151352,0.21549999713897705,-0.4276663064956665,-0.24021105468273163
13233517,2023,dry,annotated,0,525375,5019765,111600,0.0182795698924731,1.7332583956886083e-4,2.737030029296875,0.017669677734375,0.6470588445663452,0.05263157933950424,4,0.07819999754428864,0.15790000557899475,0.1878000050783157,-0.3778195381164551,-0.3539033532142639
13230809,2023,deep_viz,annotated,0,525165,5019945,111600,0.0182795698924731,0,2.737030029296875,0.017669677734375,1,1,2,0.04879999905824661,0.0463000014424324,0.03869999945163727,0.1409395933151245,0.16211293637752533
13231536,2023,deep_viz,annotated,0,525225,5019855,111600,0.0182795698924731,0,2.737030029296875,0.017669677734375,1,1,2,0.0430000014603138,0.03810000047087669,0.03579999879002571,0.09897611290216446,0.18358038365840912
13231839,2023,deep_viz,annotated,0,525255,5020005,111600,0.0182795698924731,0,2.737030029296875,0.017669677734375,1,1,2,0.04580000042915344,0.03889999911189079,0.03640000149607658,0.1765957474708557,0.23161764442920685
13232735,2023,co_precise,annotated,1,525315,5019825,111600,0.0182795698924731,0,2.737030029296875,0.017669677734375,1,1,3,0.04304999858140945,0.05124999955296516,0.04239999875426292,-0.03773729503154754,0.1847507357597351
13200803,2023,shallow_viz,annotated,1,522585,5019765,5400,0.0666666666666667,0,0.3515625,0.003814697265625,0.2800000011920929,0,5,0.02449999935925007,0.03229999914765358,0.04210000112652778,-0.2642642557621002,1
13200692,2023,dry,annotated,0,522615,5019795,5400,0.0666666666666667,0.07706579566001892,0.33380126953125,-0.013946533203125,0.03999999910593033,0,5,0.03519999980926514,0.06159999966621399,0.08749999850988388,-0.4469756484031677,-0.25531914830207825
13659765,2023,co_precise,annotated,1,504765,4987695,60300,0.0388059701492537,0.15261079370975494,2.815063476562443,0.63214111328125,0,0,5,0.02050000056624412,0.06469999998807907,0.06379999965429306,-0.5117371082305908,0.08033241331577301
13657099,2023,dry,annotated,0,504495,4987635,60300,0.0388059701492537,0.5409824252128601,0.28201293945306816,-1.900909423828125,0,0,5,0.10339999943971634,0.26600000262260437,0.31744998693466187,-0.52219557762146,-0.256856769323349
13659064,2023,dry,annotated,0,504675,4987785,60300,0.0388059701492537,0.103976309299469,2.647064208984318,0.464141845703125,0,0,5,0.1022000014781952,0.23469999432563785,0.29429998993873596,-0.5074549913406372,0.7434370517730713
13659088,2023,dry,annotated,0,504705,4987845,60300,0.0388059701492537,0.2698679268360138,2.830963134765568,0.648040771484375,0,0,5,0.04380000010132789,0.14065000414848328,0.16345000267028809,-0.5689988732337952,-0.4699011743068695
13661475,2023,glint,annotated,0,504915,4987785,60300,0.0388059701492537,0.08668661117553711,2.091308593749943,-0.09161376953125,0,0,5,0.16329999268054962,0.3379000127315521,0.4724999964237213,-0.4944993853569031,0.17819395661354065
13686944,2023,shallow_viz,annotated,1,507375,4987425,27000,0.0377777777777778,0.0932796075940132,0.693817138671875,0.15533447265625,0.7894737124443054,0,4,0.01820000074803829,0.04199999943375587,0.0364999994635582,-0.3345521092414856,-0.1276102066040039
13688515,2023,co_precise,annotated,1,507525,4987515,27000,0.0377777777777778,0.07480863481760025,0.52618408203125,-0.012298583984375,0.3888888955116272,0,4,0.0158500000834465,0.03474999964237213,0.04684999957680702,-0.2975330352783203,1
13687089,2023,dry,annotated,0,507405,4987275,27000,0.0377777777777778,0.06845320016145706,0.2864990234375,-0.251983642578125,0,0,5,0.07760000228881836,0.19629999995231628,0.2542000114917755,-0.5544079542160034,-0.509946346282959
13688279,2023,dry,annotated,0,507495,4987455,27000,0.0377777777777778,0.10353661328554152,0.3729248046875,-0.165557861328125,0.10526315867900848,0,5,0.02400000020861625,0.06069999933242798,0.05700000002980232,-0.3402489721775055,-0.203719362616539
13689118,2023,dry,annotated,0,507555,4987485,27000,0.0377777777777778,0.10018061846494676,0.368865966796875,-0.16961669921875,0,0,5,0.05539999902248382,0.11309999972581863,0.12129999697208405,-0.49104273319244385,-0.3271334767341614
13710105,2023,co_precise,annotated,1,509445,4988715,6300,0.0571428571428571,0.0815039575099945,0.224517822265625,-0.010498046875,0,0,5,0.05214999988675117,0.16545000672340393,0.13934999704360962,-0.4977456033229828,-0.4441446363925934
13710024,2023,dry,annotated,0,509445,4988685,6300,0.0571428571428571,0.06317062675952911,0.18939208984375,-0.045623779296875,0,0,5,0.06939999759197235,0.21529999375343323,0.21979999542236328,-0.52005535364151,-0.4955209791660309
13710220,2023,dry,annotated,0,509475,4988745,6300,0.0571428571428571,0.06662454456090927,0.238861083984375,0.00384521484375,0,0,5,0.0593000017106533,0.17520000040531158,0.16840000450611117,-0.47913920879364014,0.16137394309043884
13761906,2023,co_precise,annotated,1,514155,4987515,1800,0.1,0.04660283401608467,0.088958740234375,0.02557373046880684,0,0,5,0.01860000006854534,0.05050000175833702,0.01840000040829181,-0.06875000149011612,0.00540540553629398
13761804,2023,dry,annotated,0,514155,4987485,1800,0.1,0.02974246814846992,0.03778076171875,-0.02560424804681815,0.04545454680919647,0,5,0.02669999934732914,0.08569999784231186,0.0560000017285347,-0.4377358555793762,-0.354292631149292
13761856,2023,co_precise,annotated,1,514155,4987095,38700,0.0294573643410853,0.0815587043762207,1.372894287109375,0.047882080078125,0,0,5,0.02089999988675117,0.04740000143647194,0.03299999982118606,-0.3296823799610138,-0.22448979318141937
13762061,2023,co_precise,annotated,1,514155,4987305,38700,0.0294573643410853,0.10320839285850524,1.298309326171875,-0.026702880859375,0,0,5,0.04610000178217888,0.11389999836683272,0.10740000009536745,-0.46550723910331726,-0.3858064413070678
13761985,2023,dry,annotated,0,514155,4987215,38700,0.0294573643410853,0.09393619745969772,1.084686279296875,-0.240325927734375,0.09090909361839294,0,4,0.12229999899864195,0.26759999990463257,0.3637999892234802,-0.4839756488800049,-0.43263328075408936
13762280,2023,dry,annotated,0,514185,4987275,38700,0.0294573643410853,0.09069221466779707,1.21405029296875,-0.1109619140625,0,0,5,0.03965000063180923,0.11420000344514848,0.08654999732971191,-0.36567190289497375,-0.3119429647922516
13763050,2023,dry,annotated,0,514245,4987155,38700,0.0294573643410853,0.1525857150554657,1.29095458984375,-0.0340576171875,0,0,5,0.04989999905228615,0.14319999516010284,0.13459999859333038,-0.39018869400024414,-0.33754250407218933
13763603,2023,co_precise,annotated,1,514335,4986705,24300,0.0567901234567901,0.04580777511000633,1.16888427734375,0.090789794921875,0.3333333432674408,0,4,0.01789999939501285,0.05609999969601631,0.0333000011742115,-0.18505337834358215,0.09897611290216446
13765325,2023,co_precise,annotated,1,514485,4986795,24300,0.0567901234567901,0.18327169120311737,1.3648681640625,0.286773681640625,0.0416666679084301,0,5,0.01659999974071979,0.05620000138878822,0.04839999973773956,-0.4469357132911682,-0.2921108603477478
13764369,2023,dry,annotated,0,514395,4986765,24300,0.0567901234567901,0.1636810451745987,1.235809326171875,0.15771484375,0.0476190485060215,0,5,0.02105000056326389,0.07055000215768814,0.06764999777078629,-0.5509615540504456,-0.33689838647842407
13764867,2023,dry,annotated,0,514455,4986825,24300,0.0567901234567901,0.13885654509067535,1.0181884765625,-0.059906005859375,0,0,5,0.066600002348423,0.21050000190734863,0.20360000431537628,-0.5070318579673767,-0.49648839235305786
13765925,2023,dry,annotated,0,514545,4986795,24300,0.0567901234567901,0.23611511290073395,0.611328125,-0.466766357421875,0,0,5,0.10159999877214432,0.2784000039100647,0.31825000047683716,-0.5229235887527466,0.48016417026519775
13828635,2023,co_precise,annotated,1,520425,4990065,19800,0.0424242424242424,0.08926060795783997,3.92156982421875,0.239837646484375,0.11538461595773696,0,5,0.01805000007152557,0.02584999985992908,0.01840000040829181,-0.445774644613266,1
13828800,2023,co_precise,annotated,1,520455,4990005,19800,0.0424242424242424,0.16789931058883667,4.004150390625,0.322418212890625,0.07692307978868484,0,5,0.01765000075101852,0.0305000003427267,0.02979999966919422,-0.12234440445899963,0.8444444537162781
13828319,2023,dry,annotated,0,520395,4990005,19800,0.0424242424242424,0.09618056565523148,3.254364013671875,-0.4273681640625,0,0,5,0.06485000252723694,0.1975499987602234,0.211899995803833,-0.5218581557273865,0.5417559146881104
13829107,2023,dry,annotated,0,520485,4989915,19800,0.0424242424242424,0.3251880407333374,3.388702392578125,-0.29302978515625,0,0,5,0.05979999899864197,0.1737000048160553,0.18000000715255737,-0.4960159361362457,-0.44708994030952454
13829257,2023,dry,annotated,0,520515,4989825,19800,0.0424242424242424,0.1676621437072754,3.552734375,-0.128997802734375,0,0,5,0.06525000184774399,0.16934999823570251,0.20954999327659607,-0.5370762944221497,-0.5076123476028442
13830941,2023,co_precise,annotated,1,520695,4991715,42300,0.0439716312056738,0.04650597646832466,1.622589111328125,0.176177978515625,0.07999999821186066,0.05263157933950424,4,0.03109999932348728,0.05584999918937683,0.05195000022649765,-0.17151661217212677,1
13830528,2023,dry,annotated,0,520665,4991775,42300,0.0439716312056738,0.15497665107250214,1.5643310546875,0.117919921875,0,0,5,0.06859999895095825,0.15449999272823334,0.1668500006198883,-0.43335002660751343,0.4474011361598969
13830689,2023,dry,annotated,0,520695,4991625,42300,0.0439716312056738,0.07498902827501297,1.2598876953125,-0.1865234375,0,0,5,0.09870000183582306,0.26109999418258667,0.32100000977516174,-0.5520762205123901,0.5650233030319214
13832744,2023,dry,annotated,0,520905,4991715,42300,0.0439716312056738,0.11571472883224489,1.869110107421875,0.422698974609375,0,0,5,0.14124999940395355,0.28734999895095825,0.44279998540878296,-0.5267115235328674,0.19794246554374695
13829280,2023,shallow_viz,annotated,1,520515,4992015,15300,0.0509803921568627,0.05337511375546455,1.615478515625,0.07781982421875,0,0,5,0.05079999938607216,0.11649999767541884,0.13740000128746033,-0.46503791213035583,0.3126142621040344
13830077,2023,co_precise,annotated,1,520605,4991925,15300,0.0509803921568627,0.10909824073314668,1.722625732421875,0.184967041015625,0.3333333432674408,0,4,0.03079999983310699,0.0734499990940094,0.0677499994635582,-0.3113442361354828,0.6695652008056641
13829729,2023,dry,annotated,0,520575,4992015,15300,0.0509803921568627,0.10837836563587187,1.300689697265625,-0.236968994140625,0,0,5,0.0869000032544136,0.1876000016927719,0.34529998898506165,-0.5922266244888306,-0.5713360905647278
13829931,2023,dry,annotated,0,520605,4991865,15300,0.0509803921568627,0.1248403862118721,1.562225341796875,0.024566650390625,0.03703703731298447,0,5,0.05490000173449516,0.13420000672340393,0.16130000352859497,-0.4919019043445587,-0.01106500718742609
13830252,2023,dry,annotated,0,520635,4991925,15300,0.0509803921568627,0.8526552319526672,0.919891357421875,-0.617767333984375,0.03999999910593033,0,5,0.07660000026226044,0.19910000264644623,0.1931000053882599,-0.4657478630542755,0.35300925374031067
13830842,2023,co_precise,annotated,1,520695,4992105,1800,0.1,0.06229855492711067,0.14825439453125,8.544921875e-4,0.03846153989434242,0,5,0.04720000177621841,0.09889999777078629,0.14380000531673431,-0.4390968382358551,-0.31384193897247314
13830783,2023,dry,annotated,0,520695,4992045,1800,0.1,0.08336413651704788,-0.0111083984375,-0.15850830078125,0,0,5,0.09775000065565108,0.2207999974489212,0.36125001311302185,-0.5839275121688843,-0.566996693611145
13830686,2023,co_precise,annotated,1,520695,4994685,9000,0.0466666666666667,0.04284112155437469,0.4586181640625568,0.0374755859375,0.0416666679084301,0,5,0.01310000009834766,0.03559999912977218,0.0075500002130866,-0.521584153175354,-0.2996706962585449
13830936,2023,shallow_viz,annotated,1,520725,4994715,9000,0.0466666666666667,0.0565340407192707,0.44284057617193184,0.021697998046875,0.0416666679084301,0,5,0.03164999932050705,0.10000000149011612,0.07919999957084656,-0.4327205419540405,-0.3821989595890045
13830329,2023,dry,annotated,0,520635,4994685,9000,0.0466666666666667,0.4687468409538269,0.03073120117193184,-0.390411376953125,0,0,5,0.05505000054836273,0.1454000025987625,0.12304999679327012,-0.38360631465911865,-0.33969011902809143
13830906,2023,dry,annotated,0,520725,4994655,9000,0.0466666666666667,0.055344358086586,0.42678833007818184,0.005645751953125,0.0416666679084301,0,5,0.02995000034570694,0.08540000021457672,0.07654999941587448,-0.43982842564582825,-0.2654639184474945
13831477,2023,dry,annotated,0,520785,4994685,9000,0.0466666666666667,0.11632891744375227,-0.20501708984369316,-0.62615966796875,0,0,5,0.08624999970197678,0.30410000681877136,0.3156000077724457,-0.5643031597137451,-0.5503912568092346
13830110,2023,hugo_precise,annotated,1,520635,4998465,8100,0.0592592592592593,0.04540443792939186,1.740966796875,0.18292236328125,0.7222222089767456,0.05882352963089943,4,0.02325000055134296,0.03095000050961971,0.03474999964237213,-0.12649239599704742,0.46296295523643494
13830092,2023,dry,annotated,0,520605,4998525,8100,0.0592592592592593,0.5953875184059143,1.04840087890625,-0.5096435546875,0.10526315867900848,0,5,0.04520000144839287,0.11020000278949738,0.12060000002384186,-0.4582829475402832,-0.3626543283462525
13830341,2023,dry,annotated,0,520665,4998405,8100,0.0592592592592593,0.09020522981882095,1.366729736328125,-0.191314697265625,0.05000000074505806,0,5,0.05700000002980232,0.12610000371932983,0.1895499974489212,-0.5750001668930054,-0.44473230838775635
13830616,2023,dry,annotated,0,520695,4998495,8100,0.0592592592592593,0.130936399102211,1.189971923828125,-0.368072509765625,0,0,5,0.09390000253915788,0.21220000088214871,0.31850001215934753,-0.5445945262908936,-0.5096033811569214
13830133,2023,co_precise,annotated,1,520635,4998945,51300,0.0280701754385965,0.08042734861373901,1.8773193359375,0.032806396484375,0.3846153914928436,0,4,0.02400000020861625,0.04095000028610229,0.03884999826550484,-0.10973604768514632,0.19847328960895536
13831330,2023,dry,annotated,0,520755,4999125,51300,0.0280701754385965,0.1067618653178215,1.4625244140625,-0.381988525390625,0,0,5,0.07079999893903732,0.15160000324249268,0.22005000710487368,-0.5108064413070679,-0.48757171630859375
13831474,2023,dry,annotated,0,520785,4999185,51300,0.0280701754385965,0.06153222545981407,1.505859375,-0.338653564453125,0,0.05263157933950424,5,0.04329999908804893,0.10580000281333923,0.12080000340938568,-0.47227299213409424,-0.06593406945466995
13831829,2023,dry,annotated,0,520815,4999005,51300,0.0280701754385965,0.07379096001386642,1.460601806640625,-0.3839111328125,0,0.05263157933950424,5,0.08529999852180481,0.1753000020980835,0.2547999918460846,-0.4951348304748535,-0.4638592004776001
13176640,2023,co_precise,annotated,1,520515,5000235,16200,0.0666666666666667,0.04569326341152191,1.038299560546875,0.103118896484375,0.11764705926179886,0.05263157933950424,5,0.01350000035017728,0.03739999979734421,0.02180000022053718,-0.23512747883796692,-0.23512747883796692
13829438,2023,shallow_viz,annotated,1,520545,5000055,16200,0.0666666666666667,0.04217232763767242,0.9599609375,0.0247802734375,0.1875,0,4,0.01620000042021274,0.0463000014424324,0.02789999917149543,-0.26530611515045166,-0.26530611515045166
13176641,2023,dry,annotated,0,520515,5000205,16200,0.0666666666666667,0.0791957899928093,0.974822998046875,0.039642333984375,0,0,5,0.03079999983310699,0.06780000030994415,0.07660000026226044,-0.4264431893825531,-0.4264431893825531
13177283,2023,dry,annotated,0,520545,5000385,16200,0.0666666666666667,0.12487960606813432,0.716033935546875,-0.219146728515625,0,0,5,0.08865000307559967,0.19644999504089355,0.28130000829696655,-0.5243086814880371,-0.4925881028175354
13829800,2023,dry,annotated,0,520575,5000025,16200,0.0666666666666667,0.8526225090026855,0.630035400390625,-0.305145263671875,0.1428571492433548,0.05263157933950424,5,0.05339999869465828,0.11079999804496764,0.11855000257492064,-0.3789273202419281,-0.3781232535839081
13830396,2023,shallow_viz,annotated,1,520665,4999935,28800,0.0270833333333333,0.05206574127078056,0.60845947265625,-0.029693603515625,0.3125,0.05000000074505806,3,0.02349999919533729,0.0560000017285347,0.03739999979734421,-0.22824302315711975,-0.22824302315711975
13830426,2023,co_precise,annotated,1,520665,5000085,28800,0.0270833333333333,0.04019925743341446,0.62811279296875,-0.010040283203125,0.47058823704719543,0.05000000074505806,3,0.01460000034421682,0.03739999979734421,0.00960000045597553,0.20661157369613647,0.20661157369613647
13830008,2023,dry,annotated,0,520605,5000025,28800,0.0270833333333333,0.4107544422149658,0.59735107421875,-0.040802001953125,0.3333333432674408,0.05000000074505806,4,0.04865000024437904,0.10384999960660934,0.10984999686479568,-0.3861491978168487,-0.38518065214157104
13830066,2023,dry,annotated,0,520605,4999905,28800,0.0270833333333333,0.3944934010505676,0.473602294921875,-0.16455078125,0,0.05000000074505806,5,0.07800000160932541,0.164000004529953,0.21250000596046448,-0.46299484372138977,-0.4473252296447754
13831040,2023,dry,annotated,0,520725,5000025,28800,0.0270833333333333,0.07781174778938293,0.604339599609375,-0.0338134765625,0.25,0.05000000074505806,4,0.0531499981880188,0.10689999908208848,0.12764999270439148,-0.41038066148757935,-0.3969658613204956
13074345,2023,co_precise,annotated,1,510165,5000415,8100,0.0518518518518519,0.0797896459698677,0.484161376953125,0.08798217773431816,0.0833333358168602,0.05263157933950424,5,0.03595000132918358,0.05025000125169754,0.04654999822378158,-0.1418551355600357,1
13074192,2023,dry,annotated,0,510135,5000355,8100,0.0518518518518519,0.11819840222597122,0.405609130859375,0.00942993164056815,0.03999999910593033,0,5,0.04100000113248825,0.05869999900460243,0.08030000329017639,-0.2737378478050232,0.2023460417985916
12970838,2023,co_precise,annotated,1,498315,5000325,3600,0.0833333333333333,0.1453484445810318,1.3272705078125,-0.027099609375,0.1111111119389534,0,5,0.05305000022053718,0.14159999787807465,0.14489999413490295,-0.4702596664428711,-0.3970588147640228
12970972,2023,shallow_viz,annotated,1,498375,5000325,3600,0.0833333333333333,0.07626084983348846,1.425750732421875,0.071380615234375,0.05000000074505806,0,5,0.03325000032782554,0.0803999975323677,0.09399999678134918,-0.5075423121452332,-0.3338632881641388
12970856,2023,dry,annotated,0,498345,5000385,3600,0.0833333333333333,0.4266966879367829,1.10107421875,-0.2532958984375,0,0,5,0.07289999723434448,0.15520000457763672,0.14714999496936798,-0.38517525792121887,0.5489910840988159
13562893,2023,co_precise,annotated,1,489945,4998975,22500,0.048,0.12092249095439912,3.29168701171875,0.6933288574218182,0,0,5,0.0551999993622303,0.1282999962568283,0.14630000293254852,-0.4521091878414154,0.7931604981422424
13561579,2023,dry,annotated,0,489795,4998945,22500,0.048,0.2491796463727951,2.232025146484375,-0.3663330078125568,0,0,5,0.07509999722242355,0.22259999811649325,0.24650000035762787,-0.5447326302528381,0.7053083777427673
13561939,2023,dry,annotated,0,489855,4998945,22500,0.048,0.4229614734649658,1.61553955078125,-0.9828186035156818,0,0,5,0.0880500003695488,0.2526499927043915,0.271450012922287,-0.5503162145614624,0.15833333134651184
13564144,2023,dry,annotated,0,490125,4999035,22500,0.048,0.1641211062669754,3.472686767578125,0.8743286132811932,0,0,5,0.08219999819993973,0.20250000059604645,0.27239999175071716,-0.5446555018424988,0.3008200228214264
13518384,2023,co_precise,annotated,1,485565,4998975,16200,0.0407407407407407,0.11501575261354446,2.796478271484375,0.568389892578125,0,0,5,0.03060000017285347,0.09149999916553496,0.06655000150203705,-0.3378561735153198,0.6574506163597107
13518572,2023,shallow_viz,annotated,1,485625,4999035,16200,0.0407407407407407,0.05147785693407059,2.81427001953125,0.586181640625,0.11538461595773696,0,5,0.04035000130534172,0.08044999837875366,0.0731000006198883,-0.3311772048473358,0.8861788511276245
13518028,2023,dry,annotated,0,485565,4999035,16200,0.0407407407407407,0.25068092346191406,2.41552734375,0.18743896484375,0,0,5,0.09009999781847,0.1945499926805496,0.29490000009536743,-0.574306309223175,0.8904070854187012
13518759,2023,dry,annotated,0,485625,4999095,16200,0.0407407407407407,0.1920759230852127,2.066802978515625,-0.161285400390625,0,0,5,0.11614999920129776,0.2572000026702881,0.40849998593330383,-0.5710967183113098,0.5747905969619751
13518832,2023,dry,annotated,0,485625,4998975,16200,0.0407407407407407,0.35609540343284607,2.190277099609375,-0.037811279296875,0,0,5,0.08739999681711197,0.20970000326633453,0.2786000072956085,-0.5135274529457092,-0.4902263283729553
13518052,2023,co_precise,annotated,1,485565,4998915,1800,0.1,0.09817875921726228,0.31289672851568184,0.03213500976568184,0,0,5,0.03089999966323375,0.08070000261068344,0.09385000169277193,-0.5008746981620789,-0.1879483461380005
13517976,2023,dry,annotated,0,485565,4998885,1800,0.1,0.1052403375506401,0.24859619140630684,-0.03216552734369316,0,0,5,0.06700000166893005,0.17970000207424164,0.21789999306201935,-0.4459190368652344,-0.3653179109096527
12490369,2023,co_precise,annotated,1,480615,4998585,1800,0.1,0.103791743516922,0.50067138671875,-0.00286865234375,0,0,5,0.05409999936819076,0.12790000438690186,0.21690000593662265,-0.5680399537086487,0.16094420850276947
12490604,2023,dry,annotated,0,480675,4998585,1800,0.1,0.13524632155895233,0.34832763671875,-0.15521240234375,0,0,5,0.08630000054836273,0.21969999372959137,0.3244999945163727,-0.5657804012298584,-0.4522915184497833
12652727,2023,dry,annotated,0,459075,4947375,12600,0.0428571428571429,0.3737228512763977,-0.2286376953125,-1.177001953125,0,0,5,0.1040000021457672,0.25929999351501465,0.31940001249313354,-0.5152416229248047,-0.4925309419631958
12652957,2023,dry,annotated,0,459105,4947465,12600,0.0428571428571429,0.14966778457164764,0.59307861328125,-0.35528564453125,0,0,5,0.06150000169873237,0.15289999544620514,0.2395000010728836,-0.5839946866035461,-0.5189675688743591
12653532,2023,dry,annotated,0,459225,4947375,12600,0.0428571428571429,0.31555458903312683,0.8511962890625,-0.09716796875,0,0.06666667014360428,5,0.05649999901652336,0.14820000529289246,0.1559000015258789,-0.4682376980781555,-0.3633333444595337
12653036,2023,co_precise,annotated,1,459135,4947405,12600,0.0428571428571429,0.02082276903092861,1.0565185546875,0.108154296875,0,0,5,0.02129999920725822,0.05290000140666962,0.03739999979734421,-0.20257234573364255,1
12642177,2023,shallow_viz,annotated,1,457605,4947075,12600,0.0428571428571429,0.34845301508903503,0.74542236328125,-0.044189453125,0,0,5,0.06060000136494636,0.1356000006198883,0.15850000083446503,-0.495988667011261,-0.3519713282585144
12642417,2023,co_precise,annotated,1,457665,4947135,12600,0.0428571428571429,0.26660624146461487,0.75738525390625,-0.0322265625,0,0,5,0.0527999997138977,0.11599999666213988,0.1128000020980835,-0.4197608530521393,-0.2680850923061371
12642176,2023,dry,annotated,0,457635,4947135,12600,0.0428571428571429,0.45491284132003784,0.42718505859375,-0.3624267578125,0,0,5,0.08810000121593475,0.1868000030517578,0.25600001215934753,-0.4853865206241608,-0.48224112391471863
12642189,2023,dry,annotated,0,457635,4947075,12600,0.0428571428571429,0.3340376317501068,0.69720458984375,-0.0924072265625,0,0,5,0.04839999973773956,0.11060000211000444,0.08789999783039093,-0.28299492597579956,0.55509352684021
12642418,2023,dry,annotated,0,457665,4947015,12600,0.0428571428571429,0.3748246729373932,0.6226806640625,-0.16693115234375,0,0,5,0.07739999890327454,0.16019999980926514,0.21359999477863312,-0.4908527135848999,-0.4142114520072937
12641463,2023,co_precise,annotated,1,457515,4943655,26100,0.0413793103448276,0.10599927604198456,1.809814453125,0.15472412109375,0.0625,0.2666666805744171,5,0.03779999911785126,0.0601000003516674,0.07159999758005142,-0.32560214400291443,-0.07815631479024887
12640192,2023,dry,annotated,0,457365,4943715,26100,0.0413793103448276,0.42440494894981384,0.4345703125,-1.22052001953125,0,0,5,0.09939999878406525,0.241799995303154,0.3147999942302704,-0.5200386047363281,-0.4905747175216675
12641464,2023,dry,annotated,0,457515,4943595,26100,0.0413793103448276,0.42239993810653687,0.5208740234375,-1.13421630859375,0,0,5,0.10260000079870224,0.21279999613761905,0.3084000051021576,-0.4902150332927704,-0.4592673480510712
12641727,2023,dry,annotated,0,457575,4943655,26100,0.0413793103448276,0.517519474029541,0.8759765625,-0.77911376953125,0,0,5,0.08489999920129776,0.2045000046491623,0.2766999900341034,-0.5340285301208496,-0.5028248429298401
12642950,2023,co_precise,annotated,1,457725,4942905,41400,0.0478260869565217,0.02258733287453651,0.48016357421875,0.01995849609375,0,0,5,0.03440000116825104,0.08735000342130661,0.07765000313520432,-0.3396201431751251,0.2075471729040146
12643450,2023,dry,annotated,0,457815,4943355,41400,0.0478260869565217,0.02897441945970058,0.44976806640625,-0.01043701171875,0,0,5,0.05339999869465828,0.1273999959230423,0.1656000018119812,-0.538436233997345,-0.2869080901145935
12643635,2023,dry,annotated,0,457815,4943115,41400,0.0478260869565217,0.12110866606235504,0.36517333984375,-0.09503173828125,0,0,5,0.05784999951720238,0.13760000467300415,0.20035000145435333,-0.5441941618919373,-0.4978165924549103
12643800,2023,dry,annotated,0,457845,4942995,41400,0.0478260869565217,0.10482972860336304,0.35345458984375,-0.10675048828125,0,0,5,0.07509999722242355,0.18029999732971191,0.2768000066280365,-0.5673448443412781,-0.45394426584243774
21994686,2023,co_precise,annotated,1,538935,4801455,36000,0.0333333333333333,0,0.61798095703125,0.00207519531255684,0.6842105388641357,0.9230769276618958,4,0.05939999967813492,0.06629999727010727,0.08739999681711197,-0.12121212482452393,0.13516895473003387
21994794,2023,dry,annotated,0,538935,4801335,36000,0.0333333333333333,0,0.61798095703125,0.00207519531255684,1,1,4,0.06049999967217445,0.08449999988079071,0.09070000052452087,-0.1352762132883072,0.00498338881880044
21995021,2023,dry,annotated,0,539055,4801455,36000,0.0333333333333333,0,0.61798095703125,0.00207519531255684,0,0.6190476417541504,5,0.07774999737739563,0.1727499961853027,0.20524999499320984,-0.4604371190071106,-0.4133738577365875
21995430,2023,dry,annotated,0,539205,4801455,36000,0.0333333333333333,0,0.61798095703125,0.00207519531255684,0,0.5882353186607361,5,0.06109999865293503,0.11285000294446944,0.1610500067472458,-0.453434556722641,-0.34840700030326843
21994462,2023,co_precise,annotated,1,538845,4798065,145800,0.0164609053497942,0,1.379669189453125,0.004974365234375,0.523809552192688,1,5,0.03500000014901161,0.02565000019967556,0.02575000002980232,0.04591864719986915,0.3859060406684875
21993135,2023,dry,annotated,0,538365,4797675,145800,0.0164609053497942,0,1.379669189453125,0.004974365234375,0,0.625,5,0.04084999859333038,0.10305000096559525,0.1363999992609024,-0.527744710445404,-0.03953148052096367
21993576,2023,dry,annotated,0,538515,4797975,145800,0.0164609053497942,0,1.379669189453125,0.004974365234375,0,0.695652186870575,5,0.06449999660253525,0.12759999930858612,0.1507000029087067,-0.39408865571022034,-0.2182490825653076
21993766,2023,glint,annotated,0,538605,4798035,145800,0.0164609053497942,0,1.379669189453125,0.004974365234375,0,0.2083333283662796,5,0.0985499992966652,0.22605000436306,0.24404999613761905,-0.4391867220401764,-0.35569852590560913
21994557,2023,dry,annotated,0,538875,4798155,145800,0.0164609053497942,0,1.379669189453125,0.004974365234375,0,0,5,0.08429999649524689,0.22360000014305115,0.2485000044107437,-0.49338942766189575,-0.459231972694397
21988646,2023,dry,annotated,0,536835,4797495,51300,0.0233918128654971,0.9662936329841614,2.9915771484375,-0.28399658203125,0,0.3181818127632141,5,0.08209999650716782,0.2071000039577484,0.2110999971628189,-0.4399727284908294,-0.33269476890563965
21988863,2023,dry,annotated,0,536895,4797675,51300,0.0233918128654971,0.5954166650772095,2.670074462890625,-0.605499267578125,0.7083333134651184,0.95652174949646,5,0.06159999966621399,0.1535000056028366,0.13510000705718994,-0.38632750511169434,0.3255898356437683
21989185,2023,dry,annotated,0,537015,4797795,51300,0.0233918128654971,0.00193172413855791,2.439727783203125,-0.835845947265625,0.07999999821186066,0.782608687877655,5,0.05184999853372574,0.13429999351501465,0.15264999866485596,-0.5260045528411865,-0.23919308185577393
21988927,2023,co_precise,annotated,1,536925,4797765,51300,0.0233918128654971,0,2.439727783203125,-0.835845947265625,0.8947368264198303,1,4,0.03985000029206276,0.05609999969601631,0.06689999997615814,-0.240073099732399,-0.06067961081862449
22032409,2023,co_precise,annotated,1,535755,4789515,238500,0.0123270440251572,0.183049738407135,2.972259521484375,-1.7086181640625,0.1428571492433548,0.8947368264198303,5,0.04194999858736992,0.07684999704360962,0.10485000163316728,-0.3382745087146759,-0.25441092252731323
22032053,2023,dry,annotated,0,535395,4789725,238500,0.0123270440251572,0.6301065683364868,2.256072998046875,-2.4248046875,0.13793103396892548,0.10000000149011612,4,0.07020000368356705,0.19750000536441803,0.22390000522136688,-0.5465663075447083,-0.44966965913772583
22032663,2023,dry,annotated,0,536025,4789575,238500,0.0123270440251572,0.6197559833526611,0.8624267578125,-3.818450927734375,0.03703703731298447,0.0476190485060215,5,0.0763000026345253,0.2335000038146973,0.25589999556541443,-0.5320644378662109,-0.4814181923866272
22032843,2023,dry,annotated,0,536145,4789725,238500,0.0123270440251572,0.26693040132522583,2.737518310546875,-1.943359375,0.3199999928474426,0.7727272510528564,4,0.05649999901652336,0.12960000336170197,0.14890000224113464,-0.4544438123703003,-0.3743423819541931
22033336,2023,deep_viz,annotated,0,536535,4789695,130500,0.0170114942528736,0,3.734100341796875,0.678680419921875,1,1,3,0.05050000175833702,0.0426499992609024,0.02025000005960464,0.1898893415927887,0.78781658411026
22033402,2023,deep_viz,annotated,0,536565,4789845,130500,0.0170114942528736,0,3.734100341796875,0.678680419921875,1,1,3,0.03144999966025352,0.02575000002980232,0.02125000022351741,0.1899544596672058,0.8047722578048706
22033406,2023,dry,annotated,0,536565,4789575,130500,0.0170114942528736,0.658448338508606,0.190521240234375,-2.864898681640625,0,0,5,0.08860000222921371,0.23579999804496765,0.290800005197525,-0.53865814208984375,-0.4794069230556488
22033519,2023,co_precise,annotated,1,536625,4790055,130500,0.0170114942528736,0.05907684937119484,2.600616455078125,-0.454803466796875,0.8235294222831726,1,4,0.03099999949336052,0.02614999935030937,0.02380000054836273,0.09957271069288254,1
22033637,2023,deep_viz,annotated,0,536655,4789965,130500,0.0170114942528736,0.07672564685344696,3.22198486328125,0.16656494140625,1,1,2,0.02410000003874302,0.02800000086426735,0.01810000091791153,0.14012184739112854,0.7819268107414246
22033878,2023,dry,annotated,0,536805,4790085,130500,0.0170114942528736,0.2991654872894287,1.81182861328125,-1.24359130859375,0,0.699999988079071,5,0.08190000057220459,0.1687999963760376,0.19644999504089355,-0.3958007097244262,-0.33151018619537354
22033881,2023,dry,annotated,0,536835,4789905,130500,0.0170114942528736,0.5791968703269958,1.522216796875,-1.533203125,0,0.42105263471603394,5,0.0917000025510788,0.21150000393390656,0.23690000176429749,-0.43124666810035706,-0.3457556962966919
