spc_id,year,spc_type,selected_by,test_col,x,y,P.Sgreen,P.Snir,P.Snir.rg,N_savg,N_ctr,ovlp.area,dswe.area,elev.abv,postOcc,preOcc,dsweSept7
1168520,2021,dry,annotated,0,546945,5136615,0.06694199829101563,0.11842099609375,1.1825848780870435e-5,95.19078063964844,163.15463256835938,0,1800,-0.003326416015625,0.190476194024086,0.3333333432674408,5
1168512,2021,dry,annotated,0,546945,5135955,0.07116900024414062,0.1179449951171875,1.177491452217102e-5,122.48580932617188,76.99290466308594,900,9900,-0.031005859375,0.3846153914928436,0.3333333432674408,5
1168574,2021,dry,annotated,0,547005,5135925,0.06715900268554688,0.1153550048828125,1.151572055220604e-5,140.9751739501953,87.868988037109375,900,9900,-0.003082275390625,0.1538461595773697,0.3333333432674408,5
1168967,2021,dry,annotated,0,547185,5134815,0.10512099609375,0.216152001953125,2.159278176784515e-5,113.3383331298828,51.91514205932617,900,63900,-0.2530517578125,0,0,5
1169054,2021,em_veg,annotated,0,547245,5134755,0.06266500244140626,0.11743299560546876,1.1722501990795136e-5,86.0080795288086,108.58618927001952,900,63900,0.196868896484375,0.4583333432674408,0.3333333432674408,4
1169210,2021,em_veg,annotated,0,547275,5134875,0.07142899780273437,0.14371600341796875,1.4349524030685426e-5,130.13851928710938,142.54344177246094,900,63900,0.196868896484375,0.40740740299224854,1,5
1168742,2021,em_veg,random_draw,0,547095,5134455,0.072747998046875,0.1458530029296875,1.4563471963405607e-5,147.8569793701172,55.025333404541016,0,65700,-0.24639892578125,0,0,5
1168909,2021,em_veg,random_draw,0,547155,5134305,0.074702001953125,0.14145799560546876,1.4125985461473464e-5,90.25645446777344,23.939313888549805,0,65700,-0.600128173828125,0,0,5
1169102,2021,em_veg,random_draw,0,547245,5134365,0.05062799987792969,0.0638219970703125,6.368615897893906e-6,156.49130249023438,27.966073989868164,900,65700,0.04083251953125,0.20000000298023224,1,5
1169186,2021,em_veg,random_draw,0,547275,5134245,0.08473400268554687,0.15693399658203125,1.5674734964370725e-5,116.33413696289064,29.60302734375,900,65700,-0.59246826171875,0,0,5
1169346,2021,em_veg,random_draw,0,547335,5134035,0.05971199951171875,0.1023280029296875,1.0218852212429046e-5,142.07403564453125,48.203243255615234,900,65700,0.0306396484375,0,1,5
1169444,2021,em_veg,random_draw,0,547395,5134305,0.0657260009765625,0.129531005859375,1.2932354204654694e-5,120.4201202392578,62.93167495727539,0,65700,-0.149017333984375,0,0,5
1169526,2021,em_veg,random_draw,0,547425,5134185,0.06565499877929687,0.11763599853515624,1.174580870628357e-5,122.19026184082033,41.7743034362793,900,65700,-0.08428955078125,0,0,5
1169544,2021,em_veg,random_draw,0,547425,5134065,0.074775,0.14473900146484375,1.4455591702461243e-5,116.12467956542967,47.01080703735352,900,65700,-0.2840576171875,0,0.3333333432674408,5
1163197,2021,deep_viz,annotated,0,544365,5124765,0.04257099914550781,0.03140899963378906,5.711763305068016e-6,17.316740036010742,1.8096979856491089,900,694800,0.01995849609380684,1,1,1
1163205,2021,dry,annotated,0,544395,5124285,0.05085599975585937,0.05603400268554687,6.464644877910614e-6,22.07376289367676,17.728225708007813,900,694800,-3.967285155681566e-4,1,1,3
1163318,2021,dry,annotated,0,544425,5124165,0.084125,0.208822998046875,2.085724683523178e-5,139.20953369140625,95.799041748046875,0,694800,-0.36544799804681816,0,0,5
1164429,2021,em_veg,annotated,0,544695,5124945,0.08491400146484375,0.17933800048828125,1.7916770277023317e-5,114.28577423095705,175.17689514160156,900,694800,-0.14480590820306816,0.625,0.6666666865348816,5
1164583,2021,deep_viz,annotated,0,544725,5124225,0.04340400085449219,0.0308510009765625,6.259287685155869e-6,16.068729400634766,2.031773328781128,900,694800,0.01995849609380684,1,1,1
1164591,2021,deep_viz,annotated,0,544725,5123745,0.04336400146484375,0.03127000122070313,6.188083574771882e-6,17.416046142578125,3.0072031021118164,900,694800,0.01995849609380684,1,1,1
1164709,2021,glint,annotated,0,544755,5123415,0.09326400146484376,0.130431005859375,1.3030552701950072e-5,105.30936431884766,61.3975944519043,900,694800,-0.09835815429681816,0.04545454680919647,1,5
1164948,2021,dry,annotated,0,544785,5124105,0.05998699951171875,0.07821300048828125,7.80927415728569e-6,55.69379425048828,64.24481201171875,900,694800,-0.17453002929681816,1,1,3
1165175,2021,deep_water,random_draw,0,544875,5123265,0.0611469970703125,0.11858299560546876,1.1842923511266708e-5,61.575096130371094,115.8029556274414,900,126000,-0.0360107421875,0.47826087474823,0.3333333432674408,5
1165313,2021,deep_water,random_draw,0,544905,5123145,0.07233800048828125,0.14336700439453126,1.4318674334287642e-5,96.0742645263672,238.9551239013672,900,126000,0.064849853515625,0.6086956262588501,0.6666666865348816,5
1165677,2021,deep_water,random_draw,0,545025,5122845,0.04705799865722656,0.07959600219726562,7.946890867948531e-6,19.732402801513672,86.11316680908203,900,126000,0.056121826171875,0.5925925970077515,0.3333333432674408,5
1165724,2021,deep_water,random_draw,0,545025,5123295,0.07378300170898437,0.15564599609375,1.5542246723175047e-5,150.5556182861328,114.44277954101564,900,126000,-0.258087158203125,0.2083333283662796,0.3333333432674408,5
1165767,2021,deep_water,random_draw,0,545055,5123145,0.09336099853515624,0.19566700439453125,1.9546064624786376e-5,120.94615173339844,124.602294921875,0,126000,-0.09625244140625,0,0,5
1165797,2021,deep_water,random_draw,0,545055,5122965,0.0758510009765625,0.15255,1.5236709361076356e-5,85.37604522705078,168.1826171875,900,126000,-0.0694580078125,0.3703703582286834,0,5
1165929,2021,deep_water,random_draw,0,545175,5123325,0.10851199951171876,0.244002001953125,2.43826435649395e-5,145.94137573242188,17.527849197387695,0,126000,-0.11566162109375,0,0,5
1165957,2021,deep_water,random_draw,0,545205,5123445,0.06521699829101563,0.137818994140625,1.376981909751892e-5,158.8859405517578,13.41997528076172,900,126000,-0.03338623046875,0.07999999821186066,0,5
1165569,2021,deep_water,random_draw,0,544995,5123115,0.03367900085449218,0.03956900024414062,5.118792405128479e-6,1.7161117792129517,2.1330363750457764,900,126000,0.064849853515625,1,1,4
1165576,2021,deep_water,random_draw,0,544995,5123025,0.03670400085449218,0.04704299926757813,4.693587206602096e-6,1.1509666442871094,1.1145281791687012,900,126000,0.064849853515625,0.9200000166893004,1,5
1164644,2021,dry,annotated,0,544725,5122365,0.07524400024414063,0.16040999755859375,1.601845510959625e-5,107.66194152832033,322.42803955078125,900,49500,-0.05029296875,0.7692307829856873,0.25,4
2416684,2021,em_veg,random_draw,0,544785,5116515,0.07398499755859375,0.148668994140625,1.4846965271234511e-5,57.276729583740234,88.88068389892578,900,15300,0.071258544921875,0.04347826167941093,0,5
2416703,2021,em_veg,random_draw,0,544815,5116635,0.07632000122070312,0.15993599853515625,1.5972910203933717e-5,91.59686279296876,94.4434051513672,900,15300,0.03411865234375,0.119999997317791,0,5
2416540,2021,dry,annotated,0,544635,5110425,0.0992780029296875,0.2179179931640625,2.1767838366031647e-5,134.57054138183594,79.02091979980469,0,3600,-1.390228271484375,0,0.3333333432674408,5
2416792,2021,dry,annotated,0,544845,5110485,0.06513499755859375,0.1546719970703125,1.5437020082473754e-5,150.24073791503906,83.15367889404297,900,15300,0.00967407226556815,0.26923078298568726,0,5
2421622,2021,deep_water,random_draw,0,547125,5110065,0.06848699951171874,0.1259800048828125,1.2578799225091933e-5,54.190792083740234,91.5863265991211,900,38700,-0.04150390625005684,0.5454545617103577,0.75,5
2421675,2021,deep_water,random_draw,0,547155,5109825,0.09320599975585936,0.213452001953125,2.1320207545757296e-5,124.0359344482422,86.305511474609375,0,38700,-0.5057983398438068,0,0,5
2421836,2021,deep_water,random_draw,0,547185,5109945,0.04781900024414062,0.05206500244140625,5.193410414457321e-6,12.465461730957031,4.106240749359131,900,38700,0.02474975585931815,1,1,3
2421861,2021,deep_water,random_draw,0,547185,5110125,0.05573300170898437,0.08490800170898438,8.475240899324417e-6,46.742225646972656,52.997798919677734,900,38700,-0.02212524414068184,0.8181818127632141,1,4
2421148,2021,deep_water,random_draw,0,546975,5109585,0.07176300048828126,0.14689000244140624,1.4666933045387268e-5,111.6996612548828,53.1203498840332,900,49500,0.707427978515625,0.04545454680919647,0,5
2421483,2021,deep_water,random_draw,0,547095,5109525,0.0857239990234375,0.224077001953125,2.238523520231247e-5,106.93810272216795,27.114492416381836,900,49500,-1.619659423828125,0,0,5
2421837,2021,deep_water,random_draw,0,547185,5109435,0.0379260009765625,0.05628900146484375,5.613779625892639e-6,26.63312530517578,14.80639362335205,900,49500,0.64404296875,0.8181818127632141,0.5,3
2422014,2021,deep_water,random_draw,0,547215,5109525,0.04121000061035156,0.07073699951171875,7.056404963731766e-6,46.716705322265625,37.47383499145508,900,49500,0.638885498046875,1,0.75,3
2422028,2021,deep_water,random_draw,0,547245,5109345,0.03610299987792969,0.04647900085449218,4.635002366304397e-6,13.399035453796388,2.358116388320923,900,49500,0.64404296875,1,1,3
2422335,2021,deep_water,random_draw,0,547305,5109435,0.05591799926757812,0.10478499755859376,1.0459641116857529e-5,109.5292510986328,123.88241577148438,900,49500,0.632110595703125,0.8500000238418579,0.6666666865348816,4
2603107,2021,dry,annotated,0,549195,5108805,0.0840260009765625,0.17838299560546875,1.7816525883674623e-5,128.55899047851565,96.36205291748048,900,193500,-0.1536865234375,0.3684210479259491,1,5
2604489,2021,deep_water,random_draw,0,549615,5108475,0.06902899780273437,0.15749100341796876,1.5722387475967405e-5,99.98431396484376,213.5744171142578,900,2700,-0.09100341796875,0.095238097012043,0.6666666865348816,5
2604195,2021,dry,annotated,0,549495,5107905,0.0724719970703125,0.151527001953125,1.513193916797638e-5,133.57333374023438,114.514892578125,900,1800,0.00631713867193184,0.25,0.6666666865348816,5
2603353,2021,em_veg,annotated,0,549255,5107545,0.05467999877929688,0.1144280029296875,1.142030321121216e-5,101.7930679321289,126.44932556152344,900,28800,0.032623291015625,0.4000000059604645,0.6666666865348816,5
2603384,2021,dry,annotated,0,549285,5107455,0.1084760009765625,0.2474659912109375,2.472458524703979e-5,131.49285888671875,53.52687072753906,0,28800,-0.192657470703125,0.22727273404598236,0.6666666865348816,5
2603649,2021,em_veg,annotated,0,549345,5107605,0.05254600219726562,0.10610799560546876,1.0589452407360075e-5,135.00326538085938,153.0504913330078,900,28800,0.0379638671875,0.6842105388641357,1,4
2603784,2021,em_veg,annotated,0,549375,5107515,0.08028900146484375,0.1684219970703125,1.6821582894325256e-5,139.45571899414065,125.61363220214844,900,28800,-0.193084716796875,0.5789473652839661,1,5
2603925,2021,dry,annotated,0,549435,5107605,0.11811400146484374,0.2664550048828125,2.6623584928512573e-5,139.48980712890625,48.80221176147461,0,28800,-0.18585205078125,0,0.3333333432674408,5
2604461,2021,dry,annotated,0,549585,5105925,0.07321199951171875,0.1529969970703125,1.5279131574630735e-5,124.45954895019533,38.62510299682617,0,577800,-0.759490966796875,0,0,5
2604471,2021,dry,annotated,0,549585,5106075,0.05376199951171875,0.09603200073242188,9.587882112264631e-6,118.1348114013672,205.25091552734375,900,577800,0.054718017578125,0.7142857313156128,1,5
2605300,2021,dry,annotated,0,549795,5106015,0.077277001953125,0.1572469970703125,1.5706302032470704e-5,92.9649887084961,57.839874267578125,0,577800,-0.31256103515625,0,0,5
2604836,2021,dry,annotated,0,549705,5105235,0.05874000244140625,0.12258499755859376,1.2245354697704316e-5,117.5828094482422,45.13844299316406,900,4500,0.00396728515625,0.03703703731298447,0.75,5
2605039,2021,em_veg,annotated,0,549765,5104755,0.08079099731445312,0.181281005859375,1.8105380589962005e-5,126.53965759277344,107.03158569335938,900,15300,-0.082550048828125,0.27272728085517883,0.3333333432674408,5
2605302,2021,em_veg,annotated,0,549795,5104665,0.05090499877929688,0.090852001953125,9.068659974336624e-6,100.40563201904295,139.0745086669922,900,15300,0.065460205078125,0.44999998807907104,0.3333333432674408,5
2603918,2021,dry,annotated,0,549405,5103705,0.07186799926757813,0.14500899658203126,1.4478555030822754e-5,150.64747619628906,107.86927795410156,900,14400,0.059844970703125,0.30000001192092896,0.6666666865348816,5
2604816,2021,em_veg,annotated,0,549675,5101335,0.09043800048828124,0.213706005859375,2.134445470571518e-5,140.7308349609375,83.347991943359375,0,27900,-0.087249755859375,0.2857142984867096,0.75,4
2605317,2021,em_veg,annotated,0,549795,5101305,0.07954099731445312,0.18241800537109376,1.821737216711044e-5,118.81581115722656,103.16979217529295,900,27900,-0.092071533203125,0.4736842215061188,0.75,4
2605627,2021,em_veg,annotated,0,549885,5101305,0.0515780029296875,0.09475,9.457228469848634e-6,55.68571472167969,68.971099853515625,900,27900,0.081268310546875,0.9047619104385376,0.5,3
2604381,2021,dry,annotated,0,549585,5100915,0.0804510009765625,0.18123199462890624,1.8101470868587497e-5,102.0555648803711,120.78455352783205,900,4500,-0.108856201171875,0.3125,0.5,5
2604474,2021,dry,annotated,0,549615,5100975,0.104127001953125,0.2418510009765625,2.416149932146073e-5,150.34617614746094,55.34941101074219,0,4500,-0.64300537109375,0,0,5
2604536,2021,deep_water,random_draw,0,549615,5100285,0.09451199951171876,0.2093840087890625,2.091482689142227e-5,117.61013793945313,137.6394500732422,900,17100,-0.081573486328125,0.3913043439388275,1,5
2604968,2021,deep_water,random_draw,0,549735,5100315,0.07860399780273437,0.16301400146484374,1.627972309112549e-5,115.36956787109376,222.48680114746097,900,17100,-0.02294921875,0.5714285969734192,0.3333333432674408,5
2603945,2021,em_veg,annotated,0,549405,5100105,0.07446500244140625,0.16386700439453125,1.6360322065353393e-5,119.47293853759766,128.24044799804688,900,7200,-0.011383056640625,0.1818181872367859,0.25,5
2604146,2021,em_veg,annotated,0,549495,5100075,0.08661099853515625,0.19808499755859377,1.978097305059433e-5,133.18545532226565,130.8241424560547,900,7200,-0.0108642578125,0.1304347813129425,0.25,5
2604857,2021,deep_water,random_draw,0,549705,5099505,0.03647900085449219,0.05467999877929688,5.4532369792461394e-6,13.037073135375977,6.704281806945801,900,19800,0.043060302734375,0.949999988079071,0.800000011920929,3
2604940,2021,deep_water,random_draw,0,549735,5099625,0.08764600219726562,0.2084929931640625,2.0825419962406157e-5,129.36221313476565,87.115814208984375,0,19800,-0.2947998046875,0.4000000059604645,0,5
2604791,2021,deep_water,random_draw,0,549675,5099235,0.05757899780273437,0.09586699829101562,9.567896072864531e-6,63.92854309082031,46.204307556152344,900,220500,0.035064697265625,0.9047619104385376,0.800000011920929,3
2604881,2021,deep_water,random_draw,0,549705,5099355,0.06164400024414062,0.11601099853515626,1.1581459258794785e-5,63.48032760620117,54.183868408203125,900,220500,-0.0081787109375,0.6190476417541504,0.4000000059604645,5
2605371,2021,deep_water,random_draw,0,549825,5099355,0.04519599914550781,0.04416600036621094,5.438656234741211e-6,19.364246368408203,18.832351684570313,900,220500,0.05877685546875,1,1,3
2605373,2021,deep_water,random_draw,0,549825,5099235,0.07063800048828126,0.1302760009765625,1.3008575994968411e-5,91.75495910644533,79.2500991821289,900,220500,-0.606048583984375,1,1,4
2605845,2021,deep_water,random_draw,0,549945,5099475,0.04391600036621094,0.04889700012207031,5.390246433019638e-6,23.261415481567383,9.13720989227295,900,220500,0.05877685546875,1,1,3
2605874,2021,deep_water,random_draw,0,549945,5099325,0.04390199890136719,0.04587699890136718,5.657523232102394e-6,16.902738571166992,16.885610580444336,900,220500,0.05877685546875,1,1,3
2606045,2021,deep_water,random_draw,0,549975,5099655,0.04661600036621093,0.05930999755859375,5.918062711954117e-6,49.581275939941406,20.980674743652344,900,220500,0.05877685546875,0.8888888955116272,1,3
2606270,2021,deep_water,random_draw,0,550035,5099535,0.04334100036621093,0.04009400024414062,5.8066509711742406e-6,16.02973175048828,9.91927433013916,900,220500,0.05877685546875,1,1,1
2606398,2021,deep_water,random_draw,0,550065,5099415,0.09634000244140624,0.19990400390625,1.9967196271419524e-5,120.30883026123048,77.80529022216797,900,220500,-0.504669189453125,0.4545454680919647,0.6000000238418579,5
2606414,2021,deep_water,random_draw,0,550065,5099655,0.1084280029296875,0.231681005859375,2.314611936569214e-5,144.43490600585938,54.94034194946289,0,220500,0.05877685546875,0.6842105388641357,1,4
2604161,2021,dry,annotated,0,549495,5097255,0.113331005859375,0.24319599609375,2.429790444612503e-5,126.81934356689452,38.02997970581055,0,162000,-1.130035400390625,0,0,5
2604411,2021,dry,annotated,0,549585,5097945,0.10415,0.2204330078125,2.2021480040550233e-5,114.6777114868164,48.83082580566406,0,162000,-0.563690185546875,0,0,5
2605081,2021,dry,annotated,0,549765,5097435,0.0608719970703125,0.111556005859375,1.1136803669929505e-5,88.92301940917969,55.67445755004883,900,162000,0.029571533203125,0.699999988079071,1,4
2604562,2021,em_veg,annotated,0,549615,5095965,0.0811719970703125,0.1506969970703125,1.5042542688846588e-5,146.8466796875,85.279693603515625,900,8100,0.002532958984375,0.25,0.75,4
2604648,2021,dry,annotated,0,549645,5095995,0.08952999877929688,0.1861449951171875,1.858547730922699e-5,137.10154724121094,76.39730072021484,900,8100,-0.070404052734375,0.06666667014360428,0.5,5
2602718,2021,em_veg,annotated,0,549105,5095875,0.04636000061035156,0.08801699829101563,8.779537036418914e-6,110.66392517089844,125.05628967285156,900,5400,0.053192138671875,0.8500000238418579,0.5,4
2602609,2021,em_veg,annotated,0,549075,5095425,0.04980700073242188,0.08130999755859375,8.114182945489884e-6,107.82803344726564,143.4772491455078,900,351900,0.04010009765625,1,1,3
2602772,2021,dry,annotated,0,549135,5095335,0.10064400024414062,0.23254599609375,2.323079467535019e-5,127.58056640625,63.42219161987305,0,351900,-0.181640625,0,1,5
2602840,2021,em_veg,annotated,0,549105,5095545,0.04668500061035156,0.06853800048828125,6.8418544602394105e-6,67.10921478271484,124.1709442138672,900,351900,0.04010009765625,1,1,3
2603369,2021,dry,annotated,0,549255,5095485,0.09894000244140624,0.2112219970703125,2.1100450806617735e-5,113.30819702148438,42.49026870727539,0,351900,-0.487548828125,0,0,5
2603567,2021,em_veg,annotated,0,549315,5095395,0.04649500122070312,0.07538200073242188,7.517294237613678e-6,73.03221893310547,73.01290130615234,900,351900,0.0352783203125,0.7727272510528564,1,4
9283807,2021,dry,annotated,0,548895,5095425,0.1124989990234375,0.25661201171875,2.563700836896896e-5,144.35284423828125,49.69401550292969,0,351900,-0.536865234375,0,0,5
2605940,2021,deep_water,random_draw,0,549975,5095335,0.10607900390625,0.2120580078125,2.118162754535675e-5,107.26757049560548,56.289310455322266,900,23400,-0.0865478515625,0.23529411852359772,1,5
2606356,2021,deep_water,random_draw,0,550035,5095245,0.0980760009765625,0.18861700439453125,1.8837590372562407e-5,108.20448303222656,76.78340148925781,900,23400,-0.18963623046875,0.5,0.6666666865348816,4
2606382,2021,deep_water,random_draw,0,550035,5095365,0.08195599975585938,0.15550899658203124,1.552411611557007e-5,104.8978042602539,114.40702056884766,900,23400,-6.40869140625e-4,0.46666666865348816,0.75,5
2607059,2021,deep_water,random_draw,0,550125,5095275,0.05916099853515625,0.09198599853515624,9.17411518573761e-6,46.91120147705078,50.888153076171875,900,23400,0.076263427734375,0.5,0.75,3
2607609,2021,deep_water,random_draw,0,550245,5095215,0.096825,0.20164100341796876,2.01420166683197e-5,111.85797119140624,83.00757598876953,0,23400,-0.390960693359375,0,0.75,5
2606274,2021,deep_water,random_draw,0,550035,5095065,0.07055,0.114806005859375,1.1459199559688568e-5,63.7607307434082,127.3051300048828,900,34200,0.067230224609375,0.4375,0.6666666865348816,5
2606680,2021,deep_water,random_draw,0,550095,5095185,0.10031799926757812,0.1854219970703125,1.8517414577007292e-5,105.390869140625,137.22601318359375,0,34200,-0.024871826171875,0.0833333358168602,0.6666666865348816,5
2607303,2021,deep_water,random_draw,0,550185,5095155,0.07258400268554688,0.181568994140625,1.813110700368881e-5,106.81159973144533,49.51201629638672,900,34200,-0.108734130859375,0.2857142984867096,0.75,5
2607637,2021,deep_water,random_draw,0,550245,5095035,0.03275,0.07552000122070313,7.527520873546601e-6,36.426963806152344,42.77409362792969,900,34200,0.125213623046875,0.8500000238418579,0.6666666865348816,3
2608434,2021,deep_water,random_draw,0,550335,5095095,0.06135499877929688,0.15625999755859374,1.5596028444767e-5,91.09113311767578,71.1525650024414,0,34200,-0.048309326171875,0.3684210479259491,0.4000000059604645,5
2622333,2021,em_veg,annotated,0,552435,5094795,0.07993599853515625,0.17698199462890624,1.7667828595638275e-5,154.65013122558594,9.911048889160156,0,56700,-0.148956298828125,0,0,5
2622580,2021,em_veg,annotated,0,552465,5094975,0.06842899780273437,0.15278399658203126,1.5251686470508574e-5,142.31175231933594,34.09644317626953,900,56700,-0.021697998046875,0.30000001192092896,1,5
2622737,2021,dry,annotated,0,552495,5094825,0.07372100219726563,0.1626300048828125,1.623662546634674e-5,134.04180908203125,42.44623565673828,900,56700,-0.027374267578125,0,1,5
2624715,2021,dry,annotated,0,552765,5094945,0.1127050048828125,0.266764990234375,2.66472531914711e-5,136.54360961914065,92.571441650390625,0,134100,-0.9002685546875,0,0,5
2625172,2021,dry,annotated,0,552855,5095155,0.118043994140625,0.2607110107421875,2.6046659011840823e-5,118.17251586914064,124.12381744384766,0,134100,-0.279510498046875,0,0,5
2626636,2021,dry,annotated,0,553065,5095005,0.07019299926757812,0.17414599609375,1.7383366668224333e-5,114.01363372802734,102.1349868774414,900,134100,-0.61883544921875,1,0.8333333134651184,4
2635722,2021,deep_water,random_draw,0,554535,5094945,0.06913900146484375,0.17481199951171875,1.7457881147861482e-5,110.79463958740234,129.13671875,0,1800,-0.02093505859375,0.10000000149011612,0.25,5
2635752,2021,em_veg,random_draw,0,554535,5094765,0.03575799865722656,0.06571199951171874,6.552343178987504e-6,47.29645919799805,66.97254943847656,900,118800,0.041015625,0.9523809552192688,1,3
2635954,2021,em_veg,random_draw,0,554535,5094525,0.0573030029296875,0.134452001953125,1.3421924288272856e-5,88.00627136230469,116.4629898071289,900,118800,-0.0462646484375,0.8695651888847351,0.800000011920929,4
2636083,2021,em_veg,random_draw,0,554565,5094675,0.03266099853515625,0.05436099853515625,5.418253916501999e-6,51.15190505981445,96.14680480957033,900,118800,0.0411376953125,1,1,3
2636659,2021,em_veg,random_draw,0,554625,5094615,0.0700280029296875,0.17828699951171875,1.7802586505413057e-5,113.9159927368164,106.80091094970705,900,118800,-0.182159423828125,0.8260869383811951,0.6666666865348816,4
2637195,2021,em_veg,random_draw,0,554685,5094945,0.03296400146484375,0.065327001953125,6.5117830729484555e-6,66.951202392578125,110.0635757446289,900,118800,0.040252685546875,1,1,3
2637196,2021,em_veg,random_draw,0,554685,5094825,0.0269239990234375,0.03785,3.7681400787830353e-06,36.674930572509766,1.016126036643982,900,118800,0.0411376953125,1,1,1
2637497,2021,em_veg,random_draw,0,554715,5095095,0.04491000061035156,0.1003489990234375,1.0012288415431976e-5,64.58058166503906,85.14148712158203,900,118800,0.0181884765625,0.7222222089767456,0.20000000298023224,3
2637553,2021,em_veg,random_draw,0,554715,5094705,0.04777300109863281,0.10861400146484376,1.0841022386550904e-5,86.92511749267578,151.77304077148438,900,118800,-0.047393798828125,0.9411764740943908,1,4
2638767,2021,em_veg,random_draw,0,554835,5094825,0.03032699890136718,0.05535599975585938,5.517938946485519e-6,48.44081115722656,55.88165664672851,900,118800,0.04052734375,0.9375,1,3
2639131,2021,em_veg,random_draw,0,554835,5094915,0.02869700012207031,0.04065599975585937,4.047508610486984e-6,36.70335388183594,0.8972166180610657,900,118800,0.0411376953125,1,1,1
2636454,2021,dry,annotated,0,554565,5094075,0.05614099731445313,0.13658399658203124,1.363401960849762e-5,102.77743530273438,58.521263122558594,900,10800,-0.031402587890625,0.5263158082962036,0.4000000059604645,4
2634960,2021,deep_water,random_draw,0,554415,5092995,0.05973900146484375,0.12848399658203125,1.2827848007678985e-5,94.62506866455078,90.421142578125,900,56700,-0.018218994140625,0.7200000286102295,1,4
2635725,2021,deep_water,random_draw,0,554505,5093175,0.03470299987792968,0.0655010009765625,6.5279666757583625e-6,52.044342041015625,28.998994827270508,900,56700,0.064239501953125,0.9230769276618958,1,3
2636252,2021,deep_water,random_draw,0,554565,5092965,0.02989599914550781,0.057002001953125,5.680179300308227e-6,47.729248046875,13.469124794006348,900,56700,0.073486328125,0.9230769276618958,1,3
2636456,2021,deep_water,random_draw,0,554595,5093055,0.02455599975585937,0.03536799926757812,3.701825702190399e-6,31.9851131439209,1.4617397785186768,900,56700,0.07366943359375,1,1,1
2636800,2021,deep_water,random_draw,0,554625,5093145,0.04686400146484375,0.09073900146484376,9.05585561990738e-6,94.58448028564452,61.71932220458984,900,56700,0.009735107421875,0.8799999952316284,0.75,3
2636128,2021,deep_water,random_draw,0,554565,5091825,0.05618699951171875,0.1408449951171875,1.4066196273565292e-5,102.0601043701172,69.33136749267578,0,900,-0.034820556640625,0.1304347813129425,0.2857142984867096,5
2900125,2021,em_veg,random_draw,0,553995,5089185,0.0740530029296875,0.15959300537109375,1.593606780052185e-5,151.0308074951172,37.84575271606445,0,35100,-0.018096923828125,0,0.5,5
2900249,2021,em_veg,random_draw,0,554055,5089065,0.0859760009765625,0.19001300048828124,1.8979054937362672e-5,140.4404296875,50.81680679321289,900,35100,-0.137725830078125,0,0.5,5
2900716,2021,em_veg,random_draw,0,554145,5089275,0.09309299926757812,0.1956239990234375,1.953979960680008e-5,136.43870544433594,24.10952377319336,0,35100,-0.399444580078125,0,0,5
2900767,2021,em_veg,random_draw,0,554145,5089155,0.01758000030517578,0.03700400085449219,3.6811796665191657e-6,118.15446472167967,111.06768798828124,900,35100,0.02142333984375,0.3571428656578064,0.6666666865348816,5
2901264,2021,em_veg,random_draw,0,554235,5089095,0.1035510009765625,0.21695,2.1670344858169555e-5,140.69454956054688,23.22294235229492,0,35100,-0.50885009765625,0,0,5
2900732,2021,em_veg,random_draw,0,554145,5088525,0.082672998046875,0.1869469970703125,1.8670777456760407e-5,131.07565307617188,83.948699951171875,900,29700,-0.29986572265625,0.29032257199287415,0.8571428656578064,5
2900902,2021,em_veg,random_draw,0,554175,5088645,0.02507100067138672,0.05114200134277343,5.093093981742859e-6,66.640594482421875,24.428977966308594,900,29700,0.070831298828125,1,1,3
2901451,2021,em_veg,random_draw,0,554265,5088765,0.02504199981689453,0.0515530029296875,5.134281530380249e-6,58.28800964355469,20.333972930908203,900,29700,0.070831298828125,0.8888888955116272,0.6666666865348816,3
2901585,2021,em_veg,random_draw,0,554265,5088675,0.04240400085449219,0.1067780029296875,1.065314059495926e-5,112.72307586669922,55.158992767333984,900,29700,0.004669189453125,0.9629629850387572,0.8571428656578064,4
2900203,2021,em_veg,annotated,0,554025,5087235,0.04368999938964844,0.09109000244140623,9.086571593284608e-6,98.50139617919922,119.84500122070313,900,7200,0.031005859375,0.48148149251937866,0.3333333432674408,4
2900405,2021,em_veg,annotated,0,554085,5087265,0.04835899963378906,0.1002219970703125,9.999216966629029e-6,104.3362808227539,94.5417022705078,900,7200,0.021026611328125,0.7037037014961243,0.4000000059604645,4
2900680,2021,dry,annotated,0,554085,5087235,0.07473200073242188,0.16155699462890624,1.6133614344596865e-5,140.2042236328125,98.250396728515625,900,7200,-0.034149169921875,0.5925925970077515,0.4000000059604645,4
2897378,2021,dry,annotated,0,553245,5086845,0.079022998046875,0.18245799560546871,1.8222390310764313e-5,135.82655334472656,97.92493438720705,900,55800,0.113861083984375,0.3703703582286834,0.2857142984867096,5
2897745,2021,co_precise,annotated,1,553365,5086305,0.04899299926757812,0.100897998046875,1.0076687871217727e-5,97.52014923095705,18.705530166625977,900,12600,0.0218505859375,0.25,0.5714285969734192,5
2896605,2021,em_veg,annotated,0,553065,5083335,0.055272998046875,0.12477900390625,1.245690852880478e-5,127.41255950927734,89.1789779663086,900,21600,-0.112274169921875,0.1315789520740509,0.8888888955116272,5
2896612,2021,em_veg,annotated,0,553065,5083425,0.04273200073242187,0.09096699829101562,9.078776696920394e-6,103.92484283447266,139.42193603515625,900,21600,0.0458984375,0.6571428775787354,1,5
2897013,2021,em_veg,annotated,0,553125,5083335,0.06281099853515625,0.138681005859375,1.384681015253067e-5,136.53111267089844,74.87566375732422,900,21600,0.0458984375,0.21052631735801697,0.8888888955116272,5
2898746,2021,dry,annotated,0,553695,5083155,0.09019299926757812,0.1992300048828125,1.9901709656715395e-5,147.7026824951172,37.45869827270508,0,6300,-0.6299743652343182,0,0.25,5
2898886,2021,dry,annotated,0,553725,5083245,0.0429989990234375,0.098527001953125,9.83120111465454e-6,152.18695068359375,70.36601257324219,900,6300,0.03771972656255684,0,0.5714285969734192,5
2897288,2021,hugo_precise,annotated,1,553245,5082555,0.0587219970703125,0.127727001953125,1.2735044221878052e-5,164.2950439453125,51.74986267089844,900,108900,-0.02679443359375,0,0.7142857313156128,5
2897168,2021,dry,annotated,0,553215,5082555,0.06047100219726562,0.135718994140625,1.353459228515625e-5,155.48416137695313,106.57943725585938,900,108900,0.056060791015625,0,1,5
2897270,2021,em_veg,annotated,0,553215,5082765,0.04486400146484375,0.1022219970703125,1.020256038069725e-5,73.417633056640625,104.8139190673828,900,108900,0.058563232421875,0.9696969985961914,0.875,4
2897356,2021,dry,annotated,0,553245,5082585,0.07447100219726563,0.152993994140625,1.5261385891437533e-5,137.3259735107422,74.55475616455078,900,108900,-0.051513671875,0,0.5714285969734192,5
2897547,2021,glint,annotated,0,553305,5082945,0.10486800537109375,0.1835699951171875,1.8322530624866483e-5,127.7348861694336,48.501068115234375,900,108900,-0.643402099609375,0,0,5
2897613,2021,em_veg,annotated,0,553305,5082615,0.04985799865722656,0.112752001953125,1.1254435384273528e-5,93.8419952392578,115.7342300415039,900,108900,0.058563232421875,0.96875,1,4
2897895,2021,dry,annotated,0,553395,5082465,0.08649099731445313,0.268197998046875,2.6776736345291137e-5,182.29763793945313,2.0902256965637207,900,108900,-0.7401123046875,0,0,5
2898102,2021,em_veg,annotated,0,553425,5082555,0.06523599853515626,0.138368994140625,1.3815818512439727e-5,71.14324188232422,79.34874725341797,900,108900,-0.081756591796875,0.7714285850524902,0.20000000298023224,4
2896719,2021,em_veg,annotated,0,553065,5081895,0.05341599731445312,0.1162469970703125,1.1604112577438356e-5,86.26116180419922,122.09849548339844,900,45000,0.03143310546875,0.4838709533214569,0.5,5
2897071,2021,em_veg,annotated,0,553185,5081865,0.038620001220703123,0.0829469970703125,8.276352279186248e-6,49.221343994140625,79.80653381347656,900,45000,0.03143310546875,0.5161290168762207,0.75,5
2897420,2021,em_veg,annotated,0,553275,5082015,0.032825,0.0682030029296875,6.803333064317703e-6,41.99031829833984,85.2155990600586,900,45000,0.03143310546875,0.800000011920929,0.8333333134651184,4
2897964,2021,em_veg,annotated,0,553395,5080935,0.069277001953125,0.16631199951171874,1.660746697425842e-5,136.2615966796875,98.912841796875,900,1800,-0.069915771484375,0.02702702768146991,0.5714285969734192,5
2898974,2021,dry,annotated,0,553785,5079855,0.08124000244140625,0.16717099609375,1.668872971534729e-5,88.13312530517578,18.04075050354004,0,13500,-0.02539062500005684,0,0.625,5
2899047,2021,dry,annotated,0,553785,5079915,0.06516199951171875,0.127393994140625,1.2717548303604126e-5,88.340911865234375,12.188968658447266,900,13500,-0.00256347656255684,0,0.75,5
2896340,2021,deep_water,random_draw,0,552975,5080065,0.02373300018310547,0.02560599975585937,3.781850060820579e-6,19.88330078125,0.5228292346000671,900,435600,-0.086456298828125,1,1,1
2896409,2021,deep_water,random_draw,0,553005,5079885,0.02484700012207031,0.02985899963378906,3.978737536668778e-6,18.303558349609375,0.407002717256546,900,435600,-0.096282958984375,1,1,1
2896411,2021,deep_water,random_draw,0,553005,5079435,0.03558999938964843,0.06591099853515625,6.579671535491944e-6,63.2581672668457,38.28084564208984,900,435600,0.063568115234375,1,1,4
2896532,2021,deep_water,random_draw,0,553035,5079675,0.02431699981689453,0.0269260009765625,4.896993491649628e-6,20.686792373657227,1.1853818893432615,900,435600,0.063568115234375,1,1,1
2896559,2021,deep_water,random_draw,0,553035,5079525,0.02557599945068359,0.02973800048828125,4.677631039619446e-6,19.319887161254883,0.5100911259651184,900,435600,0.063568115234375,1,1,1
2896712,2021,deep_water,random_draw,0,553095,5079405,0.09033699951171877,0.2094080078125,2.091369440555573e-5,88.04094696044922,10.78464698791504,900,435600,-0.088043212890625,0.03448275849223137,0.1428571492433548,5
2896782,2021,deep_water,random_draw,0,553095,5080035,0.02641400146484375,0.03226499938964843,3.731652262806892e-6,19.076736450195313,0.44791293144226074,900,435600,-0.086456298828125,1,1,1
2896807,2021,deep_water,random_draw,0,553095,5079915,0.1140530029296875,0.226802001953125,2.265829138994217e-5,92.47814178466795,20.05438995361328,0,435600,-0.53515625,0.06060606241226196,0.4285714328289032,5
2896963,2021,deep_water,random_draw,0,553125,5079585,0.06588900146484375,0.1352449951171875,1.3503683156967165e-5,70.53294372558594,28.533409118652344,900,435600,-0.444488525390625,0.7272727489471436,0.8571428656578064,4
2897247,2021,deep_water,random_draw,0,553215,5079975,0.1256989990234375,0.2349219970703125,2.34707936668396e-5,80.93373107910156,24.653453826904297,0,435600,-0.602691650390625,0,0,5
2898531,2021,em_veg,annotated,0,553635,5079345,0.083077001953125,0.1810699951171875,1.809251741051674e-5,55.309593200683594,6.886609077453613,900,105300,0.11907958984375,0.02702702768146991,0.8333333134651184,5
2898853,2021,em_veg,annotated,0,553755,5079435,0.04918900146484375,0.11618800048828123,1.1606584365367888e-5,42.411163330078125,2.6870205402374268,900,105300,0.1741943359375,0.02631578966975212,0.125,5
2898923,2021,em_veg,annotated,0,553755,5079255,0.08986799926757813,0.220025,2.1983679195642473e-5,65.34272003173828,3.286190986633301,0,105300,0.01470947265625,0,0.3333333432674408,5
2898574,2021,dry,annotated,0,553635,5078235,0.05054800109863281,0.11829300537109376,1.180798458814621e-5,111.32821655273438,6.438449859619141,0,45900,-1.78973388671875,0,0,5
2898604,2021,dry,annotated,0,553665,5078295,0.06308400268554687,0.1206010009765625,1.2040349315404893e-5,88.77783203125,14.961236953735352,900,45900,-0.319305419921875,0.12121212482452393,0.2222222238779068,5
2898715,2021,dry,annotated,0,553695,5078355,0.05406500244140625,0.13210400390625,1.3187876234054564e-5,130.8356170654297,4.193972587585449,0,45900,-1.78271484375,0,0,5
2896471,2021,deep_water,random_draw,0,553005,5077695,0.0315510009765625,0.0680989990234375,6.7944720184803006e-6,37.076297760009766,27.839296340942383,900,73800,1.220703125e-4,0.9428571462631226,1,3
2896593,2021,deep_water,random_draw,0,553065,5077815,0.08845800170898438,0.16663199462890624,1.6638695769309997e-5,103.17741394042967,26.032886505126953,0,73800,-0.03839111328125,0.02857142873108387,0,5
2897051,2021,deep_water,random_draw,0,553155,5077635,0.05718400268554687,0.12683499755859376,1.2659766247272493e-5,80.56010437011719,28.28970718383789,900,73800,1.220703125e-4,0.5151515007019043,0.8571428656578064,4
2897180,2021,deep_water,random_draw,0,553215,5077755,0.0499989990234375,0.107806005859375,1.0756242716312408e-5,79.9380111694336,25.407094955444336,900,73800,1.52587890625e-4,0.25925925374031067,0.5,5
2897476,2021,deep_water,random_draw,0,553275,5077665,0.0323510009765625,0.0671,6.690411803722382e-6,71.18440246582031,44.30678176879883,900,73800,1.220703125e-4,1,1,4
2897568,2021,deep_water,random_draw,0,553305,5077755,0.03658900146484375,0.0723760009765625,7.213411700725556e-6,90.87638854980467,21.5698299407959,900,73800,1.220703125e-4,0.40740740299224854,0.8571428656578064,5
2897928,2021,deep_water,random_draw,0,553395,5077695,0.03288399963378906,0.0629260009765625,6.269250359535217e-6,80.20384979248047,26.21637725830078,900,73800,1.220703125e-4,0.3076923191547394,0.4285714328289032,5
2897742,2021,em_veg,annotated,0,553335,5077215,0.04921199951171875,0.110497998046875,1.1025783531665802e-5,78.53560638427734,37.567195892333984,900,34200,5.187988280681566e-4,0.3793103396892547,0.6666666865348816,4
2897899,2021,dry,annotated,0,553395,5077305,0.07851699829101562,0.19385799560546876,1.9360670418739317e-5,79.32144927978516,25.909116744995117,0,34200,5.187988280681566e-4,0.03703703731298447,0.6666666865348816,5
2897901,2021,em_veg,annotated,0,553395,5077125,0.04631600036621094,0.10491099853515624,1.0469108045101168e-5,64.68339538574219,37.007080078125,900,34200,5.187988280681566e-4,0.6666666865348816,0.7142857313156128,4
2898155,2021,dry,annotated,0,553455,5077005,0.06890499877929687,0.16546300048828125,1.6520570948123934e-5,130.1823272705078,12.716501235961914,900,34200,5.187988280681566e-4,0,0.5,5
2898274,2021,em_veg,annotated,0,553485,5077095,0.05224500122070312,0.11391600341796874,1.1367932415008544e-5,77.37366485595703,46.98223114013672,900,34200,-1.5258789068184342e-4,0.84375,0.6666666865348816,4
2896854,2021,deep_water,random_draw,0,553125,5076525,0.02116499938964844,0.02651499938964843,3.103606028556823e-6,9.992963790893556,0.30403274297714233,900,221400,0.02471923828125,1,1,1
2896887,2021,deep_water,random_draw,0,553125,5076435,0.02126199951171875,0.0274239990234375,3.138686915040016e-6,9.682799339294434,0.32326140999794006,900,221400,0.02471923828125,1,1,1
2897093,2021,deep_water,random_draw,0,553185,5076675,0.01925399932861328,0.02563800048828125,3.605992994904518e-6,7.716629028320312,0.4191412329673767,900,221400,0.02471923828125,1,1,1
2897249,2021,deep_water,random_draw,0,553215,5076765,0.01969499969482422,0.027425,2.973715190887451e-6,7.139929294586182,0.4761582314968109,900,221400,0.02471923828125,1,1,1
2897279,2021,deep_water,random_draw,0,553215,5076405,0.05963400268554687,0.13319300537109374,1.3298128790855409e-5,75.06434631347656,25.816179275512695,900,221400,0.02471923828125,0.3333333432674408,0.4000000059604645,5
2897349,2021,deep_water,random_draw,0,553245,5076525,0.0199240005493164,0.02305899963378906,3.2045299696922302e-6,8.0764799118042,0.3710801005363464,900,221400,0.02471923828125,1,1,1
2897375,2021,deep_water,random_draw,0,553245,5076885,0.12380999755859376,0.23,2.2978810341358183e-5,79.4257583618164,9.13840103149414,0,221400,0.02099609375,0,0,5
2897578,2021,deep_water,random_draw,0,553305,5076615,0.01936999969482421,0.025225,3.4200892782211306e-6,6.830441474914551,0.5157899260520935,900,221400,0.02471923828125,1,1,1
2897916,2021,deep_water,random_draw,0,553395,5076795,0.04076300048828125,0.08785999755859375,8.767204840183258e-6,59.94371032714844,16.568485260009766,900,221400,0.02471923828125,0.4193548262119293,0.6666666865348816,5
2898036,2021,deep_water,random_draw,0,553425,5076525,0.02473300018310547,0.05116000061035156,5.102180210351944e-6,10.705108642578123,2.0797698497772217,900,221400,0.02471923828125,0.9411764740943908,1,3
2897918,2021,dry,annotated,0,553395,5075955,0.07188400268554687,0.1728260009765625,1.726203346014023e-5,95.00122833251952,17.556486129760742,900,2700,0.005279541015625,0,0.6000000238418579,5
2899059,2021,dry,annotated,0,553785,5062485,0.0811510009765625,0.2293429931640625,2.2897616944313048e-5,57.61869812011719,40.599666595458984,0,12711600,-4.264434814453125,0.2222222238779068,0.2857142984867096,4
2899345,2021,dry,annotated,0,553875,5061675,0.08518599853515625,0.16190999755859375,1.6177617650032046e-5,27.212852478027344,13.118525505065918,900,12711600,-0.601654052734375,0.8235294222831726,0.8333333134651184,3
2899768,2021,deep_viz,annotated,0,553935,5061525,0.057872998046875,0.0819760009765625,8.18581965446472e-6,10.424674987792969,0.380314975976944,900,12711600,-0.0321044921875,0.939393937587738,1,1
2899902,2021,dry,annotated,0,553965,5061405,0.074175,0.13129300537109376,1.311784753680229e-5,10.946203231811523,2.753680467605591,900,12711600,-0.0565185546875,0.8125,1,1
2900740,2021,deep_viz,annotated,0,554115,5061225,0.07506300048828125,0.1121699951171875,1.1206480849981308e-5,11.940128326416016,1.785596489906311,900,12711600,-0.06103515625,1,1,1
2902362,2021,deep_viz,annotated,0,554445,5061465,0.05293099975585937,0.06723300170898437,6.713241491317749e-6,12.357946395874023,7.055077075958252,900,12711600,-0.049957275390625,1,1,1
3109591,2021,dry,annotated,0,553875,5059695,0.06681400146484374,0.13081700439453126,1.307128564953804e-5,36.41681671142578,3.736332893371582,900,97200,-0.35333251953125,1,1,4
3109858,2021,dry,annotated,0,553965,5059665,0.05413099975585937,0.10448900146484374,1.04383522772789e-5,5.444540977478027,0.4325992166996002,900,97200,0.19873046875,0.9047619104385376,0.8333333134651184,3
3110226,2021,dry,annotated,0,554085,5059605,0.06458699951171876,0.12394000244140624,1.2383856576681138e-5,3.769541978836059,0.3189750611782074,900,97200,0.19873046875,1,1,3
3109280,2021,em_veg,annotated,0,553725,5048475,0.03698800048828125,0.0963280029296875,9.611768758296968e-6,32.17659378051758,40.167667388916016,900,3600,-0.071563720703125,0.6756756901741028,0.5714285969734192,4
5168828,2021,dry,annotated,0,569865,5010195,0.06099199829101563,0.15473800048828126,1.545050337076187e-5,67.882843017578125,49.40721130371094,0,3600,0.02984619140625,0.125,0,4
5164785,2021,dry,annotated,0,561375,5009895,0.0911989990234375,0.204652001953125,2.044469724416733e-5,123.64400482177734,21.29641342163086,0,11700,-0.232574462890625,0.1034482792019844,0.125,4
5160460,2021,deep_water,random_draw,0,555135,5010105,0.12576199951171874,0.242652001953125,2.425130255222321e-5,121.75492095947266,23.357397079467773,900,22500,-0.00442504882818184,0.02857142873108387,0,5
5160576,2021,deep_water,random_draw,0,555165,5010225,0.1815739990234375,0.2925010009765625,2.923907051205635e-5,90.93738555908205,29.3081111907959,900,22500,0.00329589843744315,0.07894736528396606,0,5
5160691,2021,deep_water,random_draw,0,555255,5010165,0.1217489990234375,0.2502780029296875,2.50121764421463e-5,146.17147827148438,1.3465874195098877,0,22500,-0.12731933593755684,0,0,5
5160764,2021,deep_water,random_draw,0,555315,5010255,0.11441600341796876,0.2522199951171875,2.520685939192772e-5,143.78176879882813,5.615664005279541,0,22500,-0.19345092773443184,0.02702702768146991,0,5
4972469,2021,terrain,annotated,0,547785,5010015,0.08893099975585937,0.16248599853515625,1.6228991956710814e-5,60.52143859863281,72.44396209716797,900,1800,0.02020263671875,0.8518518805503845,0.7142857313156128,4
4972486,2021,deep_viz,annotated,0,547785,5010045,0.0831010009765625,0.15144599609375,1.5123760173320772e-5,46.17461013793945,55.000003814697266,900,1800,-0.020172119140625,0.8928571343421936,0.4285714328289032,4
4968024,2021,hugo_precise,annotated,1,542745,5010075,0.03316900024414063,0.06668599853515625,6.650542016029358e-6,25.47227478027344,0.8397390246391296,900,75600,0.06658935546880684,0.0833333358168602,1,5
4967984,2021,dry,annotated,0,542715,5010255,0.05666900024414062,0.138477001953125,1.3820127968788144e-5,65.22740173339844,99.15178680419922,900,75600,0.06658935546880684,0.0882352963089943,0.6666666865348816,5
4968070,2021,dry,annotated,0,542745,5010225,0.05315599975585938,0.122225,1.2197233502864836e-5,50.01996994018555,68.81432342529297,900,75600,0.06658935546880684,0.21621622145175937,0.625,5
4968071,2021,dry,annotated,0,542745,5010015,0.06829500122070313,0.17495799560546876,1.7471297690868378e-5,47.93256759643555,23.141990661621097,900,75600,-0.02160644531244315,0,0.5555555820465088,5
4958355,2021,em_veg,annotated,0,535185,5010375,0.07094099731445312,0.15203399658203126,1.5181905841827393e-5,94.25498962402344,23.341703414916992,900,346500,0.00177001953125,0.2631579041481018,0.6666666865348816,5
4958386,2021,em_veg,annotated,0,535185,5010285,0.07393599853515626,0.1666699951171875,1.66450336933136e-5,91.25135803222656,12.610343933105469,900,346500,0.00177001953125,0.1666666716337204,0.3333333432674408,5
4958946,2021,em_veg,annotated,0,535245,5010165,0.09721300048828126,0.2128969970703125,2.1266707918643952e-5,92.80970001220705,11.117079734802246,900,346500,0.00177001953125,0.05882352963089943,0.3333333432674408,5
4959676,2021,dry,annotated,0,535335,5010105,0.04133999938964844,0.06915,6.894563448429107e-6,67.98621368408203,12.108978271484377,900,346500,0.00177001953125,0.949999988079071,1,3
4960230,2021,dry,annotated,0,535425,5010045,0.06024000244140625,0.12715899658203125,1.268956818342209e-5,71.5008316040039,37.331783294677734,900,346500,0.00177001953125,0.3636363744735718,0.5555555820465088,5
4960524,2021,dry,annotated,0,535455,5010195,0.08780900268554688,0.210747998046875,2.1047956216335297e-5,79.47376251220703,19.046422958374023,900,346500,3.35693359375e-4,0.3199999928474426,0.20000000298023224,5
4951971,2021,dry,annotated,0,531675,5009925,0.08588300170898437,0.20395999755859376,2.0352191276550298e-5,87.589324951171875,24.957826614379883,900,900,0,0,0.5,5
4950412,2021,dry,annotated,0,527895,5009685,0.107918994140625,0.25185,2.5158406341075895e-5,75.95586395263672,2.405400037765503,0,23400,0.007354736328125,0,0,5
4950427,2021,em_veg,annotated,0,527955,5009655,0.04826300048828125,0.08598599853515625,8.576047544479371e-6,72.3758773803711,6.599173069000244,900,23400,0.007354736328125,0.2916666567325592,0.7142857313156128,5
4950451,2021,em_veg,annotated,0,527955,5009745,0.06642999877929688,0.14714000244140624,1.4688041632175443e-5,85.47925567626953,10.856703758239746,900,23400,0.007354736328125,0.1666666716337204,0.1428571492433548,5
4950626,2021,em_veg,annotated,0,528075,5009685,0.04808299865722656,0.10121900024414064,1.009908497095108e-5,85.22773742675781,10.044583320617676,900,23400,0.007354736328125,0.30434781312942505,0.4285714328289032,5
4937512,2021,em_veg,annotated,0,521265,5010105,0.06441300048828125,0.12616600341796874,1.2593930404186249e-5,119.8832778930664,36.70626449584961,900,41400,-0.069549560546875,0.04545454680919647,1,5
4937630,2021,em_veg,annotated,0,521325,5010195,0.06806699829101563,0.13119300537109374,1.3098301792144776e-5,114.30386352539064,42.82003402709961,0,41400,-0.334320068359375,0,0,5
4937755,2021,em_veg,annotated,0,521415,5010165,0.05351400146484375,0.11855699462890625,1.183134249448776e-5,95.62921905517578,36.05369567871094,900,41400,-0.08148193359375,0.3478260934352875,0.800000011920929,5
4934785,2021,deep_viz,annotated,0,520335,5011185,0.04579599914550781,0.03678900146484375,3.994958240985871e-6,28.916128158569336,8.690093040466309,900,5101200,0.0614013671875,1,1,1
4935107,2021,deep_viz,annotated,0,520425,5011365,0.04754400024414063,0.03200199890136718,3.5808645403385167e-6,30.051986694335938,7.956780433654785,900,5101200,0.0614013671875,1,1,1
4935151,2021,deep_viz,annotated,0,520425,5011785,0.04972200012207031,0.06727899780273437,6.712978667020799e-6,30.53207015991211,7.080542087554932,900,5101200,0.0614013671875,1,1,1
4935282,2021,dry,annotated,0,520485,5011545,0.09274000244140625,0.2763679931640625,2.7599698956012725e-5,67.90580749511719,11.26072120666504,0,5101200,-4.2080078125,0,0,5
4935470,2021,dry,annotated,0,520545,5011245,0.06150399780273438,0.1140949951171875,1.1386159906387328e-5,122.38908386230467,12.235057830810549,900,83700,-0.362762451171875,0.3181818127632141,1,5
4935570,2021,deep_viz,annotated,0,520575,5011095,0.03822300109863281,0.03639400024414063,4.906620732545853e-6,9.914165496826172,1.2310664653778076,900,83700,0.223052978515625,1,1,1
4935648,2021,dry,annotated,0,520635,5011515,0.05616799926757812,0.0997260009765625,9.949315297603607e-6,70.53362274169922,23.819761276245117,900,83700,-0.56536865234375,0.6086956262588501,0.4000000059604645,5
4935651,2021,deep_viz,annotated,0,520635,5011425,0.03843099975585937,0.03363699951171875,3.900746066570282e-6,5.805723190307617,0.16819940507411957,900,83700,0.223052978515625,1,1,1
4935652,2021,deep_viz,annotated,0,520635,5011245,0.03754100036621093,0.03268399963378906,4.258297049999237e-6,6.3044586181640625,0.3677734434604645,900,83700,0.223052978515625,1,1,3
4935833,2021,dry,annotated,0,520695,5011425,0.06289400024414063,0.1212699951171875,1.2101090292930605e-5,65.4435806274414,15.857120513916016,900,83700,-0.3427734375,0.739130437374115,0.6000000238418579,5
4932323,2021,dry,annotated,0,519825,5013165,0.05300499877929687,0.10781400146484375,1.075779096364975e-5,134.16836547851565,8.8157501220703125,900,73800,-0.6279296875,0.1304347813129425,0.8333333134651184,5
4934051,2021,dry,annotated,0,520125,5013945,0.05626400146484375,0.1313219970703125,1.310950079679489e-5,124.28089904785156,23.92379379272461,900,2700,0.014892578125,0,0.20000000298023224,5
4934377,2021,co_precise,annotated,1,520215,5015055,0.03179299926757812,0.06588699951171875,6.557789206504822e-6,144.43362426757813,2.217118740081787,900,54000,-0.235504150390625,0.04545454680919647,0.800000011920929,5
4934597,2021,dry,annotated,0,520275,5014995,0.0991469970703125,0.2439419921875,2.4355183920860292e-5,86.32941436767578,6.590648174285889,0,54000,-1.117828369140625,0,0.1666666716337204,5
4935168,2021,dry,annotated,0,520425,5014965,0.07634400024414062,0.2246669921875,2.2430864369869232e-5,110.35295867919922,5.987075328826904,900,54000,-0.8935546875,0.04545454680919647,0.5,5
4931724,2021,co_precise,annotated,1,519765,5015655,0.03305700073242187,0.087275,8.699873852729797e-6,158.43682861328125,0.6873846650123596,900,7200,-0.070556640625,0.095238097012043,0.4000000059604645,5
4934264,2021,dry,annotated,0,520185,5015805,0.08938200073242188,0.265025,2.646670877456665e-5,73.17008972167969,4.8503313064575195,0,5400,-2.552734375,0,0,5
4934280,2021,hugo_precise,annotated,1,520215,5016195,0.02408200073242187,0.05545599975585937,5.5226170158386235e-6,84.24232482910156,8.116621971130371,900,69300,0.160491943359375,0.119999997317791,1,5
4934375,2021,dry,annotated,0,520245,5016105,0.07692000122070312,0.2617409912109375,2.6134554424285887e-5,89.1678695678711,6.9519500732421875,900,69300,-0.676300048828125,0,0.4000000059604645,5
4934813,2021,dry,annotated,0,520335,5016135,0.0818760009765625,0.2598080078125,2.5937917499542235e-5,92.87476348876952,3.333392858505249,900,69300,-0.502593994140625,0,0.6000000238418579,5
4935117,2021,dry,annotated,0,520425,5016165,0.07791099853515625,0.2797969970703125,2.7934887299537657e-5,97.25833892822266,5.800562858581543,900,69300,-0.50244140625,0,0,5
4934288,2021,dry,annotated,0,520185,5019315,0.07460700073242188,0.2196320068359375,2.1927090783119204e-5,104.76327514648438,13.391413688659668,900,27000,-1.64874267578125,0.03999999910593033,0.1666666716337204,5
4934704,2021,dry,annotated,0,520335,5019495,0.0960780029296875,0.20465,2.044075919866562e-5,116.9127960205078,7.337376117706299,0,27000,-1.888763427734375,0,0,5
4934730,2021,dry,annotated,0,520335,5019375,0.08413200073242187,0.245389990234375,2.450357385158539e-5,83.2836685180664,5.343233108520508,0,27000,-2.68719482421875,0,0.1666666716337204,5
4927030,2021,dry,annotated,0,519255,5019405,0.04193099975585937,0.10133200073242188,1.0107624139785766e-5,59.658729553222656,10.85089111328125,900,52200,-0.38421630859375,0.6538461446762085,0.5,4
4928571,2021,dry,annotated,0,519405,5019435,0.05221300048828125,0.14960400390625,1.4938517785072329e-5,65.843475341796875,6.966360569000244,900,52200,-0.275970458984375,0.9545454382896424,0.800000011920929,4
4928579,2021,dry,annotated,0,519435,5019525,0.06849500122070312,0.1752780029296875,1.7501640233993527e-5,127.80664825439452,14.713414192199709,900,52200,-0.620269775390625,0.08695652335882187,0.4000000059604645,5
4925375,2021,hugo_precise,annotated,1,519045,5019675,0.0224490005493164,0.05305499877929687,5.281745014190674e-6,71.00617980957031,6.129218578338623,900,32400,0.193511962890625,0.04347826167941093,1,5
4923977,2021,dry,annotated,0,518925,5019585,0.03321499938964844,0.07849099731445312,7.816111075878143e-6,80.861419677734375,3.3337860107421875,900,32400,0.025054931640625,0.0833333358168602,1,5
4924760,2021,dry,annotated,0,519015,5019585,0.07424199829101563,0.2075070068359375,2.0713210248947145e-5,89.2443618774414,3.4842405319213867,900,32400,-0.226470947265625,0,1,5
4926208,2021,dry,annotated,0,519165,5019675,0.0779280029296875,0.2341889892578125,2.3381383917331698e-5,90.9365234375,4.457355499267578,900,32400,-0.2379150390625,0.03999999910593033,1,5
4917428,2021,co_precise,annotated,1,516405,5019615,0.04253999938964844,0.05586500244140625,5.571429575681686e-6,80.14061737060547,5.653256416320801,900,45900,0.13165283203125,0.4347825944423675,1,4
4917521,2021,dry,annotated,0,516435,5019645,0.068602001953125,0.12192099609375,1.216830519914627e-5,112.03197479248048,7.718952178955078,900,45900,-0.11572265625,0,0.800000011920929,5
4911174,2021,dry,annotated,0,510285,5019585,0.06320399780273438,0.1548010009765625,1.545457006931305e-5,135.15145874023438,18.20902442932129,900,5400,-0.14129638671875,0,0.3333333432674408,5
4909986,2021,dry,annotated,0,509835,5019225,0.07061199951171875,0.1555199951171875,1.5522083098888398e-5,131.37184143066406,7.318084716796875,0,14400,0.0240478515625,0,1,5
4910127,2021,dry,annotated,0,509895,5019255,0.104931005859375,0.2212590087890625,2.2104389474391937e-5,125.61286163330078,17.421710968017578,0,14400,-0.953857421875,0,0,5
4910177,2021,dry,annotated,0,509895,5019315,0.0734239990234375,0.166693994140625,1.664512530565262e-5,140.7924041748047,9.110450744628906,900,14400,-0.17352294921875,0,1,5
4905501,2021,co_precise,annotated,1,507675,5019705,0.05000599975585938,0.09416900024414064,9.396424748897552e-6,102.50931549072266,40.080928802490234,900,31500,0.22967529296875,0.3333333432674408,1,5
4905223,2021,em_veg,annotated,0,507525,5019705,0.07956599731445313,0.1707800048828125,1.7056448655128478e-5,105.37478637695313,36.203857421875,900,31500,0.0191650390625,0.1304347813129425,0.75,5
4905271,2021,dry,annotated,0,507555,5019645,0.09360999755859375,0.20409100341796876,2.038714695930481e-5,102.05349731445313,19.65678977966309,0,31500,-0.284393310546875,0,0.25,5
4905295,2021,em_veg,annotated,0,507555,5019735,0.07160900268554687,0.15070400390625,1.5049486436843874e-5,107.2082290649414,44.76421356201172,900,31500,0.17498779296875,0.13636364042758942,0,5
4905342,2021,em_veg,annotated,0,507615,5019675,0.08436799926757813,0.17996500244140626,1.797402849435806e-5,97.2604751586914,28.099775314331055,900,31500,0.058807373046875,0.1304347813129425,0.25,5
4905446,2021,dry,annotated,0,507645,5019615,0.075922998046875,0.14663199462890625,1.4644905618429185e-5,69.67150115966797,16.147144317626953,900,31500,-0.357391357421875,0,1,5
4905566,2021,dry,annotated,0,507735,5019705,0.1125949951171875,0.22721298828125,2.270007421016693e-5,107.43743896484376,32.68352127075195,0,31500,-0.88818359375,0,0,5
4902283,2021,co_precise,annotated,1,503325,5019705,0.04587799987792969,0.08158699951171874,8.141010855436325e-6,109.9875946044922,24.3123779296875,900,12600,0.152099609375,0.3636363744735718,1,5
4902165,2021,dry,annotated,0,503265,5019675,0.09390399780273438,0.1879410034179687,1.8772960469722743e-5,119.4515151977539,12.747873306274414,0,12600,-0.316314697265625,0,1,5
4902308,2021,dry,annotated,0,503325,5019675,0.08819299926757812,0.1697949951171875,1.6959189057350156e-5,120.08682250976564,13.808483123779297,900,12600,-0.368072509765625,0.04545454680919647,1,5
4899399,2021,em_veg,annotated,0,494085,5016525,0.06575900268554688,0.1412739990234375,1.410476143360138e-5,125.43569946289064,9.902058601379396,900,85500,-0.37109375,0.095238097012043,0.6666666865348816,5
4899496,2021,em_veg,annotated,0,494175,5016285,0.08086300048828125,0.1746260009765625,1.7441047987937928e-5,108.03762817382813,11.142193794250488,900,85500,-0.4681396484375,0.05000000074505806,0.6666666865348816,5
4899504,2021,em_veg,annotated,0,494205,5016525,0.10337900390625,0.25096201171875,2.5065285217761997e-5,107.5995635986328,7.315911769866943,0,85500,-0.82452392578125,0,0,5
4899085,2021,dry,annotated,0,493755,5016285,0.05773699951171875,0.12396600341796876,1.2379477671384812e-5,159.1072235107422,5.154541492462158,900,9000,-0.099639892578125,0,0,5
4899128,2021,dry,annotated,0,493785,5016195,0.0847239990234375,0.19588900146484375,1.9571163754463195e-5,143.93966674804688,16.478164672851563,900,9000,-0.19512939453125,0,0.5,5
4899135,2021,dry,annotated,0,493785,5016165,0.10481600341796876,0.2271570068359375,2.2695124373435977e-5,124.3626480102539,11.737618446350098,0,9000,-1.422698974609375,0,0,5
4897903,2021,dry,annotated,0,492645,5016525,0.07923900146484375,0.23957900390625,2.3924339895248415e-5,89.088958740234375,4.65904426574707,900,11700,-1.3963928222655682,0,0,5
4897532,2021,dry,annotated,0,492165,5016405,0.0949530029296875,0.2536159912109375,2.5324130206108092e-5,102.23464965820313,3.612670660018921,0,10800,-0.857879638671875,0,0,5
4896624,2021,terrain,annotated,0,491445,5016675,0.04774299926757813,0.07148699951171875,7.133587052822113e-6,22.35940170288086,2.0392305850982666,900,7200,0.413360595703125,0.9444444179534912,1,4
4896721,2021,dry,annotated,0,491475,5016705,0.09531799926757813,0.2611669921875,2.608183898925781e-5,80.0767593383789,3.1517367362976074,0,7200,-2.383453369140625,0,0,5
4896382,2021,dry,annotated,0,491085,5016735,0.09238699951171876,0.1870989990234375,1.869014449596405e-5,108.01519775390624,27.444740295410156,0,16200,-2.234283447265625,0,0,5
4896386,2021,dry,annotated,0,491085,5016615,0.09514400024414064,0.219656005859375,2.194165737628937e-5,102.2416763305664,22.396944046020508,0,16200,-2.22314453125,0.0416666679084301,0.5,5
4895426,2021,dry,annotated,0,490305,5016645,0.05564500122070312,0.1170010009765625,1.168209589958191e-5,90.64753723144533,33.762210845947266,900,7200,-0.10906982421875,0.22727273404598236,0.5,5
4895617,2021,dry,annotated,0,490425,5016645,0.06435399780273438,0.12346700439453125,1.2327574824094772e-5,92.012176513671875,58.2735595703125,900,7200,-0.059967041015625,0.08695652335882187,0.3333333432674408,5
4892691,2021,dry,annotated,0,488775,5016735,0.0686719970703125,0.13553599853515624,1.3531756067276e-5,101.37194061279295,33.83879852294922,900,27900,-0.71026611328125,0.04545454680919647,1,5
4892798,2021,dry,annotated,0,488865,5016705,0.07609000244140625,0.1575780029296875,1.573408623933792e-5,118.52484130859376,52.59453201293945,900,27900,-0.5830078125,0,1,5
4892841,2021,dry,annotated,0,488865,5016795,0.04668099975585937,0.085347998046875,8.51845106601715e-6,51.454071044921875,24.620952606201172,900,27900,0.203765869140625,0.6499999761581421,0.5,5
4890689,2021,dry,annotated,0,487875,5015985,0.06015900268554687,0.11111099853515626,1.1087275569438934e-5,87.989837646484375,53.486061096191406,900,816300,-0.499359130859375,0.6842105388641357,1,4
4890929,2021,dry,annotated,0,488025,5016045,0.05421799926757812,0.09176199951171876,9.155091943740844e-6,72.393463134765625,49.43722152709961,900,816300,-0.34381103515625,1,1,4
4891011,2021,deep_viz,annotated,0,488055,5015895,0.0409510009765625,0.04330299987792969,5.852037233114243e-6,24.34780502319336,0.47621777653694153,900,816300,0.133636474609375,1,1,2
4891446,2021,deep_viz,annotated,0,488235,5016135,0.04188299865722656,0.04447000122070312,5.414342906475067e-6,26.22813415527344,0.5591914653778076,900,816300,0.133636474609375,1,1,2
4891563,2021,dry,annotated,0,488295,5016345,0.05713499755859375,0.112702001953125,1.1240016610622406e-5,131.17694091796875,22.40695571899414,900,816300,-0.89453125,0.190476194024086,1,5
4891822,2021,deep_viz,annotated,0,488385,5016165,0.04205799865722656,0.04603699951171875,5.337296440601349e-6,27.628746032714844,0.3738950788974762,900,816300,0.133636474609375,1,1,2
4885673,2021,shallow_viz,annotated,1,484605,5015715,0.04982099914550781,0.07821900024414062,7.809295395612718e-6,144.93682861328125,5.652858734130859,900,1800,0.02081298828130684,0.10526315867900848,1,5
4885629,2021,hugo_precise,annotated,1,484605,5015445,0.0473510009765625,0.0733219970703125,7.319224745035172e-6,155.8175048828125,0.6225855350494385,900,4500,0.137603759765625,0,1,5
4885594,2021,dry,annotated,0,484635,5015415,0.07774500122070313,0.15936099853515626,1.5918958811759947e-5,143.04208374023438,8.690947532653809,900,4500,-0.25592041015625,0.15000000596046448,1,5
4884165,2021,em_veg,random_draw,0,484155,5012835,0.075527001953125,0.154831005859375,1.546321777820587e-5,82.9210433959961,16.742305755615234,900,60300,-0.421051025390625,0.3529411852359772,0.3333333432674408,4
4884323,2021,em_veg,random_draw,0,484215,5012745,0.05828699951171875,0.07191099853515626,7.177934628725052e-6,128.9751434326172,1.5452752113342283,900,60300,0.0977783203125,1,1,3
4884781,2021,em_veg,random_draw,0,484365,5012715,0.08557899780273437,0.12221600341796876,1.2206070795059203e-5,93.836944580078125,19.960304260253903,900,60300,0.50494384765625,1,1,4
4885243,2021,em_veg,random_draw,0,484515,5012625,0.09125999755859376,0.1917050048828125,1.9146517310142517e-5,91.58060455322266,24.0389404296875,900,60300,-0.201171875,1,1,4
4885246,2021,em_veg,random_draw,0,484515,5012805,0.1245030029296875,0.2964159912109375,2.961062162399292e-5,92.804107666015625,6.2473225593566895,0,60300,-1.498382568359375,0,0,5
4885731,2021,em_veg,random_draw,0,484635,5012745,0.06274199829101562,0.1448739990234375,1.446820159316063e-5,100.62110137939452,7.904001235961914,0,60300,0.592010498046875,0.1111111119389534,0.6666666865348816,5
4886640,2021,co_precise,annotated,1,484905,5010135,0.0477260009765625,0.10294300537109374,1.0273465557098387e-5,105.62222290039064,18.07792282104492,900,325800,-0.135345458984375,0.21052631735801697,1,5
4886334,2021,dry,annotated,0,484815,5009805,0.07068699951171875,0.2049760009765625,2.046407028436661e-5,79.95391845703125,5.282100677490234,900,325800,-1.694122314453125,0,0,5
4886446,2021,em_veg,annotated,0,484845,5009835,0.066247998046875,0.152493994140625,1.5223020000457763e-5,98.7928237915039,8.966558456420898,900,325800,-0.8145751953125,0.1875,1,5
4886515,2021,em_veg,annotated,0,484875,5010165,0.07996099853515624,0.1740280029296875,1.7380339815616607e-5,114.1881866455078,21.643762588500977,900,325800,-0.6129150390625,0,0,5
4886626,2021,dry,annotated,0,484905,5009805,0.07002100219726562,0.1539949951171875,1.5373616318702697e-5,95.4501953125,3.8052709102630615,900,325800,-0.1650390625,0.1428571492433548,0.6666666865348816,5
4886746,2021,dry,annotated,0,484935,5009985,0.07878900146484374,0.17747099609375,1.77149964261055e-5,117.0497589111328,5.897522449493408,900,325800,-0.460113525390625,0.06666667014360428,0.6666666865348816,5
4886819,2021,em_veg,annotated,0,484935,5009745,0.0729469970703125,0.165081005859375,1.648006500005722e-5,97.36592864990234,3.45573353767395,900,325800,-0.216278076171875,0.13333334028720856,0.6666666865348816,5
4888581,2021,deep_water,random_draw,0,485595,5009805,0.05091199951171875,0.10249200439453124,1.022817314863205e-5,54.22884368896485,77.652099609375,900,7200,0.0067138671875,0.9444444179534912,1,3
4895375,2021,deep_viz,annotated,0,490245,5008905,0.0599719970703125,0.12168800048828124,1.2150828461647034e-5,129.88768005371094,16.945999145507813,0,3600,-0.109405517578125,0,0.6666666865348816,5
4895379,2021,deep_viz,annotated,0,490245,5009025,0.06353099975585938,0.119318994140625,1.1913231064081191e-5,123.82512664794922,18.222192764282227,900,3600,0.248321533203125,0.0833333358168602,1,5
4895568,2021,shallow_viz,annotated,1,490395,5005845,0.05655,0.13121800537109374,1.3098550505638124e-5,166.22665405273438,0.8795852065086365,900,1800,0.00665283203125,0,1,5
4895291,2021,hugo_precise,annotated,1,490125,5002695,0.06765,0.15336800537109374,1.5298751122951507e-5,133.50674438476565,7.0022735595703125,0,274500,-0.296661376953125,0,0.75,5
4894651,2021,dry,annotated,0,489765,5002335,0.1028989990234375,0.19797099609375,1.976386697053909e-5,124.17909240722656,9.142260551452637,900,274500,-0.37969970703125,0,1,5
4895094,2021,dry,annotated,0,490035,5002515,0.071502001953125,0.15136500244140624,1.5107437572479249e-5,114.4093246459961,32.826698303222656,900,274500,-1.158111572265625,0.30000001192092896,1,5
4895248,2021,dry,annotated,0,490125,5002215,0.0832719970703125,0.24594599609375,2.4558537955284117e-5,102.99144744873048,29.14306640625,900,274500,-1.04547119140625,0,0.6666666865348816,5
4895502,2021,co_precise,annotated,1,490365,5002695,0.05960700073242187,0.12949100341796874,1.2927017862796784e-5,163.2142791748047,0.7802374958992004,900,4500,0.140960693359375,0,1,5
4895521,2021,dry,annotated,0,490365,5002755,0.09458099975585936,0.216002001953125,2.1575418326854703e-5,152.6918487548828,8.636474609375,0,4500,-0.28582763671875,0,0,5
4895575,2021,dry,annotated,0,490395,5002725,0.05549099731445312,0.1157280029296875,1.1551966199874875e-5,163.5032196044922,0.6433054208755493,900,4500,0.09002685546875,0,0.75,5
4895552,2021,co_precise,annotated,1,490395,5002185,0.04779100036621094,0.10246400146484376,1.0217347230911254e-5,149.7097625732422,6.018519401550293,900,45900,0.15463256835943184,0.10000000149011612,0.6666666865348816,5
4895522,2021,dry,annotated,0,490365,5002215,0.07881900024414062,0.2630840087890625,2.6267803349494933e-5,126.9371566772461,6.97602653503418,0,45900,-0.4024047851561931,0,0,5
4895808,2021,dry,annotated,0,490545,5002485,0.10301300048828126,0.239922998046875,2.3965745842456818e-5,142.1904754638672,14.091888427734377,0,45900,-0.43740844726556816,0,0,5
4895943,2021,dry,annotated,0,490635,5002395,0.08113099975585937,0.18286700439453124,1.825726892709732e-5,96.5010757446289,44.032981872558594,0,45900,-1.3032836914061932,0,0,5
4895461,2021,co_precise,annotated,1,490335,5001705,0.04130899963378906,0.05655,5.639090058803558e-6,100.0780792236328,8.473750114440918,900,45900,0.227508544921875,0.2857142984867096,1,5
4895597,2021,dry,annotated,0,490425,5001735,0.07191500244140625,0.16073399658203125,1.6048570132255554e-5,95.6782455444336,14.869637489318848,900,45900,-0.5950927734375,0.04545454680919647,0.75,5
4895833,2021,dry,annotated,0,490545,5001735,0.0664719970703125,0.13968399658203126,1.3941722631454467e-5,103.98757934570313,35.18180847167969,900,45900,-0.277801513671875,0.2916666567325592,0.5,5
4895857,2021,terrain,annotated,0,490575,5001705,0.05786599731445312,0.12225999755859376,1.2203071913719176e-5,47.89409255981445,21.468063354492188,900,45900,0.288055419921875,0.9200000166893004,0.5,4
4895863,2021,dry,annotated,0,490575,5001645,0.08945999755859375,0.1926239990234375,1.9238112382888793e-5,88.38287353515625,4.535904407501221,0,45900,-1.76190185546875,0,0,5
4894945,2021,co_precise,annotated,1,489945,5001765,0.04379100036621094,0.09205900268554688,9.191437239646913e-6,161.47557067871094,2.5346198081970215,900,3600,0.103851318359375,0.09090909361839294,1,5
4894865,2021,dry,annotated,0,489915,5001735,0.097972998046875,0.2154679931640625,2.1523730285167693e-5,134.98411560058594,10.885822296142578,0,3600,-0.711883544921875,0,0,5
4986031,2021,hugo_precise,annotated,1,492675,4971675,0.04544100036621094,0.08805499877929687,8.787528762817383e-6,147.88623046875,2.9977102279663086,900,42300,0.07717895507818184,0.0476190485060215,1,5
4986025,2021,dry,annotated,0,492675,4971945,0.0719,0.14390799560546874,1.4369864225387574e-5,89.370269775390625,15.319880485534668,900,42300,-0.06793212890619316,0,0.5,5
4986088,2021,dry,annotated,0,492705,4971645,0.09633499755859376,0.2337580078125,2.334672892570496e-5,116.46065521240234,54.56254959106445,900,42300,-0.4219360351561931,0,0.4000000059604645,5
4986112,2021,dry,annotated,0,492735,4971885,0.07379600219726562,0.166756005859375,1.665457887649536e-5,142.6522979736328,11.632028579711914,900,42300,0.01354980468755684,0.09090909361839294,0.6666666865348816,5
5050778,2021,co_precise,annotated,1,493095,4967355,0.03447900085449219,0.08610999755859375,8.584419045448304e-6,152.20802307128906,3.777794599533081,900,30600,0.04876708984375,0,0.8571428656578064,5
5050759,2021,dry,annotated,0,493065,4967205,0.0799989990234375,0.221847998046875,2.2152653353214264e-5,140.62265014648438,11.036816596984863,900,30600,-0.207794189453125,0,0.3333333432674408,5
5050773,2021,dry,annotated,0,493095,4967445,0.0715989990234375,0.1885130004882813,1.882288307189941e-5,148.86505126953125,5.015613079071045,900,30600,-0.2542724609375,0,0.8571428656578064,5
5050851,2021,dry,annotated,0,493215,4967355,0.09839600219726564,0.220756005859375,2.2051025183200837e-5,136.62054443359375,15.806467056274414,0,30600,-0.262481689453125,0,0.375,5
5050729,2021,hugo_precise,annotated,1,492945,4962615,0.03771199951171875,0.05505599975585937,5.482906775474549e-6,139.29322814941406,14.667994499206545,900,57600,0.025299072265625,0.25,1,5
5050561,2021,dry,annotated,0,492765,4962405,0.10629300537109376,0.2914159912109375,2.9108357458114625e-5,81.043701171875,6.691563606262207,0,57600,-1.518280029296875,0,0,5
5050594,2021,dry,annotated,0,492795,4962525,0.06094199829101562,0.14466700439453126,1.4432466177940368e-5,126.74234008789064,13.34304904937744,900,57600,-0.229766845703125,0,0.375,5
5050615,2021,dry,annotated,0,492825,4962705,0.08796599731445312,0.2304219970703125,2.3009682762622833e-5,110.95381927490234,21.61737060546875,0,57600,-0.62286376953125,0,0.125,5
5050419,2021,dry,annotated,0,492525,4957425,0.05676199951171875,0.1385510009765625,1.382223970413208e-5,135.02621459960938,46.226951599121094,900,11700,-0.090240478515625,0,0.625,5
5050451,2021,dry,annotated,0,492585,4957485,0.06376300048828125,0.1428989990234375,1.4258496060371396e-5,130.85098266601565,27.99828338623047,900,11700,-0.134857177734375,0.21739129722118375,0.625,5
5050796,2021,hugo_precise,annotated,1,493095,4950825,0.07101400146484375,0.159068994140625,1.5890603581666945e-5,118.48120880126952,41.22452163696289,900,16200,-0.144012451171875,0,0.5714285969734192,5
5050775,2021,dry,annotated,0,493095,4950855,0.08386199951171874,0.18113499755859375,1.809715343594551e-5,112.36883544921876,42.71697616577149,0,16200,-0.14410400390625,0,0.5,5
5050856,2021,dry,annotated,0,493215,4950795,0.06330900268554687,0.1194239990234375,1.192491636991501e-5,125.46156311035156,31.25857734680176,900,16200,-0.16693115234375,0,0.5714285969734192,5
5050905,2021,dry,annotated,0,493275,4950705,0.1088530029296875,0.2435,2.43333553647995e-5,104.9858856201172,21.279260635375977,0,16200,-0.16082763671875,0,0.5714285969734192,5
5050542,2021,co_precise,annotated,1,492735,4949535,0.0336260009765625,0.05866300048828125,5.8492512857913975e-6,125.18032836914064,10.784830093383787,900,39600,0.0975341796875,0.10000000149011612,0.8571428656578064,5
5050527,2021,dry,annotated,0,492705,4949415,0.078872998046875,0.20995400390625,2.0966167163848877e-5,116.8537368774414,6.836719512939453,900,39600,-1.001983642578125,0,0.2857142984867096,5
5050581,2021,dry,annotated,0,492795,4949565,0.06248599853515625,0.13810799560546874,1.3783939068317414e-5,137.5592803955078,2.446986436843872,900,39600,-0.178955078125,0,0.7142857313156128,5
5050619,2021,dry,annotated,0,492825,4949535,0.09339000244140624,0.21167900390625,2.113822021484375e-5,131.11135864257813,9.869636535644531,900,39600,-0.38702392578125,0,0.7142857313156128,5
5050800,2021,hugo_precise,annotated,1,493125,4947435,0.05206099853515625,0.12154100341796877,1.21390898168087e-5,133.5170440673828,28.70790100097656,900,9900,0.004730224609375,0,1,5
5050780,2021,dry,annotated,0,493095,4947465,0.09154600219726562,0.18603699951171876,1.858281346321106e-5,125.69856262207033,33.00669860839844,0,9900,-0.080535888671875,0,1,5
5050786,2021,dry,annotated,0,493095,4947405,0.0755260009765625,0.169052001953125,1.6885268539190293e-5,124.31909942626952,34.293460845947266,900,9900,-0.09124755859375,0,0.875,5
5050843,2021,dry,annotated,0,493185,4947435,0.077722998046875,0.159352001953125,1.5916102936267855e-5,143.02108764648438,19.700695037841797,0,9900,-0.16973876953125,0,0.625,5
5048913,2021,shallow_viz,annotated,1,491145,4943655,0.0603280029296875,0.128175,1.2796646444797515e-5,92.1350555419922,5.585383415222168,900,4500,0.0445556640625,0,1,5
5048929,2021,hugo_precise,annotated,1,491175,4943565,0.0643469970703125,0.1250989990234375,1.2489456474781036e-5,90.1008758544922,13.994219779968262,900,4500,-0.011749267578125,0,1,5
5048881,2021,dry,annotated,0,491115,4943625,0.0939969970703125,0.20298199462890623,2.0275949380397795e-5,132.60516357421875,6.22152042388916,0,4500,-0.3226318359375,0,0.7142857313156128,5
5048960,2021,dry,annotated,0,491205,4943625,0.08243599853515625,0.178197998046875,1.7797713086605073e-5,123.61093139648438,7.271669387817383,0,4500,-0.856109619140625,0,0,5
5049218,2021,hugo_precise,annotated,1,491415,4942725,0.06459400024414062,0.14809100341796874,1.4775357971191406e-5,148.834228515625,4.084510326385498,900,3600,0.033905029296875,0,1,5
5049189,2021,dry,annotated,0,491385,4942725,0.09093699951171876,0.200027001953125,1.996221779346466e-5,148.25901794433594,3.013808250427246,0,3600,-0.12060546875,0,1,5
5049261,2021,dry,annotated,0,491475,4942695,0.10180800170898438,0.252975,2.525532990455627e-5,129.87754821777344,12.397849082946776,0,3600,-0.440460205078125,0,0.2857142984867096,5
5044585,2021,deep_water,random_draw,0,487995,4941195,0.03015199890136719,0.04735700073242187,4.721571666002274e-6,17.72587013244629,12.239340782165527,900,550800,0.128265380859375,1,1,3
5045284,2021,deep_water,random_draw,0,488595,4941225,0.03353099975585937,0.04945799865722656,4.931844873428345e-6,12.38465690612793,0.5794928073883057,900,550800,0.175384521484375,1,1,3
5045470,2021,deep_water,random_draw,0,488715,4941105,0.02824800109863281,0.04655,4.640995730161667e-6,12.76651096343994,0.9091927409172058,900,550800,0.144927978515625,1,1,1
5046135,2021,deep_water,random_draw,0,489105,4941015,0.03081900024414062,0.04172300109863281,4.159056832790375e-6,12.62490940093994,0.5997910499572754,900,550800,0.175384521484375,1,1,1
5046227,2021,deep_water,random_draw,0,489165,4941165,0.03152999877929687,0.03573999938964844,3.5618766355514525e-6,11.631213188171388,0.555936872959137,900,550800,0.175384521484375,1,1,1
5046419,2021,deep_water,random_draw,0,489255,4941135,0.02967000122070312,0.03423599853515625,3.410888595581055e-6,11.9852294921875,0.6310317516326904,900,550800,0.175384521484375,1,1,1
5046479,2021,deep_water,random_draw,0,489285,4941045,0.02825799865722656,0.03368699951171875,3.3559210860729215e-6,11.93150520324707,0.6277622580528259,900,550800,0.175384521484375,1,1,1
5046531,2021,deep_water,random_draw,0,489315,4940895,0.03000499877929687,0.0444260009765625,4.42780897974968e-6,12.208102226257324,0.6569339036941528,900,550800,0.175384521484375,1,1,1
5046564,2021,deep_water,random_draw,0,489345,4941195,0.0475739990234375,0.11295799560546876,1.1272188248634335e-5,52.10560989379883,36.12540054321289,900,550800,-0.211578369140625,0.7894737124443054,0.5714285969734192,5
5046761,2021,deep_water,random_draw,0,489435,4941135,0.03186900024414062,0.04097200012207031,4.083465521335602e-6,13.1693754196167,0.5301637053489685,900,550800,0.175384521484375,1,1,1
7042778,2021,dry,annotated,0,486765,4939635,0.1291530029296875,0.2920820068359375,2.9176123688220974e-5,101.79293823242188,7.285772800445557,900,15300,-0.292510986328125,0,0,5
7024037,2021,dry,annotated,0,483015,4926015,0.08097100219726562,0.3034429931640625,3.029518496990204e-5,128.31625366210938,35.95227813720703,0,4500,-1.23541259765625,0,0,5
7024180,2021,co_precise,annotated,1,483105,4924965,0.03715,0.09435800170898435,9.389190135002136e-6,144.7947998046875,9.06481647491455,0,259200,0.03570556640625,0.23529411852359772,0.6000000238418579,5
7023765,2021,terrain,annotated,0,482775,4924815,0.04986300048828125,0.1201489990234375,1.1980818994045258e-5,114.23574829101564,68.2945327758789,900,259200,-0.618408203125,0.8125,0.8333333134651184,4
7024062,2021,terrain,annotated,0,483015,4924605,0.04431099853515625,0.1147719970703125,1.1453039121627807e-5,58.73019027709961,58.87273788452149,900,259200,-0.0047607421875,0.8947368264198303,0.8571428656578064,4
7024085,2021,dry,annotated,0,483045,4925325,0.07486300048828125,0.27698701171875,2.7653310008049008e-5,134.19979858398438,9.423944473266602,900,259200,-0.91314697265625,0,0,5
7024188,2021,dry,annotated,0,483105,4924905,0.08205599975585938,0.25793701171875,2.575102953910828e-5,136.34751892089844,12.546253204345703,900,259200,-0.70501708984375,0.0625,0,5
7024200,2021,dry,annotated,0,483135,4925205,0.07620399780273437,0.29142099609375,2.908759115219116e-5,136.4176788330078,13.622600555419922,900,259200,-1.47998046875,0,0,5
7037928,2021,dry,annotated,0,483735,4921755,0.0784739990234375,0.2656330078125,2.6517097425460816e-5,118.96654510498048,17.1099910736084,0,501300,-5.36279296875,0,0,5
7038116,2021,em_veg,annotated,0,483885,4922535,0.05187100219726563,0.0791760009765625,8.511905090808868e-6,70.444000244140625,27.26144027709961,900,501300,-0.6514892578125,0.3333333432674408,1,5
7038163,2021,dry,annotated,0,483915,4921875,0.0643239990234375,0.177352001953125,1.7701459441184996e-5,82.794403076171875,35.15562057495117,900,501300,-1.0255126953125,0.699999988079071,0.7142857313156128,4
7038448,2021,dry,annotated,0,484125,4922115,0.0741719970703125,0.2419260009765625,2.414510504245758e-5,101.8732681274414,27.78257751464844,0,501300,-4.79754638671875,0,0,5
7038490,2021,em_veg,annotated,0,484125,4922295,0.06138499755859375,0.13931199951171874,1.3904974744319916e-5,89.47236633300781,41.32233047485352,900,501300,-0.60235595703125,0.6499999761581421,1,4
7024307,2021,em_veg,random_draw,0,483375,4919775,0.07556500244140625,0.18531500244140625,1.849975297451019e-5,102.27013397216795,61.432342529296875,900,14400,-0.05401611328125,0,0,5
7024426,2021,em_veg,random_draw,0,483465,4919685,0.070527001953125,0.18575699462890624,1.85491397023201e-5,100.54855346679688,50.100337982177734,900,14400,0.03558349609375,0,0,5
7024476,2021,em_veg,random_draw,0,483495,4919805,0.08671799926757813,0.2403699951171875,2.4001227123737335e-5,102.71569061279295,43.370140075683594,0,14400,0.05126953125,0,0,5
7024482,2021,dry,annotated,0,483495,4919295,0.04516000061035156,0.13276199951171874,1.3238099579811097e-5,109.4609603881836,63.982940673828125,900,9000,-0.1097412109375,0.5789473652839661,0.6666666865348816,5
7024483,2021,terrain,annotated,0,483495,4919265,0.043275,0.1294699951171875,1.291084022283554e-5,50.99586486816406,59.45827102661133,900,9000,0.15032958984375,0.4000000059604645,0.8333333134651184,4
7024560,2021,terrain,annotated,0,483555,4919295,0.03031499938964843,0.07993800048828124,7.959120032787323e-6,102.55619049072266,34.762516021728516,900,9000,0.28265380859375,0.3684210479259491,0.5,5
7024587,2021,dry,annotated,0,483555,4919325,0.07012899780273438,0.2308610107421875,2.3042897791862487e-5,136.88345336914065,96.10985565185548,900,9000,-0.48858642578125,0,0.1666666716337204,5
7024516,2021,dry,annotated,0,483525,4913145,0.10518199462890623,0.2747739990234375,2.743304238319397e-5,128.25521850585938,19.836994171142575,0,2700,-0.32861328125,0,0.1428571492433548,5
7024478,2021,dry,annotated,0,483495,4912605,0.0608219970703125,0.1557550048828125,1.5539119234085084e-5,98.9189224243164,134.98683166503906,900,17100,-0.832763671875,0.2380952388048172,1,5
7035843,2021,co_precise,annotated,1,483405,4909965,0.07009299926757813,0.15467099609375,1.5419320149421692e-5,131.50135803222656,44.367977142333984,0,55800,-0.51171875,0,0.1428571492433548,5
7035735,2021,dry,annotated,0,483315,4909815,0.1048300048828125,0.3034010009765625,3.0305082368850705e-5,114.35995483398438,5.7949066162109375,0,55800,-1.64556884765625,0,0,5
7035792,2021,dry,annotated,0,483375,4909695,0.087277001953125,0.263393994140625,2.63038071846962e-5,106.00325012207033,11.14933967590332,0,55800,-2.42755126953125,0,0.1428571492433548,5
7035925,2021,dry,annotated,0,483585,4909755,0.06743599853515625,0.1937050048828125,1.9332561762332917e-5,100.42644500732422,44.32307052612305,900,55800,-0.832275390625,0.0476190485060215,0.5714285969734192,5
7140723,2021,dry,annotated,0,483735,4909005,0.076402001953125,0.198631005859375,1.982101089477539e-5,130.2508544921875,12.806815147399902,900,10800,-0.0594482421875,0,0,5
7140739,2021,terrain,annotated,0,483765,4907655,0.04766499938964844,0.11589100341796876,1.1546269841194153e-5,79.6914291381836,51.10273742675781,900,900,0,0,0.8333333134651184,5
7140805,2021,dry,annotated,0,483945,4906965,0.0588469970703125,0.18129200439453125,1.809391508102417e-5,110.4613265991211,19.488393783569336,900,517500,-0.41290283203125,0.095238097012043,0.5,5
7140820,2021,dry,annotated,0,483945,4906815,0.07043599853515625,0.1904260009765625,1.9009160919189453e-5,117.23980712890624,14.17735481262207,900,517500,-0.4144287109375,0.05263157933950424,0.8333333134651184,5
7141324,2021,dry,annotated,0,484305,4907355,0.08077999877929687,0.2134590087890625,2.1298089799880983e-5,89.41214752197266,6.7062883377075195,0,517500,-0.38134765625,0,0,5
7035852,2021,dry,annotated,0,483435,4902555,0.078777001953125,0.2187989990234375,2.1841674556732174e-5,132.1446533203125,14.026641845703123,900,23400,-0.0499267578125,0,0.5,5
7035879,2021,dry,annotated,0,483465,4902495,0.0995489990234375,0.24203701171875,2.417585026741028e-5,145.8551025390625,7.761599063873291,0,23400,-0.0660400390625,0,0,5
7035914,2021,dry,annotated,0,483555,4902645,0.09286400146484376,0.2236409912109375,2.232937370300293e-5,105.30865478515624,26.81399917602539,900,23400,0.0279541015625,0,0.4000000059604645,5
7035881,2021,dry,annotated,0,483495,4896555,0.08861300048828125,0.3168199951171875,3.1632096223831174e-5,108.87248992919922,9.983965873718262,0,900,-1.48583984375,0,0,5
7035726,2021,terrain,annotated,0,483285,4894845,0.05581199951171875,0.117393994140625,1.1713687860965728e-5,36.64780044555664,11.125116348266602,900,1800,0.09814453125,0.0555555559694767,1,5
8656049,2021,hugo_precise,annotated,1,493545,4814355,0.06114600219726562,0.12726400146484376,1.269301724910736e-5,79.2874984741211,10.771611213684082,0,7200,0.02825927734375,0,0.625,5
8656017,2021,dry,annotated,0,493515,4814295,0.0813530029296875,0.173997998046875,1.736090798854828e-5,81.64618682861328,10.372533798217772,900,7200,0.02825927734375,0,1,5
8656026,2021,dry,annotated,0,493515,4814355,0.06995999755859375,0.1488699951171875,1.484612195968628e-5,64.72721099853516,5.983020782470703,0,7200,0.02825927734375,0,0.75,5
8656087,2021,dry,annotated,0,493635,4814325,0.09111300048828123,0.306122998046875,3.0569655747413636e-5,115.60651397705078,4.4131083488464355,0,7200,-1.602386474609375,0,0,5
8657729,2021,dry,annotated,0,495345,4811925,0.06799099731445313,0.16719300537109374,1.66750345993042e-5,91.8153839111328,24.577852249145508,900,729000,-0.98736572265625,0.2666666805744171,0.5,5
8658320,2021,dry,annotated,0,495615,4811745,0.04743299865722656,0.06691400146484375,6.655541424751282e-6,35.82942199707031,6.724481582641602,900,729000,-0.1588134765625,0.9285714030265808,1,3
8658574,2021,dry,annotated,0,495705,4811955,0.10115399780273436,0.2958419921875,2.954461898088455e-5,118.5315399169922,4.889668941497803,900,729000,-2.66326904296875,0,0,5
8657834,2021,hugo_precise,annotated,1,495405,4811685,0.041775,0.05387899780273438,5.347511167526245e-6,32.399166107177734,1.2669742107391355,900,729000,-0.272491455078125,0.7407407164573669,1,4
8663517,2021,dry,annotated,0,498375,4811085,0.0316239990234375,0.0831239990234375,8.283284475803376e-6,66.68446350097656,40.14574432373047,900,121500,0.19891357421875,0.5925925970077515,0.6363636255264282,5
8664340,2021,em_veg,annotated,0,498615,4810995,0.04343299865722656,0.10195599975585938,1.0167033290863036e-5,104.30308532714844,48.623023986816406,900,121500,0.46868896484375,0.47999998927116394,0.8888888955116272,5
8664601,2021,dry,annotated,0,498735,4811115,0.07340599975585937,0.18580999755859376,1.8548796737194065e-5,83.20263671875,9.53529930114746,900,121500,-0.5538330078125,0,0.800000011920929,5
8664605,2021,dry,annotated,0,498705,4810995,0.061672998046875,0.1820050048828125,1.8157454915046692e-5,106.2059097290039,15.136015892028809,900,121500,-0.47393798828125,0.2222222238779068,0.800000011920929,5
8665118,2021,em_veg,annotated,0,498945,4811355,0.06828400268554688,0.1871530029296875,1.8687874002456663e-5,106.3979034423828,24.311996459960938,900,8100,-0.1788330078125,0,0,5
8665242,2021,em_veg,annotated,0,499005,4811355,0.04596099853515625,0.11771800537109375,1.1743089580535888e-5,119.1211395263672,31.463796615600582,900,8100,0.08160400390625,0.10000000149011612,0.125,5
8665243,2021,em_veg,annotated,0,499035,4811295,0.05398699951171875,0.16373900146484374,1.634929971933365e-5,84.01126861572266,17.29298210144043,900,8100,0.107421875,0.1515151560306549,0.20000000298023224,5
8665319,2021,dry,annotated,0,499035,4811355,0.05671599731445313,0.155293994140625,1.550332466363907e-5,92.227020263671875,24.485916137695313,900,8100,-0.0498046875,0.06666667014360428,0,5
8665848,2021,co_precise,annotated,1,499275,4811355,0.04065199890136719,0.085975,8.612145187854767e-6,90.60612487792967,14.466784477233888,900,16200,-0.2210693359375,0.03448275849223137,0.20000000298023224,5
8665774,2021,dry,annotated,0,499215,4811325,0.07963800048828125,0.18073199462890624,1.805191858768463e-5,85.7206802368164,15.41584014892578,0,16200,-0.83056640625,0,0.10000000149011612,5
8665842,2021,dry,annotated,0,499275,4811235,0.05507899780273438,0.1199949951171875,1.197489243745804e-5,77.0731201171875,24.716527938842773,900,16200,-0.21240234375,0.10000000149011612,0.800000011920929,5
8665955,2021,dry,annotated,0,499335,4811355,0.07912000122070313,0.17679100341796877,1.7657047328948974e-5,73.114898681640625,11.66200065612793,0,16200,-1.09478759765625,0,0.10000000149011612,5
8666540,2021,em_veg,random_draw,0,499545,4811475,0.06583499755859375,0.16698800048828125,1.6672205629348756e-5,91.89257049560548,49.7034797668457,900,9000,0.02496337890625,0.25,0.3333333432674408,5
8666791,2021,em_veg,random_draw,0,499665,4811445,0.07190999755859374,0.1913719970703125,1.911111893415451e-5,89.69866943359375,29.114484786987305,900,9000,0.00927734375,0.0357142873108387,0,5
8670859,2021,dry,annotated,0,501825,4811625,0.07508400268554688,0.2122080078125,2.118423779249191e-5,99.02235412597656,27.119482040405273,900,118800,-0.735015869140625,0.13793103396892548,0.30000001192092896,5
8671696,2021,dry,annotated,0,502095,4811685,0.07240900268554687,0.206106005859375,2.0571809203624725e-5,88.574859619140625,31.990739822387695,900,118800,-0.496307373046875,0,0.375,5
8672181,2021,dry,annotated,0,502275,4811565,0.05253300170898437,0.09571199951171876,9.54775067806244e-6,46.513458251953125,16.924915313720703,900,118800,0.0703125,1,1,4
8671858,2021,co_precise,annotated,1,502155,4811505,0.044685000610351563,0.0500739990234375,4.982925882339478e-6,35.81068801879883,1.071943759918213,900,118800,0.292938232421875,1,1,3
8675193,2021,dry,annotated,0,505755,4811445,0.08108599853515625,0.2509340087890625,2.5064444913864135e-5,77.8061294555664,18.415563583374023,900,2700,-0.504913330078125,0,0.25,5
8575117,2021,co_precise,annotated,1,511905,4821135,0.058847998046875,0.09148400268554688,9.115118188858031e-6,131.74562072753906,12.276031494140623,900,8127900,-1.023345947265625,0.3448275923728943,1,5
8573823,2021,deep_viz,annotated,0,511485,4821195,0.05520499877929687,0.0468760009765625,5.530715763568878e-6,15.871623992919922,0.5994735956192017,900,8127900,-0.0330810546875,1,1,1
8575104,2021,dry,annotated,0,511905,4821465,0.073752001953125,0.13754300537109376,1.3730986969470978e-5,110.36701202392578,8.16490650177002,900,8127900,-1.302734375,0,1,5
8575137,2021,dry,annotated,0,511905,4821525,0.0532239990234375,0.113975,1.1370965774059296e-5,86.1229476928711,10.038734436035156,900,8127900,-1.248382568359375,0,1,5
8681359,2021,deep_viz,annotated,0,511215,4820205,0.0542489990234375,0.04142900085449218,6.0408115935325625e-6,77.07172393798828,15.63864040374756,900,8127900,-0.8994140625,0.40740740299224854,1,5
8681727,2021,deep_viz,annotated,0,511365,4819185,0.06472100219726562,0.04610199890136719,5.313648310899734e-6,22.614337921142575,0.6342553496360779,900,8127900,0.14898681640625,1,1,1
8682472,2021,dry,annotated,0,511785,4819485,0.08906199951171875,0.314839990234375,3.1448263256549834e-5,89.075225830078125,13.6260347366333,0,8127900,-1.8865966796875,0,0.25,5
8682651,2021,dry,annotated,0,511995,4819875,0.08279400024414063,0.1962920043945313,1.960899034500122e-5,85.64384460449219,24.04552459716797,900,12600,-0.1409912109375,0,1,5
8682707,2021,dry,annotated,0,512055,4819815,0.0826739990234375,0.182925,1.827159295797348e-5,145.96363830566406,2.818195104598999,900,12600,-0.09259033203125,0,1,5
8682734,2021,dry,annotated,0,512085,4819935,0.08091400146484375,0.1642699951171875,1.640682377576828e-5,121.98514556884766,27.16140365600586,900,12600,-0.049285888671875,0,1,5
8597160,2021,co_precise,annotated,1,522825,4824615,0.04838800048828125,0.1271530029296875,1.2681960680484773e-5,94.81531524658205,9.003556251525879,900,27000,0.13388061523431816,0,0.7777777910232544,5
8597077,2021,dry,annotated,0,522735,4824615,0.05309000244140625,0.13995400390625,1.3961028308868408e-5,83.2298355102539,5.438867092132568,900,27000,0.05035400390619316,0,1,5
8597135,2021,dry,annotated,0,522795,4824675,0.06446400146484375,0.2376300048828125,2.372608319282532e-5,83.29503631591797,6.933190822601318,0,27000,-0.49826049804693184,0,0,5
8597141,2021,dry,annotated,0,522795,4824585,0.05556599731445312,0.14831300048828125,1.4806856529712676e-5,63.286495208740234,12.334999084472656,900,27000,0.07675170898431816,0.46666666865348816,1,5
8598745,2021,hugo_precise,annotated,1,523935,4825965,0.0570030029296875,0.11496400146484376,1.1466998326778413e-5,104.728271484375,7.354036331176758,900,16200,0.12799072265625,0,1,5
8598573,2021,dry,annotated,0,523815,4825995,0.09297000122070312,0.2404429931640625,2.4012879259586333e-5,105.07495880126952,17.496686935424805,900,16200,-0.108489990234375,0,0.4285714328289032,5
8598755,2021,dry,annotated,0,523965,4825905,0.06991300048828125,0.202268994140625,2.0198506035804743e-5,110.0085220336914,19.897140502929688,900,16200,-0.06536865234375,0.03333333507180214,0.25,5
8598835,2021,dry,annotated,0,524025,4825935,0.08710700073242188,0.2880989990234375,2.8777088277339935e-5,110.5370864868164,21.772417068481445,0,16200,-0.558502197265625,0,0,5
8599515,2021,dry,annotated,0,524385,4826055,0.0585219970703125,0.16431700439453126,1.639654986858368e-5,114.2216796875,23.146324157714844,900,52200,-0.246307373046875,0,0.2857142984867096,5
8599587,2021,dry,annotated,0,524505,4825965,0.0835969970703125,0.3095070068359375,3.0895309529304506e-5,99.06096649169922,31.58728790283203,0,52200,-0.849609375,0.03333333507180214,0.1428571492433548,5
8599627,2021,dry,annotated,0,524535,4826295,0.108097998046875,0.2751570068359375,2.747395884990692e-5,119.41521453857422,15.26356601715088,900,52200,-0.234130859375,0,0.7142857313156128,5
8601518,2021,shallow_viz,annotated,1,525855,4826175,0.0539260009765625,0.16069100341796874,1.604131793022156e-5,100.17800903320313,9.25490951538086,900,18900,0.0106201171875,0,0.4285714328289032,5
8601504,2021,dry,annotated,0,525825,4826085,0.07052000122070312,0.200731005859375,2.0046578969955445e-5,97.8925552368164,4.0616888999938965,0,18900,-0.065673828125,0,0.4285714328289032,5
8601603,2021,dry,annotated,0,525885,4826205,0.08398400268554687,0.2736280029296875,2.733298759460449e-5,89.75334167480469,4.726252555847168,0,18900,-0.6885986328125,0,0,5
8601673,2021,dry,annotated,0,525915,4826115,0.071702001953125,0.23063701171875,2.3038204505443577e-5,109.79576110839844,6.433762073516846,0,18900,-0.020416259765625,0,0.4285714328289032,5
8602096,2021,shallow_viz,annotated,1,526215,4825905,0.0457239990234375,0.123506005859375,1.231583133459091e-5,123.3902359008789,16.519855499267578,900,9000,0.107025146484375,0,0.6000000238418579,5
8602034,2021,dry,annotated,0,526185,4825905,0.08702899780273438,0.19928199462890625,1.9898587970733643e-5,109.04467010498048,8.568639755249023,900,9000,0.008544921875,0,0.6666666865348816,5
8602104,2021,dry,annotated,0,526245,4825995,0.08220399780273438,0.20274000244140625,2.0244333465099336e-5,108.9582061767578,10.370161056518556,0,9000,0.022857666015625,0,0.2857142984867096,5
8602125,2021,dry,annotated,0,526275,4825875,0.09306699829101564,0.22204599609375,2.218006417989731e-5,109.07131958007813,15.91345500946045,0,9000,-0.52984619140625,0,0,5
8620661,2021,dry,annotated,0,534945,4826145,0.08034099731445313,0.21297900390625,2.124638382434845e-5,110.9823989868164,7.941029071807861,900,11700,-0.04559326171875,0,1,5
8620840,2021,dry,annotated,0,534975,4826085,0.0994219970703125,0.2295239990234375,2.2906645450592043e-5,114.5009536743164,6.5237202644348145,900,11700,-0.017608642578125,0,1,5
8620962,2021,dry,annotated,0,535005,4826055,0.08732899780273437,0.21021201171875,2.0970405416488647e-5,118.7829360961914,6.223685264587402,900,11700,-0.02557373046875,0,1,5
8628334,2021,deep_viz,annotated,0,536805,4826265,0.047,0.06602000122070313,6.590328860282898e-6,16.921205520629883,0.772407591342926,900,7924500,-0.30587768554681816,0.9655172228813172,1,1
8629500,2021,dry,annotated,0,537075,4826595,0.07223499755859375,0.1876239990234375,1.873783081769943e-5,117.293701171875,6.86367654800415,900,7924500,-1.4915161132811932,0,0.8333333134651184,5
8630503,2021,deep_viz,annotated,0,537285,4826355,0.05948200073242187,0.08439000244140625,8.425178465843201e-6,29.177894592285156,16.117494583129883,900,7924500,-0.5385742187499432,1,1,2
8630932,2021,deep_viz,annotated,0,537375,4826115,0.05526500244140625,0.07691900024414063,7.675866045951843e-6,15.428701400756836,3.899716377258301,900,7924500,-0.7006225585936932,1,1,2
8631052,2021,dry,annotated,0,537405,4826595,0.1029489990234375,0.24090400390625,2.406503854036331e-5,89.13208770751953,5.207294940948486,0,7924500,-1.8506469726561932,0,0.1666666716337204,5
8632965,2021,dry,annotated,0,537795,4826505,0.0856530029296875,0.199052001953125,1.9880302295684815e-5,93.51866912841795,8.597867012023926,0,7924500,-2.168121337890568,0,0.1666666716337204,5
8632588,2021,dry,annotated,0,537735,4825755,0.07556799926757812,0.181225,1.8093308625221253e-5,105.4301528930664,19.245059967041016,900,70200,-0.1480712890625,0.4482758641242981,1,5
8634145,2021,dry,annotated,0,538005,4825725,0.08079199829101562,0.30683798828125,3.0647969019412996e-5,115.79092407226564,13.674338340759276,900,70200,-0.718048095703125,0.03999999910593033,0,5
8634013,2021,hugo_precise,annotated,1,538005,4825965,0.04943699951171875,0.1166469970703125,1.1632752130031584e-5,96.77342987060548,5.272025108337402,900,9900,0.06628417968744316,0,1,5
8633994,2021,dry,annotated,0,537975,4825935,0.06547100219726562,0.1806030029296875,1.802614603281021e-5,112.9573211669922,3.7285044193267822,900,9900,-0.10153198242193184,0,0.8333333134651184,5
8634325,2021,dry,annotated,0,538065,4825905,0.09045499877929689,0.24965400390625,2.493612375259399e-5,110.20309448242188,16.253637313842773,0,9900,-0.7955627441406818,0.03846153989434242,0.4000000059604645,5
8634621,2021,dry,annotated,0,538095,4825965,0.05478900146484375,0.14549000244140625,1.451684019804001e-5,110.5136947631836,3.7868857383728023,900,9900,-0.04315185546880684,0,0.5,5
8639513,2021,hugo_precise,annotated,1,539385,4825995,0.05795399780273437,0.0927260009765625,9.231974172592165e-6,91.34727478027344,7.73417854309082,900,171900,0.067108154296875,0.42105263471603394,1,4
8639342,2021,dry,annotated,0,539325,4825965,0.07557000122070312,0.2394469970703125,2.3909842529296876e-5,117.00881958007813,28.18999481201172,900,171900,-0.219696044921875,0,0.3333333432674408,5
8640137,2021,dry,annotated,0,539535,4826235,0.07793499755859375,0.2478,2.4746749579906463e-5,109.2761688232422,21.99769592285156,900,171900,-0.39190673828125,0,0.1428571492433548,5
8641560,2021,dry,annotated,0,539835,4826235,0.091375,0.3094590087890625,3.09146965098381e-5,110.82930755615234,6.463379383087158,0,171900,-1.090789794921875,0,0,5
8645816,2021,co_precise,annotated,1,542085,4826205,0.05267100219726562,0.0972,9.693406491279602e-6,115.30071258544922,2.856496810913086,900,50400,0.091766357421875,0.21875,1,5
8645806,2021,dry,annotated,0,542055,4826325,0.07981099853515625,0.2073679931640625,2.0701621656417845e-5,81.1712417602539,5.812827110290527,900,50400,-0.034088134765625,0,0,5
8645817,2021,dry,annotated,0,542085,4826115,0.092522998046875,0.2527260009765625,2.5237687406539916e-5,93.80426025390624,7.140326976776123,0,50400,-0.085052490234375,0,0.125,5
8645948,2021,glint,annotated,0,542145,4826355,0.1069280029296875,0.2124969970703125,2.1217097001075744e-5,86.92265319824219,11.513925552368164,900,50400,0.04815673828125,0.06896551698446274,0.7142857313156128,5
8646063,2021,dry,annotated,0,542145,4826205,0.08319000244140624,0.2172860107421875,2.169407246351242e-5,84.34651184082031,6.3064985275268555,900,50400,-0.092742919921875,0,0.1428571492433548,5
8646156,2021,glint,annotated,0,542175,4826325,0.1099,0.2390570068359375,2.3881524982452395e-5,68.380828857421875,5.999058723449707,900,50400,-0.289154052734375,0.1034482792019844,0.2857142984867096,5
8646703,2021,dry,annotated,0,542385,4825725,0.11311600341796876,0.2715659912109375,2.7128285071849825e-5,98.81880950927734,5.234164237976074,0,15300,-0.021820068359375,0,0.1428571492433548,5
8649279,2021,dry,annotated,0,543765,4826145,0.08240900268554688,0.28714599609375,2.868652570486069e-5,73.703460693359375,10.486541748046877,900,2700,-0.2171630859375,0,0,5
8649300,2021,terrain,annotated,0,543765,4826085,0.07966199951171875,0.2601340087890625,2.5980066549777986e-5,69.7130355834961,9.846148490905762,900,2700,-0.20196533203125,0.09375,0.5,5
8650374,2021,terrain,annotated,0,544815,4826085,0.05276400146484375,0.12876800537109376,1.2836148467063905e-5,22.790430068969727,31.340688705444336,900,3600,0.27410888671880684,0.9230769276618958,0.2857142984867096,3
8829765,2021,dry,annotated,0,551655,4826205,0.06799400024414062,0.2039,2.0356401345729823e-5,99.3381118774414,10.087140083312988,900,3600,-0.204498291015625,0,0.2857142984867096,5
8852828,2021,dry,annotated,0,580275,4821705,0.0940239990234375,0.2384159912109375,2.3815433413982392e-5,95.3180923461914,18.824460983276367,0,5400,-0.63079833984375,0,0,5
8853714,2021,em_veg,random_draw,0,580695,4821735,0.09001099853515625,0.429827978515625,4.2953352193832394e-5,88.92243194580078,13.446642875671388,0,5400,-0.14471435546875,0,0,5
8866423,2021,dry,annotated,0,588975,4822395,0.0753010009765625,0.17658199462890625,1.7636335518360137e-5,115.01555633544922,9.728983879089355,0,259200,-1.4170532226563068,0,0,5
8866598,2021,dry,annotated,0,589065,4822125,0.06575800170898438,0.11703699951171875,1.1680311405658724e-5,120.25003814697266,26.80767822265625,900,259200,-0.12878417968755684,0.03703703731298447,0.625,5
8867377,2021,dry,annotated,0,589425,4822095,0.062360998535156253,0.104422998046875,1.05793173289299e-5,119.7252426147461,18.873363494873047,900,259200,-0.03021240234380684,0.07999999821186066,1,5
9206776,2021,terrain,annotated,0,689925,4848195,0.05216300048828125,0.19075400390625,1.9039945142269135e-5,56.75665664672851,16.679698944091797,900,1800,0.15057373046875,0.7333333492279053,0,4
9206802,2021,dry,annotated,0,689955,4848195,0.0730469970703125,0.3574159912109375,3.568751832962036e-5,84.402587890625,10.880335807800291,0,1800,-2.656463623046875,0,0,5
9203693,2021,dry,annotated,0,685365,4848345,0.06907100219726563,0.31773701171875,3.174543600797653e-5,120.7522201538086,9.422921180725098,900,50400,-0.513427734375,0,0,5
9199046,2021,deep_water,random_draw,0,681675,4847835,0.07641099853515625,0.301247998046875,3.0088623723983764e-5,89.63374328613281,66.77558898925781,0,482400,-0.9650878906250568,0,0,5
9199601,2021,deep_water,random_draw,0,681825,4847955,0.04730899963378906,0.3413469970703125,3.409698204755783e-5,84.34981536865234,93.320892333984375,900,482400,-0.5653991699219318,0.1111111119389534,0,5
9199774,2021,deep_water,random_draw,0,681885,4848045,0.05021900024414062,0.359089990234375,3.587296489000321e-5,75.6710433959961,80.27055358886719,900,482400,0.33615112304681816,0.4000000059604645,0,4
9200007,2021,deep_water,random_draw,0,682005,4848285,0.0671280029296875,0.309897998046875,3.095304399490356e-5,84.120330810546875,106.50122833251952,0,482400,-1.1360778808594318,0,0,5
9200049,2021,deep_water,random_draw,0,682005,4848165,0.04787200012207031,0.340185009765625,3.398418937921524e-5,67.29606628417969,64.10848236083984,900,482400,0.19384765624994316,0.2222222238779068,0,5
9200239,2021,deep_water,random_draw,0,682125,4848225,0.05653800048828125,0.311135009765625,3.1074461946487424e-5,89.18745422363281,73.60858154296875,0,482400,-2.967071533203182,0,0,5
8286608,2021,em_veg,annotated,0,660105,4850625,0.0896510009765625,0.2204860107421875,2.202333737373352e-5,112.01908111572266,13.201930046081545,900,1800,0.006744384765625,0,0,5
9096102,2021,dry,annotated,0,656265,4850385,0.06080800170898437,0.1752260009765625,1.7496610131263732e-5,80.847900390625,13.355878829956056,900,30600,-0.08575439453125,0.125,0.20000000298023224,5
9096203,2021,dry,annotated,0,656295,4850355,0.0734219970703125,0.189652001953125,1.8938527722358705e-5,88.89397430419922,10.77160930633545,0,30600,-0.104736328125,0.125,0.3333333432674408,5
9080940,2021,dry,annotated,0,650295,4850235,0.09779000244140625,0.2070469970703125,2.068128155708313e-5,77.9814682006836,14.8262300491333,0,1800000,-0.89971923828125,0,0.1666666716337204,5
9076018,2021,dry,annotated,0,647685,4850205,0.05355,0.12554200439453125,1.252992551803589e-5,87.71324920654297,35.951717376708984,900,2700,0.270263671875,0.06666667014360428,0,5
9068176,2021,em_veg,annotated,0,636285,4850055,0.05492899780273437,0.1412449951171875,1.4093148672580718e-5,91.394317626953125,9.495882034301758,900,23400,-0.08233642578119316,0,0.1666666716337204,5
9068204,2021,em_veg,annotated,0,636345,4849965,0.06943099975585937,0.1925,1.9216382749080657e-5,95.8589324951172,14.049159049987791,0,23400,-0.22390747070306816,0,0.1666666716337204,5
9068228,2021,em_veg,annotated,0,636405,4849965,0.0621,0.150772998046875,1.5052056035995484e-5,84.2036361694336,16.825191497802734,900,23400,-0.08926391601556816,0,0.8333333134651184,5
9067283,2021,dry,annotated,0,634905,4849545,0.0969780029296875,0.26058798828125,2.60066907787323e-5,80.7194595336914,4.682485103607178,0,9000,-0.777618408203125,0,0,5
9067346,2021,dry,annotated,0,635025,4849575,0.08428800048828125,0.2469199951171875,2.463730547904968e-5,77.51505279541016,2.919734477996826,0,9000,-3.55975341796875,0,0,5
8205268,2021,dry,annotated,0,623805,4851465,0.07329299926757812,0.221031005859375,2.2067986907958985e-5,91.43055725097656,5.553348541259766,900,33300,-0.12640380859375,0,0,5
8205434,2021,em_veg,annotated,0,623925,4851645,0.05311500244140625,0.124606005859375,1.2432432961463928e-5,80.429046630859375,8.33121109008789,900,33300,0.045318603515625,0,1,5
8205599,2021,dry,annotated,0,623985,4851525,0.0946010009765625,0.246677001953125,2.463117860078812e-5,88.78193664550781,4.939795970916748,900,33300,-0.74151611328125,0,0,5
8205612,2021,em_veg,annotated,0,623985,4851585,0.04593200073242187,0.12588699951171875,1.2562220318317414e-5,88.65247344970703,2.235812187194824,900,33300,0.11651611328125,0,0.8333333134651184,5
8201981,2021,dry,annotated,0,619455,4851525,0.06903200073242187,0.23393798828125,2.335663543701172e-5,61.673973083496094,7.724289417266846,900,4500,-0.827880859375,0,0.4285714328289032,5
8201997,2021,dry,annotated,0,619485,4851465,0.07244500122070313,0.2975969970703125,2.9712385368347167e-5,85.74285888671875,4.479676723480225,0,4500,0.070343017578125,0,0,5
8201365,2021,dry,annotated,0,617625,4851405,0.07352100219726562,0.255222998046875,2.5480929203033446e-5,78.98101806640625,6.377487659454346,0,11700,-0.355926513671875,0,0,5
8201398,2021,dry,annotated,0,617745,4851375,0.06950800170898437,0.26393798828125,2.6348449025154115e-5,76.21522521972656,3.401611566543579,900,11700,-1.336090087890625,0.05263157933950424,0,5
7649122,2021,em_veg,annotated,0,612825,4851195,0.05616599731445312,0.13678800048828124,1.364947177648544e-5,79.973297119140625,21.876707077026367,900,36900,0.0517578125,0.2142857164144516,0.4000000059604645,5
7649245,2021,dry,annotated,0,612885,4851105,0.08608300170898438,0.22599599609375,2.2569006969928744e-5,79.338470458984375,5.754148483276367,0,36900,-0.29510498046875,0,0,5
7649277,2021,em_veg,annotated,0,612915,4851165,0.05988200073242188,0.1183969970703125,1.181070609807968e-5,74.09203338623047,14.872679710388184,900,36900,0.0340576171875,0.30000001192092896,0.3333333432674408,4
7649490,2021,em_veg,annotated,0,613005,4851105,0.05870499877929688,0.1360030029296875,1.3568218107223511e-5,70.12593078613281,16.491798400878906,900,36900,0.02655029296875,0.2857142984867096,0.4000000059604645,5
7647601,2021,hugo_precise,annotated,1,611985,4850895,0.0557780029296875,0.05928300170898437,5.907864770889283e-6,32.28868103027344,2.072237014770508,900,165600,0.041595458984375,1,1,3
7647559,2021,dry,annotated,0,611955,4850985,0.08697899780273438,0.19358599853515623,1.932355272769928e-5,116.33816528320313,11.413989067077637,900,165600,-0.317626953125,0,0.875,5
7647727,2021,deep_viz,annotated,0,612015,4850955,0.0613989990234375,0.0580219970703125,5.786965925693512e-6,35.99637222290039,2.081533432006836,900,165600,0.041595458984375,1,1,1
7647955,2021,em_veg,annotated,0,612075,4850715,0.087622998046875,0.21854599609375,2.182416180372238e-5,127.0386199951172,10.06258773803711,0,165600,-0.260772705078125,0,0,5
7648350,2021,em_veg,annotated,0,612255,4850745,0.051652001953125,0.0811760009765625,8.095534439086915e-6,48.587921142578125,13.040160179138184,900,165600,-0.035400390625,1,1,3
7648390,2021,deep_viz,annotated,0,612225,4850865,0.05370499877929687,0.04927200012207031,4.91334965467453e-6,32.22354507446289,1.3850948810577393,900,165600,0.041595458984375,1,1,1
7648590,2021,em_veg,annotated,0,612345,4850715,0.06455700073242188,0.11062099609375,1.10388920879364e-5,49.29816055297851,17.922319412231445,900,165600,0.034698486328125,1,1,3
7648616,2021,deep_viz,annotated,0,612375,4850925,0.05901400146484375,0.05843599853515625,5.829387998580932e-6,33.32093048095703,1.0931367874145508,900,165600,0.041595458984375,1,1,1
7648672,2021,dry,annotated,0,612435,4850745,0.09789500122070312,0.2306070068359375,2.3029853675365447e-5,112.44419860839844,18.027624130249023,900,165600,-0.3916015625,0.11764705926179886,0.2857142984867096,5
7648691,2021,dry,annotated,0,612465,4850955,0.0972260009765625,0.2260719970703125,2.2573885040283203e-5,99.08690643310548,7.886568069458008,0,165600,-1.071197509765625,0,0,5
7643502,2021,dry,annotated,0,610815,4851495,0.05204299926757812,0.1236800048828125,1.233966735124588e-5,97.64319610595705,8.078568458557129,900,54000,-0.00592041015625,0.1666666716337204,1,5
7643868,2021,dry,annotated,0,610875,4851345,0.0666989990234375,0.15743299560546875,1.5717471990585327e-5,110.08332824707033,10.041637420654297,0,54000,-0.7982177734375,0,0,5
7644248,2021,dry,annotated,0,610995,4851375,0.0696989990234375,0.1788699951171875,1.785541878938675e-5,92.7890853881836,5.649946689605713,0,54000,-0.88623046875,0,0.09090909361839294,5
7643982,2021,co_precise,annotated,1,610935,4851375,0.0577,0.10967900390625,1.0943203113079072e-5,125.4689483642578,15.379630088806152,900,54000,0.041595458984375,0.05000000074505806,1,5
7643365,2021,deep_water,random_draw,0,610785,4850715,0.06065700073242187,0.07879199829101563,7.858120169639588e-6,24.845542907714844,2.0032124519348145,900,105300,0.0653076171875,0.9090909361839294,1,3
7643506,2021,deep_water,random_draw,0,610815,4850865,0.06029500122070312,0.10620699462890625,1.0593569316864014e-5,56.415771484375,12.029815673828123,900,105300,-0.0628662109375,0.9583333134651184,1,4
7643812,2021,deep_water,random_draw,0,610905,4850655,0.0782010009765625,0.14696600341796875,1.466403992652893e-5,93.81647491455078,17.987367630004883,900,105300,-0.14447021484375,0.6818181872367859,0.8888888955116272,4
7643900,2021,deep_water,random_draw,0,610905,4850895,0.05686400146484375,0.05390900268554687,5.375335041284561e-6,20.184682846069336,0.17057105898857117,900,105300,0.066925048828125,1,1,4
7643986,2021,deep_water,random_draw,0,610905,4850745,0.05845900268554687,0.05570999755859375,5.554316475391389e-6,20.002452850341797,0.07648313790559769,900,105300,0.066925048828125,1,1,1
7644250,2021,deep_water,random_draw,0,610995,4850895,0.056025,0.05912000122070313,5.895961228609086e-6,21.497682571411133,0.6197494864463806,900,105300,0.066925048828125,1,1,3
7644305,2021,deep_water,random_draw,0,611025,4850595,0.05316199951171875,0.078797998046875,7.84838166475296e-6,42.14833068847656,14.42263889312744,900,105300,0.058990478515625,0.6315789222717285,0.5714285969734192,4
7644628,2021,deep_water,random_draw,0,611085,4850865,0.08939099731445313,0.224127001953125,2.237710042715073e-5,108.9455795288086,4.979466915130615,0,105300,-0.830718994140625,0,0.2222222238779068,5
7645210,2021,deep_water,random_draw,0,611235,4850625,0.0692239990234375,0.1575550048828125,1.5729356632232665e-5,91.35852813720705,9.86155128479004,900,105300,-0.13720703125,0.0476190485060215,0.6666666865348816,5
9296262,2021,deep_water,random_draw,0,611115,4850565,0.0575010009765625,0.0982469970703125,9.798868746757509e-6,40.404075622558594,13.29286289215088,900,105300,0.018157958984375,0.8500000238418579,0.875,4
7636485,2021,deep_water,random_draw,0,608985,4850625,0.04266000061035156,0.1027010009765625,1.02325971865654e-5,79.31520080566406,45.37261199951172,900,49500,-0.00750732421875,0.42105263471603394,0.5714285969734192,5
7636520,2021,deep_water,random_draw,0,609015,4850715,0.02934100036621094,0.04672900085449218,4.634501330852509e-6,85.18761444091797,34.593143463134766,900,49500,0.0469970703125,0.5,1,5
7636543,2021,deep_water,random_draw,0,609045,4850835,0.069797998046875,0.3220929931640625,3.2149200229644775e-5,120.9855728149414,6.2367377281188965,0,49500,-0.627471923828125,0,0,5
7636770,2021,deep_water,random_draw,0,609105,4850595,0.06848900146484375,0.1811719970703125,1.808328056573868e-5,110.44786834716795,44.29312515258789,900,49500,-0.659454345703125,0.04545454680919647,0.1666666716337204,5
7636912,2021,deep_water,random_draw,0,609135,4850715,0.02606000061035156,0.04265199890136718,4.23584438085556e-6,62.10002899169922,12.496600151062012,900,49500,0.0469970703125,0.9047619104385376,1,4
7636937,2021,deep_water,random_draw,0,609135,4850805,0.05546799926757812,0.207910009765625,2.074477900505066e-5,124.9406509399414,43.79164505004883,900,49500,-0.38226318359375,0,0.5,5
7637219,2021,deep_water,random_draw,0,609225,4850655,0.06576799926757812,0.19054000244140623,1.9024260206222535e-5,100.21452331542967,17.708406448364258,0,49500,-0.938629150390625,0,0,5
7627215,2021,hugo_precise,annotated,1,603915,4851135,0.04595700073242188,0.0823239990234375,9.353396747112275e-6,72.74559783935547,3.836633920669556,900,193500,0.138092041015625,0.1666666716337204,0.800000011920929,5
7626643,2021,dry,annotated,0,603735,4851045,0.07783900146484375,0.216539990234375,2.162154355764389e-5,102.16973876953124,3.6233294010162354,0,193500,-0.35443115234375,0,0.20000000298023224,5
7626769,2021,dry,annotated,0,603765,4851105,0.0742780029296875,0.1740239990234375,1.736758222579956e-5,99.7818832397461,4.574193000793457,0,193500,-0.145050048828125,0,0.1666666716337204,5
7626794,2021,deep_viz,annotated,0,603795,4851015,0.04207000122070312,0.05122999877929687,6.780604691505432e-6,72.24024963378906,0.8148952722549438,900,193500,0.138092041015625,1,1,1
7626962,2021,deep_viz,annotated,0,603855,4851015,0.04051400146484375,0.04608399963378906,6.413342012166977e-6,64.65020751953125,0.7273170948028564,900,193500,0.138092041015625,1,1,1
7627067,2021,deep_viz,annotated,0,603885,4850955,0.04576099853515625,0.05231300048828125,6.292089658975601e-6,68.0970687866211,0.45987725257873535,900,193500,0.138092041015625,1,1,1
7627467,2021,dry,annotated,0,603975,4850955,0.06650599975585937,0.2453449951171875,2.4482803897857665e-5,78.46577453613281,50.2613410949707,0,193500,-1.619781494140625,0.0833333358168602,0.20000000298023224,5
7617314,2021,dry,annotated,0,599895,4851135,0.11578900146484376,0.3010449951171875,3.005930303096771e-5,95.2836685180664,6.686500072479248,0,154800,-0.975189208984375,0,0,5
7618075,2021,dry,annotated,0,600285,4851045,0.0831760009765625,0.25807099609375,2.5760301847457884e-5,79.9137954711914,28.855030059814453,0,154800,-1.065093994140625,0,0,5
7614864,2021,shallow_viz,annotated,1,599385,4850715,0.0603010009765625,0.142475,1.4222161607742308e-5,113.05392456054688,18.78606605529785,900,4500,-0.032073974609375,0,0.5555555820465088,5
7615013,2021,dry,annotated,0,599415,4850685,0.06101199951171875,0.1523739990234375,1.5211677877902984e-5,121.30447387695313,5.926314830780029,0,4500,-0.395751953125,0,0.1111111119389534,5
7615262,2021,dry,annotated,0,599445,4850745,0.06714099731445312,0.1532280029296875,1.5298464901447297e-5,116.03385925292967,4.4593706130981445,900,4500,0.00909423828125,0,0.4285714328289032,5
7613864,2021,dry,annotated,0,599145,4851165,0.10183099975585938,0.2768840087890625,2.7648432264328004e-5,106.0401840209961,9.124608039855955,0,10800,-0.373138427734375,0,0,5
7613906,2021,deep_viz,annotated,0,599175,4851165,0.079664001464843745,0.1940369995117187,1.936347982406616e-5,66.36565399169922,26.976362228393555,900,10800,-0.430328369140625,0,0.3333333432674408,5
7572176,2021,dry,annotated,0,583125,4850895,0.08530599975585937,0.3128340087890625,3.124634932041168e-5,83.82023620605469,10.589146614074709,0,8100,-0.23175048828125,0,0,5
7572203,2021,dry,annotated,0,583155,4850805,0.077697998046875,0.3475840087890625,3.472409603357315e-5,99.8967514038086,7.187122344970703,0,8100,-0.451812744140625,0,0,5
7565508,2021,terrain,annotated,0,579945,4850745,0.063702001953125,0.112056005859375,1.118746068239212e-5,43.631324768066406,49.67253875732422,900,2700,-0.11224365234369316,0.40625,1,5
7565509,2021,dry,annotated,0,579945,4850685,0.08938900146484376,0.27925,2.7888112988471987e-5,66.02664947509766,40.667335510253906,0,2700,-1.1746215820311932,0,0,5
7562557,2021,deep_water,random_draw,0,578655,4850685,0.07473400268554688,0.10650300292968752,1.0637938302755357e-5,86.06828308105469,64.984344482421875,900,161100,0.17779541015625,0.931034505367279,1,4
7563267,2021,deep_water,random_draw,0,578925,4850745,0.111731005859375,0.18201099853515623,1.8188294748067858e-05,128.21018981933594,11.52911376953125,0,161100,-0.333953857421875,0,1,5
7563765,2021,deep_water,random_draw,0,579075,4850745,0.07687899780273437,0.14571099853515626,1.4552054401636123e-5,130.10472106933594,8.9587860107421875,0,161100,-1.106689453125,0,0.10000000149011612,5
7564168,2021,deep_water,random_draw,0,579225,4850715,0.0695969970703125,0.13315999755859376,1.3296677104234697e-5,99.7680206298828,12.7075834274292,0,161100,-1.334686279296875,0.25,0.1111111119389534,4
7564368,2021,deep_water,random_draw,0,579285,4850985,0.07743699951171874,0.16268199462890626,1.6249204503297807e-5,122.7728042602539,6.988640308380127,0,161100,-1.322265625,0,0,5
7564472,2021,deep_water,random_draw,0,579345,4851075,0.07494000244140625,0.230175,2.298521421909332e-5,107.7008819580078,46.57441711425781,0,161100,-2.72796630859375,0.05882352963089943,0.10000000149011612,5
7564546,2021,deep_water,random_draw,0,579375,4850925,0.06640399780273437,0.3293489990234375,3.288698838710785e-5,96.023040771484375,51.900142669677734,0,161100,-4.1470947265625,0,0,5
7615456,2021,em_veg,random_draw,0,599475,4859265,0.064897998046875,0.183106005859375,1.827881336450577e-5,78.07041931152344,13.222822189331056,900,61200,-0.08935546875,0.03125,0.2222222238779068,5
7615841,2021,em_veg,random_draw,0,599535,4859415,0.06243200073242187,0.1866510009765625,1.8632151136398315e-5,79.98339080810547,13.163058280944824,900,61200,0.019073486328125,0,0,5
7616150,2021,em_veg,random_draw,0,599595,4859175,0.07347899780273437,0.18786400146484375,1.876011765241623e-5,100.18070220947266,28.5533447265625,900,61200,0.011505126953125,0.03333333507180214,0.5555555820465088,5
7616242,2021,em_veg,random_draw,0,599625,4859265,0.07576199951171875,0.263277001953125,2.628797297000885e-5,51.1231689453125,1.5662400722503662,0,61200,-1.5843505859375,0,0,5
7616410,2021,em_veg,random_draw,0,599655,4859415,0.060747998046875,0.16509200439453126,1.6478724298477173e-5,100.93627166748048,17.44069480895996,900,61200,-0.110382080078125,0.04347826167941093,0.20000000298023224,5
7616782,2021,em_veg,random_draw,0,599745,4859265,0.07054500122070312,0.250385009765625,2.4993118333816527e-5,52.64704895019531,3.6542158126831055,0,61200,-1.530914306640625,0,0,5
7616839,2021,em_veg,random_draw,0,599745,4859445,0.0623510009765625,0.15294599609375,1.5266573228836057e-5,116.02688598632813,13.39146614074707,900,61200,0.11383056640625,0.03999999910593033,0.4000000059604645,5
7617017,2021,em_veg,random_draw,0,599805,4859355,0.07248400268554687,0.2617989990234375,2.61344704914093e-5,52.362545013427734,1.3918341398239136,0,61200,-2.18853759765625,0,0,5
7617059,2021,em_veg,random_draw,0,599805,4859535,0.04292000122070312,0.10880699462890624,1.084781217098236e-5,120.8409652709961,15.034006118774414,900,61200,0.2403564453125,0.0357142873108387,0.5,5
7604849,2021,dry,annotated,0,597225,4860135,0.07813800048828125,0.2182919921875,2.180088309049606e-5,34.40548324584961,8.778181076049805,900,2700,-0.00711059570306815,0.12121212482452393,0,5
7604980,2021,terrain,annotated,0,597225,4860105,0.06722100219726562,0.16889599609375,1.686593883514404e-5,23.377824783325195,4.355323791503906,900,2700,0.08294677734380684,0.53125,0.20000000298023224,4
7605063,2021,hugo_precise,annotated,1,597255,4863735,0.04308500061035156,0.07712000122070313,8.646435992717742e-6,46.07469177246094,3.4581634998321533,900,314100,0.052337646484375,0.1428571492433548,1,5
7604660,2021,glint,annotated,0,597165,4863675,0.1621050048828125,0.3079800048828125,3.076707554101944e-5,62.06143951416016,4.153472900390625,900,314100,-0.11370849609375,0,0.4000000059604645,5
7604734,2021,glint,annotated,0,597195,4863495,0.1413260009765625,0.2813590087890625,2.810556570768356e-5,63.137657165527344,2.6606411933898926,900,314100,-0.24261474609375,0,0,5
7605890,2021,dry,annotated,0,597405,4863825,0.06871900024414063,0.159797998046875,1.5953353340625762e-5,78.7402572631836,14.534819602966309,900,314100,-0.097076416015625,0,0.4444444477558136,5
7606113,2021,dry,annotated,0,597435,4863225,0.085952001953125,0.183247998046875,1.829900246858597e-5,79.48895263671875,13.23896026611328,900,314100,-0.31719970703125,0,0,5
7606438,2021,dry,annotated,0,597495,4863525,0.08471500244140626,0.19713900146484375,1.968700579166412e-5,83.67608642578125,10.064979553222656,900,314100,-0.3446044921875,0.03225806355476379,0,5
7603113,2021,dry,annotated,0,596685,4862895,0.10553299560546876,0.2877530029296875,2.874646446466446e-5,98.47969818115234,17.742216110229492,0,332100,-0.863983154296875,0.03225806355476379,0,5
7603447,2021,em_veg,annotated,0,596805,4863045,0.05643599853515625,0.129077001953125,1.2880317249298096e-5,77.69658660888672,27.866544723510746,900,332100,-0.108856201171875,0.15625,0.3333333432674408,5
7603462,2021,em_veg,annotated,0,596805,4863105,0.06329500122070313,0.1493199951171875,1.4904114773273467e-5,70.312957763671875,24.229713439941406,900,332100,-0.111053466796875,0.23529411852359772,0.20000000298023224,5
7603559,2021,dry,annotated,0,596835,4863075,0.10584599609375,0.2678580078125,2.675469411611557e-5,83.870086669921875,6.4485979080200195,0,332100,-1.435882568359375,0,0,5
7603579,2021,em_veg,annotated,0,596865,4862835,0.04924800109863281,0.11651099853515624,1.1625234100818632e-5,69.942962646484375,58.109561920166016,900,332100,0.028594970703125,0.5333333611488342,0.3333333432674408,4
7603955,2021,dry,annotated,0,596985,4863045,0.0754719970703125,0.19735,1.9706347925662995e-5,83.06726837158203,28.99447250366211,900,332100,-0.3271484375,0,0.4444444477558136,5
7603829,2021,em_veg,random_draw,0,596955,4863855,0.05024800109863281,0.1447260009765625,1.444481167793274e-5,90.71407318115234,11.47605800628662,900,3600,0.019866943359375,0,0.1818181872367859,5
7604278,2021,hugo_precise,annotated,1,597105,4866675,0.045325,0.102527001953125,1.019535123348236e-5,92.21179962158205,6.175283432006836,900,16200,0.1190185546875,0,1,5
7604395,2021,dry,annotated,0,597135,4866585,0.058147998046875,0.16604599609375,1.6554919886589052e-5,83.84513854980469,6.220491409301758,900,16200,-0.084228515625,0,1,5
7604670,2021,dry,annotated,0,597195,4866615,0.07059299926757813,0.3176070068359375,3.171752317428589e-5,60.112892150878906,9.101561546325684,0,16200,-0.45794677734375,0,0,5
7604774,2021,dry,annotated,0,597195,4866675,0.06818599853515625,0.1946489990234375,1.9414110922813416e-5,90.28844451904295,11.89141082763672,900,16200,-0.111114501953125,0,0.800000011920929,5
7603036,2021,dry,annotated,0,596655,4869345,0.08730399780273437,0.2810610107421875,2.8058290891647336e-5,73.25938415527344,7.5124077796936035,0,17100,-1.612091064453125,0,0,5
7603389,2021,em_veg,annotated,0,596805,4870425,0.04373900146484375,0.09884199829101564,9.957403917312623e-6,113.0144500732422,24.939678192138672,900,7200,0.041168212890625,0.03125,0.4285714328289032,5
7603664,2021,em_veg,annotated,0,596895,4870485,0.06365499877929688,0.1578989990234375,1.5763553652763367e-5,72.91083526611328,16.76553726196289,900,7200,-0.016845703125,0.02941176481544971,0,5
7605747,2021,dry,annotated,0,597375,4870995,0.069402001953125,0.2967919921875,2.9641576943397523e-5,70.08122253417969,5.157614231109619,0,91800,-0.6209716796875,0,0,5
7605992,2021,dry,annotated,0,597435,4870725,0.07023900146484376,0.3050530029296875,3.0466813714504244e-5,76.06822967529297,5.244764804840088,0,91800,-0.95660400390625,0,0.1111111119389534,5
7604288,2021,terrain,annotated,0,597105,4871385,0.03127099914550781,0.07331400146484375,7.815168623924256e-6,70.09405517578125,2.5672128200531006,900,22500,0.277862548828125,0.12903225421905518,0.6000000238418579,5
7604322,2021,terrain,annotated,0,597105,4871325,0.04451799926757812,0.20139599609375,2.008449227809906e-5,69.55232238769531,8.036273002624512,900,22500,0.029205322265625,0.06060606241226196,0.5,5
7604333,2021,dry,annotated,0,597135,4871475,0.04580400085449219,0.10591400146484375,1.0558726999759676e-5,60.313926696777344,7.727360248565674,900,22500,0.001373291015625,0.19354838132858276,0.8999999761581421,5
7604392,2021,terrain,annotated,0,597135,4871505,0.0524739990234375,0.12129599609375,1.210586671113968e-5,29.769878387451172,5.561957359313965,900,22500,0.061492919921875,0.06451612710952759,0.10000000149011612,5
7604393,2021,dry,annotated,0,597105,4871295,0.06278300170898438,0.3946989990234375,3.940495286941528e-5,61.102088928222656,8.942312240600586,0,22500,-0.935791015625,0,0,5
7604828,2021,dry,annotated,0,597225,4871475,0.08280900268554688,0.233181005859375,2.328102846622467e-5,80.78336334228516,14.911221504211426,0,22500,-0.023681640625,0,0.20000000298023224,5
7603530,2021,co_precise,annotated,1,596835,4871385,0.04890899963378906,0.07137999877929688,7.745928406715392e-6,73.0807876586914,5.020635604858398,900,63900,0.125,0.03448275849223137,1,5
7602817,2021,dry,annotated,0,596595,4871505,0.07264199829101563,0.2826239990234375,2.821978467941284e-5,89.0404281616211,5.034820079803467,0,63900,-0.43475341796875,0,0.10000000149011612,5
7603290,2021,dry,annotated,0,596745,4871265,0.0665739990234375,0.2070699951171875,2.066715775966644e-5,85.31023406982422,5.523333549499512,900,63900,-0.39544677734375,0.03225806355476379,0.30000001192092896,5
7603381,2021,dry,annotated,0,596775,4871385,0.05745599975585937,0.1227550048828125,1.2237137289047242e-5,85.08800506591797,8.571041107177734,900,63900,0.125,0,1,5
7603229,2021,hugo_precise,annotated,1,596715,4872405,0.03826300048828125,0.07841099853515625,1.074897046327591e-5,139.3942108154297,2.3283469676971436,900,12600,0.0458984375,0,1,5
7603388,2021,hugo_precise,annotated,1,596805,4872435,0.06106099853515625,0.13763299560546874,1.3740368216037753e-5,106.8378677368164,14.13225555419922,900,12600,0.022247314453125,0,0.125,5
7603031,2021,dry,annotated,0,596685,4872435,0.05206300048828125,0.12716400146484377,1.2693389678001405e-5,130.8362274169922,6.496991157531738,900,12600,0.021209716796875,0,0.375,5
7603271,2021,dry,annotated,0,596745,4872465,0.06907100219726563,0.16003699951171876,1.598153284072876e-5,109.07827758789064,10.379948616027832,0,12600,-0.562835693359375,0,0,5
7603295,2021,dry,annotated,0,596745,4872375,0.06543699951171875,0.1545239990234375,1.542837464094162e-5,118.25347900390624,5.026644706726074,900,12600,-0.08428955078125,0,0.25,5
7604018,2021,dry,annotated,0,597045,4874595,0.10922900390625,0.2837050048828125,2.8342488718032837e-5,65.62891387939453,2.2900960445404053,0,412200,-2.28125,0,0,5
7604190,2021,dry,annotated,0,597075,4873995,0.088997998046875,0.21988798828125,2.196193081855774e-5,97.295318603515625,18.632308959960938,900,412200,-0.531707763671875,0.07999999821186066,0.5,5
7604095,2021,dry,annotated,0,597045,4875615,0.06482899780273438,0.157868994140625,1.5762179400920866e-5,85.813232421875,24.53111267089844,900,20700,-0.029998779296875,0,0.2222222238779068,5
7604182,2021,dry,annotated,0,597075,4875675,0.062327001953125,0.11802900390625,1.1778499677181243e-5,100.026123046875,40.47061920166016,900,20700,0.0189208984375,0.07999999821186066,0,5
7604346,2021,em_veg,annotated,0,597135,4875585,0.04019299926757812,0.09097000122070312,9.070910863876342e-6,70.820831298828125,14.53932762145996,900,20700,0.131805419921875,0.2083333283662796,0.5,5
7604420,2021,em_veg,annotated,0,597165,4875645,0.055622998046875,0.13466800537109375,1.3441838250160218e-5,79.472137451171875,19.217954635620117,900,20700,-0.065460205078125,0.14814814925193787,0,5
7604742,2021,dry,annotated,0,597195,4875615,0.08315800170898438,0.2211469970703125,2.2085881261825564e-5,83.24352264404297,15.94998264312744,0,20700,-0.508880615234375,0,0,5
7603310,2021,co_precise,annotated,1,596775,4876605,0.04439299926757812,0.07467899780273438,8.617305057048797e-6,79.15936279296875,9.978641510009766,900,60300,0.047607421875,0.08695652335882187,1,5
7603204,2021,em_veg,annotated,0,596715,4876755,0.06508499755859375,0.1584300048828125,1.5817401955127716e-5,108.50048065185548,28.389183044433594,900,60300,0.03448486328125,0,0,5
7603293,2021,dry,annotated,0,596745,4876335,0.0728030029296875,0.20065999755859376,2.0037598807811734e-5,104.5221710205078,12.301563262939451,900,60300,-0.015869140625,0,0,5
7603312,2021,em_veg,annotated,0,596745,4876515,0.06019500122070313,0.12096099853515624,1.2070732543468476e-5,72.55211639404297,30.4445743560791,900,60300,0.039794921875,0.03999999910593033,0.4285714328289032,5
7603387,2021,dry,annotated,0,596805,4876245,0.07372999877929687,0.2073669921875,2.0697223525047303e-5,95.4996566772461,12.960004806518556,0,60300,0.014495849609375,0,0,5
7603510,2021,dry,annotated,0,596835,4876575,0.10218099975585936,0.24790400390625,2.475521778821945e-5,109.78857421875,8.633707046508789,900,60300,-0.0635986328125,0,0,5
7603565,2021,em_veg,annotated,0,596835,4876755,0.06351500244140625,0.154752001953125,1.5449154183864593e-5,76.51588439941406,18.054780960083008,900,60300,-0.07952880859375,0.07692307978868484,0.5555555820465088,5
7603182,2021,dry,annotated,0,596715,4878015,0.06883800048828125,0.3207340087890625,3.202657281875611e-5,67.4491195678711,2.677558183670044,0,10800,-1.356292724609375,0,0,5
7494952,2021,deep_water,random_draw,0,602925,4891995,0.08466699829101562,0.245068994140625,2.447662697792053e-5,72.39886474609375,24.314878463745117,0,10800,-2.27703857421875,0,0,5
7495049,2021,deep_water,random_draw,0,603045,4891935,0.04811000061035156,0.11276700439453125,1.125105257987976e-5,96.905853271484375,37.76606369018555,900,10800,0.14495849609375,0.25,0.3333333432674408,5
7495153,2021,deep_water,random_draw,0,603135,4891905,0.07150800170898437,0.242789990234375,2.4244870738983155e-5,85.593994140625,25.79157066345215,0,10800,-1.47625732421875,0.03448275849223137,0,5
7495007,2021,deep_water,random_draw,0,602985,4892235,0.06516099853515625,0.1632550048828125,1.6298865718841553e-5,43.834842681884766,12.520427703857422,900,1003500,-0.4786376953125,0.92592591047287,1,4
7495057,2021,deep_water,random_draw,0,603045,4892325,0.052852001953125,0.03774700012207031,4.659895393848419e-6,17.89726448059082,0.348457932472229,900,1003500,0.202728271484375,1,1,1
7495060,2021,deep_water,random_draw,0,603045,4892115,0.0777030029296875,0.23453798828125,2.342355968952179e-5,51.946678161621094,11.18411350250244,900,1003500,-1.031097412109375,0.03448275849223137,0.30000001192092896,5
7495099,2021,deep_water,random_draw,0,603075,4892595,0.05083099975585938,0.03446199951171875,4.5867781066894525e-6,20.20431137084961,0.8615618944168091,900,1003500,0.202728271484375,1,1,1
7495181,2021,deep_water,random_draw,0,603165,4892355,0.05561500244140625,0.03911499938964843,4.6737850564718245e-6,19.152973175048828,0.5512667298316956,900,1003500,0.202728271484375,1,1,1
7495210,2021,deep_water,random_draw,0,603195,4892145,0.0484739990234375,0.03498299865722656,4.594113570451736e-6,23.791942596435547,0.6850223541259766,900,1003500,0.202728271484375,1,1,1
7495261,2021,deep_water,random_draw,0,603255,4892595,0.05049400024414062,0.03339599914550781,4.617722358107567e-6,17.13353157043457,0.3606305718421936,900,1003500,0.202728271484375,1,1,1
7495292,2021,deep_water,random_draw,0,603255,4892415,0.05769199829101562,0.05635599975585937,5.623373780250549e-6,41.34815979003906,3.4484002590179443,900,1003500,0.197845458984375,1,1,2
7495357,2021,deep_water,random_draw,0,603315,4892145,0.06523800048828125,0.057647998046875,5.7554383105039594e-6,21.1568603515625,0.42653027176856995,900,1003500,0.202728271484375,1,1,1
7495474,2021,deep_water,random_draw,0,603405,4892025,0.0865780029296875,0.277252001953125,2.769324817895889e-5,60.91688919067383,5.16793966293335,0,1003500,-5.290252685546875,0,0,5
7494989,2021,co_precise,annotated,1,602955,4895265,0.06525800170898438,0.18254200439453125,1.822874756336212e-5,56.82282638549805,4.257596969604492,900,1800,0.036529541015625,0.03125,0.30000001192092896,5
7494924,2021,dry,annotated,0,602895,4895265,0.07202000122070312,0.307239990234375,3.0686257545948026e-5,73.581085205078125,3.655036687850952,0,1800,-0.03692626953125,0,0,5
7494895,2021,dry,annotated,0,602805,4897575,0.06583800048828126,0.2277530029296875,2.2740177764892574e-5,58.66146087646485,7.144506931304932,900,3600,-0.21484375,0.1818181872367859,0.5,5
7494933,2021,dry,annotated,0,602925,4898475,0.077252001953125,0.3396360107421875,3.3920559830665584e-5,68.60535430908203,1.8818588256835935,0,2700,-1.13775634765625,0,0,5
7494744,2021,dry,annotated,0,602385,4901655,0.06461300048828125,0.12013599853515625,1.1992460143566131e-5,55.42937088012695,2.7105753421783447,900,4500,-0.17016601562494316,0.24242424964904785,0.7777777910232544,5
7346589,2021,dry,annotated,0,602535,4912395,0.11395799560546876,0.3172449951171875,3.169166506290436e-5,95.70915222167967,4.404402732849121,0,5400,-0.844757080078125,0,0,5
7346256,2021,terrain,annotated,0,602175,4929045,0.07404299926757812,0.17741700439453126,1.771659919023514e-5,70.9925308227539,12.313410758972168,900,1800,0.268829345703125,0.03125,0,5
7346049,2021,shallow_viz,annotated,1,601995,4930905,0.03314500122070312,0.07599000244140625,7.5649030661582945e-6,135.9672393798828,2.696352243423462,900,24300,0.29083251953125,0.09677419066429138,0.2857142984867096,5
7346078,2021,shallow_viz,annotated,1,601995,4930695,0.03302000122070312,0.07699199829101562,8.634391183853148e-6,148.1366729736328,1.523715257644653,900,24300,0.16314697265625,0.05882352963089943,0.5555555820465088,5
7346077,2021,dry,annotated,0,601995,4930785,0.04041000061035156,0.1256719970703125,1.253345153093338e-5,142.49095153808594,6.188349723815918,900,24300,0.097381591796875,0.1111111119389534,0.6666666865348816,5
7346132,2021,dry,annotated,0,602025,4930635,0.0516239990234375,0.144956005859375,1.445933587551117e-5,135.3824462890625,7.826903820037842,900,24300,-0.05999755859375,0.0555555559694767,0.4444444477558136,5
7346139,2021,dry,annotated,0,602055,4930845,0.0580989990234375,0.15835699462890626,1.580161180019379e-5,121.1917495727539,6.4096293449401855,900,24300,-0.146575927734375,0.09375,0.4444444477558136,5
7346174,2021,dry,annotated,0,602085,4936035,0.07051799926757812,0.2376010009765625,2.3721546649932865e-5,68.59867858886719,7.677797317504883,900,1800,-1.13677978515625,0.05882352963089943,0,5
7346258,2021,shallow_viz,annotated,1,602175,4937655,0.06111099853515625,0.19901500244140624,1.9876029422283173e-5,110.38655090332033,10.560970306396484,0,9000,-0.072265625,0,0,5
7346275,2021,dry,annotated,0,602235,4937595,0.05756199951171875,0.1532030029296875,1.5295596184730532e-5,94.50819396972656,18.400943756103516,900,9000,0.18292236328125,0.09375,0,5
7346299,2021,dry,annotated,0,602295,4937595,0.06801799926757812,0.193825,1.9358330969810488e-5,102.19419860839844,14.832222938537598,0,9000,-0.09405517578125,0,0,5
7346395,2021,dry,annotated,0,602355,4937565,0.08371300048828124,0.2310659912109375,2.3082265198230743e-5,104.97427368164064,7.532982349395752,900,9000,-0.340087890625,0,0,5
7346144,2021,em_veg,annotated,0,602085,4938315,0.05081700134277343,0.13406700439453126,1.3381463959217072e-5,90.47959899902344,5.3841352462768555,900,17100,0.1156005859375,0.08571428805589676,0.1428571492433548,5
7346214,2021,dry,annotated,0,602115,4938345,0.05789299926757813,0.2054909912109375,2.0512250893115995e-5,98.16277313232422,9.93797492980957,900,17100,-0.00213623046875,0.02857142873108387,0,5
7346165,2021,dry,annotated,0,602085,4938795,0.04877200012207031,0.1385280029296875,1.3815742526054385e-5,53.209228515625,10.667886734008787,900,27000,-0.183349609375,0.09375,0.699999988079071,5
7346187,2021,deep_viz,annotated,0,602115,4938645,0.03069299926757812,0.05650499877929688,5.628430991172791e-6,23.906539916992188,7.0898518562316895,900,27000,0.4984130859375,0.7931034564971924,0.5,3
7346230,2021,dry,annotated,0,602145,4938675,0.05396900024414063,0.17009000244140626,1.697641193151474e-5,62.784061431884766,10.270183563232422,900,27000,-0.36676025390625,0.529411792755127,0.10000000149011612,5
7345968,2021,terrain,annotated,0,601905,4939125,0.06133599853515625,0.16755999755859374,1.6731305623054506e-5,69.66393280029297,15.961248397827148,900,31500,-0.11187744140625,0.09375,0.4444444477558136,5
7345985,2021,dry,annotated,0,601905,4939215,0.06478200073242188,0.2032239990234375,2.029180233955383e-5,101.10354614257813,18.72097969055176,900,31500,-0.57135009765625,0,0,5
7345990,2021,dry,annotated,0,601935,4939065,0.05774600219726562,0.138697998046875,1.3846155250072478e-5,81.59687042236328,6.023646354675293,900,31500,0.047607421875,0.06451612710952759,0.2222222238779068,5
7346000,2021,terrain,annotated,0,601935,4939275,0.03939700012207031,0.09089400024414064,9.066812317371369e-6,66.02071380615234,50.421138763427734,900,31500,0.60443115234375,0.25806450843811035,0.5,5
7346008,2021,dry,annotated,0,601935,4939335,0.08975900268554687,0.2401530029296875,2.398941873550415e-5,105.07435607910156,10.978555679321287,900,31500,-0.33404541015625,0.03333333507180214,0,5
7345834,2021,dry,annotated,0,601665,4939635,0.0714010009765625,0.24880400390625,2.484947243452072e-5,80.08891296386719,25.873455047607425,900,3600,-0.14599609375,0,0,5
9295053,2021,dry,annotated,0,601725,4940325,0.06621500244140625,0.2426719970703125,2.422839478969574e-5,78.99381256103516,10.443695068359377,900,3600,-0.7645263671875,0.02857142873108387,0,5
5656402,2021,em_veg,random_draw,0,601935,4940535,0.08388499755859374,0.1930300048828125,1.9277383944988248e-5,92.786773681640625,11.04628086090088,0,7200,-0.13037109375,0.03125,0,5
5656493,2021,dry,annotated,0,601935,4941945,0.10674000244140625,0.284902001953125,2.8459107444286347e-5,93.33245849609376,12.441123008728027,0,21600,-1.5982666015625,0,0,5
5656772,2021,dry,annotated,0,601965,4941735,0.08000700073242188,0.1660550048828125,1.6580548090934753e-5,125.9145965576172,18.361896514892575,0,21600,-1.13800048828125,0,0.10000000149011612,5
5657777,2021,dry,annotated,0,602055,4941855,0.08594299926757812,0.18273900146484376,1.8249572100639344e-5,141.28358459472656,1.5686731338500977,0,21600,-1.6435546875,0,0,5
5643975,2021,em_veg,annotated,0,600315,4947705,0.04503699951171875,0.11273800048828124,1.12492542886734e-5,123.43099975585938,42.471412658691406,900,657900,0.0162353515625,0.6538461446762085,0.6666666865348816,5
5644115,2021,dry,annotated,0,600315,4947165,0.0779969970703125,0.255660009765625,2.5533328981399537e-5,83.09423828125,12.652596473693848,900,657900,-1.2952880859375,0,0.4000000059604645,5
5644198,2021,em_veg,annotated,0,600315,4947555,0.0238229995727539,0.03552999877929688,3.538602904081345e-6,19.462846755981445,23.940807342529297,900,657900,0.3582763671875,1,1,3
5644636,2021,em_veg,annotated,0,600405,4947615,0.02730499877929687,0.04711799926757813,4.6948392057418824e-6,69.8377456665039,51.875755310058594,900,657900,0.061279296875,0.9285714030265808,0.8888888955116272,4
5645047,2021,deep_viz,annotated,0,600435,4947195,0.02547599945068359,0.03376300048828125,3.3631204175949092e-6,7.7620530128479,5.610822677612305,900,657900,0.3582763671875,0.96875,1,3
5645078,2021,dry,annotated,0,600465,4947375,0.086472998046875,0.2591360107421875,2.5878460006713865e-5,88.84144592285156,10.262839317321776,0,657900,-1.77191162109375,0,0,5
5645855,2021,dry,annotated,0,600525,4947255,0.04115799865722656,0.08375900268554687,8.355153381824493e-6,20.5428409576416,18.396135330200195,900,657900,0.15087890625,0.774193525314331,0.4000000059604645,5
5646451,2021,deep_viz,annotated,0,600615,4947135,0.0281239990234375,0.03339299926757812,3.3700519609451295e-6,2.859532356262207,0.5078968405723572,900,657900,0.3582763671875,1,1,3
5647193,2021,deep_viz,annotated,0,600705,4947045,0.0283989990234375,0.03383599853515625,3.3714247155189517e-6,2.7592968940734863,0.5125049352645874,900,657900,0.3582763671875,0.9677419066429138,1,3
5647022,2021,hugo_precise,annotated,1,600645,4946565,0.02843800048828125,0.04177099914550781,4.161581646203995e-6,6.4553728103637695,1.0622525215148926,900,657900,0.35491943359375,1,1,3
5644488,2021,dry,annotated,0,600375,4949775,0.077047998046875,0.27829599609375,2.7775010466575625e-5,85.97258758544922,6.679319858551025,900,55800,-0.6219482421875,0,0.5555555820465088,5
5644858,2021,dry,annotated,0,600405,4949955,0.11238599853515624,0.2856550048828125,2.853239721298218e-5,103.33563232421876,3.4295618534088135,0,55800,-0.50213623046875,0,0,5
5644928,2021,dry,annotated,0,600435,4950015,0.05675700073242187,0.1268969970703125,1.2663784651756288e-5,80.3530044555664,10.298715591430664,900,55800,-0.029052734375,0.07692307978868484,0.2222222238779068,5
5644666,2021,terrain,annotated,0,600375,4950765,0.03493299865722656,0.04688500061035156,4.673343850374222e-6,11.928253173828123,0.674366295337677,900,247500,0.23992919921875,0.9642857313156128,1,3
5644926,2021,deep_viz,annotated,0,600435,4950585,0.02896099853515625,0.0303239990234375,3.065981019735336e-6,8.9606351852417,0.8105828166007996,900,247500,0.2476806640625,1,1,1
5645831,2021,terrain,annotated,0,600525,4950645,0.03831400146484375,0.06626599731445312,6.60739948630333e-6,49.93656921386719,21.686864852905273,900,247500,-0.30120849609375,0.9642857313156128,1,3
5645996,2021,deep_viz,annotated,0,600555,4950555,0.02884500122070312,0.03120199890136718,3.1309808135032654e-6,10.113809585571287,1.3365375995635986,900,247500,0.2476806640625,1,1,1
5646143,2021,dry,annotated,0,600555,4950735,0.03777300109863281,0.06511500244140625,6.490971169471741e-6,48.82698822021485,16.801721572875977,900,247500,-0.2779541015625,0.9655172228813172,1,3
5646355,2021,dry,annotated,0,600585,4950315,0.063202001953125,0.1331010009765625,1.3287875583171844e-5,108.43222045898438,21.21495056152344,0,247500,-1.24945068359375,0.2666666805744171,0.699999988079071,5
5646367,2021,dry,annotated,0,600615,4950615,0.05885900268554688,0.13206099853515624,1.3181031599044798e-5,76.70751190185547,34.83868408203125,900,247500,-0.718505859375,0.517241358757019,0.30000001192092896,4
5648208,2021,deep_viz,annotated,0,600795,4950495,0.02911199951171875,0.02983900146484375,2.9709490931034086e-6,9.968880653381348,1.1594425439834597,900,247500,0.2476806640625,0.9666666388511658,1,1
5648523,2021,terrain,annotated,0,600855,4950555,0.03398500061035156,0.04695599975585937,4.678721084594727e-6,9.906707763671877,2.034627914428711,900,247500,0.23065185546875,0.9677419066429138,1,3
5641993,2021,deep_viz,annotated,0,599745,4951635,0.06185499877929688,0.1742699951171875,1.739676680326462e-5,74.149810791015625,53.6551399230957,900,34200,-0.33111572265625,0.24137930572032928,0,5
5642075,2021,dry,annotated,0,599745,4951575,0.0639489990234375,0.1745969970703125,1.7428977463245394e-5,97.8283462524414,17.2880802154541,900,34200,-0.33319091796875,0.09677419066429138,0.3333333432674408,5
5642286,2021,dry,annotated,0,599835,4951575,0.06381400146484376,0.12423800048828124,1.2394237933158876e-5,73.95207214355469,16.219152450561523,900,34200,0.32513427734375,0.1666666716337204,0.1111111119389534,5
5642401,2021,deep_viz,annotated,0,599895,4951515,0.02771300048828125,0.06136799926757812,6.109123096466064e-6,66.700469970703125,17.823820114135742,900,34200,0.4752197265625,0.35483869910240173,0.2222222238779068,5
5642431,2021,dry,annotated,0,599895,4951455,0.07461599731445312,0.21803798828125,2.1769471487998964e-5,100.77413177490234,16.443309783935547,900,34200,-0.38433837890625,0.06451612710952759,0,5
5643507,2021,em_veg,random_draw,0,600195,4952355,0.11028699951171876,0.2899840087890625,2.896935978412628e-5,87.61869049072266,8.403485298156738,0,20700,-2.83453369140625,0,0,5
5643752,2021,em_veg,random_draw,0,600255,4952235,0.10220499877929688,0.2312570068359375,2.3098097002506255e-5,85.16893768310547,15.80410861968994,0,20700,-0.68927001953125,0,0.2222222238779068,5
5644251,2021,em_veg,random_draw,0,600345,4952265,0.11955699462890625,0.274775,2.745187938928604e-5,91.35926055908205,14.53102207183838,0,20700,-0.937255859375,0,0,5
5644838,2021,em_veg,random_draw,0,600435,4952175,0.08140399780273437,0.18043900146484376,1.8017543036937713e-5,97.53267669677734,21.200939178466797,900,20700,-0.24310302734375,0,0,5
5642723,2021,dry,annotated,0,599985,4952685,0.0436489990234375,0.06650900268554688,6.633926755189895e-6,33.48326110839844,8.255916595458984,900,44100,0.04327392578125,0.5,0.4444444477558136,4
5642802,2021,em_veg,annotated,0,600015,4952835,0.03779800109863281,0.06048599853515625,6.031852279901505e-6,29.96239471435547,10.752599716186523,900,44100,0.17889404296875,0.800000011920929,1,3
5643075,2021,em_veg,annotated,0,600105,4952745,0.06710499877929688,0.1344760009765625,1.3424558532238006e-5,72.94705963134766,33.1727409362793,900,44100,-0.6734619140625,0.27586206793785095,0.3333333432674408,4
5643133,2021,dry,annotated,0,600105,4952805,0.05551300048828125,0.1075219970703125,1.073072421312332e-5,57.121192932128906,35.18720626831055,900,44100,-0.37811279296875,0.4516128897666931,0.6666666865348816,4
5643147,2021,em_veg,annotated,0,600135,4952595,0.0598780029296875,0.1225050048828125,1.22266823554039e-5,67.72539520263672,23.09101104736328,900,44100,-0.53179931640625,0.09677419066429138,0.3333333432674408,5
5643490,2021,terrain,annotated,0,600195,4953105,0.04790299987792969,0.07540700073242187,7.522284928560257e-6,63.89519119262695,43.336429595947266,900,156600,1.11102294921875,0.96875,1,4
5643539,2021,terrain,annotated,0,600195,4952895,0.06656799926757813,0.13573599853515625,1.3549878578186035e-5,85.09992980957031,28.53069496154785,900,156600,0.62017822265625,0.3793103396892547,1,4
5643750,2021,em_veg,annotated,0,600255,4953165,0.04431199951171875,0.07445599975585937,7.427740916013717e-6,51.96306228637695,47.837013244628906,900,156600,1.16961669921875,0.96875,1,4
5643946,2021,em_veg,annotated,0,600285,4952955,0.063075,0.12780999755859376,1.2760283353328704e-5,81.7721939086914,27.33919906616211,900,156600,0.7890625,0.5517241358757019,0.375,4
5643982,2021,dry,annotated,0,600285,4953225,0.10295400390625,0.244902001953125,2.446580496788025e-5,112.50843811035156,20.876476287841797,900,156600,0.24786376953125,0,0,5
5643901,2021,dry,annotated,0,600255,4955325,0.07715700073242188,0.16316500244140625,1.6275227918624877e-5,118.26094818115234,5.506607532501221,900,27000,-0.268310546875,0,0.5,5
5643917,2021,dry,annotated,0,600285,4955415,0.067397998046875,0.16781500244140626,1.6744610962867738e-5,129.58639526367188,9.844324111938477,0,27000,-0.1795654296875,0,0.3333333432674408,5
5643981,2021,dry,annotated,0,600285,4955265,0.0548719970703125,0.12904200439453126,1.286996594429016e-5,106.2126235961914,7.799837589263916,900,27000,-0.10125732421875,0,0.800000011920929,5
5643389,2021,hugo_precise,annotated,1,600195,4955205,0.053727001953125,0.1088489990234375,1.0858827469348909e-5,74.33269500732422,14.938336372375488,900,27000,-0.2373046875,0.17142857611179352,1,5
5643871,2021,dry,annotated,0,600285,4957545,0.057775,0.10312900390625,1.029106154680252e-5,67.78966522216797,44.27077102661133,900,10800,0.15234375,0.699999988079071,0.6000000238418579,4
5643950,2021,dry,annotated,0,600315,4957485,0.08266099853515625,0.2361199951171875,2.3582475378513337e-5,115.5395050048828,16.863557815551758,0,10800,-0.5201416015625,0,0,5
5644282,2021,dry,annotated,0,600345,4958175,0.090425,0.20623798828125,2.0599416942596436e-5,125.8030014038086,28.160505294799805,0,9900,-1.02337646484375,0,0,5
5645158,2021,dry,annotated,0,600465,4958115,0.08171599731445313,0.18172099609375,1.814684985876083e-5,114.75534057617188,24.24642562866211,0,9900,-0.916748046875,0,0.1111111119389534,5
5642423,2021,dry,annotated,0,599895,4960005,0.09406099853515625,0.1779949951171875,1.7776845581531526e-5,95.8976821899414,18.99115943908691,0,17100,-0.7774658203125,0,0.27272728085517883,5
5642721,2021,dry,annotated,0,600015,4959765,0.0868239990234375,0.2187830078125,2.184714621543884e-5,84.9522476196289,12.325937271118164,0,17100,-2.41778564453125,0,0,5
5643127,2021,terrain,annotated,0,600105,4961625,0.04052000122070312,0.03235700073242188,4.344933258295059e-6,10.3057279586792,0.5034337639808655,900,417600,0.16351318359375,1,1,1
5643228,2021,terrain,annotated,0,600135,4961925,0.06806900024414063,0.1776489990234375,1.7734842603206636e-5,63.07137298583984,54.27204513549805,900,417600,-1.9471435546875,0.7272727489471436,0.25,4
5643388,2021,dry,annotated,0,600195,4961595,0.04612699890136718,0.06749600219726562,6.734788981676102e-6,27.48419952392578,10.072712898254396,900,417600,0.04986572265625,1,1,3
5643757,2021,deep_viz,annotated,0,600255,4961685,0.03998399963378906,0.02627999877929687,4.424181880950928e-6,9.77635383605957,0.5502846240997314,900,417600,0.16351318359375,1,1,1
5643770,2021,dry,annotated,0,600285,4961535,0.05673900146484375,0.09890499877929688,9.87429360985756e-6,37.2626838684082,20.166175842285156,900,417600,0.02886962890625,1,1,3
5644277,2021,deep_viz,annotated,0,600315,4961895,0.03815700073242188,0.0244740005493164,4.712405741214752e-6,9.283869743347168,0.5123691558837891,900,417600,0.16351318359375,1,1,1
5645218,2021,deep_viz,annotated,0,600465,4961775,0.04236000061035156,0.02816900024414062,4.6121886926889424e-6,9.617624282836914,0.4583730399608612,900,417600,0.16351318359375,1,1,1
5645492,2021,terrain,annotated,0,600465,4961655,0.04319200134277343,0.03579700012207031,4.919058809280395e-6,9.855693817138672,0.494552344083786,900,417600,0.16351318359375,1,1,1
5646897,2021,dry,annotated,0,600645,4961775,0.04368099975585937,0.07698400268554688,7.680271239280701e-6,25.11821556091309,9.0680513381958,900,417600,0.0152587890625,1,1,3
5642369,2021,shallow_viz,annotated,1,599865,4962225,0.03601300048828125,0.0794260009765625,7.908457877635956e-6,135.75540161132813,5.211104869842529,900,4500,0.29150390625,0,0.5454545617103577,5
5642198,2021,dry,annotated,0,599805,4962195,0.099677001953125,0.2966800048828125,2.9639908480644227e-5,102.65726470947266,14.25927448272705,0,4500,-1.00103759765625,0,0,5
5642255,2021,dry,annotated,0,599835,4962255,0.0859260009765625,0.306714990234375,3.0640749902725215e-5,85.55647277832031,6.403475761413574,0,4500,-2.48004150390625,0,0,5
5642383,2021,dry,annotated,0,599895,4962195,0.0757510009765625,0.2584300048828125,2.581391454696655e-5,111.07160949707033,8.862386703491211,0,4500,-1.16455078125,0,0.1818181872367859,5
5642000,2021,deep_water,random_draw,0,599715,4964445,0.08458599853515625,0.3092780029296875,3.089655745267868e-5,115.54402160644533,9.898463249206545,0,34200,-0.96240234375,0.02777777798473835,0,5
5642029,2021,deep_water,random_draw,0,599745,4964595,0.03819599914550781,0.07783599853515626,7.757293860912323e-6,44.61690902709961,22.50018882751465,900,34200,0.23248291015625,0.8285714387893677,0.3333333432674408,4
5642253,2021,deep_water,random_draw,0,599835,4964505,0.0529989990234375,0.161168994140625,1.608273953437805e-5,72.557464599609375,22.997974395751953,900,34200,-0.5345458984375,0.75,0.30000001192092896,4
5642345,2021,deep_water,random_draw,0,599865,4964655,0.04060700073242188,0.10915,1.0886249494552612e-5,21.78753089904785,9.998109817504885,900,34200,0.19488525390625,1,1,4
5642294,2021,dry,annotated,0,599865,4965105,0.08171599731445313,0.2301510009765625,2.2979483177661897e-5,111.6767349243164,22.698925018310547,0,6300,-0.197265625,0,0,5
5642458,2021,deep_water,random_draw,0,599895,4964925,0.06488499755859375,0.08114500122070313,8.099148632287979e-6,23.868677139282227,18.848731994628903,0,13677300,-0.245849609375,0.970588207244873,1,3
5642533,2021,deep_water,random_draw,0,599925,4965135,0.061602001953125,0.07699000244140625,7.685051499605179e-6,16.54165267944336,8.683000564575195,900,13677300,-0.0623779296875,0.9714285731315612,1,3
5642764,2021,deep_water,random_draw,0,599985,4964835,0.04973699951171875,0.05598400268554687,5.583245553970337e-6,11.238824844360352,5.779801845550537,900,13677300,0.07977294921875,1,1,3
5643088,2021,deep_water,random_draw,0,600105,4965195,0.04569700012207031,0.02677300109863281,5.905002471804619e-6,9.148698806762695,0.7082657814025879,900,13677300,0.094482421875,1,1,1
5643227,2021,deep_water,random_draw,0,600135,4965615,0.0520969970703125,0.11620400390625,1.4979685320854184e-5,55.714935302734375,29.92844009399414,900,13677300,-0.44500732421875,0.875,1,4
5643376,2021,deep_water,random_draw,0,600195,4965525,0.03678099975585938,0.02685199890136718,2.2505572655200957e-5,9.680612564086914,0.4964558482170105,900,13677300,0.094482421875,1,1,1
5644296,2021,deep_water,random_draw,0,600345,4965825,0.06579500122070313,0.169206005859375,1.6898285782337187e-5,145.5038299560547,8.242816925048828,0,13677300,-1.9569091796875,0,0,5
5644950,2021,deep_water,random_draw,0,600435,4966125,0.05546599731445312,0.1344239990234375,1.34166463470459e-5,59.531131744384766,43.899627685546875,900,13677300,-0.38787841796875,0.6060606241226196,0.2222222238779068,4
5644970,2021,deep_water,random_draw,0,600405,4964835,0.04902200012207031,0.0326010009765625,4.519656140208244e-6,10.290822982788086,0.6127660274505615,900,13677300,0.094482421875,1,1,1
5645452,2021,deep_water,random_draw,0,600495,4965615,0.04290299987792968,0.02400700073242187,4.663940452337265e-6,8.857795715332031,0.7479147911071777,900,13677300,0.094482421875,1,1,1
5642725,2021,deep_water,random_draw,0,599985,4967715,0.04041099853515625,0.04138200073242187,4.41352548956871e-6,23.066545486450195,0.448439359664917,900,297900,0.185302734375,1,1,3
5642893,2021,deep_water,random_draw,0,600045,4967895,0.04279200134277344,0.04224200134277343,4.2110093641281126e-06,23.78178977966309,0.2127318978309631,900,297900,0.185302734375,1,1,1
5643160,2021,deep_water,random_draw,0,600135,4967745,0.03653900146484375,0.03119700012207031,3.689811100959778e-6,23.29097366333008,0.42917346954345703,900,297900,0.185302734375,1,1,1
5643552,2021,deep_water,random_draw,0,600225,4967865,0.03674400024414062,0.03163299865722656,3.62137633562088e-6,23.140430450439453,0.4361284673213959,900,297900,0.185302734375,1,1,1
5643959,2021,deep_water,random_draw,0,600285,4967955,0.07530499877929688,0.17630699462890626,1.760386468410492e-5,82.1952896118164,19.88766288757324,900,297900,-0.66876220703125,0.24242424964904785,1,4
5643989,2021,deep_water,random_draw,0,600315,4967715,0.0867510009765625,0.2768409912109375,2.7657334988117215e-5,103.59922790527344,13.280950546264648,0,297900,-0.7237548828125,0.03030303120613098,0,5
5644206,2021,deep_water,random_draw,0,600345,4968135,0.04079400024414063,0.05364400024414062,5.348010516166687e-6,31.25101852416992,13.980067253112791,900,297900,0,1,1,3
5644399,2021,deep_water,random_draw,0,600345,4968285,0.06995399780273437,0.15164200439453124,1.5137571578025818e-5,81.45220947265625,12.705113410949709,900,297900,-0.3126220703125,0.14705882966518402,0,5
5644842,2021,deep_water,random_draw,0,600405,4968075,0.050282000732421873,0.08276900024414062,8.259341465234757e-6,48.39680099487305,18.68687438964844,900,297900,6.7138671875e-4,1,1,4
5645070,2021,deep_water,random_draw,0,600435,4967925,0.05445,0.1069550048828125,1.067401010990143e-5,46.45833969116211,12.42772102355957,900,297900,-0.11566162109375,1,0.8888888955116272,4
4098944,2021,dry,annotated,0,633885,5034765,0.09355900268554689,0.236602001953125,2.3627556850910187e-5,95.4140396118164,2.51035213470459,0,65700,-1.219970703125,0,0,5
4099465,2021,deep_viz,annotated,0,633945,5034705,0.04042000122070312,0.05401799926757812,5.390306057929993e-6,9.101683616638184,0.56732577085495,900,65700,0.3104248046875,1,1,3
4099532,2021,dry,annotated,0,633945,5034585,0.09386500244140623,0.2326050048828125,2.323187707901001e-5,88.86363220214844,3.067157030105591,900,65700,-2.6138916015625,0.02941176481544971,0.1818181872367859,5
4099617,2021,deep_viz,annotated,0,633975,5034825,0.04391099853515625,0.06280599975585938,6.267523688077926e-6,9.569730758666992,0.3906783163547516,900,65700,0.3104248046875,0.96875,1,3
4099939,2021,deep_viz,annotated,0,634005,5034675,0.04424700012207031,0.05546900024414062,5.535376125574111e-6,9.723711013793944,0.7448803186416626,900,65700,0.3104248046875,0.96875,1,3
4100063,2021,dry,annotated,0,634035,5034585,0.09738099975585936,0.2395090087890625,2.3921861007213592e-5,98.12992095947266,4.748835563659668,0,65700,-1.0447998046875,0,0,5
4096816,2021,deep_viz,annotated,0,633585,5034645,0.05676099853515625,0.09569199829101564,9.55204560995102e-6,31.63544654846191,11.243627548217772,900,246600,-0.02362060546875,0.939393937587738,1,3
4097311,2021,dry,annotated,0,633645,5034645,0.0777760009765625,0.2375300048828125,2.3711456851959228e-5,91.228424072265625,1.93880832195282,900,246600,-3.50555419921875,0,0,5
4097593,2021,deep_viz,annotated,0,633675,5034915,0.05313200073242187,0.07246799926757813,7.232730489969254e-6,29.12389373779297,25.124427795410156,900,246600,0.1436767578125,0.9666666388511658,0.8888888955116272,3
4097659,2021,dry,annotated,0,633705,5034735,0.0596739990234375,0.12594599609375,1.2576407859325407e-5,39.26356506347656,13.330089569091797,900,246600,0.09912109375,0.9677419066429138,1,3
4097807,2021,deep_viz,annotated,0,633705,5034795,0.05015599975585937,0.04965799865722656,4.956573600172996e-6,14.212181091308594,0.2798772156238556,900,246600,0.2388916015625,1,1,1
4098022,2021,dry,annotated,0,633765,5034795,0.07706500244140625,0.1810199951171875,1.8078262135982516e-5,97.67292785644533,27.32172393798828,900,246600,-0.372314453125,0.5806451439857483,0,5
4098403,2021,dry,annotated,0,633795,5034945,0.1043760009765625,0.2447469970703125,2.4446210458278655e-5,81.92156219482422,8.429718017578125,0,18900,-1.4385986328125,0,0,5
4098455,2021,terrain,annotated,0,633825,5035005,0.04019200134277344,0.0699510009765625,6.978927226066589e-6,19.678314208984375,1.671696424484253,900,18900,0.51641845703125,0.90625,0.800000011920929,3
4098718,2021,terrain,annotated,0,633855,5035065,0.04696199951171875,0.0954239990234375,9.520324540138243e-6,45.36542510986328,8.39511775970459,900,18900,0.348876953125,0.7878788113594055,0.4000000059604645,5
4099074,2021,dry,annotated,0,633915,5034975,0.0893260009765625,0.2238139892578125,2.235204027414322e-5,90.9107894897461,3.647381544113159,900,18900,-2.513427734375,0.03125,0.20000000298023224,5
4099292,2021,terrain,annotated,0,633915,5035005,0.05459500122070313,0.10728599853515625,1.0709133561849594e-5,37.39327621459961,6.276197910308838,900,18900,0.35223388671875,0.5161290168762207,0.6000000238418579,5
4099325,2021,dry,annotated,0,633945,5035065,0.06834299926757813,0.157772998046875,1.5752878444194794e-5,83.637359619140625,11.845296859741213,900,18900,-0.1241455078125,0.5483871102333069,0.699999988079071,5
4098717,2021,deep_viz,annotated,0,633885,5035665,0.04239299926757813,0.04845599975585937,4.834686342477799e-6,15.123425483703612,0.7167379856109619,900,49500,0.3204345703125,1,1,1
4098942,2021,dry,annotated,0,633885,5035605,0.070102001953125,0.2162419921875,2.1585709400177003e-5,99.43560791015624,34.866092681884766,0,49500,-5.208251953125,0.0625,0.20000000298023224,5
4099235,2021,deep_viz,annotated,0,633945,5035725,0.04786199951171875,0.04971099853515625,4.9605394458770755e-6,14.998836517333984,0.522919774055481,900,49500,0.3204345703125,1,0.8999999761581421,1
4099571,2021,dry,annotated,0,633975,5035905,0.09860399780273438,0.2571169921875,2.5682064008712768e-5,94.63375091552734,11.267064094543455,0,49500,-2.02252197265625,0,0,5
4099700,2021,deep_viz,annotated,0,633975,5035785,0.04773800048828125,0.05421599731445312,5.410441484451294e-6,14.873180389404297,0.4889732003211975,900,49500,0.3204345703125,1,1,1
4099789,2021,dry,annotated,0,634005,5035665,0.05994500122070313,0.17566600341796876,1.753411672592163e-5,86.91344451904297,31.050762176513672,0,49500,-4.07666015625,0.375,0.30000001192092896,5
4098879,2021,dry,annotated,0,633885,5036175,0.08366699829101562,0.2474719970703125,2.4713821289539336e-5,80.3630599975586,2.2019858360290527,0,11700,-3.38140869140625,0,0,5
4098889,2021,dry,annotated,0,633885,5036085,0.05001000061035156,0.09678599853515624,9.66110672354698e-6,46.90363693237305,7.223097324371338,900,11700,0.2591552734375,0.800000011920929,0.800000011920929,4
4096096,2021,deep_viz,annotated,0,633525,5036235,0.03493099975585937,0.07039199829101563,7.0211418473720544e-6,17.948575973510742,7.743584156036377,900,53100,-0.79632568359375,0.7878788113594055,0.4444444477558136,3
4096284,2021,deep_viz,annotated,0,633525,5036145,0.03708999938964844,0.06396799926757812,6.381862481832503e-6,10.239315032958984,0.35273003578186035,900,53100,-0.79296875,1,0.8888888955116272,3
4096285,2021,dry,annotated,0,633525,5036115,0.05538800048828125,0.1499780029296875,1.4973566510677338e-5,61.29957580566406,65.05921936035156,900,53100,-1.15087890625,0.774193525314331,0.5555555820465088,4
4096555,2021,deep_viz,annotated,0,633585,5036265,0.03793999938964844,0.06517899780273438,6.501617778539658e-6,14.082605361938477,1.8861985206604004,900,53100,-0.79296875,1,0.7777777910232544,3
4097048,2021,dry,annotated,0,633645,5036265,0.07303800048828125,0.2625280029296875,2.6217929909229277e-5,96.056488037109375,4.278636932373047,0,53100,-2.86968994140625,0,0,5
4095564,2021,em_veg,annotated,0,633435,5036475,0.06377999877929688,0.1684780029296875,1.681997671842575e-5,88.47938537597656,87.68248748779297,0,21600,-0.96832275390625,0.4545454680919647,0.5555555820465088,5
4095666,2021,dry,annotated,0,633465,5036535,0.0878239990234375,0.2298050048828125,2.2950657227039337e-5,90.77442169189452,4.709222793579102,0,21600,-2.462890625,0,0,5
4095889,2021,em_veg,annotated,0,633495,5036415,0.04150599975585938,0.09704400024414064,9.684065558910367e-6,33.856910705566406,24.7689266204834,900,21600,0.2918701171875,0.96875,0.8888888955116272,4
4096119,2021,deep_viz,annotated,0,633525,5036475,0.03765700073242187,0.05423300170898437,5.409611707925797e-6,15.490497589111328,1.115606427192688,900,21600,0.38311767578125,1,1,3
4096172,2021,em_veg,annotated,0,633525,5036565,0.06776500244140625,0.150627001953125,1.5039669542312622e-5,85.62683868408203,24.742895126342773,900,21600,-0.07586669921875,0.3030303120613098,0.1111111119389534,5
4096657,2021,dry,annotated,0,633585,5036415,0.09021400146484376,0.2436330078125,2.4332598667144775e-5,87.423736572265625,4.532754421234131,0,21600,-3.67230224609375,0,0,5
4096940,2021,dry,annotated,0,633615,5036805,0.1060510009765625,0.2588469970703125,2.5858256170749668e-5,95.75645446777344,9.823267936706545,0,3600,-2.23101806640625,0,0,5
4098659,2021,dry,annotated,0,633885,5037375,0.08427899780273437,0.2274219970703125,2.27138813996315e-5,97.52762603759766,5.300319671630859,0,7200,-1.0517578125,0,0,5
4098432,2021,em_veg,random_draw,0,633825,5037615,0.06931400146484375,0.150406005859375,1.501938668012619e-5,98.3970184326172,11.755732536315918,900,7200,-0.0169677734375,0.27586206793785095,0.2222222238779068,5
4098658,2021,em_veg,random_draw,0,633855,5037555,0.04901099853515625,0.11511099853515624,1.1492042813301086e-5,87.37641906738281,15.12255859375,900,7200,-0.0047607421875,0.5806451439857483,0.5555555820465088,5
4096618,2021,dry,annotated,0,633585,5040105,0.07338499755859375,0.263710009765625,2.633224061012268e-5,110.0988311767578,6.331663608551025,0,13500,0.53253173828125,0,0,5
4093069,2021,dry,annotated,0,633165,5041485,0.09810900268554688,0.2440610107421875,2.437882729291916e-5,115.11859130859376,6.196437835693359,0,900,-0.86358642578125,0,0,5
4055250,2021,em_veg,annotated,0,629535,5041995,0.05918800048828125,0.1139510009765625,1.1378028302192689e-5,96.082183837890625,23.753782272338867,900,132300,-0.2275390625,0.1538461595773697,1,5
4055251,2021,deep_viz,annotated,0,629535,5041905,0.04056600036621093,0.05109400024414062,5.098147197961807e-6,54.324893951416016,15.765691757202148,900,132300,0.04217529296875,0.8846153616905212,1,4
4056502,2021,deep_viz,annotated,0,629625,5041995,0.03510899963378906,0.04411300048828125,4.4018558859825134e-6,36.800174713134766,8.53503131866455,900,132300,0.0828857421875,0.9615384340286256,1,4
4056506,2021,em_veg,annotated,0,629655,5041845,0.0513719970703125,0.09714600219726564,9.700460693836212e-6,83.535064697265625,19.68540954589844,900,132300,-0.07159423828125,0.11538461595773696,0.5,5
4057769,2021,dry,annotated,0,629745,5041845,0.08075999755859375,0.17949000244140623,1.792962077498436e-5,128.0783233642578,22.713966369628903,900,132300,-0.557373046875,0,0.1666666716337204,5
4058776,2021,em_veg,annotated,0,629835,5041845,0.06439600219726563,0.14383800048828124,1.4367580417394638e-5,125.22990417480467,19.65961265563965,900,132300,-0.3570556640625,0,0.2857142984867096,5
4059218,2021,deep_viz,annotated,0,629865,5041935,0.04974599914550781,0.05434299926757812,5.424549897909164e-6,22.435997009277344,1.354017734527588,900,132300,0.0845947265625,0.9583333134651184,0.8571428656578064,3
4059853,2021,dry,annotated,0,629925,5041935,0.05951300048828125,0.12766400146484377,1.2752934259176257e-5,106.32305908203124,20.222585678100582,900,132300,-0.19525146484375,0.5384615659713745,1,5
4050953,2021,em_veg,random_draw,0,629205,5041425,0.09076799926757811,0.205181005859375,2.04974511051178e-5,81.39231872558594,12.60770034790039,0,4500,-0.0733642578125,0.0714285746216774,0.125,5
4052067,2021,em_veg,random_draw,0,629295,5041485,0.09669199829101564,0.217222998046875,2.1701315529346467e-5,85.638916015625,12.331769943237305,0,4500,-0.106689453125,0,0.125,5
4049818,2021,em_veg,random_draw,0,629115,5041695,0.04969400024414062,0.10225800170898436,1.02095473921299e-5,138.72735595703125,18.13776206970215,900,1800,0.0361328125,0.25925925374031067,0.625,5
4036931,2021,dry,annotated,0,628095,5041605,0.11678499755859376,0.2687110107421875,2.683935835361481e-5,111.18771362304688,14.872209548950195,0,12600,-0.93017578125,0,0,5
4036932,2021,em_veg,annotated,0,628095,5041515,0.06938200073242187,0.14225699462890626,1.4206536841392516e-5,48.22068405151367,26.862136840820313,900,12600,-0.01116943359375,0.692307710647583,0.8888888955116272,4
4037250,2021,deep_viz,annotated,0,628125,5041545,0.04359500122070312,0.06255599975585938,6.240567668676376e-6,20.54995346069336,1.022754788398743,900,12600,0.0137939453125,0.959999978542328,1,3
4037334,2021,em_veg,annotated,0,628125,5041635,0.067977001953125,0.14719200439453126,1.469805472612381e-5,49.57612609863281,18.065658569335938,900,12600,-0.0440673828125,0.6538461446762085,0.5555555820465088,4
4037940,2021,em_veg,annotated,0,628155,5041605,0.05174400024414062,0.08809400024414063,8.79167744755745e-6,36.511348724365234,22.398347854614254,900,12600,0.013427734375,0.959999978542328,0.8888888955116272,3
4033220,2021,em_veg,annotated,0,627825,5041425,0.061272998046875,0.126022998046875,1.2581079108715056e-5,134.26576232910156,23.887182235717773,900,900,0,0.07999999821186066,0.5,5
4018227,2021,terrain,annotated,0,626895,5041425,0.064477001953125,0.13521800537109374,1.350366550922394e-5,68.29411315917969,24.951093673706055,900,18900,0.1463623046875,0.6666666865348816,0.6666666865348816,4
4018622,2021,dry,annotated,0,626925,5041365,0.10564100341796875,0.20048599853515625,2.0028654005527497e-5,123.76165771484376,6.403519153594971,0,18900,-1.5244140625,0,0,5
4019095,2021,terrain,annotated,0,626955,5041455,0.075222998046875,0.1207239990234375,1.205685779452324e-5,63.97930145263672,26.49624252319336,900,18900,-0.40753173828125,0.7777777910232544,0.6666666865348816,4
4021012,2021,terrain,annotated,0,627105,5041455,0.07343900146484375,0.12490799560546877,1.247529029726982e-5,61.71102142333984,22.064088821411133,0,18900,-0.2960205078125,0.7407407164573669,0.4444444477558136,4
4014430,2021,em_veg,annotated,0,626655,5041515,0.08465599975585937,0.2073949951171875,2.0717828092575073e-5,114.57676696777344,23.067058563232425,900,9900,-0.27294921875,0.07407407462596893,0.4444444477558136,5
4014827,2021,em_veg,annotated,0,626655,5041605,0.07565,0.19400400390625,1.937753284692764e-5,116.6125259399414,24.220434188842773,0,9900,-0.296630859375,0.03703703731298447,0.25,5
4015247,2021,dry,annotated,0,626715,5041545,0.05923300170898437,0.137272998046875,1.3705039291381834e-5,114.13060760498048,21.117429733276367,900,9900,-0.045166015625,0.1428571492433548,0.5,5
4015697,2021,em_veg,annotated,0,626715,5041575,0.04156199951171875,0.083452001953125,8.327009403705597e-6,110.47496032714844,23.616052627563477,900,9900,0.14691162109375,0.3333333432674408,0.6000000238418579,5
4010228,2021,deep_viz,annotated,0,626325,5041815,0.03198999938964844,0.04179200134277344,4.168987214565277e-6,14.960230827331545,0.6544333100318909,900,84600,0.1566162109375,0.9642857313156128,1,1
4010677,2021,dry,annotated,0,626355,5041695,0.08243400268554688,0.2273219970703125,2.2709115200042724e-5,122.3422622680664,15.421217918395996,900,84600,-0.48553466796875,0.03703703731298447,0.6666666865348816,5
4011152,2021,deep_viz,annotated,0,626415,5041875,0.03082799987792969,0.03534100036621094,3.7258794093132022e-6,14.356176376342772,0.6351463198661804,900,84600,0.1566162109375,1,1,1
4011960,2021,deep_viz,annotated,0,626475,5041815,0.03211199951171875,0.03613699951171875,3.8859706014394755e-6,15.355175018310549,0.8461750149726868,900,84600,0.1566162109375,0.9629629850387572,1,1
4014394,2021,dry,annotated,0,626625,5041695,0.07037000122070312,0.181893994140625,1.816418105125427e-5,105.77278137207033,22.742769241333008,900,84600,-0.12030029296875,0.1111111119389534,0,5
3999146,2021,deep_viz,annotated,0,625515,5041755,0.03132099914550781,0.04928299865722656,4.914679272174835e-6,51.14542388916016,19.184690475463867,900,13500,0.09942626953125,0.8799999952316284,0.875,3
3999593,2021,dry,annotated,0,625545,5041755,0.056002001953125,0.11359100341796877,1.133847235918045e-5,126.91410064697266,31.929170608520508,900,13500,-0.19390869140625,0.11538461595773696,0.875,5
3983009,2021,dry,annotated,0,624315,5041305,0.0544739990234375,0.12521199951171874,1.2503338901996614e-5,48.21998977661133,26.808931350708008,900,86400,-0.20257568359375,1,1,3
3983945,2021,terrain,annotated,0,624375,5041365,0.05606900024414062,0.112006005859375,1.1183445637226103e-5,31.126005172729492,18.46141815185547,900,86400,-0.10626220703125,1,1,3
3984992,2021,dry,annotated,0,624465,5041125,0.07466400146484375,0.162325,1.621253261566162e-5,72.28167724609375,27.702939987182617,900,86400,-2.07989501953125,0.46666666865348816,0.7777777910232544,4
3986093,2021,dry,annotated,0,624585,5041155,0.06004000244140625,0.08908099975585937,8.89352409005165e-6,43.5617561340332,29.342212677001953,900,86400,-0.002197265625,1,1,3
3986651,2021,terrain,annotated,0,624585,5041365,0.04867799987792969,0.05811699829101562,5.798807643651962e-6,23.16607666015625,8.993614196777344,900,86400,0.091796875,1,1,3
3973716,2021,dry,annotated,0,623565,5041305,0.06589199829101562,0.14384599609375,1.4367396321296691e-5,55.426753997802734,15.235267639160156,900,54000,-0.09283447265625,0.699999988079071,1,4
3975092,2021,terrain,annotated,0,623625,5041245,0.04256600036621093,0.04485400085449219,4.474121391773224e-6,12.818526268005373,0.49023810029029846,900,54000,0.144775390625,1,1,2
3975206,2021,terrain,annotated,0,623655,5041335,0.0414760009765625,0.04084100036621094,4.074083777666092e-6,10.603110313415527,0.46885353326797485,900,54000,0.144775390625,1,1,3
3975945,2021,dry,annotated,0,623685,5041245,0.06963099975585937,0.12524599609375,1.250487217068672e-5,60.27580642700195,14.4943265914917,900,54000,-0.14874267578125,1,1,4
3976206,2021,terrain,annotated,0,623715,5041365,0.065797998046875,0.085397998046875,8.527489216327667e-6,42.446868896484375,15.47161865234375,0,54000,-0.1446533203125,0.9642857313156128,1,3
3961543,2021,deep_viz,annotated,0,622605,5041575,0.035875,0.04927200012207031,4.913384017944336e-6,39.87107849121094,11.569665908813477,900,13426200,-0.07745361328125,1,1,3
3961773,2021,deep_viz,annotated,0,622635,5041005,0.05513699951171875,0.13583299560546874,1.356177797794342e-5,71.24022674560547,26.16775131225586,900,13426200,-0.419921875,0.8999999761581421,0.8571428656578064,4
3961844,2021,dry,annotated,0,622635,5041335,0.06577999877929687,0.15404100341796875,1.538192232608795e-5,78.57984924316406,33.582122802734375,900,13426200,0.12310791015625,0.9666666388511658,1,4
3963030,2021,dry,annotated,0,622725,5041215,0.07421199951171875,0.2052550048828125,2.0495894043445585e-5,87.139251708984375,24.648698806762695,900,13426200,-1.14495849609375,0.699999988079071,0.6666666865348816,4
3963072,2021,deep_viz,annotated,0,622725,5041515,0.03656499938964844,0.04583399963378906,4.572055461406708e-6,13.148833274841309,0.3851500451564789,900,13426200,0.13128662109375,1,1,3
3963073,2021,dry,annotated,0,622695,5041455,0.05346500244140625,0.091075,9.09175904035568e-6,67.13326263427734,19.7542724609375,900,13426200,-0.2186279296875,0.8333333134651184,1,4
3965672,2021,em_veg,annotated,0,622905,5042115,0.07234099731445312,0.15934000244140625,1.5912776708602904e-5,86.7653579711914,16.285860061645508,900,22500,-0.49346923828125,0.6333333253860474,0.6666666865348816,4
3965964,2021,dry,annotated,0,622935,5042115,0.081622998046875,0.18453699951171876,1.843174268960953e-5,98.182037353515625,26.122446060180664,900,22500,-0.744140625,0.5333333611488342,0.5555555820465088,4
3966775,2021,em_veg,annotated,0,622965,5042235,0.05318400268554688,0.10178200073242188,1.0156735601425173e-5,121.84845733642578,15.218545913696287,900,22500,-0.2518310546875,0.1538461595773697,0.8888888955116272,5
3957610,2021,dry,annotated,0,622305,5042445,0.07058300170898438,0.1776469970703125,1.7741730179786682e-5,85.25108337402344,18.216617584228516,900,63000,-0.27392578125,0.7272727489471436,0.8999999761581421,4
3959268,2021,em_veg,annotated,0,622425,5042415,0.04777300109863281,0.0894030029296875,8.919714624881745e-6,37.422996520996094,7.748649120330811,900,63000,0.1705322265625,1,1,3
3960313,2021,em_veg,annotated,0,622515,5042535,0.04233599853515625,0.07888800048828125,7.870786967277527e-6,31.394004821777344,7.407718658447266,900,63000,0.22552490234375,0.65625,0.4000000059604645,4
3960650,2021,em_veg,annotated,0,622545,5042475,0.05299400024414062,0.11809200439453126,1.178583092689514e-5,55.183082580566406,9.211211204528809,900,63000,-0.0283203125,1,0.4000000059604645,4
3964021,2021,terrain,annotated,0,622785,5043315,0.106927001953125,0.202502001953125,2.023177259683609e-5,75.243194580078125,13.53439712524414,0,41400,-2.51385498046875,0,0.20000000298023224,5
3964807,2021,deep_viz,annotated,0,622875,5043225,0.075575,0.0549280029296875,6.9881563347578044e-6,13.45803451538086,0.38606151938438416,900,41400,0.2879638671875,1,1,1
3964962,2021,deep_viz,annotated,0,622875,5043345,0.0757489990234375,0.05108399963378906,6.956366848945618e-6,12.934139251708984,0.48918959498405457,900,41400,0.2879638671875,1,1,1
3965209,2021,deep_viz,annotated,0,622905,5043315,0.07545800170898438,0.04892099914550781,7.0228299987316125e-6,12.833691596984863,0.5017845034599304,900,41400,0.2879638671875,1,1,1
3966085,2021,terrain,annotated,0,622935,5043225,0.0723739990234375,0.106952001953125,1.0682401472330092e-5,40.16575622558594,11.67365264892578,900,41400,0.132080078125,1,1,4
3966801,2021,terrain,annotated,0,622995,5043255,0.07236099853515625,0.1277800048828125,1.276330369591713e-5,31.391881942749023,7.108531951904297,900,41400,-0.02642822265625,1,1,3
3963526,2021,dry,annotated,0,622755,5044575,0.06599199829101562,0.14080799560546875,1.4061589399576188e-5,107.2621078491211,26.27901840209961,900,31500,-0.411376953125,0.8333333134651184,1,4
3958237,2021,deep_water,random_draw,0,622365,5044905,0.06159600219726562,0.172793994140625,1.7253714208602906e-5,44.037208557128906,16.037691116333008,900,23400,-0.3973388671875,0.47058823704719543,0.4000000059604645,4
3958857,2021,deep_water,random_draw,0,622425,5045025,0.03912099914550781,0.06120399780273437,6.105492043495178e-6,24.685527801513672,6.928645133972168,900,23400,0.34356689453125,1,1,3
3959265,2021,deep_water,random_draw,0,622425,5044905,0.04142900085449218,0.06839199829101562,6.822530369758606e-6,26.15819549560547,11.408599853515623,900,23400,0.34228515625,1,1,3
3962383,2021,dry,annotated,0,622695,5045625,0.0726719970703125,0.2856820068359375,2.853103286027908e-5,89.60044860839844,4.212948322296143,0,138600,-5.28076171875,0,0,5
3963574,2021,deep_viz,annotated,0,622755,5045595,0.04269700012207031,0.05573699951171875,5.561237818002701e-6,9.561635971069336,0.754914402961731,900,138600,0.265625,1,1,3
3964018,2021,dry,annotated,0,622815,5045085,0.09290800170898438,0.2400760009765625,2.3981694738864896e-05,97.26485443115234,4.985577583312988,0,138600,-0.96148681640625,0.02941176481544971,0,5
3964127,2021,dry,annotated,0,622785,5045655,0.07831599731445313,0.2581889892578125,2.5784409351348875e-5,79.9791488647461,2.4927399158477783,0,138600,-3.3980712890625,0,0,5
3964657,2021,deep_viz,annotated,0,622845,5045385,0.04886799926757812,0.07101300048828126,7.08767733335495e-6,28.934072494506836,9.905243873596191,900,138600,0.15655517578125,1,1,3
3964658,2021,deep_viz,annotated,0,622815,5045325,0.04138099975585938,0.04742099914550781,4.7328351980447765e-6,9.440313339233398,0.38102614879608154,900,138600,0.265625,1,1,1
3956603,2021,dry,annotated,0,622215,5045565,0.09219299926757812,0.2142699951171875,2.140267370223999e-5,115.9789581298828,15.893576622009276,0,6300,-2.29119873046875,0,0.09090909361839294,5
3963713,2021,dry,annotated,0,622785,5046765,0.06185499877929688,0.14875,1.485278790950775e-5,62.1363525390625,32.699989318847656,900,25200,-0.03814697265625,0.800000011920929,0.800000011920929,4
3963953,2021,dry,annotated,0,622785,5046975,0.0912530029296875,0.253752001953125,2.5347302083969113e-5,98.3854751586914,13.243640899658203,0,25200,-1.86920166015625,0,0,5
3963954,2021,em_veg,annotated,0,622785,5046945,0.059025,0.1299469970703125,1.2974861149787904e-5,74.3211441040039,28.991003036499023,900,25200,0.0604248046875,1,1,4
3964436,2021,em_veg,annotated,0,622815,5046765,0.04612699890136718,0.09066799926757813,9.0488423371315e-6,25.562271118164063,14.095337867736816,900,25200,0.28826904296875,0.8888888955116272,0.800000011920929,4
3964545,2021,em_veg,annotated,0,622845,5046885,0.07073499755859375,0.1904260009765625,1.9012532830238343e-5,89.32142639160156,32.53582763671875,900,25200,-1.1644287109375,0.4117647111415863,0.3333333432674408,5
3965127,2021,dry,annotated,0,622875,5046825,0.08462899780273438,0.2453679931640625,2.4508761312961576e-5,114.01446533203124,13.469329833984377,0,25200,-1.68994140625,0.03030303120613098,0,5
3963847,2021,dry,annotated,0,622785,5047125,0.0728030029296875,0.176493994140625,1.7624628264904022e-5,76.510894775390625,10.828710556030272,900,4500,0.03826904296875,0.45945945382118225,0.20000000298023224,4
3963290,2021,em_veg,annotated,0,622755,5047545,0.05623800048828125,0.09805,9.786917450428007e-6,31.193443298339844,8.23468017578125,900,40500,0.31207275390625,1,0.7142857313156128,3
3963523,2021,em_veg,annotated,0,622755,5047335,0.0484239990234375,0.07793300170898437,7.779034749269485e-6,16.606334686279297,2.0715959072113037,900,40500,0.316650390625,0.970588207244873,1,3
3963539,2021,dry,annotated,0,622755,5047275,0.087097998046875,0.275102001953125,2.747531116724014e-5,86.1750259399414,3.703798294067383,0,40500,-2.36651611328125,0,0,5
3963950,2021,em_veg,annotated,0,622785,5047455,0.0825469970703125,0.16339300537109375,1.63156023812294e-5,75.704864501953125,22.997577667236328,900,40500,-0.180419921875,0.78125,0.625,4
3964313,2021,dry,annotated,0,622815,5047425,0.10535899658203124,0.224322998046875,2.241008394241333e-5,104.61168670654295,8.704703330993652,0,40500,-1.69683837890625,0,0,5
3959881,2021,glint,annotated,0,622485,5047635,0.08860399780273437,0.11750999755859376,1.1732806029319765e-5,56.336700439453125,12.887983322143556,900,25200,0.011474609375,0.774193525314331,0.7777777910232544,3
3961110,2021,glint,annotated,0,622575,5047695,0.19618900146484375,0.3049919921875,3.048784782886505e-5,37.44306182861328,4.4310383796691895,900,25200,0.07843017578125,1,1,2
3959088,2021,em_veg,annotated,0,622455,5048085,0.05870499877929688,0.150143994140625,1.4991458208560942e-5,67.707794189453125,18.14975929260254,900,78300,-0.15966796875,0.8823529481887817,1,4
3959550,2021,deep_viz,annotated,0,622485,5048055,0.03239800109863281,0.04227300109863281,4.2154894256591795e-6,14.212459564208984,1.377227783203125,900,78300,0.1988525390625,1,1,3
3959783,2021,deep_viz,annotated,0,622485,5047965,0.03547200012207031,0.04377900085449219,4.366653414964676e-6,11.96223258972168,1.137864589691162,900,78300,0.1988525390625,1,1,3
3960059,2021,dry,annotated,0,622515,5048145,0.082152001953125,0.2225840087890625,2.223266048669815e-5,93.9969711303711,10.197651863098145,900,78300,-0.61700439453125,0.03030303120613098,0.3333333432674408,5
3960358,2021,em_veg,annotated,0,622545,5047875,0.081697998046875,0.2096610107421875,2.093727152109146e-5,96.39417266845705,17.6058349609375,900,78300,-0.45855712890625,0.03225806355476379,0.1111111119389534,5
3960755,2021,em_veg,annotated,0,622575,5048175,0.0434510009765625,0.08436699829101563,8.419883667230606e-6,49.136924743652344,14.62941074371338,900,78300,0.0308837890625,1,1,3
3961163,2021,deep_viz,annotated,0,622575,5048115,0.03487999877929687,0.03953900146484375,3.9425003671646125e-6,12.744254112243652,1.7813026905059814,900,78300,0.1988525390625,1,1,2
3961385,2021,dry,annotated,0,622605,5048025,0.07638900146484374,0.2138320068359375,2.135508901357651e-5,95.67595672607422,18.726648330688477,900,78300,-0.95550537109375,0.20588235557079315,0.5555555820465088,5
3961757,2021,dry,annotated,0,622635,5048325,0.067752001953125,0.205218994140625,2.0496907346248627e-5,77.10588073730469,23.801841735839844,900,78300,-0.65533447265625,0.27272728085517883,0.4000000059604645,5
3965477,2021,em_veg,annotated,0,622875,5049135,0.0977719970703125,0.2316550048828125,2.3145196573734283e-5,80.95796203613281,20.57359313964844,0,23400,-0.16644287109375,0.4642857015132904,0.5714285969734192,4
3966584,2021,em_veg,annotated,0,622995,5049045,0.10202100219726562,0.2469739990234375,2.4672800066471106e-5,91.45130157470705,12.681540489196776,0,23400,-0.37725830078125,0.09677419066429138,0.4444444477558136,5
3967658,2021,em_veg,annotated,0,623115,5049165,0.11868900146484376,0.278056005859375,2.7780855245590207e-5,95.4219741821289,9.62170696258545,0,23400,-0.4013671875,0.03225806355476379,0,5
3968112,2021,em_veg,annotated,0,623115,5050275,0.09248300170898438,0.2142110107421875,2.1396825826168062e-5,95.3252944946289,21.477130889892575,900,193500,-0.4188232421875,0.06451612710952759,0.5714285969734192,5
3968485,2021,terrain,annotated,0,623145,5050275,0.09095700073242188,0.18424300537109375,1.840255713224411e-5,89.63822937011719,27.876352310180664,900,193500,-0.29425048828125,0.32258063554763794,0.75,4
3968694,2021,terrain,annotated,0,623145,5050425,0.09563400268554688,0.19049100341796876,1.9030005390644073e-5,84.71135711669922,24.72414779663086,0,193500,-0.50323486328125,0.28125,0.1428571492433548,5
3969789,2021,terrain,annotated,0,623235,5050305,0.08301599731445312,0.07080700073242187,7.067686653137207e-6,40.0892219543457,15.150538444519045,900,193500,0.03070068359375,0.9677419066429138,1,3
3970557,2021,em_veg,annotated,0,623325,5050485,0.0981030029296875,0.2287909912109375,2.2855923261642455e-5,81.0490951538086,15.932662010192873,0,193500,-0.5177001953125,0,0,5
3971594,2021,em_veg,annotated,0,623385,5050575,0.07788599853515625,0.09910700073242187,9.89820747733116e-6,47.977561950683594,12.48073387145996,900,193500,-0.10693359375,0.75,1,4
3969803,2021,em_veg,annotated,0,623235,5052975,0.05439299926757812,0.1307469970703125,1.3052588107585908e-5,51.230003356933594,54.73353576660156,900,9900,0.07415771484375,0.7647058963775635,0.6666666865348816,3
3969962,2021,em_veg,annotated,0,623265,5053005,0.04038500061035156,0.069802001953125,6.961383689641952e-6,93.49641418457033,57.62363815307617,900,9900,0.09912109375,0.7878788113594055,0.8571428656578064,3
3970813,2021,em_veg,annotated,0,623295,5053005,0.05765900268554688,0.10083099975585938,1.0058494582176208e-5,110.61809539794922,37.179073333740234,900,9900,0.07861328125,0.625,0.625,4
3972452,2021,dry,annotated,0,623445,5053545,0.10434599609375,0.286660009765625,2.86399054312706e-5,116.14636993408205,12.560773849487305,0,3600,-0.562255859375,0,0,5
3973051,2021,em_veg,annotated,0,623475,5053575,0.067997998046875,0.164127001953125,1.639010533094406e-5,60.10694885253906,22.256059646606445,900,3600,0.1280517578125,0.4375,0.75,4
3974127,2021,terrain,annotated,0,623565,5053965,0.0697469970703125,0.07878699951171875,7.868990672826767e-6,26.060083389282227,5.015354633331299,0,63900,0.02716064453125,0.9354838728904724,1,3
3974367,2021,terrain,annotated,0,623565,5054115,0.09396199951171876,0.11981500244140623,1.1970763095617292e-5,45.06459045410156,9.39210033416748,0,63900,-0.48199462890625,0.4000000059604645,0.875,5
3974516,2021,deep_viz,annotated,0,623595,5054235,0.0621739990234375,0.06149199829101563,6.13983720779419e-6,21.248310089111328,1.5898884534835815,900,63900,0.1334228515625,1,1,1
3974542,2021,dry,annotated,0,623595,5053905,0.085752001953125,0.1750780029296875,1.7486450548171998e-5,95.418853759765625,21.24101829528809,900,63900,-0.3575439453125,1,0.75,4
3975630,2021,deep_viz,annotated,0,623685,5054025,0.0569969970703125,0.03942099914550781,4.4523738270998e-6,17.740747451782227,0.2481932044029236,900,63900,0.1334228515625,0.9677419066429138,1,1
3976153,2021,dry,annotated,0,623715,5053965,0.069902001953125,0.14425799560546876,1.440698594093323e-5,76.09046936035156,32.16264343261719,900,63900,-1.11846923828125,0.17241379618644714,0.375,5
3976194,2021,dry,annotated,0,623715,5054235,0.07924099731445312,0.2362830078125,2.359843685388565e-5,96.29937744140624,22.386913299560547,900,63900,-0.91290283203125,0.20000000298023224,0.1111111119389534,5
3976473,2021,deep_viz,annotated,0,623745,5054175,0.07239299926757813,0.14587099609375,1.4566116211414338e-5,69.47960662841797,18.67974281311035,900,63900,-0.2762451171875,1,0.75,4
3977853,2021,deep_viz,annotated,0,623835,5056755,0.054597998046875,0.08086799926757812,8.077111850976944e-6,19.979774475097656,9.50754737854004,900,3044700,-0.0430908203125,1,1,3
3978189,2021,dry,annotated,0,623865,5056635,0.06471099853515624,0.2281919921875,2.2790235962867735e-5,88.52527618408203,50.000484466552734,0,3044700,-2.47552490234375,0,0.27272728085517883,5
3978519,2021,dry,annotated,0,623895,5057145,0.09422000122070312,0.2372429931640625,2.370294744491577e-5,95.43296813964844,29.0985107421875,900,3044700,-1.09002685546875,0.17142857611179352,0.3636363744735718,5
3979846,2021,dry,annotated,0,624015,5055975,0.09506900024414064,0.26283798828125,2.6260923895835876e-5,95.84846496582033,6.347478866577148,0,3044700,-1.47039794921875,0.03333333507180214,0.4000000059604645,5
3981056,2021,deep_viz,annotated,0,624105,5056035,0.04341300048828125,0.03792000122070312,6.58374959051609e-6,10.145440101623535,0.15872767567634585,900,3044700,0.0811767578125,1,1,1
3982501,2021,deep_viz,annotated,0,624255,5057055,0.05415700073242188,0.08826500244140625,8.814874659776688e-6,22.216018676757813,9.535862922668455,900,3044700,-0.07720947265625,0.9142857193946838,0.6363636255264282,4
3650100,2021,dry,annotated,0,624075,5060235,0.0559,0.14893900146484376,1.4873149802684785e-5,140.24685668945313,5.223898887634277,900,56700,-0.234130859375,0.1428571492433548,0.800000011920929,5
3650112,2021,em_veg,annotated,0,624075,5060415,0.05176400146484375,0.12916700439453124,1.2897073867321016e-5,86.22544860839844,12.76695156097412,900,56700,-0.01104736328125,0.7272727489471436,1,4
3650720,2021,dry,annotated,0,624195,5060565,0.08460399780273438,0.258172998046875,2.5787028989791872e-5,108.3657684326172,6.7977752685546875,0,56700,-1.34783935546875,0,0,5
3650766,2021,em_veg,annotated,0,624195,5060325,0.05396799926757812,0.130193994140625,1.2999252927303317e-5,93.980621337890625,10.986193656921388,900,56700,0.0748291015625,0.90625,1,4
3650787,2021,em_veg,annotated,0,624195,5060385,0.04252900085449219,0.09050499877929688,9.031751843690872e-6,61.263519287109375,12.013408660888672,900,56700,0.24609375,1,1,3
3650896,2021,dry,annotated,0,624255,5060355,0.08688699951171874,0.285285009765625,2.8495299115180965e-5,78.330718994140625,1.373296856880188,0,56700,-2.64959716796875,0,0,5
3648353,2021,deep_viz,annotated,0,623715,5060835,0.03756799926757812,0.04930899963378906,4.91795219540596e-6,8.368050575256348,0.45768848061561584,900,9992700,-0.1466064453125,1,1,3
3648707,2021,deep_viz,annotated,0,623775,5060595,0.045075,0.06231699829101563,6.216857671737671e-6,22.537059783935547,10.475190162658691,900,9992700,-0.1583251953125,1,1,3
3648891,2021,deep_viz,annotated,0,623805,5060655,0.04382900085449218,0.06607100219726562,6.590406963825225e-6,29.141176223754883,21.140493392944336,900,9992700,-0.16717529296875,1,1,3
3649230,2021,dry,annotated,0,623895,5060745,0.08289000244140625,0.302235009765625,3.0180433015823365e-5,82.85578918457031,42.32437515258789,0,9992700,-5.76971435546875,0,0,5
3650122,2021,dry,annotated,0,624075,5061075,0.06026099853515625,0.158968994140625,1.5874086146354675e-5,80.64385223388672,30.763343811035156,900,24300,-0.12054443359375,0.7058823704719543,0.800000011920929,4
3650454,2021,dry,annotated,0,624135,5061285,0.07126900024414062,0.304377001953125,3.039672138214111e-5,132.4951629638672,12.25586223602295,0,24300,-0.72705078125,0,0,5
3650513,2021,em_veg,random_draw,0,624165,5062455,0.04611099853515625,0.08763200073242187,8.747816042900084e-6,78.05458068847656,16.625585556030273,900,201600,0.14227294921875,0.6756756901741028,0.800000011920929,4
3650515,2021,em_veg,random_draw,0,624135,5062365,0.042875,0.06577999877929687,6.5650702738761905e-6,38.393436431884766,6.294814586639404,900,201600,0.1888427734375,1,1,3
3650999,2021,em_veg,random_draw,0,624255,5062305,0.07097100219726563,0.19159599609375,1.913634495973587e-5,72.795166015625,21.047412872314453,900,201600,-1.46136474609375,0.6000000238418579,1,4
3651290,2021,em_veg,random_draw,0,624315,5062215,0.04949599914550781,0.06757100219726563,6.7461290800571435e-6,21.464906692504883,4.705744743347168,900,201600,0.18316650390625,1,1,2
3651318,2021,em_veg,random_draw,0,624315,5062485,0.06157999877929687,0.164356005859375,1.641567568063736e-5,67.989013671875,53.13080978393555,0,201600,-0.661376953125,0.8285714387893677,0.7777777910232544,4
3651319,2021,em_veg,random_draw,0,624315,5062095,0.0563760009765625,0.13004000244140626,1.298812927246094e-5,69.4425277709961,24.77442169189453,900,201600,-0.10980224609375,0.6285714507102966,1,4
3651437,2021,em_veg,random_draw,0,624345,5062005,0.05186599731445313,0.09240700073242188,9.22346565246582e-6,39.572994232177734,14.05743408203125,900,201600,-0.0023193359375,0.911764681339264,1,3
3652032,2021,em_veg,random_draw,0,624435,5062095,0.04813699951171875,0.04721499938964844,4.711558130383491e-6,20.72991371154785,1.6980282068252563,900,201600,0.1890869140625,1,1,1
3648034,2021,terrain,annotated,0,623685,5062635,0.07030900268554688,0.15271600341796876,1.5247813591957094e-5,100.2363510131836,23.947532653808594,900,1800,-0.04840087890625,0.3333333432674408,0,5
3651145,2021,terrain,annotated,0,624285,5063145,0.03518599853515625,0.06781300048828125,6.766426583528519e-6,71.44808197021484,16.354372024536133,900,10800,0.3626708984375,0.25,1,5
3651221,2021,dry,annotated,0,624315,5063055,0.07214600219726562,0.18376500244140623,1.835027085542679e-5,129.5318603515625,28.856277465820313,900,10800,-0.60009765625,0,0.4000000059604645,5
3647026,2021,deep_viz,annotated,0,623505,5062965,0.03977799987792969,0.0415989990234375,4.541762863397598e-6,10.989032745361328,0.47719433903694153,900,90000,0.2376708984375,1,1,1
3647205,2021,deep_viz,annotated,0,623535,5062905,0.04024700012207031,0.04218900146484375,4.421227905750275e-6,11.659123420715332,0.4286898374557495,900,90000,0.2376708984375,1,1,1
3647448,2021,deep_viz,annotated,0,623595,5062965,0.04031600036621093,0.04028900146484375,4.499239716529846e-6,10.826376914978027,0.4452486336231232,900,90000,0.2376708984375,1,1,1
3647449,2021,dry,annotated,0,623595,5062845,0.05971400146484375,0.15599100341796876,1.5578513848781585e-5,63.67438507080078,7.879612922668457,900,90000,-0.30743408203125,0.9677419066429138,1,4
3647715,2021,dry,annotated,0,623655,5063085,0.07081099853515625,0.2126360107421875,2.1231569471359253e-5,69.29057312011719,8.904096603393555,0,90000,-2.03289794921875,0.02857142873108387,0,5
3647969,2021,terrain,annotated,0,623685,5063055,0.04286700134277343,0.0758469970703125,7.568560465574264e-6,29.666004180908203,4.362796306610107,900,90000,0.22991943359375,0.911764681339264,0.8999999761581421,3
3648021,2021,terrain,annotated,0,623685,5062875,0.05035899963378906,0.08119099731445313,8.10598224759102e-6,41.330352783203125,9.089760780334473,900,90000,0.164794921875,1,1,3
3648350,2021,terrain,annotated,0,623715,5062995,0.04504599914550781,0.06797899780273438,6.782522755861282e-6,20.856935501098633,3.5188515186309814,900,90000,0.234375,1,1,3
3648352,2021,dry,annotated,0,623745,5062905,0.08014199829101562,0.2585739990234375,2.5821003212928772e-5,79.90290069580078,1.7755765914916992,0,90000,-2.777099609375,0,0,5
3649553,2021,deep_water,random_draw,0,623955,5064285,0.07451599731445313,0.30533798828125,3.049538277387619e-5,92.919830322265625,9.75283145904541,0,34200,-5.61273193359375,0.02857142873108387,0,5
3649816,2021,deep_water,random_draw,0,624015,5064375,0.05147100219726562,0.1236760009765625,1.234512186050415e-5,50.73130798339844,50.50724029541016,900,34200,-0.100830078125,0.7878788113594055,0.375,4
3650057,2021,deep_water,random_draw,0,624075,5064195,0.07056599731445312,0.18874100341796876,1.8844271063804623e-5,80.05841064453125,41.51884841918945,900,34200,-1.04095458984375,0.7647058963775635,0.8999999761581421,4
3650329,2021,deep_water,random_draw,0,624105,5064285,0.0379989990234375,0.05074599914550781,5.060990130901337e-6,16.976459503173828,6.2529449462890625,900,34200,0.35009765625,1,1,1
3650629,2021,deep_water,random_draw,0,624165,5064405,0.0560219970703125,0.154218994140625,1.5391870560646058e-5,125.26960754394533,43.48179626464844,900,34200,-1.1627197265625,0.5,0.7272727489471436,4
3654208,2021,deep_water,random_draw,0,625185,5064045,0.09581699829101564,0.27401298828125,2.737310324907303e-5,99.95245361328124,13.66053867340088,0,69300,-1.61151123046875,0,0.1111111119389534,5
3654617,2021,deep_water,random_draw,0,625305,5064045,0.04195199890136718,0.04530400085449219,4.519863493442535e-6,9.473133087158203,0.4303490817546845,900,69300,0.2320556640625,1,1,1
3654863,2021,deep_water,random_draw,0,625395,5064165,0.08768699951171875,0.2640719970703125,2.6376207711696624e-5,77.9221420288086,3.4779062271118164,0,69300,-2.87017822265625,0,0,5
3655053,2021,deep_water,random_draw,0,625425,5064015,0.04142000122070313,0.04036300048828125,4.02674816429615e-6,9.610154151916504,0.3244921863079071,900,69300,0.2320556640625,1,1,1
3655176,2021,deep_water,random_draw,0,625485,5063895,0.08683099975585938,0.3178090087890625,3.174475957393646e-5,93.59063720703124,4.755012512207031,0,69300,-2.51470947265625,0,0,5
3655411,2021,deep_water,random_draw,0,625515,5064075,0.04136600036621094,0.04628900146484375,4.618618217706681e-6,8.975133895874023,0.7277467846870422,900,69300,0.2320556640625,1,1,1
3655749,2021,deep_water,random_draw,0,625605,5063985,0.072072998046875,0.2225739990234375,2.222836439847946e-5,86.25206756591797,40.77960586547851,900,69300,-1.59515380859375,0.30000001192092896,0.375,5
3654277,2021,terrain,annotated,0,625215,5064315,0.06281300048828126,0.2079360107421875,2.077852510690689e-5,111.93395233154295,5.8454179763793945,900,13500,0.03436279296875,0,0,5
3654278,2021,dry,annotated,0,625185,5064255,0.09178099975585938,0.30084599609375,3.006883437037468e-5,105.02484130859376,1.8973822593688965,900,13500,-0.0062255859375,0,0,5
3654877,2021,deep_water,random_draw,0,625395,5064465,0.09095499877929689,0.29093701171875,2.9062715826034543e-5,94.912994384765625,4.165484428405762,0,26100,-0.905029296875,0,0,5
3654880,2021,deep_water,random_draw,0,625395,5064285,0.03614599914550781,0.04850400085449219,4.837445300817489e-6,14.915541648864746,0.8983308672904968,900,26100,0.0999755859375,1,1,1
3655273,2021,deep_water,random_draw,0,625485,5064315,0.0376739990234375,0.055597998046875,5.544648089408874e-6,14.015978813171388,1.2972030639648438,900,26100,0.0999755859375,1,1,2
3653733,2021,em_veg,annotated,0,624945,5064735,0.0547280029296875,0.11824100341796875,1.1805841265916826e-5,82.67798614501953,20.433483123779297,900,13500,0.08807373046875,0.59375,0.5555555820465088,4
3653767,2021,em_veg,annotated,0,625005,5064675,0.04616400146484375,0.08877899780273438,8.86025782108307e-6,55.4437255859375,15.822809219360352,900,13500,0.12322998046875,0.9354838728904724,1,4
3653853,2021,em_veg,annotated,0,625065,5064735,0.08133099975585938,0.1834030029296875,1.8314459874629972e-5,112.70867156982422,18.039525985717773,900,13500,-0.40228271484375,0.1428571492433548,0.1111111119389534,5
3654734,2021,em_veg,annotated,0,625365,5064645,0.059552001953125,0.13389100341796875,1.3366617178916931e-5,87.145416259765625,45.786231994628906,900,20700,-0.04229736328125,0.7586206793785095,0.5,4
3654856,2021,dry,annotated,0,625395,5064675,0.08471300048828125,0.20256500244140624,2.0232319538593297e-5,100.11590576171876,27.243946075439453,0,20700,-0.15179443359375,0.24137930572032928,0,5
3654972,2021,em_veg,annotated,0,625455,5064615,0.04395899963378906,0.07759299926757812,7.740422652959823e-6,25.74285125732422,14.458889961242676,900,20700,0.16046142578125,0.9032257795333862,0.625,3
3655065,2021,em_veg,annotated,0,625455,5064675,0.06174099731445312,0.1318699951171875,1.3163783099651335e-5,60.24055099487305,63.094383239746094,900,20700,0.04571533203125,0.800000011920929,0.4444444477558136,4
3654160,2021,dry,annotated,0,625155,5065425,0.09748499755859374,0.324593994140625,3.242606347560883e-5,93.114776611328125,2.5441293716430664,0,1268100,-4.244873046875,0,0,5
3654210,2021,deep_viz,annotated,0,625185,5065365,0.05176799926757813,0.0596239990234375,5.952655900716782e-6,17.307270050048828,3.5308966636657715,900,1268100,0.26458740234375,1,1,3
3654292,2021,deep_viz,annotated,0,625215,5065455,0.05186599731445313,0.04798099975585938,4.788649095892907e-6,16.235759735107422,7.235383987426758,900,1268100,0.26458740234375,1,1,1
3654440,2021,dry,annotated,0,625245,5065185,0.07340900268554687,0.2204239990234375,2.2014188768863675e-5,83.605621337890625,57.3526611328125,900,1268100,-3.8399658203125,0.1818181872367859,0.4444444477558136,5
3654540,2021,deep_viz,annotated,0,625275,5065215,0.05099299926757812,0.057652001953125,5.754440761804581e-6,9.146042823791504,0.7704427242279053,900,1268100,0.26458740234375,1,1,1
3653965,2021,terrain,annotated,0,625095,5068545,0.06066400146484375,0.12815899658203125,1.2799553755521776e-5,33.84965896606445,14.38535499572754,900,140400,0.04644775390625,1,1,3
3653975,2021,dry,annotated,0,625095,5068695,0.1129760009765625,0.2847429931640625,2.8451624896526335e-5,87.99616241455078,2.0874664783477783,0,140400,-2.6181640625,0.03125,0,5
3654011,2021,dry,annotated,0,625125,5068365,0.07704500122070312,0.309235009765625,3.088927412986756e-5,99.33802795410156,15.658649444580078,900,140400,-1.5987548828125,0,0.5,5
3654037,2021,terrain,annotated,0,625095,5068395,0.06903800048828125,0.3206159912109375,3.202286609888077e-5,92.58789825439452,13.70466423034668,900,140400,-1.64935302734375,0,0.3333333432674408,5
3654358,2021,dry,annotated,0,625245,5068335,0.09845599975585938,0.3166449951171875,3.163454671382904e-5,124.0542449951172,12.783129692077637,0,140400,-1.10577392578125,0,0.27272728085517883,5
3654603,2021,terrain,annotated,0,625305,5068425,0.04625299987792969,0.05960399780273438,5.94672460436821e-6,14.398381233215332,2.7065680027008057,900,140400,0.53973388671875,1,1,3
3653117,2021,em_veg,annotated,0,624705,5069325,0.07114199829101563,0.1539300048828125,1.5369926085472107e-5,97.13182830810548,24.64384078979492,900,674100,-0.71844482421875,1,1,4
3653140,2021,deep_viz,annotated,0,624705,5069175,0.06036500244140625,0.1484199951171875,1.4815974717140198e-5,71.87799835205078,15.7679443359375,900,674100,-0.24896240234375,0.9677419066429138,0.8571428656578064,4
3653164,2021,dry,annotated,0,624705,5069595,0.07843699951171874,0.18289000244140624,1.8266876366138456e-5,84.29767608642578,38.24092102050781,900,674100,-0.3450927734375,0.8387096524238586,0.75,4
3653252,2021,em_veg,annotated,0,624705,5069445,0.04609700012207031,0.04701300048828125,4.692905109524727e-6,13.431422233581545,0.6114453077316284,900,674100,0.26812744140625,1,1,1
3653382,2021,dry,annotated,0,624765,5069445,0.06101400146484375,0.2071169921875,2.0678135638237e-5,105.5744400024414,57.80313491821289,900,674100,-4.3995361328125,0.03225806355476379,0.2222222238779068,5
3653518,2021,deep_viz,annotated,0,624855,5069805,0.06345599975585937,0.1198239990234375,1.1964649620056152e-5,54.655540466308594,21.169736862182617,900,674100,-0.415283203125,1,1,4
3653632,2021,deep_viz,annotated,0,624885,5069925,0.047725,0.05540800170898438,5.531333926916122e-6,18.346216201782227,3.709541320800781,900,674100,0.26806640625,1,1,1
3653643,2021,em_veg,annotated,0,624915,5069655,0.06246400146484375,0.13493399658203126,1.3471663303375244e-5,79.81188201904297,26.272510528564453,900,674100,-0.48089599609375,1,0.8999999761581421,4
3653789,2021,em_veg,annotated,0,625005,5070195,0.07153300170898437,0.2296300048828125,2.292995837211609e-5,75.11609649658203,26.804067611694336,0,66600,-2.09417724609375,0,0,5
3653791,2021,em_veg,annotated,0,625005,5070075,0.0476239990234375,0.0834510009765625,8.328187325000764e-6,33.68586730957031,10.829875946044922,900,66600,0.2161865234375,1,1,3
3653796,2021,em_veg,annotated,0,625005,5069955,0.0547760009765625,0.117806005859375,1.175783710241318e-5,72.8138656616211,15.576981544494627,900,66600,0.0111083984375,0.911764681339264,1,4
3653876,2021,deep_viz,annotated,0,625065,5070135,0.042525,0.04626600036621094,4.613178339004517e-6,27.48752212524414,6.226446628570557,900,66600,0.2806396484375,1,1,1
3653887,2021,dry,annotated,0,625065,5069925,0.06659600219726562,0.25745,2.5708231430053712e-5,83.150970458984375,33.745304107666016,900,66600,-0.6463623046875,0.0625,0.7777777910232544,5
3653914,2021,dry,annotated,0,625095,5070195,0.07192100219726562,0.202343994140625,2.020537748813629e-5,82.9113540649414,15.762176513671877,0,66600,-3.1292724609375,0.03125,0,5
3653926,2021,deep_viz,annotated,0,625065,5070015,0.04061199951171875,0.04541199951171875,4.527609031200409e-6,44.484622955322266,10.89988136291504,900,66600,0.2806396484375,1,1,1
3654006,2021,deep_viz,annotated,0,625095,5070075,0.04145299987792968,0.04266199951171875,4.253150676488876e-6,23.552335739135746,7.689751148223877,900,66600,0.2806396484375,1,1,1
3653815,2021,em_veg,annotated,0,625035,5070345,0.0892969970703125,0.2265010009765625,2.2620622107982635e-5,104.73577880859376,10.343976974487305,0,1800,-0.5714111328125,0,0,5
3653816,2021,dry,annotated,0,625005,5070315,0.07101400146484375,0.15472900390625,1.544752272844315e-5,77.94580841064453,13.550151824951172,900,1800,-0.2203369140625,0.5555555820465088,0.5454545617103577,4
3653667,2021,dry,annotated,0,624885,5070345,0.111047998046875,0.2939070068359375,2.9364828019142152e-5,94.76021575927734,8.243095397949219,0,1800,-2.45556640625,0,0,5
3653678,2021,em_veg,annotated,0,624915,5070315,0.06111699829101563,0.13360999755859376,1.3338196210861206e-5,86.4068832397461,17.186796188354492,900,1800,-0.0419921875,0.35483869910240173,0.4000000059604645,4
3653683,2021,dry,annotated,0,624915,5070765,0.076977001953125,0.1954010009765625,1.951274278640747e-5,109.7145004272461,19.27222442626953,900,13500,-1.08575439453125,0.03030303120613098,0.1111111119389534,5
3653684,2021,dry,annotated,0,624915,5070645,0.0640989990234375,0.14206600341796874,1.4181888241767883e-5,109.86459350585938,36.3842887878418,900,13500,-0.41741943359375,0.21875,0.3333333432674408,5
3653759,2021,em_veg,annotated,0,624975,5071245,0.05728099975585937,0.12984599609375,1.2961103963851928e-5,61.11952209472656,26.97409439086914,900,11700,0.05328369140625,0.4333333373069763,0.5555555820465088,4
3653809,2021,em_veg,annotated,0,625035,5071275,0.07409299926757812,0.1914449951171875,1.9114171798229218e-5,99.2726058959961,20.34825134277344,900,11700,-0.239990234375,0.0714285746216774,0.2222222238779068,5
3653836,2021,em_veg,annotated,0,625065,5071185,0.07032999877929688,0.15593399658203125,1.556735696077347e-5,72.155059814453125,71.63677978515625,900,11700,0.1121826171875,0.09677419066429138,0.5555555820465088,5
3653637,2021,dry,annotated,0,624915,5071275,0.08224199829101562,0.2060360107421875,2.0574364910125733e-5,95.59842681884766,9.067008972167969,0,9900,-1.75689697265625,0,0,5
3652213,2021,dry,annotated,0,624495,5071665,0.07358900146484375,0.2166050048828125,2.1624599866867064e-5,84.644073486328125,4.794813632965088,900,13500,-0.8717041015625,0,0.27272728085517883,5
3653835,2021,dry,annotated,0,625035,5072025,0.09165999755859376,0.314072998046875,3.137486631155014e-5,99.85208892822266,5.312206268310547,0,900,0.3770751953125,0,0,5
3653044,2021,em_veg,annotated,0,624675,5072505,0.08550999755859374,0.177943994140625,1.7771950426101684e-5,80.775787353515625,31.292909622192383,900,17100,-0.2076416015625,0.4482758641242981,0.5,4
3653290,2021,em_veg,annotated,0,624765,5072565,0.09038499755859376,0.1982699951171875,1.9805800111293793e-5,102.52305603027344,23.834941864013672,0,17100,-0.4598388671875,0.517241358757019,0.375,4
3653322,2021,dry,annotated,0,624765,5072505,0.05474199829101563,0.09508599853515624,9.487228298187256e-6,29.351207733154297,14.4554443359375,900,17100,0.106689453125,0.7931034564971924,0.75,3
3653532,2021,em_veg,annotated,0,624855,5072535,0.0517239990234375,0.0922239990234375,9.201065294742583e-6,32.18492126464844,14.457098007202148,900,17100,0.143798828125,0.4482758641242981,0.25,5
3653533,2021,dry,annotated,0,624855,5072505,0.08940399780273438,0.20776298828125,2.075158574104309e-5,89.93799591064453,24.824838638305664,900,17100,-0.3148193359375,0.13793103396892548,0.125,5
3653937,2021,dry,annotated,0,625065,5072895,0.079697998046875,0.2300949951171875,2.2983158943653107e-5,95.50997161865234,6.5608015060424805,900,9900,-0.1209716796875,0,0.125,5
3653964,2021,em_veg,annotated,0,625125,5072865,0.07393200073242187,0.2085330078125,2.0821805095672607e-5,86.6134262084961,4.8580217361450195,900,9900,-0.13079833984375,0.1515151560306549,0.10000000149011612,5
3653968,2021,em_veg,annotated,0,625125,5072925,0.07444199829101562,0.245747998046875,2.4540171287059784e-5,77.84071350097656,9.583292007446287,900,9900,-1.0555419921875,0.02941176481544971,0.10000000149011612,5
3653465,2021,dry,annotated,0,624825,5075085,0.1149699951171875,0.2528239990234375,2.5259249572753905e-5,79.268524169921875,4.027397155761719,0,4500,-4.10601806640625,0,0,5
3652545,2021,glint,annotated,0,624555,5076075,0.12444200439453124,0.3121610107421875,3.11852561712265e-5,117.62890625,19.330080032348633,0,9900,-1.27923583984375,0,0.5,5
3652601,2021,em_veg,annotated,0,624585,5076015,0.04289400024414062,0.09218900146484375,9.192303051948548e-6,150.8385009765625,1.5241568088531494,900,9900,0.1356201171875,0.20588235557079315,1,5
3652776,2021,dry,annotated,0,624645,5075985,0.08268300170898438,0.2778820068359375,2.7744641499519345e-5,95.75408935546876,3.564735174179077,0,9900,-2.9654541015625,0,0,5
3652812,2021,em_veg,annotated,0,624615,5076105,0.058097998046875,0.1225260009765625,1.222613818883896e-5,134.77886962890625,7.1490631103515625,900,9900,0.02685546875,0.20588235557079315,0.625,5
3652885,2021,em_veg,annotated,0,624645,5076045,0.08188099975585937,0.1929739990234375,1.9270362820625303e-5,132.7198486328125,8.728797912597656,900,9900,-0.2227783203125,0.1515151560306549,0.375,5
3653547,2021,em_veg,random_draw,0,624855,5076465,0.05908599853515625,0.133693994140625,1.334371718645096e-5,72.80216217041016,45.51214218139648,900,6300,0.059814453125,0.25806450843811035,0.125,5
3653462,2021,dry,annotated,0,624795,5077035,0.08578599853515625,0.22953701171875,2.29243976688385e-5,82.8782730102539,37.50173568725586,0,12600,-2.423095703125,0.03125,0.4285714328289032,5
3653555,2021,dry,annotated,0,624855,5076975,0.0603510009765625,0.17308399658203125,1.727810219526291e-5,68.1601333618164,61.572879791259766,900,12600,-0.578125,0.12903225421905518,0.4444444477558136,5
3653609,2021,terrain,annotated,0,624885,5077035,0.04146199951171875,0.09543699951171876,9.516745710372924e-6,111.58821105957033,44.73894882202149,900,12600,0.317138671875,0.09677419066429138,0.5714285969734192,5
3653700,2021,dry,annotated,0,624915,5077035,0.07394099731445312,0.2237070068359375,2.2333327350616457e-5,89.42859649658203,37.92121887207031,900,12600,-1.242431640625,0.03448275849223137,0,5
3666445,2021,dry,annotated,0,627555,5087685,0.09000700073242188,0.186752001953125,1.8655136978626253e-5,162.96910095214844,3.2395379543304443,900,45900,0.123504638671875,0.0833333358168602,0,5
3665972,2021,em_veg,annotated,0,627555,5088675,0.06490900268554688,0.16338199462890626,1.6313444089889524e-5,129.4478302001953,145.28616333007813,0,2700,0.00439453124994315,0,0.1428571492433548,5
3665982,2021,dry,annotated,0,627555,5088615,0.07072100219726563,0.1640489990234375,1.638029914140701e-5,142.63909912109375,70.11510467529297,900,2700,-0.01065063476568184,0.09090909361839294,0.1428571492433548,5
3413336,2021,em_veg,random_draw,0,627375,5092905,0.0899530029296875,0.188452001953125,1.8813418276309968e-5,128.66281127929688,37.4329948425293,900,16200,0.002960205078125,0.1111111119389534,0,5
3413505,2021,em_veg,random_draw,0,627405,5092995,0.08155999755859375,0.2091419921875,2.087685755252838e-5,144.37896728515625,18.451047897338867,0,16200,-0.081634521484375,0.03448275849223137,0,5
3407550,2021,deep_water,random_draw,0,625965,5096235,0.05715399780273438,0.04920799865722656,4.910991649627686e-6,10.997003555297852,0.43455544114112854,900,4751100,0.078765869140625,1,1,1
3408028,2021,deep_water,random_draw,0,626085,5096145,0.0533780029296875,0.06301799926757813,6.289904780387878e-6,17.9393367767334,16.152368545532227,900,4751100,0.07550048828125,1,1,1
3408166,2021,deep_water,random_draw,0,626115,5095365,0.09329500122070312,0.328043994140625,3.276154257297516e-5,152.71861267089844,24.074098587036133,0,4751100,-1.035247802734375,0,0,5
3408216,2021,deep_water,random_draw,0,626115,5095545,0.09572999877929687,0.2474889892578125,2.472253113746643e-5,149.78712463378906,13.878387451171877,0,4751100,-0.2501220703125,0,0,5
3408662,2021,deep_water,random_draw,0,626235,5095275,0.04489299926757812,0.03370599975585937,4.19963239312172e-6,12.848322868347168,0.3771162033081054,900,4751100,0.078765869140625,1,1,1
3408700,2021,deep_water,random_draw,0,626235,5095455,0.0648719970703125,0.0925760009765625,9.244645149707794e-6,41.182071685791016,69.61913299560547,900,4751100,-0.084014892578125,0.91304349899292,0.4285714328289032,4
3408786,2021,deep_water,random_draw,0,626265,5096445,0.04478599853515625,0.03956900024414062,3.948467670679092e-6,12.911703109741213,0.46933841705322266,900,4751100,0.078765869140625,1,1,1
3408959,2021,deep_water,random_draw,0,626295,5095665,0.05370499877929687,0.04968399963378906,4.957775746583939e-6,12.179425239562988,1.2066313028335571,900,4751100,0.078765869140625,1,1,1
3410015,2021,deep_water,random_draw,0,626535,5094765,0.05887000122070313,0.06992000122070313,6.978519728183747e-6,22.49553680419922,65.83470916748047,900,4751100,0.030609130859375,1,1,1
3414139,2021,deep_water,random_draw,0,627555,5094495,0.0602239990234375,0.12901800537109376,1.2879843666553498e-5,73.4549560546875,184.5926513671875,900,4751100,-2.29779052734375,1,1,3
3407505,2021,dry,annotated,0,625965,5094705,0.09195599975585936,0.17043399658203126,1.702252404928207e-5,105.27982330322266,68.45771789550781,900,53100,-0.192535400390625,0.7142857313156128,0.5714285969734192,4
3407592,2021,deep_viz,annotated,0,625965,5094615,0.07973499755859376,0.04589500122070313,4.704934642314911e-6,13.998920440673828,0.01405505929142236,900,53100,0.0755615234375,1,1,1
3407715,2021,deep_viz,annotated,0,625995,5094555,0.07907000122070312,0.04408200073242187,4.67490977525711e-6,13.949703216552734,0.04813367873430252,900,53100,0.0755615234375,1,1,1
3407805,2021,dry,annotated,0,626025,5094465,0.06890800170898438,0.137677001953125,1.3746247038841247e-5,103.9542999267578,69.79295349121094,0,53100,-1.501068115234375,0,0,5
3408143,2021,dry,annotated,0,626115,5094495,0.06278599853515625,0.13353599853515624,1.333101687669754e-5,121.53234100341795,73.54186248779297,0,53100,-1.011627197265625,0,0,5
3407568,2021,dry,annotated,0,625995,5095245,0.07562899780273437,0.25152900390625,2.511935791730881e-5,126.03239440917967,238.9871826171875,0,20700,-2.748687744140625,0.2380952388048172,0.1428571492433548,4
3406642,2021,dry,annotated,0,625695,5096865,0.09426300048828123,0.25260400390625,2.523247463941574e-5,143.8966827392578,44.685420989990234,0,6300,-0.00103759765625,0,0,5
3406768,2021,terrain,annotated,0,625725,5096835,0.0437739990234375,0.08543099975585937,8.51966950893402e-6,34.526424407958984,23.91140365600586,900,6300,0.15594482421875,0.40740740299224854,0.5714285969734192,4
3406812,2021,dry,annotated,0,625755,5096775,0.08688099975585938,0.2128989990234375,2.1263672983646393e-5,136.2218780517578,72.80533599853516,0,6300,-0.01275634765625,0.03846153989434242,0,5
3407317,2021,em_veg,annotated,0,625905,5096835,0.04155,0.07484500122070313,7.462367985248565e-6,11.282526016235352,8.11776065826416,900,4500,0.02557373046875,0.47999998927116394,0.5714285969734192,3
3407608,2021,em_veg,annotated,0,625995,5097105,0.062972998046875,0.13488699951171876,1.3465312933921811e-5,103.0560073852539,149.56771850585938,900,4500,-6.103515625e-5,0.4000000059604645,0.1666666716337204,4
3407609,2021,dry,annotated,0,625995,5097045,0.09467000122070313,0.2437820068359375,2.4352972090244292e-5,145.4260711669922,16.11308479309082,900,4500,-0.035888671875,0,0,5
3403393,2021,deep_water,random_draw,0,624855,5098305,0.04592200012207031,0.03929500122070312,4.0747945481538776e-6,10.035711288452148,0.07146329432725906,900,549900,0.085235595703125,1,1,1
3403767,2021,deep_water,random_draw,0,624975,5098365,0.09665499877929688,0.24425400390625,2.4398371589183806e-5,133.2742156982422,133.43939208984375,0,549900,-1.195770263671875,0.05263157933950424,0,5
3404335,2021,deep_water,random_draw,0,625125,5098665,0.05105899963378906,0.07324299926757813,7.310554475784302e-6,13.799077987670898,16.518117904663086,900,549900,0.083831787109375,1,1,3
3404339,2021,deep_water,random_draw,0,625125,5098485,0.04852900085449219,0.04881499938964843,4.8718202227354046e-6,10.151318550109863,0.14019344747066498,900,549900,0.085235595703125,1,1,1
3404755,2021,deep_water,random_draw,0,625215,5097795,0.04557000122070313,0.03706300048828125,4.003123343586921e-6,11.980077743530272,0.504584550857544,900,549900,0.085235595703125,1,1,1
3405056,2021,deep_water,random_draw,0,625305,5098305,0.04595400085449219,0.03831199951171875,4.204114270806312e-6,9.986376762390137,0.06058345735073089,900,549900,0.085235595703125,1,1,1
3405078,2021,deep_water,random_draw,0,625305,5098155,0.054797998046875,0.07962100219726563,7.951050304174423e-6,39.014930725097656,50.2576789855957,900,549900,0.038360595703125,1,1,3
3406248,2021,deep_water,random_draw,0,625575,5097795,0.05608200073242187,0.0930530029296875,9.291495732069016e-6,46.61329650878906,131.2853546142578,900,549900,-0.2117919921875,1,1,4
3406544,2021,deep_water,random_draw,0,625665,5098035,0.05871400146484375,0.09418699951171874,9.405667390823364e-6,55.4914436340332,138.67161560058594,900,549900,0.04638671875,1,1,4
3406742,2021,deep_water,random_draw,0,625725,5097525,0.093652001953125,0.241431005859375,2.411854724407196e-5,123.5224838256836,95.492431640625,0,549900,-0.372650146484375,0.07692307978868484,0.6666666865348816,5
3407750,2021,deep_water,random_draw,0,626025,5097855,0.06283400268554687,0.137252001953125,1.36966006565094e-5,83.254638671875,77.83605194091797,900,20700,-0.096649169921875,0.6000000238418579,0.6666666865348816,4
3407850,2021,deep_water,random_draw,0,626055,5097915,0.04572099914550781,0.086697998046875,8.65072169303894e-6,18.241737365722656,28.47080993652344,900,20700,0.084075927734375,0.23999999463558197,0.1666666716337204,5
3408545,2021,deep_water,random_draw,0,626205,5097855,0.068452001953125,0.1503699951171875,1.501270421266556e-5,75.26270294189453,78.467620849609375,900,20700,-0.08447265625,0.9090909361839294,1,4
3406266,2021,dry,annotated,0,625605,5098395,0.0677780029296875,0.1313010009765625,1.310843159198761e-5,48.381744384765625,36.53492736816406,900,75600,-0.025665283203125,0.8846153616905212,1,4
3406288,2021,dry,annotated,0,625605,5098245,0.08923599853515625,0.2509010009765625,2.505783758878708e-5,139.5614013671875,21.867033004760746,900,75600,-1.41729736328125,0.125,0.3333333432674408,5
3406448,2021,deep_viz,annotated,0,625635,5098395,0.05228400268554687,0.05076400146484375,5.06422902226448e-6,16.261655807495117,0.7281460762023926,900,75600,0.16253662109375,1,1,1
3406463,2021,deep_viz,annotated,0,625635,5098305,0.05117799987792969,0.0456010009765625,4.549857935905457e-6,15.71555995941162,0.6355202198028564,900,75600,0.16253662109375,1,1,1
3406696,2021,dry,annotated,0,625725,5098155,0.08455700073242188,0.231164990234375,2.3082649581432345e-5,122.682373046875,34.66401290893555,900,75600,-1.271087646484375,0.3913043439388275,0.6666666865348816,4
3406810,2021,deep_viz,annotated,0,625725,5098215,0.05129500122070312,0.04984500122070312,4.972647556066513e-6,16.84864044189453,0.6015594005584717,900,75600,0.16253662109375,0.9523809552192688,1,1
3404235,2021,deep_viz,annotated,0,625095,5109645,0.0345,0.05360800170898437,5.346751523017883e-6,94.935150146484375,80.3134536743164,900,47700,0.05230712890625,0.8799999952316284,1,3
3404243,2021,deep_viz,annotated,0,625095,5109765,0.03137900085449219,0.03960799865722656,3.947960314750672e-6,22.906137466430664,1.0757899284362793,900,47700,0.05230712890625,0.9615384340286256,1,3
3404394,2021,deep_viz,annotated,0,625125,5109705,0.03059200134277344,0.03837999877929687,3.826077165603638e-6,29.887611389160156,14.21232795715332,900,47700,0.05230712890625,1,1,2
3404430,2021,em_veg,annotated,0,625125,5109795,0.0339489990234375,0.0499760009765625,4.984069190025329e-6,27.209701538085938,15.895042419433594,900,47700,0.05230712890625,0.739130437374115,1,3
3404545,2021,em_veg,annotated,0,625185,5109615,0.04284700012207031,0.07937000122070313,7.921250023841858e-6,74.75386047363281,114.57394409179688,900,47700,0.034332275390625,0.9200000166893004,1,3
3404661,2021,dry,annotated,0,625215,5109615,0.08401099853515626,0.19773299560546875,1.9751900911331177e-5,125.40111541748048,105.02088928222656,900,47700,-0.278350830078125,0.20000000298023224,0.6000000238418579,5
3404806,2021,em_veg,annotated,0,625245,5109735,0.05379600219726562,0.10751300048828125,1.0732959567308426e-5,77.43852233886719,128.3634796142578,900,47700,0.05230712890625,0.5199999809265137,1,5
3401787,2021,dry,annotated,0,624375,5116035,0.09788099975585936,0.237439990234375,2.3722200787067417e-5,128.6538543701172,88.455291748046875,0,1609200,-0.28961181640625,0,0.20000000298023224,5
3401876,2021,em_veg,annotated,0,624405,5116275,0.0882469970703125,0.0987739990234375,9.86485672354698e-6,50.24178695678711,83.464263916015625,900,1609200,0.050537109375,1,1,3
3402008,2021,deep_viz,annotated,0,624465,5116125,0.08355700073242188,0.05111400146484375,5.103227528929711e-6,29.087024688720703,0.7271155714988708,900,1609200,0.075897216796875,1,1,1
3402279,2021,dry,annotated,0,624525,5116275,0.08827100219726562,0.1693219970703125,1.691274838209152e-5,110.12490844726564,117.9584732055664,900,1609200,-0.0546875,0.6800000071525574,0.5714285969734192,4
3402333,2021,deep_viz,annotated,0,624525,5116215,0.084027001953125,0.05058599853515625,5.050422970056534e-6,28.597326278686523,0.5758333206176758,900,1609200,0.075897216796875,1,1,1
3402334,2021,em_veg,annotated,0,624555,5116155,0.08438099975585937,0.085625,8.550358287096023e-6,48.7051887512207,88.32232666015625,900,1609200,0.04522705078125,1,1,3
3402426,2021,em_veg,annotated,0,624585,5116275,0.08244400024414063,0.11972099609375,1.1956121369600295e-5,77.44261932373047,138.7664031982422,900,1609200,0.022216796875,0.9583333134651184,1,3
3402588,2021,dry,annotated,0,624615,5116095,0.09425800170898438,0.2435469970703125,2.4329775586128236e-5,121.79623413085938,118.76168823242188,0,1609200,-0.561553955078125,0,0,5
3402614,2021,deep_viz,annotated,0,624615,5116215,0.07580399780273438,0.05305399780273438,5.296530311107635e-6,42.024173736572266,1.900163173675537,900,1609200,0.075897216796875,1,1,1
1715711,2021,em_veg,random_draw,0,624405,5120205,0.07464400024414063,0.15771500244140624,1.5749805960655214e-5,123.3482894897461,57.551021575927734,0,12600,0.12701416015625,0,0,5
1715718,2021,em_veg,random_draw,0,624405,5120085,0.07563300170898438,0.14286099853515624,1.4266506381034852e-5,137.31028747558594,34.37023162841797,0,12600,-0.349700927734375,0,0,5
1715891,2021,em_veg,random_draw,0,624555,5120115,0.06816900024414063,0.13724300537109374,1.3704002022743226e-5,123.8208465576172,30.683578491210938,0,12600,0.303436279296875,0.0416666679084301,0,5
1720737,2021,glint,annotated,0,648975,5138475,0.12113499755859376,0.2248820068359375,2.2466651418209076e-5,137.98931884765625,14.989633560180664,900,32400,-0.057098388671875,0,0,5
1706688,2021,glint,annotated,0,615825,5144085,0.09189500122070313,0.2109699951171875,2.10828872859478e-5,72.57440185546875,77.09635925292969,900,82800,0.732391357421875,0.774193525314331,1,4
1706928,2021,dry,annotated,0,615885,5144145,0.06884299926757813,0.2889169921875,2.885295265436173e-5,136.6852569580078,183.6631317138672,0,82800,-2.9365234375,0,0,5
1595978,2021,dry,annotated,0,612465,5143905,0.0680030029296875,0.14434100341796874,1.4413979840278626e-5,81.21819305419922,96.680267333984375,900,72900,-0.091766357421875,0.7931034564971924,0.75,4
1591916,2021,em_veg,annotated,0,609615,5143665,0.07684500122070312,0.17976300048828123,1.7954509286880495e-5,139.23471069335938,79.85697937011719,900,1800,-0.03582763671875,0.4583333432674408,0.20000000298023224,4
1592110,2021,em_veg,annotated,0,609645,5143665,0.05566699829101562,0.112327001953125,1.1209940400123596e-5,96.21275329589844,161.4986572265625,900,1800,0.035797119140625,0.47826087474823,0.20000000298023224,4
1586690,2021,em_veg,random_draw,0,607815,5143875,0.09867100219726564,0.23141201171875,2.3123510736227035e-5,164.65347290039065,49.56440734863281,900,6300,-0.009979248046875,0.03333333507180214,0,5
1586747,2021,em_veg,random_draw,0,607875,5143995,0.08311599731445313,0.199252001953125,1.990740564227104e-5,161.27963256835938,59.79893112182617,0,6300,-0.0169677734375,0,0,5
1582573,2021,deep_water,random_draw,0,606645,5144295,0.105643994140625,0.2492260009765625,2.489836919307709e-5,159.5430908203125,16.845739364624023,0,162000,-0.30419921875,0,0.1666666716337204,5
1582776,2021,deep_water,random_draw,0,606765,5144265,0.1027719970703125,0.2954570068359375,2.952036546230316e-5,112.55825805664064,6.466778755187988,0,162000,-2.927734375,0,0,5
1582861,2021,deep_water,random_draw,0,606825,5144385,0.06346199951171876,0.15249200439453126,1.5229181962013244e-5,91.56937408447266,101.49031066894533,900,162000,-0.0587158203125,0.8148148059844971,0.6666666865348816,4
1582927,2021,deep_water,random_draw,0,606825,5144505,0.0415,0.089172998046875,8.903234351873398e-6,10.95541286468506,51.962982177734375,900,162000,0.129058837890625,0.8275862336158752,0.3333333432674408,4
1583012,2021,deep_water,random_draw,0,606855,5144625,0.04933099975585937,0.10646099853515624,1.06293082010746e-5,60.5940055847168,104.87458038330078,900,162000,0.056640625,0.9655172228813172,0.8333333134651184,3
1583015,2021,deep_water,random_draw,0,606855,5144175,0.057347998046875,0.1263219970703125,1.26142624437809e-5,114.74081420898438,138.36489868164065,900,162000,0.025177001953125,0.8148148059844971,0.6666666865348816,4
1583307,2021,deep_water,random_draw,0,606945,5144355,0.03049599914550781,0.04560299987792968,4.5495737028121955e-6,3.658160924911499,0.07031001895666122,900,162000,0.145355224609375,1,0.8333333134651184,3
1583397,2021,deep_water,random_draw,0,606945,5144265,0.03295499877929687,0.05141300048828125,5.1302882397174835e-6,7.997152328491211,12.358794212341309,900,162000,0.145355224609375,0.9642857313156128,0.6666666865348816,3
1583493,2021,deep_water,random_draw,0,607005,5144625,0.03428200073242187,0.05906300048828125,5.894489302635193e-6,6.2813496589660645,21.499284744262695,900,162000,0.14434814453125,1,0.8333333134651184,3
1583558,2021,deep_water,random_draw,0,607005,5144535,0.06268200073242187,0.15701700439453126,1.5680490469932557e-5,99.8601303100586,77.8182144165039,900,162000,-0.65985107421875,0.4137931168079376,0.1666666716337204,5
1583094,2021,deep_water,random_draw,0,606885,5144055,0.06414299926757812,0.146643994140625,1.4644157266616822e-5,74.61197662353516,106.52066040039064,900,8100,0.046630859375,0.6896551847457886,0.4000000059604645,4
1583456,2021,deep_water,random_draw,0,607005,5144085,0.09263599853515624,0.2182530029296875,2.180108736515045e-5,145.60302734375,22.4141788482666,0,8100,-0.116058349609375,0.0714285746216774,0,5
1582037,2021,dry,annotated,0,606435,5143785,0.08886699829101563,0.2046579956054687,2.0442560982704163e-5,145.0817108154297,87.896697998046875,900,9000,0.00738525390625,0.3571428656578064,0.4000000059604645,4
1577932,2021,deep_water,random_draw,0,604815,5143875,0.05492899780273437,0.08239199829101562,8.223355085849762e-6,69.57491302490234,119.182373046875,900,298800,0.129302978515625,0.8928571343421936,1,3
1577997,2021,deep_water,random_draw,0,604875,5144025,0.05708599853515625,0.10210999755859376,1.0192536038160325e-5,67.28666687011719,125.28619384765624,900,298800,0.080474853515625,0.9642857313156128,1,3
1578277,2021,deep_water,random_draw,0,604995,5143845,0.06662999877929687,0.13602099609375,1.358275587916374e-5,98.7414779663086,121.71033477783205,900,298800,0.04058837890625,0.6666666865348816,1,4
1578297,2021,deep_water,random_draw,0,604995,5143995,0.1196969970703125,0.2935669921875,2.9333831577301023e-5,139.80035400390625,34.022762298583984,0,298800,-0.44281005859375,0.03703703731298447,0,5
1578633,2021,deep_water,random_draw,0,605085,5143725,0.07836099853515625,0.1790699951171875,1.7885571930408478e-5,105.7024383544922,87.76335906982422,900,298800,-0.02191162109375,0.1428571492433548,0.6666666865348816,5
1578682,2021,deep_water,random_draw,0,605115,5143815,0.05260900268554688,0.07801500244140624,7.78609316110611e-6,55.48765182495117,102.00708770751952,900,298800,0.101715087890625,0.5925925970077515,0.5,4
1578924,2021,deep_water,random_draw,0,605205,5143725,0.05044599914550781,0.05228099975585938,5.217510452270508e-6,13.012455940246582,6.7552642822265625,900,298800,0.138214111328125,0.8518518805503845,1,3
1579078,2021,deep_water,random_draw,0,605295,5143635,0.04855799865722656,0.04248800048828125,4.23873926281929e-6,19.176677703857425,29.35358238220215,900,298800,0.138214111328125,1,1,2
1579701,2021,deep_water,random_draw,0,605505,5143635,0.05446099853515625,0.07517899780273438,7.505435893535614e-6,42.17477035522461,80.84846496582031,900,298800,0.106842041015625,0.7857142686843872,0.3333333432674408,5
1579972,2021,deep_water,random_draw,0,605595,5143695,0.05468699951171875,0.07508099975585937,7.495149862766266e-6,74.257965087890625,48.46028900146485,900,298800,0.13330078125,0.7857142686843872,0.3333333432674408,3
1577700,2021,dry,annotated,0,604665,5143935,0.08224600219726562,0.1804260009765625,1.8019545905590055e-5,111.22966766357422,20.57769012451172,900,8100,-0.329620361328125,0.03703703731298447,0,5
1577470,2021,em_veg,annotated,0,604515,5143995,0.06180900268554688,0.12645,1.2625114088058472e-5,107.02145385742188,99.830108642578125,900,3600,-0.0155029296875,0.4444444477558136,0.4000000059604645,4
1577522,2021,dry,annotated,0,604575,5144055,0.09554000244140624,0.2435449951171875,2.4330006072521208e-5,128.84776306152344,55.03677749633789,0,3600,-0.576934814453125,0,0,5
1577560,2021,dry,annotated,0,604545,5143995,0.06621799926757813,0.14078800048828125,1.4056878020763396e-5,124.56678771972656,138.07354736328125,900,3600,-0.0048828125,0.3333333432674408,0.20000000298023224,4
1575922,2021,em_veg,random_draw,0,603705,5143845,0.06584400024414062,0.14489000244140626,1.4477901890277864e-5,111.91751098632813,18.862548828125,900,26100,0.00299072265625,0.24137930572032928,0.800000011920929,5
1575951,2021,em_veg,random_draw,0,603735,5143695,0.07334299926757812,0.15920799560546875,1.5910498542785645e-5,117.87924194335938,60.359249114990234,900,26100,-0.0516357421875,0.35483869910240173,0.6000000238418579,5
1576115,2021,em_veg,random_draw,0,603825,5143755,0.08518699951171875,0.18,1.7979568564891814e-5,115.58604431152344,3.607680320739746,0,26100,-0.30743408203125,0,0,5
1560013,2021,dry,annotated,0,589785,5143875,0.06710499877929688,0.169847998046875,1.6960106763839723e-5,136.5895538330078,90.4134750366211,0,182700,-0.115997314453125,0.2857142984867096,0.800000011920929,5
1560022,2021,dry,annotated,0,589785,5143965,0.07672899780273437,0.18905699462890624,1.8883179655075073e-5,138.24215698242188,128.18663024902344,900,182700,-0.06158447265625,0.2142857164144516,0.6000000238418579,5
1560071,2021,em_veg,annotated,0,589845,5143905,0.03893599853515625,0.05965700073242187,5.95574333012104e-6,55.699832916259766,321.4184265136719,900,182700,-0.03326416015625,0.92592591047287,1,3
1560102,2021,dry,annotated,0,589845,5143845,0.0599989990234375,0.13898699951171875,1.3881979511976242e-5,85.773956298828125,115.1818389892578,900,182700,-0.12994384765625,0.5416666865348816,0.4000000059604645,4
1560119,2021,em_veg,annotated,0,589845,5144085,0.07293300170898437,0.17764100341796876,1.774051452875137e-5,140.21881103515625,120.2096939086914,0,182700,-0.061859130859375,0.25925925374031067,0.6666666865348816,5
1560171,2021,em_veg,annotated,0,589875,5143995,0.04699400024414062,0.09598800048828124,9.586698598861694e-6,114.40583038330078,278.1208190917969,900,182700,-0.033905029296875,0.8518518805503845,0.800000011920929,4
1560172,2021,deep_viz,annotated,0,589875,5143875,0.0372239990234375,0.04694100036621094,4.684747323393821e-6,11.405146598815918,1.2003366947174072,900,182700,0.03179931640625,0.7083333134651184,1,3
1560427,2021,deep_viz,annotated,0,590025,5143905,0.0376489990234375,0.04257900085449218,4.249462100863457e-6,8.654291152954102,0.6615048050880432,900,182700,0.03179931640625,0.8571428656578064,1,3
1560466,2021,deep_viz,annotated,0,590055,5144055,0.03489200134277344,0.04532200012207031,4.522936305999756e-6,18.67354202270508,7.69175910949707,900,182700,0.03179931640625,0.800000011920929,1,3
1560103,2021,em_veg,annotated,0,589845,5143755,0.06005999755859375,0.12916300048828125,1.2899939497709274e-5,88.64244842529297,240.6103057861328,900,32400,0.02850341796875,0.10526315867900848,0.75,5
1560162,2021,em_veg,annotated,0,589905,5143725,0.06325499877929687,0.14257900390625,1.4239809019565584e-5,93.49909973144533,280.959716796875,900,32400,0.0054931640625,0.2857142984867096,1,5
1560189,2021,dry,annotated,0,589905,5143785,0.076725,0.17556700439453124,1.753667025566101e-5,120.14808654785156,250.15675354003903,900,32400,0.011505126953125,0.1666666716337204,0.5,5
1560269,2021,dry,annotated,0,589935,5143785,0.06338400268554688,0.13775999755859375,1.3758170285224914e-5,103.55684661865234,302.0985412597656,900,32400,0.02288818359375,0.2222222238779068,1,5
1560334,2021,em_veg,annotated,0,589995,5143785,0.04528699951171875,0.09649500122070312,9.63492189884186e-6,68.055023193359375,200.93380737304688,900,32400,0.032867431640625,0.30000001192092896,0.800000011920929,5
1560378,2021,dry,annotated,0,590025,5143695,0.06753099975585937,0.16498900146484374,1.6477811789512634e-5,142.69839477539065,68.65193176269531,0,32400,-0.576141357421875,0,0,5
1556399,2021,dry,annotated,0,586005,5143965,0.06653300170898438,0.1642239990234375,1.6398211469650267e-5,104.90464782714844,98.57366943359376,900,7200,-0.08233642578125,0.3333333432674408,0.20000000298023224,5
1551719,2021,co_precise,annotated,1,582315,5145675,0.05324099731445313,0.1042719970703125,1.0405398819446565e-5,156.74716186523438,26.972414016723633,900,26100,0.069915771484375,0.17241379618644714,1,5
1551626,2021,dry,annotated,0,582255,5145645,0.06048099975585937,0.12214300537109377,1.2195653026103974e-5,150.8447723388672,36.526275634765625,900,26100,0.0238037109375,0.03125,0.6666666865348816,5
1551644,2021,dry,annotated,0,582285,5145615,0.070577001953125,0.14364300537109376,1.4344059576988218e-5,146.5200958251953,66.045074462890625,900,26100,-0.103485107421875,0.03125,0.3333333432674408,5
1551782,2021,em_veg,annotated,0,582375,5145705,0.05398699951171875,0.12341400146484376,1.231914930820465e-5,163.68397521972656,39.59538269042969,900,26100,0.068939208984375,0.19354838132858276,0.5,5
1551795,2021,em_veg,annotated,0,582375,5145645,0.04504800109863281,0.09729600219726564,9.709117729663849e-6,162.9567413330078,67.32942199707031,900,26100,-0.032073974609375,0.22580644488334656,1,5
1551866,2021,dry,annotated,0,582435,5145705,0.06709299926757813,0.1508510009765625,1.5066073844432831e-5,134.43727111816406,43.19733810424805,900,26100,-0.079833984375,0,0.1666666716337204,5
1547695,2021,deep_water,random_draw,0,580785,5148075,0.07260599975585938,0.1625699951171875,1.6233300931453705e-5,144.9967803955078,129.41648864746094,900,460800,-0.061279296875,0.1764705926179886,0.6666666865348816,5
1548116,2021,deep_water,random_draw,0,580845,5148375,0.04001600036621094,0.04615299987792969,4.6021424067020415e-6,10.211800575256348,0.49778643250465393,900,460800,0.0111083984375,0.939393937587738,1,1
1548317,2021,deep_water,random_draw,0,580905,5148255,0.03890599975585937,0.04194200134277343,4.18402712225914e-6,9.645870208740234,0.8069295287132263,900,460800,0.0111083984375,0.9696969985961914,1,1
1548320,2021,deep_water,random_draw,0,580905,5148165,0.04015599975585937,0.04271000061035156,4.263341302275658e-6,9.227417945861816,0.8422284126281738,900,460800,0.0111083984375,0.96875,1,1
1548608,2021,deep_water,random_draw,0,580965,5148345,0.04177699890136718,0.04259599914550781,4.247297245264053e-6,12.44045639038086,1.2028087377548218,900,460800,0.0111083984375,0.9375,1,1
1548736,2021,deep_water,random_draw,0,580995,5148195,0.04271000061035156,0.04386799926757812,4.374871315956116e-6,11.098858833312988,1.9045195579528809,900,460800,0.0111083984375,0.9629629850387572,1,1
1548769,2021,deep_water,random_draw,0,580995,5148075,0.04462200012207031,0.04373200073242187,4.361919519901276e-6,10.900384902954102,1.5087592601776123,900,460800,0.0111083984375,0.9629629850387572,1,1
1549197,2021,deep_water,random_draw,0,581085,5148315,0.03307099914550781,0.03583500061035156,3.5701203918457034e-6,24.7178897857666,17.3127498626709,900,460800,0.0111083984375,0.9354838728904724,1,2
1549292,2021,deep_water,random_draw,0,581115,5148105,0.03829599914550781,0.03936000061035156,3.924533444643021e-6,12.60383415222168,1.823850989341736,900,460800,0.0111083984375,0.9655172228813172,1,2
1549309,2021,deep_water,random_draw,0,581115,5148195,0.04432300109863281,0.0590969970703125,5.894083924293518e-6,38.49950408935547,104.75436401367188,0,460800,0.00555419921875,0.800000011920929,0.5,3
1530221,2021,dry,annotated,0,575775,5146935,0.09363200073242188,0.204618994140625,2.043648563146591e-5,152.16177368164065,98.0570297241211,900,5400,-0.031036376953125,0.1388888955116272,1,5
1528384,2021,glint,annotated,0,575385,5146635,0.0947989990234375,0.2236429931640625,2.2331088593006138e-5,138.46641540527344,23.10485076904297,0,73800,-0.356201171875,0,0,5
1528444,2021,em_veg,annotated,0,575385,5146545,0.09271900024414062,0.2162340087890625,2.1595700912475584e-5,140.82476806640625,115.83903503417967,0,73800,-0.093231201171875,0.0882352963089943,0.3333333432674408,5
1528532,2021,dry,annotated,0,575415,5146725,0.07398400268554688,0.17396400146484375,1.7362148957252502e-5,124.48416137695313,34.132843017578125,900,73800,-0.214447021484375,0.02941176481544971,0.1666666716337204,5
1528901,2021,em_veg,annotated,0,575505,5146575,0.07910399780273437,0.1823469970703125,1.8206448221206663e-5,124.14788055419922,31.858539581298828,900,73800,-0.247039794921875,0.4137931168079376,0.3333333432674408,4
1529512,2021,em_veg,annotated,0,575625,5146785,0.09861400146484375,0.212581005859375,2.1233344810009004e-5,147.01882934570313,59.91743087768555,0,73800,-0.201324462890625,0.3214285671710968,0.6666666865348816,4
1529579,2021,em_veg,random_draw,0,575625,5146215,0.11068299560546876,0.25683701171875,2.565996980190277e-5,156.0688018798828,23.0692081451416,0,4500,-0.535430908203125,0,0,5
1530360,2021,shallow_viz,annotated,1,575835,5145375,0.05514099731445313,0.11558499755859376,1.1538860886096954e-5,169.69439697265625,4.049283981323242,900,7200,0.085052490234375,0.22499999403953552,1,5
1530343,2021,dry,annotated,0,575865,5145405,0.07595,0.15471500244140626,1.5451554003953937e-5,164.70089721679688,20.98685836791992,900,7200,0.03607177734375,0.0731707289814949,1,5
1530361,2021,dry,annotated,0,575835,5145345,0.0652510009765625,0.1354780029296875,1.352823703289032e-5,153.8714141845703,32.977394104003906,900,7200,0.073089599609375,0.17499999701976776,1,5
1530466,2021,dry,annotated,0,575895,5145285,0.0798719970703125,0.17338499755859374,1.731246472358704e-5,139.12062072753906,39.77760696411133,0,7200,-1.51806640625,0,0,5
1528334,2021,co_precise,annotated,1,575385,5143335,0.0621260009765625,0.1351969970703125,1.3496437554359436e-5,108.76810455322266,81.56183624267578,900,66600,-0.0740966796875,0.29032257199287415,1,5
1528016,2021,dry,annotated,0,575295,5143365,0.062375,0.11860899658203124,1.183934430360794e-5,105.8298110961914,62.408260345458984,900,66600,0.01806640625,0.6666666865348816,1,4
1528137,2021,glint,annotated,0,575325,5143515,0.11176700439453124,0.19131600341796876,1.9108496108055113e-5,120.30060577392578,36.88450241088867,900,66600,-0.01611328125,0.02777777798473835,0.6000000238418579,5
1528240,2021,deep_viz,annotated,0,575355,5143455,0.0374510009765625,0.04421700134277344,4.40973256111145e-6,37.787994384765625,4.686315059661865,900,66600,0.056884765625,1,1,3
1528620,2021,deep_viz,annotated,0,575445,5143485,0.03595199890136719,0.03754700012207031,3.745011341571808e-6,37.2622184753418,3.0102434158325195,900,66600,0.056884765625,1,1,1
1528922,2021,dry,annotated,0,575505,5143575,0.115375,0.2361429931640625,2.358541161298752e-5,139.3979034423828,61.68996047973633,900,66600,-0.209320068359375,0,0,5
1529092,2021,deep_viz,annotated,0,575505,5143455,0.03743800048828125,0.04253099975585937,4.242796100378037e-6,39.07550048828125,3.404719829559326,900,66600,0.056884765625,1,1,1
1529392,2021,dry,annotated,0,575595,5143395,0.08931500244140625,0.250352001953125,2.5006294848918915e-5,134.4434814453125,43.124542236328125,0,66600,-0.5419921875,0,0,5
1528290,2021,dry,annotated,0,575385,5143755,0.09501199951171876,0.1932699951171875,1.9303501570224764e-5,148.72787475585938,50.09708023071289,900,251100,-0.30426025390625,0.29411765933036804,1,4
1528955,2021,dry,annotated,0,575505,5144415,0.0866989990234375,0.1923030029296875,1.920461569547653e-5,149.25225830078125,50.241512298583984,900,251100,-0.113128662109375,0.0833333358168602,1,5
1529118,2021,deep_viz,annotated,0,575505,5143875,0.03896799926757812,0.03266300048828125,3.256836242675782e-6,42.068748474121094,77.39746856689453,900,251100,0.029571533203125,1,1,3
1529236,2021,deep_viz,annotated,0,575535,5144145,0.04406600036621094,0.03333699951171875,3.324312791228294e-6,22.064069747924805,63.0443000793457,900,251100,0.029571533203125,1,0.8333333134651184,3
1529520,2021,deep_viz,annotated,0,575625,5144265,0.04553999938964843,0.03373299865722656,3.3633734208345417e-6,20.740053176879883,2.008586883544922,900,251100,0.029571533203125,1,0.8333333134651184,2
1529618,2021,dry,annotated,0,575655,5143785,0.08291500244140625,0.173277001953125,1.7303380374908447e-5,139.4159393310547,82.97692108154297,0,251100,-0.899261474609375,0,0,5
4957838,2021,em_veg,annotated,0,535125,5009925,0.0840530029296875,0.18852900390625,1.88307487988472e-5,96.87615966796876,16.2926025390625,0,448200,-0.401824951171875,0,0.25,5
4959062,2021,em_veg,annotated,0,535245,5009715,0.06607000122070313,0.14413299560546874,1.4390485787391665e-5,94.76427459716795,11.592777252197266,900,448200,-0.28997802734375,0,1,5
4959490,2021,deep_viz,annotated,0,535305,5009565,0.03702099914550781,0.06504400024414063,6.481631381511688e-6,45.45957946777344,41.955360412597656,900,448200,0.325103759765625,1,1,3
4959957,2021,deep_viz,annotated,0,535365,5009715,0.02430099945068359,0.03401900024414062,3.3803984165191647e-6,26.407255172729492,9.5531005859375,900,448200,0.325103759765625,1,0.8999999761581421,2
4960147,2021,deep_viz,annotated,0,535365,5009895,0.02386199951171875,0.03625499877929687,3.605571417808533e-6,22.403085708618164,1.1205320358276367,900,448200,0.325103759765625,1,1,3
4960395,2021,em_veg,annotated,0,535455,5009685,0.05523099975585938,0.12659000244140625,1.2636031062602998e-5,116.54248809814452,17.051921844482422,900,448200,-0.23455810546875,0.07407407462596893,0.800000011920929,5
2626644,2021,deep_water,random_draw,0,553095,5095245,0.09803499755859375,0.211243994140625,2.1100141458511356e-5,130.6331787109375,96.553131103515625,0,378900,-0.26666259765625,0,0.3333333432674408,5
2626784,2021,deep_water,random_draw,0,553095,5095425,0.03338500061035156,0.04340400085449219,4.3290029489994045e-6,83.81957244873047,32.18195724487305,900,378900,0.065826416015625,1,1,3
2626857,2021,deep_water,random_draw,0,553095,5095575,0.03802099914550781,0.05132100219726562,5.119838562011718e-6,61.6861686706543,9.1719388961792,900,378900,0.065826416015625,1,1,3
2627100,2021,deep_water,random_draw,0,553125,5095725,0.03781900024414062,0.04367699890136719,4.355476591587066e-6,57.11944961547851,1.4797321557998655,900,378900,0.065826416015625,1,1,3
2627492,2021,deep_water,random_draw,0,553185,5095485,0.03161099853515625,0.05038999938964843,5.026591492891311e-6,71.73847198486328,27.393783569335938,900,378900,0.0657958984375,1,1,3
2627542,2021,deep_water,random_draw,0,553185,5095575,0.03233500061035156,0.03051199951171875,4.5274160391092295e-6,57.130428314208984,1.7558289766311646,900,378900,0.065826416015625,1,1,1
2627950,2021,deep_water,random_draw,0,553245,5095665,0.03325199890136719,0.03454599914550781,5.008058941364289e-6,57.056400299072266,1.6200354099273682,900,378900,0.065826416015625,1,1,1
2628585,2021,deep_water,random_draw,0,553335,5095725,0.06645599975585938,0.1990780029296875,1.9869868643283844e-5,113.84629821777344,189.62820434570313,900,378900,-1.767120361328125,0.2857142984867096,0.6666666865348816,5
7625795,2021,deep_water,random_draw,0,603585,4850715,0.03921799926757812,0.04871799926757812,7.411848468780517e-6,81.44197082519531,18.907651901245117,900,1769400,0.022552490234375,0.3125,1,5
7625850,2021,deep_water,random_draw,0,603615,4850865,0.04506900024414062,0.0773530029296875,9.461897096633911e-6,134.01690673828125,7.45995044708252,900,1769400,0.021209716796875,0.2142857164144516,0.75,5
7626590,2021,deep_water,random_draw,0,603735,4850775,0.052225,0.0536989990234375,5.963278722763061e-6,61.14557266235352,18.63498306274414,900,1769400,0.022552490234375,0.9333333373069764,1,4
7626674,2021,deep_water,random_draw,0,603735,4850865,0.0542530029296875,0.06123800048828125,7.623255677223205e-6,66.53047180175781,19.592056274414063,900,1769400,0.022552490234375,0.5,1,5
7627040,2021,deep_water,random_draw,0,603855,4850595,0.05708099975585937,0.06356799926757813,6.336115293502807e-6,39.70042037963867,0.3516468405723572,900,1769400,0.022552490234375,1,1,1
7627217,2021,deep_water,random_draw,0,603915,4850805,0.04861499938964844,0.06187999877929687,6.158027639389038e-6,40.98566818237305,1.7816319465637207,900,1769400,0.022552490234375,0.9411764740943908,1,2
7627268,2021,deep_water,random_draw,0,603945,4850895,0.062475,0.14591500244140626,1.455590410232544e-5,105.16283416748048,36.169158935546875,900,1769400,-0.918548583984375,0.25,0.8333333134651184,5
8888126,2021,deep_water,random_draw,0,603585,4850415,0.04186499938964844,0.04559800109863281,4.534714858531952e-6,37.46598434448242,1.1706057786941528,900,1769400,0.022552490234375,1,1,1
8888669,2021,deep_water,random_draw,0,603735,4850505,0.0518760009765625,0.05356099853515625,5.338090101480484e-6,40.43339157104492,0.36328184604644775,900,1769400,0.022552490234375,1,1,1
8888957,2021,deep_water,random_draw,0,603825,4850415,0.04920700073242187,0.05253400268554687,5.233766785860062e-6,40.60088348388672,0.3796868920326233,900,1769400,0.022552490234375,1,1,1
7603870,2021,dry,annotated,0,596955,4872495,0.0692719970703125,0.290777001953125,2.9039391651153563e-5,69.61968994140625,12.52402114868164,0,114300,-1.41943359375,0,0,5
7604040,2021,dry,annotated,0,597045,4872285,0.0801739990234375,0.24586201171875,2.4556229560375215e-5,100.24808502197266,28.861486434936523,0,114300,-0.490509033203125,0,0,5
1975733,2022,shallow_viz,annotated,1,541845,5135925,0.04702699890136719,0.13488699951171876,2.2445704984664917e-5,142.89100646972656,22.274045944213867,900,1800,0.00921630859375,0.1034482792019844,0.11764705926179886,5
1975602,2022,dry,annotated,0,541845,5135865,0.06913099975585937,0.3789260009765625,3.289812188148499e-5,186.75599670410156,1.384229302406311,0,1800,-0.13616943359375,0,0,5
1977079,2022,em_veg,annotated,0,542175,5135325,0.04699700012207031,0.11689599609375,2.676596536397934e-5,152.35304260253906,151.9482879638672,900,4500,0.0125732421875,0.07999999821186066,0,5
1977267,2022,dry,annotated,0,542205,5135355,0.05035799865722656,0.12236800537109375,2.7491915690898894e-5,162.46546936035156,51.703128814697266,900,4500,-0.15869140625,0.0714285746216774,0,5
1977497,2022,em_veg,annotated,0,542235,5135325,0.05004100036621094,0.11562099609375,2.6380205879211423e-5,156.80723571777344,139.92820739746094,900,4500,0.029083251953125,0.14814814925193787,0,5
1976957,2022,deep_water,random_draw,0,542115,5133795,0.08913200073242188,0.18675999755859377,2.37873332118988e-5,177.54026794433594,29.95038795471191,0,71100,-0.775238037109375,0,0,5
1977269,2022,deep_water,random_draw,0,542175,5134065,0.04541499938964843,0.0871489990234375,1.3440050561428073e-5,63.47792434692383,122.7627410888672,900,71100,0.00982666015625,1,0.4615384638309479,4
1977275,2022,deep_water,random_draw,0,542205,5133945,0.04237999877929687,0.05004100036621094,4.226175616979599e-6,1.8649144172668457,22.24309539794922,900,71100,0.06292724609375,1,1,1
1977542,2022,deep_water,random_draw,0,542235,5133795,0.03973299865722656,0.04899800109863281,3.960959762334824e-6,0,0,900,71100,0.06292724609375,1,0.9411764740943908,3
1977920,2022,deep_water,random_draw,0,542295,5133885,0.04106700134277344,0.0581239990234375,4.502648783922196e-6,0.28323227167129517,1.468786597251892,900,71100,0.06292724609375,1,0.9411764740943908,3
1978179,2022,deep_water,random_draw,0,542355,5134035,0.0879010009765625,0.1914469970703125,2.2764872357845307e-5,51.27985000610352,53.55332565307617,0,71100,-1.026947021484375,0,0,5
1978207,2022,deep_water,random_draw,0,542355,5133795,0.0736510009765625,0.288172998046875,2.62832577586174e-5,155.01145935058594,163.9932403564453,0,71100,-2.106536865234375,0,0,5
1976513,2022,shallow_viz,annotated,1,542055,5133495,0.0640260009765625,0.123875,2.257022136211395e-5,57.550045013427734,62.532981872558594,900,4500,-0.06597900390625,0.03125,0,5
1969350,2022,dry,annotated,0,540645,5133705,0.0805510009765625,0.2205449951171875,2.5378244454860688e-5,177.28482055664065,10.49881076812744,0,37800,-0.54559326171875,0,0,5
1969793,2022,dry,annotated,0,540735,5133735,0.0521780029296875,0.1266050048828125,2.9563583588600155e-5,184.3646240234375,0.7859139442443848,900,37800,-0.04058837890625,0.17241379618644714,0,5
1970119,2022,dry,annotated,0,540765,5133795,0.0767260009765625,0.1677280029296875,2.192276274442673e-5,175.95040893554688,21.126829147338867,0,37800,-0.343475341796875,0,0,5
1968713,2022,dry,annotated,0,540555,5133375,0.0523469970703125,0.08950800170898437,2.8824504622220993e-5,128.43043518066406,26.50132751464844,900,111600,0.009918212890625,0.13793103396892548,0,5
1970133,2022,dry,annotated,0,540765,5133465,0.05286400146484375,0.179072998046875,3.088313673019409e-5,185.1624755859375,1.9556219577789309,900,111600,-0.3035888671875,0.03703703731298447,0,5
1970324,2022,dry,annotated,0,540795,5133345,0.04645499877929687,0.10915400390625,2.9285451989173887e-5,179.27366638183594,6.685817241668701,900,111600,0.09918212890625,0.07407407462596893,0,5
1962273,2022,em_veg,random_draw,0,539475,5133375,0.0708510009765625,0.15849200439453126,2.2023528695106506e-5,184.18246459960935,13.305500030517578,900,1800,-0.03924560546869316,0.22580644488334656,0,5
1956879,2022,em_veg,random_draw,0,538605,5133705,0.05717000122070313,0.13613499755859376,2.6996859731674195e-5,156.70767211914065,39.865028381347656,900,74700,-0.173736572265625,0.27272728085517883,0,5
1957084,2022,em_veg,random_draw,0,538635,5133885,0.05311799926757812,0.1147239990234375,1.3588623626232146e-5,56.02849197387695,168.82720947265625,900,74700,0.18658447265625,0.7692307829856873,0.2142857164144516,5
1957132,2022,em_veg,random_draw,0,538665,5134035,0.051552001953125,0.124306005859375,2.3470002205371855e-5,148.36483764648438,119.6591567993164,900,74700,0.089996337890625,0.6399999856948853,0,4
1957696,2022,em_veg,random_draw,0,538725,5133705,0.0387,0.07609000244140625,1.4157288544178007e-5,15.261211395263672,69.67623138427734,0,74700,0.224334716796875,0.6000000238418579,0.0714285746216774,4
1957819,2022,em_veg,random_draw,0,538755,5133825,0.05578699951171875,0.136293994140625,2.822665961503982e-5,171.19024658203125,14.422718048095703,900,74700,-0.109466552734375,0.3333333432674408,0,5
1957894,2022,em_veg,random_draw,0,538755,5134005,0.0569489990234375,0.13666099853515626,2.7509492833614353e-5,162.31512451171875,41.771484375,900,74700,-0.335052490234375,0.4347825944423675,0,5
1958908,2022,em_veg,random_draw,0,538905,5133555,0.09773400268554688,0.2884320068359375,2.955659251928329e-5,169.62228393554688,34.00816345214844,0,15300,-1.1263427734375,0,0,5
1959290,2022,em_veg,random_draw,0,538995,5133435,0.06989500122070312,0.1922300048828125,2.964286749601364e-5,178.58518981933594,3.712780237197876,900,15300,0.09600830078125,0.0357142873108387,0,5
1959716,2022,em_veg,random_draw,0,539055,5133555,0.068777001953125,0.2077050048828125,2.8113410708904267e-5,155.02972412109375,20.18036460876465,0,15300,-0.308685302734375,0,0,5
1958127,2022,em_veg,random_draw,0,538815,5132925,0.06322999877929687,0.1514989990234375,2.1200386040210724e-5,178.5934600830078,8.011129379272461,900,7200,-0.05740356445318184,0.1071428582072258,0,5
1958604,2022,em_veg,random_draw,0,538875,5132835,0.04971400146484375,0.11264000244140623,1.7095970113277438e-5,159.42271423339844,81.16241455078125,900,7200,0.00650024414056815,0.03846153989434242,0,5
1958990,2022,em_veg,random_draw,0,538935,5132505,0.05784400024414062,0.1310260009765625,2.191604215621948e-5,171.90281677246094,10.757671356201172,900,81900,-0.153564453125,0.18518517911434176,0,5
1959335,2022,em_veg,random_draw,0,538995,5132685,0.05673099975585937,0.12723800048828124,2.1790461513996124e-5,176.38641357421875,23.691423416137695,900,81900,-0.0540771484375,0.2222222238779068,0,5
1959380,2022,em_veg,random_draw,0,538995,5132355,0.05201199951171875,0.11897900390625,1.82380983543396e-5,169.5551300048828,36.88943862915039,900,81900,0.05108642578125,0.17241379618644714,0,5
1959494,2022,em_veg,random_draw,0,539025,5132565,0.06128300170898437,0.13268599853515625,1.9140560500621796e-5,165.34814453125,62.4683837890625,900,81900,0.01544189453125,0.20000000298023224,0,5
1960115,2022,em_veg,random_draw,0,539115,5132715,0.065352001953125,0.14430799560546875,2.1887771129608155e-5,166.49388122558594,20.90237045288086,0,81900,-0.1475830078125,0.07407407462596893,0,5
1960166,2022,em_veg,random_draw,0,539115,5132415,0.07001300048828125,0.159352001953125,2.3863801374435427e-5,164.76736450195313,60.76559066772461,0,81900,-0.046844482421875,0.3703703582286834,0,5
1960396,2022,em_veg,random_draw,0,539145,5132565,0.05669199829101562,0.1225449951171875,1.86392525434494e-5,175.5858917236328,35.6119499206543,900,81900,0.0838623046875,0.1111111119389534,0,5
1961046,2022,em_veg,random_draw,0,539235,5132475,0.051725,0.09321300048828124,1.559713641524315e-5,157.8780517578125,38.95195388793945,900,81900,0.10919189453125,0.30000001192092896,0,5
1961468,2022,em_veg,random_draw,0,539325,5132535,0.06236500244140625,0.12426700439453126,1.6706774030923844e-5,157.63792419433594,20.788719177246097,0,81900,-0.0289306640625,0.12121212482452393,0,5
1961470,2022,em_veg,random_draw,0,539325,5132415,0.04745599975585937,0.069975,2.0457289694547655e-5,165.46640014648438,7.622360706329346,900,81900,0.117279052734375,0.22580644488334656,0,5
1957142,2022,em_veg,random_draw,0,538665,5131365,0.05847100219726562,0.13440899658203126,2.6283680737018583e-5,184.05923461914065,4.302247524261475,900,53100,0.1357421875,0.20000000298023224,0,5
1957351,2022,em_veg,random_draw,0,538695,5131575,0.08088699951171875,0.1808699951171875,2.8917230751514435e-5,182.54150390625,18.54196548461914,900,53100,-0.08453369140625,0.04347826167941093,0,5
1957537,2022,em_veg,random_draw,0,538695,5131275,0.05659400024414062,0.14080799560546875,2.9335140857696536e-5,182.12771606445313,5.592935562133789,900,53100,-0.048004150390625,0.03999999910593033,0,5
1957583,2022,em_veg,random_draw,0,538725,5131485,0.06031099853515625,0.1466199951171875,2.5900370070934295e-5,172.74679565429688,12.23782730102539,900,53100,-0.0968017578125,0.25,0,5
1957989,2022,em_veg,random_draw,0,538785,5131395,0.05146699829101563,0.12317900390625,2.5726037468910215e-5,167.95425415039065,72.97338104248047,900,53100,0.2000732421875,0.23999999463558197,0,5
1958262,2022,em_veg,random_draw,0,538815,5131305,0.04322900085449219,0.11181700439453124,3.33272474861145e-5,187.4349822998047,1.0300092697143557,900,53100,-0.05078125,0.03703703731298447,0,5
1958384,2022,em_veg,random_draw,0,538845,5131515,0.06796300048828124,0.16851300048828124,3.316711017370224e-5,185.82533264160156,0.8662183880805969,900,53100,-0.32965087890625,0.03999999910593033,0,5
1958674,2022,em_veg,random_draw,0,538875,5131395,0.05745700073242187,0.14959300537109374,2.718860491037369e-5,173.17982482910156,9.225541114807127,900,53100,-0.059295654296875,0.119999997317791,0,5
1961004,2022,shallow_viz,annotated,1,539235,5130195,0.06004000244140625,0.08990399780273438,2.6873326226472856e-5,150.4327850341797,13.661052703857422,900,6300,-0.001708984375,0.1764705926179886,0,5
1959754,2022,em_veg,random_draw,0,539055,5130045,0.07319500122070312,0.15168399658203124,2.101268617630005e-5,178.5561065673828,35.350074768066406,0,1800,-0.456298828125,0,0,5
1959272,2022,em_veg,annotated,0,538995,5129565,0.0380010009765625,0.10191400146484376,2.780161705255508e-5,177.97744750976565,10.69975471496582,900,36900,-0.02343750000005684,0.125,0,5
1959679,2022,dry,annotated,0,539055,5129535,0.05539400024414062,0.1680530029296875,3.2153147201538084e-5,180.54513549804688,6.1659040451049805,900,36900,-0.12112426757818184,0.07407407462596893,0,5
1959755,2022,em_veg,annotated,0,539055,5129595,0.054122998046875,0.131781005859375,2.2729257645606996e-5,166.52716064453125,16.978761672973633,900,36900,-0.15975952148443184,0.1599999964237213,0,5
1956740,2022,dry,annotated,0,538575,5127195,0.0595260009765625,0.09801500244140623,1.471175225496292e-5,51.079376220703125,92.48870086669922,900,107100,0.02447509765625,0.739130437374115,0,5
1957765,2022,dry,annotated,0,538785,5127225,0.07556099853515626,0.14836400146484374,2.281500909924507e-5,141.8966064453125,263.2143859863281,0,107100,-0.36578369140625,0.8571428656578064,0,4
1957948,2022,dry,annotated,0,538785,5126805,0.08575,0.18108399658203125,2.5002237665653222e-5,159.1024627685547,21.188051223754883,0,107100,-0.586334228515625,0,0,5
1959299,2022,em_veg,random_draw,0,538995,5125425,0.04900499877929688,0.109172998046875,2.776105563402176e-5,166.57322692871094,12.856524467468262,900,214200,-0.1910400390625,0.1428571492433548,0,5
1959814,2022,em_veg,random_draw,0,539055,5125155,0.03444800109863281,0.0548510009765625,1.9007076264619826e-5,123.7024383544922,57.97528839111328,900,214200,0.063629150390625,0.5769230723381042,0,5
1960145,2022,em_veg,random_draw,0,539115,5125245,0.06537899780273437,0.13954599609375,2.8619466452598577e-5,165.18540954589844,18.783052444458008,900,214200,-0.339202880859375,0.03703703731298447,0,5
1960266,2022,em_veg,random_draw,0,539115,5125395,0.02860299987792968,0.04941600036621094,1.5878485176563262e-5,91.1232452392578,87.0899887084961,900,214200,0.0220947265625,0.6296296119689941,0,5
1960586,2022,em_veg,random_draw,0,539175,5125545,0.03010400085449218,0.0583469970703125,9.611827082633972e-6,149.81161499023438,89.79969024658203,900,214200,0.0093994140625,0.4444444477558136,0,5
1960796,2022,em_veg,random_draw,0,539205,5125185,0.03750700073242187,0.04720599975585937,1.1556059620380402e-5,132.32821655273438,7.917086601257324,900,214200,0.165863037109375,0.4615384638309479,0,5
1960829,2022,em_veg,random_draw,0,539205,5125335,0.02599500122070312,0.04909700012207031,1.5940182474851608e-5,6.472916126251221,25.662179946899418,900,214200,0.047637939453125,0.7599999904632568,0,3
1961360,2022,em_veg,random_draw,0,539295,5125455,0.03891499938964844,0.08214000244140625,2.4205377798080444e-5,139.33721923828125,28.957984924316406,900,214200,-0.0057373046875,0.48148149251937866,0,5
1961447,2022,em_veg,random_draw,0,539325,5125575,0.062527001953125,0.14621600341796875,2.6874017663002016e-5,175.3267822265625,4.837173938751221,0,214200,-0.488983154296875,0,0,5
1961616,2022,em_veg,random_draw,0,539355,5125335,0.0302760009765625,0.0626989990234375,2.4867358906269075e-5,142.77621459960938,41.9942626953125,900,214200,0.06005859375,0.6399999856948853,0,4
1956281,2022,shallow_viz,annotated,1,538485,5125695,0.0558489990234375,0.09861099853515624,2.5417517322301862e-5,118.69024658203124,49.24711990356445,900,23400,-0.079925537109375,0.12121212482452393,0,5
1956355,2022,shallow_viz,annotated,1,538515,5125875,0.05565999755859375,0.07875700073242188,2.3388083457946775e-5,71.7090835571289,19.379718780517575,900,23400,0.09808349609375,0.20588235557079315,0,5
1952712,2022,dry,annotated,0,537945,5125785,0.070377001953125,0.13808699951171874,2.2099144904613495e-5,146.00466918945313,44.72869491577149,0,58500,-0.194610595703125,0,0,5
1954196,2022,dry,annotated,0,538095,5125725,0.08413400268554687,0.15551800537109375,2.848869811296463e-5,152.32034301757813,18.47056007385254,0,58500,-0.4306640625,0,0,5
1954963,2022,dry,annotated,0,538275,5125755,0.0913719970703125,0.1731719970703125,2.5657254045009613e-5,146.6912078857422,29.1439151763916,0,58500,-0.523162841796875,0,0,5
1954039,2022,em_veg,random_draw,0,538095,5125485,0.04425400085449219,0.09731799926757811,1.6986700074672698e-5,161.8419189453125,30.767934799194336,900,48600,0.046417236328125,0.1071428582072258,0,5
1954611,2022,em_veg,random_draw,0,538185,5125575,0.04675499877929687,0.09415499877929688,1.623514704465866e-5,166.2589874267578,78.224395751953125,900,48600,0.0701904296875,0.2222222238779068,0,5
1954755,2022,em_veg,random_draw,0,538215,5125335,0.05675599975585937,0.1213989990234375,2.2476287326812743e-5,154.5230712890625,13.912169456481934,0,48600,-0.022186279296875,0.1111111119389534,0,5
1955249,2022,em_veg,random_draw,0,538275,5125575,0.05943599853515625,0.12546099853515624,1.8321124033927917e-5,173.23281860351565,40.021854400634766,900,48600,0.074005126953125,0.11538461595773696,0,5
1955549,2022,em_veg,random_draw,0,538335,5125365,0.07576199951171875,0.172725,2.1919196906089783e-5,179.6282196044922,1.7581045627593994,0,48600,-0.38702392578125,0,0,5
1948074,2022,dry,annotated,0,537345,5125485,0.05579099731445312,0.127393994140625,2.377312085390091e-5,151.19058227539065,35.4193000793457,0,89100,-0.24261474609375,0,0,5
1948845,2022,em_veg,annotated,0,537435,5125365,0.0505010009765625,0.108872998046875,2.6225860216617587e-5,169.44773864746094,14.797967910766602,900,89100,-0.065185546875,0.11764705926179886,0,5
1949508,2022,em_veg,annotated,0,537525,5125515,0.05169199829101562,0.1181550048828125,2.8400703763961792e-5,179.6243896484375,2.84957218170166,900,89100,0.097930908203125,0.10000000149011612,0,5
1942339,2022,dry,annotated,0,536445,5125035,0.06451599731445312,0.1353030029296875,2.597475233793259e-5,177.34161376953125,10.875005722045898,900,63900,-0.052215576171875,0.17241379618644714,0,5
1942648,2022,dry,annotated,0,536505,5125245,0.07503900146484375,0.13791199951171876,1.8214384692907333e-5,62.94627380371094,5.94575309753418,900,63900,-0.233428955078125,0,0,5
1944058,2022,em_veg,random_draw,0,536715,5125005,0.03851600036621094,0.07232100219726563,2.675324028730393e-5,165.11888122558594,20.01648712158203,0,45900,0.074981689453125,0.27586206793785095,0,5
1944142,2022,em_veg,random_draw,0,536745,5125095,0.04607200012207031,0.0721239990234375,2.5314644596576692e-5,153.00674438476565,5.572990894317627,900,45900,0.0738525390625,0.24242424964904785,0,5
1944397,2022,em_veg,random_draw,0,536775,5124795,0.03453800048828125,0.06734299926757813,2.387689702630043e-5,161.14479064941406,21.197961807250977,900,45900,0.06121826171875,0.40625,0,5
1944970,2022,em_veg,random_draw,0,536865,5124855,0.06787100219726562,0.14083399658203125,2.170012810230255e-5,134.68209838867188,57.28252410888672,0,45900,-0.5091552734375,0,0,5
1945007,2022,em_veg,random_draw,0,536865,5125005,0.03307300109863281,0.07010700073242188,2.4267294404506683e-5,174.62344360351565,9.107525825500488,900,45900,0.105499267578125,0.1875,0,5
1945010,2022,em_veg,random_draw,0,536865,5124645,0.082047998046875,0.1508219970703125,2.521947747826576e-5,127.75574493408205,40.69422912597656,0,45900,-0.37322998046875,0,0,5
1945250,2022,shallow_viz,annotated,1,536895,5123235,0.0740739990234375,0.07541799926757813,2.4718912208080292e-5,174.53204345703125,2.4984865188598633,900,720000,0.22552490234375,0.2571428716182709,0.0625,5
1945389,2022,shallow_viz,annotated,1,536925,5123355,0.07342100219726562,0.07518499755859374,2.51077656018734e-5,159.58120727539065,6.04393196105957,900,720000,0.1480712890625,0.2571428716182709,0,5
1945014,2022,dry,annotated,0,536865,5123685,0.08023099975585937,0.158522998046875,1.9305631728172305e-5,117.52009582519533,74.26750946044922,0,720000,-0.374114990234375,0,0,5
1946264,2022,dry,annotated,0,537075,5122965,0.06229400024414062,0.09950800170898436,2.7675809128284456e-5,94.52214050292967,44.046104431152344,900,720000,-0.034759521484375,0.09090909361839294,0,5
1946777,2022,dry,annotated,0,537165,5123055,0.07536699829101562,0.13204100341796876,2.6803001861572268e-5,114.8259048461914,46.791259765625,900,720000,0.006561279296875,0.09090909361839294,0,5
1942137,2022,shallow_viz,annotated,1,536445,5123565,0.06473099975585937,0.08752100219726562,1.553190490722656e-5,162.97579956054688,9.486682891845703,900,1800,0.044769287109375,0.15625,0,5
1942224,2022,dry,annotated,0,536475,5123595,0.0674989990234375,0.1345449951171875,2.0518631423711778e-5,146.90512084960938,32.62086868286133,0,1800,-0.124237060546875,0,0,5
1942495,2022,dry,annotated,0,536475,5123415,0.08356400146484375,0.16808399658203124,1.670600154399872e-5,161.207763671875,72.17927551269531,0,2700,-0.380950927734375,0.02777777798473835,0,5
1942936,2022,terrain,annotated,0,536535,5123415,0.06859099731445313,0.09973699951171874,1.6491844818592072e-5,167.6322784423828,15.838876724243164,900,2700,0.202667236328125,0.1428571492433548,0,5
1944580,2022,shallow_viz,annotated,1,536805,5123085,0.06120700073242188,0.0791739990234375,2.5472040984630585e-5,46.62923431396485,10.583675384521484,900,5400,0.147125244140625,0.1764705926179886,0.13333334028720856,5
1943356,2022,dry,annotated,0,536625,5122485,0.06618499755859375,0.13265,2.0782187098264696e-5,56.49640274047851,8.82451343536377,900,12600,-0.086578369140625,0.02941176481544971,0,5
1943467,2022,dry,annotated,0,536625,5122455,0.07300999755859375,0.14232900390625,2.2013017578125e-5,64.52333068847656,3.955881118774414,900,12600,-0.120086669921875,0.02941176481544971,0,5
1943716,2022,dry,annotated,0,536685,5122515,0.086147998046875,0.1955800048828125,2.494981205701828e-5,151.09600830078125,41.94093704223633,0,12600,-0.549774169921875,0,0,5
1942526,2022,dry,annotated,0,536505,5121375,0.06403200073242188,0.11749200439453124,1.442345304608345e-5,57.2555046081543,2.8881592750549316,0,110700,-0.24481201171875,0,0,5
1943194,2022,dry,annotated,0,536595,5121165,0.05265700073242187,0.119625,1.6234029009342194e-5,75.65914154052734,4.787194728851318,900,110700,-0.18438720703125,0.07407407462596893,0,5
1943328,2022,dry,annotated,0,536625,5121255,0.06594299926757813,0.198381005859375,1.7831365909576414e-5,103.57264709472656,15.390724182128906,0,110700,-0.403717041015625,0,0,5
1943693,2022,shallow_viz,annotated,1,536685,5119965,0.0711030029296875,0.13821500244140625,2.467538136959076e-5,175.9780731201172,5.852766036987305,900,5400,-0.07855224609375,0.13793103396892548,0,5
1943501,2022,dry,annotated,0,536655,5120025,0.052675,0.11471300048828124,2.449326554298401e-5,139.99298095703125,18.222692489624023,900,5400,0.10980224609375,0.06666667014360428,0.0714285746216774,5
4966744,2022,dry,annotated,0,536805,5118645,0.068472998046875,0.1123739990234375,1.9703570524454117e-5,67.44852447509766,36.835235595703125,900,19800,0.03741455078125,0.08571428805589676,0,5
4967096,2022,dry,annotated,0,536865,5118615,0.076,0.1441489990234375,1.690571526646614e-5,44.47324752807617,5.9380269050598145,900,19800,-0.260467529296875,0,0,5
4964518,2022,em_veg,random_draw,0,536475,5117325,0.058847998046875,0.13415400390625,1.839194814682007e-5,114.2519073486328,142.5341339111328,900,58500,-0.09832763671875,0.6551724076271057,0.2857142984867096,4
4964783,2022,em_veg,random_draw,0,536505,5117175,0.03259500122070313,0.0679219970703125,1.0033556292057038e-5,62.43684005737305,517.7010498046875,900,58500,0.063232421875,1,0.9166666865348816,3
4965058,2022,em_veg,random_draw,0,536535,5117625,0.02849299926757812,0.05242100219726562,7.178773906230927e-6,15.729111671447754,192.79718017578125,0,58500,0.063232421875,0.7599999904632568,0.3571428656578064,5
4965216,2022,em_veg,random_draw,0,536565,5117415,0.02842999877929687,0.0544760009765625,7.811309949159622e-6,18.734453201293945,199.1986846923828,900,58500,0.063232421875,0.9230769276618958,0.6000000238418579,3
4965362,2022,em_veg,random_draw,0,536565,5117505,0.03081600036621093,0.05133699951171875,5.759544548988342e-6,0,0,900,58500,0.063232421875,0.9166666865348816,0.5333333611488342,3
4965844,2022,em_veg,random_draw,0,536655,5117445,0.061725,0.14320999755859376,2.2475249781608585e-5,173.45326232910156,33.52035140991211,900,58500,-0.28985595703125,0.3333333432674408,0.2142857164144516,5
4965913,2022,em_veg,random_draw,0,536655,5117355,0.04111799926757812,0.0856030029296875,1.3789619586467743e-5,68.88201904296875,307.714111328125,900,58500,-0.007232666015625,0.5909090638160706,0.3571428656578064,5
4966301,2022,terrain,annotated,0,536715,5117385,0.0531969970703125,0.108981005859375,1.9035156662464143e-5,136.02053833007813,130.2678680419922,900,37800,0.07415771484380684,0.3199999928474426,0,5
4966356,2022,terrain,annotated,0,536715,5117685,0.0486239990234375,0.10646700439453124,1.8802245247364043e-5,158.92169189453125,116.55158233642578,900,37800,0.08038330078130684,0.3461538553237915,0,5
4966418,2022,dry,annotated,0,536745,5117565,0.08129500122070313,0.14673199462890624,1.9237511429786683e-5,8.38772964477539,8.0713653564453125,900,37800,-0.25878906249994316,0,0,5
4966561,2022,dry,annotated,0,536775,5117535,0.06081900024414062,0.125152001953125,1.658045955181122e-5,19.481046676635746,23.807750701904297,900,37800,-0.13085937499994316,0.03846153989434242,0,5
4966627,2022,dry,annotated,0,536775,5117685,0.07982899780273438,0.15249300537109375,1.5444189563989638e-5,83.359039306640625,56.517791748046875,900,37800,-0.04904174804681816,0,0,5
4966726,2022,dry,annotated,0,536805,5116935,0.05167899780273437,0.19771099853515625,1.9613905696868896e-5,101.80316162109376,74.74105072021484,900,11700,-0.1751708984375,0.28125,0,5
4966747,2022,em_veg,annotated,0,536805,5116785,0.04403399963378906,0.13211600341796875,2.6073178968429566e-5,176.2041473388672,5.317094326019287,900,11700,-0.045440673828125,0.06060606241226196,0,5
4966849,2022,em_veg,annotated,0,536835,5116935,0.03053800048828125,0.07968599853515625,9.168634252548218e-6,9.963525772094728,45.146026611328125,900,11700,0.258758544921875,0.625,0.0714285746216774,5
4967063,2022,em_veg,annotated,0,536865,5116875,0.06810700073242187,0.15590799560546875,2.3799506633281707e-5,164.64234924316406,35.036903381347656,900,11700,-0.17352294921875,0.29032257199287415,0,5
4967153,2022,dry,annotated,0,536895,5116905,0.07073900146484376,0.1710719970703125,2.629461446285248e-5,177.38426208496094,22.27105712890625,0,11700,-0.09613037109375,0.17241379618644714,0,5
4967459,2022,glint,annotated,0,536955,5115525,0.186681005859375,0.2537679931640625,2.325222092747688e-5,90.21680450439452,7.374608039855957,900,123300,0.06298828125,0.12903225421905518,0,5
4967766,2022,glint,annotated,0,537015,5115555,0.09514099731445312,0.16714300537109375,2.4042106561660765e-5,90.79090881347656,14.107077598571776,900,123300,-0.199249267578125,0.09677419066429138,0,5
4968083,2022,dry,annotated,0,537075,5115405,0.073047998046875,0.0918280029296875,2.4552014770507813e-5,70.604095458984375,5.6695332527160645,900,123300,0.02191162109375,0.15625,0,5
4968646,2022,glint,annotated,0,537165,5115345,0.07269199829101562,0.10880799560546876,2.425754841566086e-5,65.20304870605469,8.836572647094727,900,123300,-0.18896484375,0.10000000149011612,0,5
4968604,2022,em_veg,random_draw,0,537165,5114835,0.08124199829101562,0.158677001953125,2.372252609848976e-5,115.89221954345705,59.265140533447266,0,2700,-0.1158447265625,0,0,5
4964360,2022,deep_water,random_draw,0,536445,5111925,0.04373399963378906,0.05986400146484375,1.235233946800232e-5,60.220008850097656,36.143611907958984,900,89100,0.190399169921875,0.8928571343421936,0.3333333432674408,4
4964390,2022,deep_water,random_draw,0,536445,5112345,0.05214299926757812,0.16136199951171876,3.292723809719086e-5,177.01473999023438,5.309597969055176,900,89100,-0.21905517578125,0.26923078298568726,0,5
4965068,2022,deep_water,random_draw,0,536535,5112225,0.05318300170898437,0.11391099853515624,3.0606971859931945e-5,49.29532241821289,53.78648376464844,900,89100,0.028533935546875,0.6296296119689941,0,5
4965072,2022,deep_water,random_draw,0,536535,5111925,0.03649200134277344,0.04263200073242187,5.756514216661454e-6,0,0,900,89100,0.19610595703125,0.92592591047287,1,3
4965504,2022,deep_water,random_draw,0,536595,5112045,0.03327799987792969,0.0619989990234375,9.50540647983551e-6,32.723873138427734,161.04501342773438,900,89100,0.19610595703125,0.9629629850387572,1,3
4965643,2022,deep_water,random_draw,0,536625,5111715,0.052052001953125,0.07852100219726563,9.403124767541884e-6,57.99900436401367,80.5114974975586,900,89100,-0.551300048828125,1,1,3
4965687,2022,deep_water,random_draw,0,536625,5112135,0.08264299926757812,0.25565,2.5721423025131224e-5,179.05181884765625,4.468043804168701,0,89100,-1.25213623046875,0,0,5
4965733,2022,deep_water,random_draw,0,536625,5111865,0.03934500122070313,0.05562999877929688,4.710058052539826e-6,0,0,900,89100,0.19610595703125,0.9642857313156128,1,3
4966087,2022,deep_water,random_draw,0,536685,5111595,0.06421500244140625,0.10258499755859377,1.1293443912267685e-5,69.625152587890625,112.26427459716795,0,89100,-0.497314453125,0.9655172228813172,1,4
4966136,2022,deep_water,random_draw,0,536685,5111745,0.07348099975585938,0.158427001953125,1.6392532312870027e-5,138.51710510253906,82.86567687988281,0,13500,-0.383636474609375,0.6399999856948853,0.3076923191547394,4
4966140,2022,deep_water,random_draw,0,536685,5111565,0.0674,0.11675,1.452038289785385e-5,105.52932739257813,142.21510314941406,0,13500,-0.302642822265625,0.7931034564971924,0.0714285746216774,4
4966653,2022,deep_water,random_draw,0,536805,5111715,0.07901099853515625,0.1678050048828125,1.9256639750003813e-5,142.74163818359375,104.91305541992188,0,13500,-0.353515625,0.5833333134651184,0.7142857313156128,4
4965191,2022,dry,annotated,0,536535,5110485,0.07477100219726562,0.169377001953125,1.7877844791412353e-5,130.89349365234375,48.76795959472656,0,2700,-0.2637939453125,0,0,5
4965853,2022,dry,annotated,0,536655,5110515,0.07374099731445312,0.192293994140625,2.851865759372711e-5,185.1685028076172,1.212854027748108,0,2700,-0.13616943359375,0.0357142873108387,0,5
4968622,2022,shallow_viz,annotated,1,537165,5110065,0.057772998046875,0.11823499755859376,1.8718938307762146e-5,182.5236358642578,3.214158058166504,900,7200,-0.040069580078125,0.03333333507180214,0,5
4968588,2022,dry,annotated,0,537135,5110095,0.06633400268554687,0.13495799560546876,1.836359325647354e-5,176.9016571044922,5.155803680419922,900,7200,-0.12060546875,0.06666667014360428,0,5
4963630,2022,deep_water,random_draw,0,536295,5108835,0.04411499938964844,0.102322998046875,2.0471141119003298e-5,137.1953582763672,199.55923461914065,900,57600,0.34625244140619316,0.6551724076271057,0,4
4963749,2022,deep_water,random_draw,0,536325,5108715,0.08053300170898438,0.27822900390625,2.9572839159965515e-5,180.9932861328125,10.962005615234377,0,57600,-1.7520141601563068,0,0,5
4964212,2022,deep_water,random_draw,0,536415,5108775,0.04086799926757813,0.053372998046875,5.150929582118989e-6,55.563472747802734,258.0902404785156,900,57600,0.4141845703124432,0.9615384340286256,1,3
4964281,2022,deep_water,random_draw,0,536415,5108955,0.0892010009765625,0.3006969970703125,2.994143277168274e-5,183.61004638671875,0.855995774269104,0,57600,-0.4143676757813069,0,0,5
4965224,2022,deep_water,random_draw,0,536565,5108925,0.058147998046875,0.19094300537109377,1.7960029289722443e-5,69.95018005371094,104.1714324951172,900,57600,0.01620483398431815,1,0.07692307978868484,4
4965252,2022,deep_water,random_draw,0,536565,5108835,0.05241799926757812,0.123775,1.6107214927673342e-5,100.54247283935548,156.354736328125,900,57600,0.18051147460931816,0.800000011920929,0.07692307978868484,4
4965858,2022,deep_water,random_draw,0,536655,5109015,0.0987530029296875,0.3069159912109375,2.9310841772556308e-5,169.9281463623047,7.235366344451904,0,57600,-3.391448974609432,0,0,5
4967486,2022,dry,annotated,0,536925,5108685,0.066175,0.15996800537109376,2.3071347563266755e-5,149.56771850585938,117.04932403564452,0,20700,-0.23248291015625,0.800000011920929,0,4
4967487,2022,em_veg,annotated,0,536925,5108655,0.0487489990234375,0.1134719970703125,1.7937476367950438e-5,120.18035888671876,257.31317138671875,900,20700,-0.13848876953125,0.774193525314331,0,4
4967651,2022,terrain,annotated,0,536985,5108745,0.0347760009765625,0.05718099975585938,7.082745628356933e-6,75.41200256347656,52.11530685424805,900,20700,0.062408447265625,0.8709677457809448,0.5,3
4968492,2022,terrain,annotated,0,537135,5108805,0.09954500122070312,0.235568994140625,2.1082043497562407e-5,153.2130584716797,27.09659194946289,0,20700,-0.691314697265625,0,0.0714285746216774,5
4964947,2022,dry,annotated,0,536505,5106915,0.07606699829101563,0.1684,2.179749748468399e-5,179.77589416503906,2.209089756011963,0,61200,-0.559112548828125,0,0,5
4966026,2022,deep_water,random_draw,0,536685,5106135,0.06033400268554687,0.155097998046875,2.8624987974166872e-5,177.0157470703125,20.098892211914063,900,9900,-0.226776123046875,0.1428571492433548,0,5
4966484,2022,deep_water,random_draw,0,536775,5105985,0.07469600219726563,0.18040699462890625,2.5436326906681065e-5,184.1648406982422,1.065443992614746,0,9900,-0.383453369140625,0,0,5
4964172,2022,dry,annotated,0,536385,5104725,0.08721400146484375,0.177797998046875,1.6715544579029083e-5,55.52518081665039,5.852899074554443,0,49500,-0.47409057617181816,0,0.1111111119389534,5
4964313,2022,glint,annotated,0,536415,5104905,0.07978099975585938,0.13394300537109374,2.1256967370510104e-5,99.47705078125,40.35652923583984,900,49500,-0.06979370117181816,0.25,0,5
4964647,2022,dry,annotated,0,536475,5104905,0.1065780029296875,0.2171340087890625,1.7935134754180908e-5,92.0434112548828,45.9207878112793,0,49500,-0.6363220214843182,0,0,5
4964693,2022,dry,annotated,0,536475,5104785,0.08665499877929687,0.167268994140625,1.724042615175247e-5,78.49360656738281,28.370994567871097,900,49500,-0.25817871093744316,0.06896551698446274,0.1666666716337204,5
4964073,2022,shallow_viz,annotated,1,536385,5104815,0.0674239990234375,0.069,1.535076043725014e-5,42.18780899047851,28.149585723876953,900,49500,0.23416137695318184,0.6399999856948853,0.05882352963089943,5
4964171,2022,shallow_viz,annotated,1,536415,5104875,0.0569760009765625,0.06836500244140625,1.5947202491760255e-5,57.35331726074219,45.36097717285156,900,49500,0.25595092773443184,0.5769230723381042,0.05882352963089943,5
4966904,2022,dry,annotated,0,536835,5104545,0.07293099975585937,0.2098909912109375,3.0109450685977933e-5,166.58197021484375,7.015031337738037,900,100800,-0.286346435546875,0,0,5
4967014,2022,em_veg,annotated,0,536865,5104515,0.0574239990234375,0.144356005859375,2.864925040483475e-5,180.4253692626953,2.583085298538208,900,100800,-0.04144287109375,0.13333334028720856,0,5
4967120,2022,em_veg,annotated,0,536865,5104635,0.06281799926757813,0.15309000244140625,2.858796775817871e-5,183.4435577392578,1.453808307647705,900,100800,-0.0762939453125,0.03448275849223137,0,5
4967186,2022,deep_viz,annotated,0,536895,5104455,0.05833099975585937,0.1441739990234375,2.7554843561649323e-5,175.81167602539065,35.77365493774414,900,100800,0.00103759765625,0.22580644488334656,0,5
4967187,2022,dry,annotated,0,536895,5104395,0.05376599731445312,0.13139599609375,2.862240969657898e-5,179.10169982910156,4.467544078826904,900,100800,0.01275634765625,0.22580644488334656,0,5
4967357,2022,deep_viz,annotated,0,536925,5104695,0.04067000122070313,0.09831099853515624,2.5319508152008057e-5,84.60819244384766,189.28546142578125,900,100800,0.40625,0.6206896305084229,0,4
4967374,2022,dry,annotated,0,536925,5104275,0.05906799926757812,0.19443299560546876,2.8382658581733704e-5,160.94387817382813,6.415086269378662,900,100800,-0.19488525390625,0,0,5
4967806,2022,em_veg,annotated,0,537015,5104785,0.04586600036621094,0.11543199462890626,2.6870913407802585e-5,182.1363067626953,3.4239838123321533,900,100800,-0.04364013671875,0.3870967626571655,0,5
4968185,2022,glint,annotated,0,537045,5104755,0.0847989990234375,0.15043599853515624,2.8708777853250507e-5,49.54481506347656,18.15541648864746,900,100800,-0.049774169921875,0,0,5
4966126,2022,dry,annotated,0,536715,5102625,0.06767999877929687,0.185106005859375,2.7363284969329833e-5,137.98135375976565,35.10821533203125,900,10800,-0.109893798828125,0.03225806355476379,0,5
4964695,2022,deep_water,random_draw,0,536505,5101125,0.0898760009765625,0.17809599609375,2.8691649249792106e-5,171.72019958496094,21.133106231689453,0,20700,-0.73504638671875,0,0,5
4965522,2022,deep_water,random_draw,0,536595,5101215,0.03324200134277343,0.06851400146484375,2.692910148859024e-5,164.5081787109375,101.24195098876952,900,20700,0.29730224609375,0.25806450843811035,0,5
4965626,2022,deep_water,random_draw,0,536595,5101125,0.03792200012207031,0.09078699951171874,2.5793859140872955e-5,176.95069885253906,16.539897918701172,900,20700,0.13946533203125,0.24137930572032928,0,5
4965992,2022,deep_water,random_draw,0,536655,5100675,0.0672780029296875,0.14834100341796874,2.1821938452720644e-5,153.92820739746094,245.8765106201172,0,46800,-0.001220703125,0.5666666626930237,0,4
4965994,2022,deep_water,random_draw,0,536655,5100525,0.07404199829101563,0.164781005859375,2.4307003545761107e-5,155.7585906982422,218.2095489501953,0,46800,-0.014068603515625,0.5161290168762207,0,5
4966031,2022,deep_water,random_draw,0,536685,5100405,0.0633510009765625,0.14388199462890625,2.4564481017589567e-5,147.47117614746094,51.724021911621094,900,46800,-0.15423583984375,0.3103448152542114,0,5
4966093,2022,deep_water,random_draw,0,536685,5100825,0.04863299865722656,0.13081600341796876,2.181189531803131e-5,61.15349960327149,249.30844116210935,900,46800,0.14288330078125,0.7241379022598267,0,3
4966622,2022,deep_water,random_draw,0,536775,5100585,0.14946400146484376,0.264843994140625,2.0370430455207824e-5,137.7588348388672,34.222904205322266,0,46800,-0.746337890625,0,0,5
4966711,2022,deep_water,random_draw,0,536805,5100705,0.04104700012207031,0.08828800048828125,2.2451020891666417e-5,63.02935028076172,147.9158172607422,900,46800,0.109710693359375,0.6333333253860474,0,5
4967304,2022,deep_water,random_draw,0,536925,5100315,0.04796199951171875,0.10961500244140623,2.720641008138657e-5,157.5561065673828,16.057435989379883,0,47700,-0.07257080078125,0.3235294222831726,0,5
4967474,2022,deep_water,random_draw,0,536955,5100165,0.03503999938964844,0.049225,6.332818440198898e-6,69.20458221435547,2.0085031986236572,900,47700,0.14569091796875,1,1,3
4967856,2022,deep_water,random_draw,0,537015,5100285,0.04803999938964844,0.11271500244140624,1.857256892204285e-5,123.26793670654295,126.02152252197266,900,47700,-0.0609130859375,0.774193525314331,0.0625,4
4967919,2022,deep_water,random_draw,0,537015,5100405,0.05296400146484375,0.11515400390625,2.606728314399719e-5,140.13783264160156,60.75721740722656,900,47700,-0.0555419921875,0.53125,0.0625,5
4968024,2022,deep_water,random_draw,0,537045,5100165,0.0365239990234375,0.05342100219726562,5.223776866197586e-6,22.171894073486328,6.407682418823242,900,47700,0.14569091796875,1,1,2
4968518,2022,deep_water,random_draw,0,537135,5100435,0.06629600219726563,0.136147998046875,2.0034633498191833e-5,103.58370971679688,32.16304016113281,0,47700,-0.143218994140625,0,0,5
4969837,2022,dry,annotated,0,537345,5100225,0.0679219970703125,0.12759000244140625,2.03158279812336e-5,118.68659973144533,30.071958541870117,900,10800,-0.172271728515625,0,0,5
4975103,2022,em_veg,annotated,0,538185,5099955,0.0706969970703125,0.12036800537109375,1.969547745466232e-5,164.4575958251953,15.22264003753662,0,10800,-0.047943115234375,0.11428571492433548,0.07692307978868484,5
4975333,2022,dry,annotated,0,538185,5100015,0.05207899780273437,0.10776700439453124,2.2549189200401308e-5,169.23623657226565,9.067741394042969,900,10800,-0.22039794921875,0.03225806355476379,0,5
4976555,2022,dry,annotated,0,538365,5099865,0.0577239990234375,0.09019199829101562,2.15246329164505e-5,89.67909240722656,9.314586639404297,900,13500,-0.011016845703125,0.1666666716337204,0,5
4979325,2022,co_precise,annotated,1,538815,5100015,0.08291799926757812,0.14014200439453126,1.8806082611083985e-5,141.0858917236328,28.35424041748047,900,4500,-0.10031127929681816,0,0,5
4979112,2022,dry,annotated,0,538785,5100045,0.0797780029296875,0.11314200439453125,2.0736425294876094e-5,154.96221923828125,16.014131546020508,900,4500,0.22515869140630684,0.3125,0,5
4979539,2022,dry,annotated,0,538845,5100015,0.10748399658203124,0.2206320068359375,1.9763265209197997e-5,185.0574188232422,5.990230083465576,0,4500,-0.5545959472655682,0,0,5
4984626,2022,dry,annotated,0,539655,5099565,0.0741239990234375,0.2340030029296875,3.099553029060364e-5,184.6509552001953,1.3390562534332275,900,225900,-0.46826171875,0.03225806355476379,0,5
4986283,2022,deep_water,random_draw,0,539955,5100375,0.0677469970703125,0.1631,2.610813386917114e-5,172.28231811523438,11.118022918701172,0,18000,-0.236907958984375,0.1071428582072258,0,5
4986741,2022,deep_water,random_draw,0,540045,5100285,0.03556000061035156,0.07297100219726563,1.0984104380607604e-5,33.13069534301758,91.86865997314452,900,18000,2.44140625e-4,0.92592591047287,0.692307710647583,3
4986978,2022,deep_water,random_draw,0,540075,5100375,0.04231799926757813,0.08566300048828125,1.504946882724762e-5,71.24214172363281,187.80886840820313,900,18000,-0.029632568359375,0.8518518805503845,0.4615384638309479,4
4987428,2022,deep_water,random_draw,0,540135,5100285,0.07121099853515625,0.150131005859375,2.003286038160324e-5,107.50736236572266,100.20196533203124,0,18000,-0.198944091796875,0.6666666865348816,0.2142857164144516,4
4986499,2022,shallow_viz,annotated,1,540015,5099775,0.05235,0.0605280029296875,2.744171754002571e-5,180.0220947265625,4.190135955810547,900,10800,0.302642822265625,0.3333333432674408,0.06666667014360428,5
4986898,2022,shallow_viz,annotated,1,540075,5099775,0.054025,0.09284600219726565,2.800865579485893e-5,159.01414489746094,23.860746383666992,900,10800,-0.001190185546875,0.14705882966518402,0,5
4987311,2022,dry,annotated,0,540105,5099745,0.0721489990234375,0.13990699462890624,2.27262113237381e-5,90.0346908569336,14.224427223205566,900,10800,-0.232666015625,0.03125,0,5
4988958,2022,dry,annotated,0,540345,5100195,0.06175499877929687,0.14676700439453125,1.616864662885666e-5,123.42633056640624,89.5481948852539,900,31500,-0.21258544921875,0.5666666626930237,0.3571428656578064,4
4990034,2022,dry,annotated,0,540495,5100255,0.06894500122070313,0.11191400146484376,1.1161806477308274e-5,92.20836639404295,65.43575286865234,900,31500,-0.11846923828125,0.7666666507720947,0.5714285969734192,4
4995008,2022,dry,annotated,0,541095,5099175,0.0601489990234375,0.144056005859375,2.5482939891815182e-5,131.4387664794922,35.1587028503418,900,82800,-0.24114990234375,0.14705882966518402,0,5
4995289,2022,dry,annotated,0,541155,5099265,0.0746969970703125,0.19698399658203125,1.651236205101013e-5,147.9169921875,52.88884353637695,0,82800,-0.314544677734375,0.06451612710952759,0,5
4995579,2022,dry,annotated,0,541185,5099385,0.07811799926757812,0.16066300048828125,1.3244246759414674e-5,138.2813720703125,42.4554443359375,900,82800,-0.1173095703125,0.02941176481544971,0,5
4997256,2022,shallow_viz,annotated,1,541365,5098635,0.07764500122070313,0.1267739990234375,2.5895311341285705e-5,167.99684143066406,48.033897399902344,900,8100,-0.107177734375,0,0,5
4997759,2022,shallow_viz,annotated,1,541425,5098575,0.0782760009765625,0.11948299560546875,2.6613224972486492e-5,168.39183044433594,5.148965358734131,900,8100,0.063446044921875,0.29032257199287415,0,5
5000739,2022,shallow_viz,annotated,1,541815,5098485,0.03989299926757812,0.0949510009765625,2.943704224586487e-5,166.34579467773438,14.043487548828123,900,136800,-0.003143310546875,0.09677419066429138,0,5
5002032,2022,shallow_viz,annotated,1,541965,5098515,0.03467200012207031,0.09183900146484376,2.5981279141902925e-5,167.59718322753906,10.502507209777832,900,136800,-0.052459716796875,0.1428571492433548,0,5
5001515,2022,dry,annotated,0,541935,5098665,0.04676799926757812,0.12684200439453125,2.4346819443702696e-5,172.3625030517578,9.720409393310549,900,136800,-0.127593994140625,0.0625,0,5
5001516,2022,dry,annotated,0,541905,5098545,0.0364739990234375,0.11143900146484376,2.5082038443088537e-5,171.45387268066406,13.756800651550291,900,136800,-0.04150390625,0.0625,0,5
5002101,2022,dry,annotated,0,541995,5098455,0.07952100219726563,0.198243994140625,2.436443648576737e-5,164.31834411621094,26.574811935424805,0,136800,-0.464141845703125,0.03225806355476379,0,5
4998972,2022,shallow_viz,annotated,1,541605,5096955,0.04322099914550781,0.1402050048828125,3.001305081129074e-5,184.45550537109375,0.853832483291626,900,7200,0.161376953125,0.03030303120613098,0,5
4998792,2022,dry,annotated,0,541575,5096985,0.05292000122070312,0.2159489990234375,3.083909687519074e-5,182.8370056152344,0.5942646265029907,900,7200,-0.099212646484375,0,0,5
4998928,2022,dry,annotated,0,541605,5096925,0.05690700073242187,0.2597949951171875,3.006166973590851e-5,185.7945098876953,0.7106572985649109,900,7200,-0.120819091796875,0,0,5
4995354,2022,dry,annotated,0,541155,5097105,0.04811400146484375,0.15663499755859375,2.4584562039375303e-5,172.4716033935547,12.693733215332031,900,56700,-0.133880615234375,0.1034482792019844,0,5
4995560,2022,dry,annotated,0,541185,5096835,0.080175,0.18069599609375,2.2534730143547055e-5,172.03245544433594,21.639230728149418,0,56700,-0.292083740234375,0,0,5
4995636,2022,terrain,annotated,0,541215,5096865,0.02808299865722656,0.06095700073242188,1.3270432691574095e-5,133.87644958496094,168.48570251464844,900,56700,0.065643310546875,0.25925925374031067,0.0833333358168602,5
4996290,2022,deep_viz,annotated,0,541275,5096925,0.03484400024414062,0.09058499755859376,1.9252021594047545e-5,168.05233764648438,41.1473388671875,900,56700,0.065643310546875,0.14814814925193787,0,5
4996300,2022,dry,annotated,0,541275,5097045,0.06483900146484375,0.2128320068359375,2.6791632494926457e-5,177.2353515625,3.810218811035156,900,56700,-0.299407958984375,0.0357142873108387,0,5
4996433,2022,terrain,annotated,0,541305,5096865,0.03136400146484375,0.065572998046875,1.528709457397461e-5,166.15753173828125,15.48214626312256,900,56700,0.065643310546875,0.2222222238779068,0,5
4997328,2022,deep_viz,annotated,0,541395,5096925,0.02821700134277343,0.066922998046875,1.4624779150485991e-5,146.98289489746094,66.10709381103516,900,56700,0.065643310546875,0.42307692766189575,0.07692307978868484,5
4995400,2022,em_veg,annotated,0,541185,5096685,0.03479299926757812,0.0745219970703125,9.44547223329544e-6,170.11199951171875,9.355937957763672,900,74700,-0.013092041015625,0.29629629850387573,0,5
4996668,2022,dry,annotated,0,541335,5096625,0.06519199829101563,0.15309200439453124,1.4074111716747284e-5,167.75698852539065,15.865442276000977,900,74700,0.00732421875,0.03846153989434242,0,5
4996933,2022,dry,annotated,0,541365,5096715,0.064697998046875,0.142868994140625,1.2858512268066406e-5,165.2398681640625,16.58669662475586,900,74700,0.00732421875,0.03846153989434242,0,5
4997866,2022,em_veg,annotated,0,541425,5096745,0.0416239990234375,0.08570999755859375,8.751525926589965e-6,160.8996124267578,20.386734008789063,900,74700,0.005950927734375,0.26923078298568726,0,5
4997962,2022,em_veg,annotated,0,541425,5096535,0.0582530029296875,0.13561600341796876,1.5968997406959535e-5,146.812744140625,21.327747344970703,900,74700,-0.082275390625,0.03125,0,5
4998643,2022,dry,annotated,0,541545,5096775,0.0652280029296875,0.175093994140625,1.6341434817314148e-5,179.98501586914065,7.252814769744873,900,8100,-0.00732421875,0.03225806355476379,0,5
4999357,2022,shallow_viz,annotated,1,541635,5096235,0.0340260009765625,0.15780999755859376,2.9720734348297117e-5,175.7368927001953,2.823277473449707,900,14400,-0.030609130859375,0.02941176481544971,0,5
4999489,2022,shallow_viz,annotated,1,541665,5096265,0.02930599975585937,0.1053050048828125,2.9634911477565768e-5,171.65158081054688,4.635984897613525,900,14400,0.0419921875,0.02941176481544971,0,5
4999299,2022,dry,annotated,0,541635,5096175,0.03668999938964844,0.15656300048828126,2.940063081264496e-5,173.60101318359375,4.345056533813477,900,14400,0.01129150390625,0.02941176481544971,0,5
4999373,2022,dry,annotated,0,541665,5096145,0.06654099731445312,0.3134780029296875,2.877136469841003e-5,186.2746734619141,0.7619376182556152,0,14400,-0.235748291015625,0,0,5
5000012,2022,dry,annotated,0,541725,5096235,0.05880599975585937,0.2564760009765625,2.8033651442527767e-5,182.8166656494141,1.1867293119430542,900,14400,-0.18963623046875,0,0,5
4984814,2022,shallow_viz,annotated,1,539715,5095005,0.0558530029296875,0.0856989990234375,3.115987178683281e-5,179.4127197265625,2.5066890716552734,900,13500,0.006500244140625,0.1621621549129486,0,5
4984910,2022,shallow_viz,annotated,1,539715,5094945,0.0675260009765625,0.07934500122070312,2.9937546043395997e-5,100.22931671142578,15.720134735107422,900,13500,0.149505615234375,0.17142857611179352,0,5
4984603,2022,dry,annotated,0,539685,5094975,0.0650739990234375,0.12478900146484374,3.315663330674171e-5,156.46405029296875,28.329975128173828,900,13500,-0.10150146484375,0.1428571492433548,0,5
4985046,2022,dry,annotated,0,539745,5094915,0.06030800170898438,0.11949300537109377,2.7966407912969583e-5,126.6507797241211,52.25984954833984,900,13500,-0.04046630859375,0.1515151560306549,0,5
4982665,2022,shallow_viz,annotated,1,539355,5090595,0.04308299865722656,0.10660999755859377,3.002496488332748e-5,163.4497528076172,9.856327056884766,900,9000,0.0504150390625,0.1034482792019844,0,5
4983287,2022,shallow_viz,annotated,1,539445,5090475,0.05091799926757812,0.09731400146484374,2.1745210512876512e-5,168.5165252685547,7.163193225860596,900,9000,0.052215576171875,0.03703703731298447,0,5
4982620,2022,dry,annotated,0,539325,5090535,0.101377001953125,0.2083699951171875,2.042043462753296e-5,179.89976501464844,10.710131645202637,0,9000,-0.574615478515625,0,0,5
4982802,2022,dry,annotated,0,539355,5090625,0.0560260009765625,0.13042900390625,2.4311355457305908e-5,166.58169555664065,6.665928363800049,900,9000,0.005584716796875,0.03448275849223137,0,5
4983100,2022,dry,annotated,0,539415,5090565,0.072997998046875,0.1521719970703125,1.9255082075595856e-5,172.89453125,5.176580429077148,900,9000,-0.036956787109375,0,0,5
5331219,2022,em_veg,annotated,0,538155,5089365,0.03952699890136719,0.0921280029296875,1.567882051229477e-5,54.53986358642578,100.37744903564452,900,900,5.684341886080804e-14,0.4375,0,4
5338439,2022,dry,annotated,0,539055,5086485,0.06573300170898437,0.27631201171875,2.642225616931915e-5,167.47470092773438,3.953861713409424,900,35100,-0.28057861328125,0,0,5
5338924,2022,em_veg,annotated,0,539085,5086545,0.05731699829101562,0.14581600341796874,2.5062845072746276e-5,167.8458251953125,13.393956184387209,0,35100,-0.11541748046875,0.1034482792019844,0,5
5339425,2022,em_veg,annotated,0,539175,5086485,0.04742699890136719,0.1367199951171875,2.2482933042049407e-5,150.03981018066406,26.65398406982422,900,35100,0.034759521484375,0.0714285746216774,0,5
5339769,2022,dry,annotated,0,539205,5086455,0.05742999877929687,0.1783949951171875,2.399164760828018e-5,169.96182250976565,13.65015983581543,900,35100,0.00921630859375,0.06451612710952759,0,5
5341051,2022,dry,annotated,0,539385,5083935,0.079272998046875,0.1627260009765625,1.769122420787811e-5,113.06480407714844,99.36335754394533,0,24300,-0.187774658203125,0,0,5
5335609,2022,dry,annotated,0,538695,5082255,0.054975,0.17298699951171875,2.5937421331405643e-5,180.9985809326172,2.173415184020996,900,67500,0.04132080078125,0.07692307978868484,0,5
5337059,2022,dry,annotated,0,538845,5082375,0.05709000244140625,0.19933299560546872,2.234611041545868e-5,118.72608184814452,32.1067008972168,900,67500,-0.170166015625,0,0,5
5337594,2022,dry,annotated,0,538905,5082225,0.0860239990234375,0.25896298828125,2.872952057123184e-5,180.80384826660156,1.3063839673995972,0,67500,-0.270721435546875,0,0,5
5338715,2022,terrain,annotated,0,539085,5082135,0.05968099975585937,0.13733699951171874,2.7077277312278743e-5,104.2793960571289,39.88138198852539,900,14400,-0.067413330078125,0.03333333507180214,0.05882352963089943,5
5339103,2022,dry,annotated,0,539115,5082165,0.06485700073242187,0.13663499755859376,2.8060775406360627e-5,61.09828186035156,63.049190521240234,900,14400,-0.0675048828125,0.0357142873108387,0,5
5337602,2022,dry,annotated,0,538905,5081895,0.0731969970703125,0.248506005859375,2.809451900243759e-5,183.69232177734375,0.9543495774269104,900,10800,-0.11810302734380684,0,0,5
5337829,2022,dry,annotated,0,538935,5081955,0.063047998046875,0.18568699951171871,2.963325875043869e-5,181.56704711914065,0.8240246772766113,900,10800,0.01666259765619315,0.03225806355476379,0,5
5338044,2022,dry,annotated,0,538965,5081865,0.07105599975585937,0.19793299560546876,2.9704822113513946e-5,182.55421447753903,1.0316840410232544,900,10800,-0.00970458984380684,0.0357142873108387,0,5
5338085,2022,dry,annotated,0,538965,5081355,0.09650900268554688,0.2121300048828125,2.191096212387085e-5,124.64424896240234,33.39129638671875,0,2700,5.684341886080804e-14,0,0,5
5340497,2022,dry,annotated,0,539295,5081265,0.0775280029296875,0.1472489990234375,2.317208030700684e-5,182.9087371826172,9.264461517333984,900,9900,-1.5258789056815658e-4,0,0,5
5339933,2022,dry,annotated,0,539235,5080995,0.05559299926757812,0.120327001953125,1.2971212723255155e-5,177.1839599609375,35.14453125,900,40500,0.002166748046875,0.10000000149011612,0.0625,5
5337614,2022,glint,annotated,0,538935,5080845,0.07428400268554687,0.1093030029296875,2.4825745859146116e-5,132.0702667236328,7.088942050933838,900,9000,0.01123046875,0.10000000149011612,0,5
5338109,2022,dry,annotated,0,538995,5080935,0.0831030029296875,0.19434100341796876,1.7711339221000672e-5,165.9728546142578,32.87376403808594,0,9000,-0.22698974609375,0,0,5
5348432,2022,deep_water,random_draw,0,540405,5080965,0.06745499877929688,0.13770899658203126,2.104053456068039e-5,166.4879150390625,125.8213119506836,900,9000,-0.0546875,0.09677419066429138,0,5
5355835,2022,deep_water,random_draw,0,541395,5080935,0.07906199951171874,0.174525,1.9869912180900573e-5,171.93067932128906,19.722522735595703,900,18900,-0.153076171875,0.25925925374031067,0.13333334028720856,5
5357075,2022,deep_water,random_draw,0,541545,5080905,0.04988800048828125,0.11068699951171874,1.9739485137462617e-5,167.0479278564453,36.455570220947266,900,18900,0.050537109375,0.1923076957464218,0,5
5356365,2022,dry,annotated,0,541485,5080725,0.08117899780273438,0.12915,1.5610615856647493e-5,188.2626953125,1.8224726915359497,900,13500,-0.033416748046875,0,0,5
5366835,2022,dry,annotated,0,542595,5081055,0.08172100219726562,0.16565999755859376,1.6563876667022705e-5,143.723876953125,47.236534118652344,0,82800,-0.712677001953125,0,0,5
5367056,2022,dry,annotated,0,542625,5080995,0.0574,0.1251219970703125,1.4807708821296692e-5,113.90563201904295,111.53189086914064,900,82800,-0.399932861328125,0.5517241358757019,0.3125,4
5361764,2022,deep_water,random_draw,0,542025,5079255,0.05107099914550781,0.13690899658203126,2.4204035184383392e-5,85.16609191894531,7.519391059875488,900,9900,3.0517578125e-5,0.06060606241226196,0,5
5362601,2022,deep_water,random_draw,0,542115,5079315,0.06905,0.178556005859375,2.4157949857711792e-5,97.71051788330078,9.220377922058104,0,9900,3.0517578125e-5,0.03333333507180214,0,5
5359345,2022,deep_water,random_draw,0,541785,5078805,0.0493239990234375,0.08323900146484375,6.951520004272461e-6,39.40102767944336,25.733837127685547,900,96300,0.148193359375,0.9629629850387572,1,3
5360021,2022,deep_water,random_draw,0,541845,5078715,0.08050700073242187,0.330806005859375,2.8718061895370484e-5,77.75868225097656,1.3720120191574097,0,96300,-3.607940673828125,0,0,5
5365580,2022,dry,annotated,0,542475,5078325,0.0708719970703125,0.165043994140625,2.8259801416397097e-5,75.66309356689453,9.002876281738281,0,11700,0.003143310546875,0,0,5
5364720,2022,deep_water,random_draw,0,542355,5077665,0.04314500122070312,0.1002030029296875,1.283580647945404e-5,75.646759033203125,44.68830871582031,900,6300,-3.0517578125e-5,0.2142857164144516,0.1428571492433548,4
5378199,2022,em_veg,annotated,0,544155,5075715,0.06442899780273438,0.1479280029296875,2.3756706779003143e-5,115.71805572509766,6.212612152099609,0,11700,-0.072540283203125,0,0,5
5377085,2022,dry,annotated,0,543945,5070315,0.09963099975585936,0.231372998046875,2.4814761493206023e-5,103.64453125,17.189315795898438,0,1800,-0.22781372070306816,0,0,5
5377628,2022,shallow_viz,annotated,1,544065,5069835,0.05480800170898437,0.1052050048828125,2.7024682202339173e-5,116.54474639892578,15.544974327087402,900,7200,0.004180908203125,0.14705882966518402,0,5
5377848,2022,shallow_viz,annotated,1,544095,5069775,0.06202999877929687,0.08667000122070312,2.3903179745674133e-5,87.28675079345703,9.04891586303711,900,7200,0.004180908203125,0.2647058963775635,0,5
5377451,2022,dry,annotated,0,544005,5069775,0.11788699951171876,0.2672449951171875,2.8009812140464785e-5,124.8983917236328,3.627510070800781,0,7200,-0.410736083984375,0,0,5
5378215,2022,dry,annotated,0,544125,5069775,0.07414400024414063,0.1448010009765625,2.449234528183937e-5,102.95276641845705,19.41449737548828,900,7200,-0.0189208984375,0.0882352963089943,0,5
5377942,2022,deep_water,random_draw,0,544095,5069325,0.05853300170898437,0.13719300537109377,2.3133463170528417e-5,92.94519805908205,26.80409240722656,900,23400,-0.0938720703125,0.20588235557079315,0,5
5378180,2022,deep_water,random_draw,0,544125,5069235,0.05480599975585937,0.12306600341796876,2.1025633172988893e-5,87.63111114501953,29.48075485229492,900,23400,0.022430419921875,0.28125,0,5
5378886,2022,deep_water,random_draw,0,544275,5069265,0.0750530029296875,0.215231005859375,2.5449610040187836e-5,103.41844940185548,15.56823444366455,900,23400,-0.1099853515625,0.06060606241226196,0,5
5378913,2022,deep_water,random_draw,0,544275,5069145,0.08501500244140625,0.2840760009765625,2.9488565900325775e-5,73.894195556640625,4.72291898727417,0,23400,0.19219970703125,0,0,5
5377788,2022,deep_water,random_draw,0,544065,5072145,0.04407699890136719,0.0992239990234375,2.2951605699062345e-5,112.58099365234376,24.60519790649414,900,900,0,0.03333333507180214,0.125,5
5376999,2022,em_veg,annotated,0,543945,5068815,0.04538500061035156,0.10236900024414064,2.504547192573547e-5,73.78326416015625,7.204890251159668,900,138600,7.9345703125e-4,0.3793103396892547,0.06666667014360428,5
5377094,2022,dry,annotated,0,543975,5068905,0.05497000122070313,0.1734800048828125,3.0295843350887295e-5,88.36725616455078,8.182662010192871,900,138600,7.9345703125e-4,0.2666666805744171,0,5
5377352,2022,deep_viz,annotated,0,544005,5068605,0.02964299926757812,0.03699100036621094,3.6712114191055303e-6,16.498992919921875,2.5809261798858643,900,138600,7.9345703125e-4,0.9655172228813172,0.8666666746139526,3
5377523,2022,deep_viz,annotated,0,544035,5068455,0.02802999877929687,0.0414239990234375,6.288229415416717e-6,66.9946517944336,16.486177444458008,900,138600,7.9345703125e-4,0.7777777910232544,0.2857142984867096,4
5377629,2022,dry,annotated,0,544065,5068335,0.05909099731445312,0.17129599609375,2.8595300765037536e-5,83.2746353149414,9.40365982055664,900,138600,7.9345703125e-4,0.30000001192092896,0,5
5377752,2022,deep_viz,annotated,0,544065,5068755,0.02917999877929687,0.04419700012207031,7.3830847012996675e-6,48.18829727172851,21.5775089263916,900,138600,7.9345703125e-4,0.7241379022598267,0.2857142984867096,5
5378070,2022,dry,annotated,0,544125,5068425,0.06840499877929687,0.18660699462890623,2.730730622529984e-5,97.53414154052734,13.8770170211792,900,138600,7.9345703125e-4,0.2068965584039688,0,5
5378108,2022,em_veg,annotated,0,544125,5068845,0.0516760009765625,0.12597900390625,2.710323207616806e-5,77.4577865600586,6.391500949859619,900,138600,7.9345703125e-4,0.375,0,5
5378365,2022,em_veg,annotated,0,544155,5068575,0.05654400024414063,0.15066400146484374,2.4637068614959717e-5,88.56024169921875,13.845215797424316,900,138600,7.9345703125e-4,0.29032257199287415,0,5
5375367,2022,glint,annotated,0,543735,5068125,0.17789200439453126,0.325427001953125,1.7770057302713394e-5,67.2765121459961,7.0231547355651855,0,96300,-0.21679687500005684,0,0,5
5375480,2022,dry,annotated,0,543735,5068245,0.07345700073242188,0.2195409912109375,1.8209953310489656e-5,91.711273193359375,5.580354690551758,900,96300,0.01620483398431815,0.11538461595773696,0.05882352963089943,5
5375624,2022,dry,annotated,0,543765,5068035,0.06524199829101562,0.18805999755859376,2.6253115279674533e-5,103.48082733154295,17.59797477722168,900,96300,0.01330566406244315,0.06896551698446274,0,5
5376301,2022,deep_viz,annotated,0,543855,5068515,0.03235499877929687,0.04237300109863281,5.465314859151841e-6,20.4169864654541,3.637429237365722,900,96300,0.01620483398431815,1,1,3
5376302,2022,deep_viz,annotated,0,543855,5068425,0.03588200073242188,0.04014200134277344,4.2055089664459225e-6,22.109878540039063,1.1857235431671145,900,96300,0.01620483398431815,1,1,1
5376332,2022,deep_viz,annotated,0,543855,5068335,0.031075,0.03940499877929687,4.710406378507615e-6,17.767972946166992,0.5968533158302307,900,96300,0.01620483398431815,1,1,1
5376451,2022,glint,annotated,0,543855,5068275,0.10525899658203124,0.212677001953125,1.9382018542289735e-5,70.89094543457031,14.602351188659668,900,96300,-0.09982299804693184,0.6666666865348816,0.0625,5
5376619,2022,dry,annotated,0,543885,5068725,0.054802001953125,0.1673780029296875,2.588078154087067e-5,79.05766296386719,23.96468734741211,900,96300,0.01620483398431815,0.35483869910240173,0,5
5376697,2022,em_veg,annotated,0,543885,5068785,0.05053800048828125,0.1504469970703125,2.701683337688446e-5,77.33130645751953,25.471097946166992,900,96300,0.01620483398431815,0.30000001192092896,0,5
5374086,2022,deep_water,random_draw,0,543585,5067765,0.0431239990234375,0.1045530029296875,2.3177768681049343e-5,84.99211120605469,30.576683044433594,900,180000,0.013397216796875,0.2307692319154739,0,5
5374140,2022,deep_water,random_draw,0,543585,5067915,0.055547998046875,0.1288260009765625,2.392709260702133e-5,74.9540786743164,45.63395690917969,900,180000,-0.437347412109375,0.3214285671710968,0,5
5374671,2022,deep_water,random_draw,0,543675,5067825,0.02720599975585937,0.038575,4.582812783718109e-6,10.875688552856444,0.3426041901111603,900,180000,0.013397216796875,0.9642857313156128,1,1
5374755,2022,deep_water,random_draw,0,543675,5067645,0.02635799865722656,0.0403739990234375,5.718080996274948e-6,12.952740669250488,3.1044511795043945,900,180000,0.013397216796875,0.8399999737739563,0.6153846383094788,3
5374758,2022,deep_water,random_draw,0,543675,5067435,0.02956400146484375,0.05373200073242187,1.6475563560724258e-5,23.39488220214844,8.854793548583984,900,180000,0.013397216796875,0.9642857313156128,0.0714285746216774,3
5375285,2022,deep_water,random_draw,0,543735,5067735,0.02785499877929687,0.03730400085449219,3.981381821632385e-6,10.122036933898926,0.10300533473491667,900,180000,0.013397216796875,0.92592591047287,1,3
5376168,2022,deep_water,random_draw,0,543825,5067555,0.0412,0.09006799926757812,2.41512380695343e-5,67.6530990600586,21.60625457763672,900,180000,0.013397216796875,0.7307692170143127,0,4
5376336,2022,deep_water,random_draw,0,543855,5067885,0.04115400085449219,0.09081799926757812,1.9507440721988677e-5,90.744598388671875,32.56208419799805,900,180000,0.013397216796875,0.26923078298568726,0,5
5376410,2022,deep_water,random_draw,0,543855,5067435,0.03393999938964844,0.07120800170898438,1.7192721650600433e-5,25.029558181762695,7.23427677154541,900,180000,0.013397216796875,1,0.1428571492433548,3
5376822,2022,deep_water,random_draw,0,543915,5067645,0.05708300170898437,0.1722699951171875,2.7998562090396883e-5,86.51004791259766,25.474103927612305,0,180000,-0.124786376953125,0.23333333432674408,0,5
5370990,2022,dry,annotated,0,543135,5067825,0.07186099853515625,0.27058798828125,2.72606604218483e-5,92.85962677001952,2.950719833374023,0,9900,-0.387054443359375,0.0625,0,5
5366259,2022,deep_water,random_draw,0,542535,5067705,0.02276799926757812,0.05326300048828125,2.8972866053581236e-5,92.824676513671875,13.363232612609863,900,157500,0.4389038085938069,0.35483869910240173,0.06666667014360428,5
5366875,2022,deep_water,random_draw,0,542595,5067855,0.0712780029296875,0.268277001953125,3.211687033891678e-5,99.23172760009766,9.333303451538086,0,157500,-0.17663574218744316,0,0,5
5367258,2022,deep_water,random_draw,0,542655,5067765,0.03233699951171875,0.07263400268554687,2.0256018915176392e-5,77.07426452636719,47.39126968383789,900,157500,0.03332519531255684,0.4193548262119293,0.20000000298023224,4
5368039,2022,deep_water,random_draw,0,542745,5067645,0.07926199951171875,0.2893280029296875,2.7095807590484623e-5,78.65716552734375,1.6245646476745603,0,157500,-0.8067321777343182,0,0,5
5368573,2022,deep_water,random_draw,0,542805,5067795,0.05331199951171875,0.120093994140625,2.413317274570465e-5,120.00885772705078,8.194727897644043,900,157500,-0.12612915039056816,0.16129031777381897,0,5
5369138,2022,deep_water,random_draw,0,542895,5067645,0.06680399780273437,0.260060009765625,2.739946945905685e-5,94.23377990722656,7.8152008056640625,900,157500,-0.25592041015619316,0.03333333507180214,0,5
5369252,2022,deep_water,random_draw,0,542925,5067885,0.0359010009765625,0.0815469970703125,2.5027265367507932e-5,82.00091552734375,16.036527633666992,900,157500,0.00698852539068184,0.25806450843811035,0,5
5369771,2022,deep_water,random_draw,0,542985,5067615,0.05693900146484375,0.18592900390625,2.7819975876808167e-5,94.9019546508789,13.665231704711914,900,157500,0.03582763671880684,0.15625,0,5
5370293,2022,deep_water,random_draw,0,543045,5067525,0.05735399780273437,0.19056600341796875,2.7104395709037782e-5,91.32471466064452,5.187406539916992,900,157500,0.17636108398443184,0.06896551698446274,0,5
5370554,2022,deep_water,random_draw,0,543075,5067705,0.065072998046875,0.3495139892578125,2.6919560585021973e-5,91.54178619384766,3.139068603515625,0,157500,-1.0460510253905682,0,0,5
5361487,2022,glint,annotated,0,541995,5067435,0.169843994140625,0.2373889892578125,2.021127622723579e-5,48.783233642578125,0.6215190887451172,0,23400,-0.15927124023431816,0,0,5
5361847,2022,dry,annotated,0,542025,5067195,0.06451699829101562,0.12718199462890625,2.3447453868389128e-5,79.609405517578125,40.29853439331055,900,23400,0.07080078125005684,0.14705882966518402,0,5
5361945,2022,glint,annotated,0,542025,5067375,0.08706500244140625,0.16605400390625,2.12305986225605e-5,56.743064880371094,1.722261905670166,0,23400,-0.20907592773431816,0.02941176481544971,0,5
5365287,2022,glint,annotated,0,542415,5067195,0.203543994140625,0.29934599609375,3.007284113407135e-5,109.00309753417967,4.464354991912842,900,27000,-0.006378173828125,0.0625,0,5
5366066,2022,dry,annotated,0,542505,5067285,0.0782989990234375,0.29368701171875,2.885530558586121e-5,105.45378875732422,3.815223693847656,900,27000,-0.201202392578125,0.0625,0,5
5363831,2022,dry,annotated,0,542265,5065995,0.05438699951171875,0.11589200439453123,1.663367930173874e-5,97.13225555419922,5.4036078453063965,900,18900,-0.061676025390625,0.06896551698446274,0,5
5364392,2022,dry,annotated,0,542325,5065785,0.0990739990234375,0.224793994140625,2.5380797514915467e-5,102.39993286132813,13.960199356079102,0,18900,-0.347503662109375,0.03333333507180214,0,5
5361379,2022,dry,annotated,0,541995,5065605,0.07767000122070312,0.2191090087890625,2.9222656629085543e-5,101.23357391357422,4.026010036468506,900,132300,-0.3674316406249432,0.0357142873108387,0,5
5361701,2022,dry,annotated,0,541995,5065485,0.06919600219726563,0.229872998046875,2.9571400885581972e-5,98.82042694091795,5.447868824005127,0,132300,-0.23254394531244316,0.03448275849223137,0,5
5363276,2022,dry,annotated,0,542205,5065305,0.0709989990234375,0.239781005859375,2.7444399545192717e-5,93.39469909667967,10.382648468017578,0,132300,-0.15820312499994316,0.0357142873108387,0,5
5361117,2022,deep_water,random_draw,0,541965,5065005,0.06263900146484375,0.1840739990234375,2.8330537607669833e-5,98.1144027709961,12.154102325439451,900,38700,-0.12094116210943184,0.1428571492433548,0,5
5361170,2022,deep_water,random_draw,0,541965,5065125,0.04097099914550781,0.1067260009765625,2.547646926641464e-5,90.6620864868164,19.30766868591309,900,38700,-0.16226196289068184,0.2142857164144516,0,5
5362239,2022,deep_water,random_draw,0,542085,5065065,0.06624000244140625,0.20778798828125,2.87433700466156e-5,104.88267517089844,7.818949699401856,0,38700,-0.08486938476568184,0.0357142873108387,0,5
5362770,2022,deep_water,random_draw,0,542115,5065155,0.05405800170898437,0.13811199951171876,2.627300021648407e-5,95.4248504638672,13.467957496643066,900,38700,0.28689575195306816,0.1428571492433548,0,5
5364074,2022,deep_water,random_draw,0,542265,5065215,0.05685900268554687,0.18025,2.953307101249695e-5,114.45182800292967,14.022109031677246,900,38700,-0.06082153320318184,0.06896551698446274,0,5
5364231,2022,shallow_viz,annotated,1,542295,5064765,0.04770499877929687,0.113931005859375,3.070739684820175e-5,106.4992218017578,7.911958694458008,900,8100,0.08648681640619316,0.2068965584039688,0,5
5363484,2022,dry,annotated,0,542235,5064735,0.05991799926757812,0.174431005859375,3.165936643600464e-5,119.61554718017578,7.392695426940918,900,8100,-0.02856445312505684,0.1666666716337204,0,5
5363626,2022,dry,annotated,0,542235,5064795,0.0588489990234375,0.1952869995117187,3.160576226234436e-5,119.9966812133789,8.257804870605469,900,8100,-0.11157226562505684,0.1034482792019844,0,5
5364193,2022,dry,annotated,0,542295,5064825,0.079602001953125,0.3277739990234375,3.1560484800338745e-5,90.4064712524414,3.704967737197876,0,8100,-0.7981262207031818,0.0357142873108387,0,5
5365384,2022,dry,annotated,0,542445,5064555,0.07570800170898437,0.3308179931640625,2.6231528186798095e-5,115.89358520507813,20.032365798950195,0,13500,-0.317718505859375,0.03846153989434242,0,5
5365547,2022,dry,annotated,0,542445,5062695,0.0748719970703125,0.180322998046875,2.5725503630638124e-5,111.28553771972656,15.2838134765625,900,21600,-0.07513427734375,0.06060606241226196,0,5
5365677,2022,dry,annotated,0,542445,5062875,0.05809600219726563,0.12432900390625,2.888391320705414e-5,80.81914520263672,6.981196403503418,900,21600,-0.162506103515625,0.02857142873108387,0,5
5365763,2022,dry,annotated,0,542475,5062635,0.11321199951171874,0.2319219970703125,2.5242305529117587e-5,121.75931549072266,14.997998237609863,0,21600,-0.59808349609375,0,0,5
5366899,2022,co_precise,annotated,1,542625,5061735,0.04681099853515625,0.08725399780273438,1.652955462694168e-5,87.37841033935547,13.566169738769531,900,20700,-0.11163330078125,0.06451612710952759,0,5
5365955,2022,dry,annotated,0,542505,5061675,0.04563599853515625,0.08922999877929688,2.354746267199516e-5,113.56088256835938,9.05684757232666,900,20700,0.020050048828125,0.16129031777381897,0.05882352963089943,5
5366483,2022,dry,annotated,0,542565,5061795,0.0662719970703125,0.14479000244140625,1.465896362543106e-5,106.63099670410156,9.41953182220459,0,20700,-0.640045166015625,0,0,5
5367270,2022,dry,annotated,0,542655,5061735,0.07064400024414062,0.15249599609375,1.5049593029022218e-5,121.34831237792967,4.183650970458984,0,20700,-0.6590576171875,0,0,5
5366031,2022,co_precise,annotated,1,542505,5061045,0.04493599853515625,0.07645599975585937,2.1061359421014785e-5,82.42923736572266,7.447193622589111,900,33300,0.071990966796875,0.35483869910240173,0,5
5365734,2022,dry,annotated,0,542475,5060985,0.127025,0.24560400390625,1.6735652717351913e-5,94.1466293334961,8.349308013916016,0,33300,-0.81365966796875,0,0,5
5366175,2022,dry,annotated,0,542535,5061075,0.1080510009765625,0.22095400390625,1.531528730869293e-5,98.56266784667967,8.073507308959961,0,33300,-0.47967529296875,0,0,5
5366558,2022,dry,annotated,0,542565,5060955,0.10087999877929688,0.2056639892578125,1.5466001985073087e-5,77.67798614501953,2.0007925033569336,0,33300,-0.452178955078125,0.29032257199287415,0,5
5365190,2022,em_veg,random_draw,0,542415,5060055,0.05706900024414062,0.12785699462890626,2.0049188632965087e-5,92.0440902709961,6.102257251739502,900,19800,-0.09130859375,0.13793103396892548,0,5
5365789,2022,em_veg,random_draw,0,542475,5060145,0.08418800048828125,0.18737099609375,2.302357689142227e-5,73.66931915283203,9.675615310668944,0,19800,-0.04437255859375,0.06896551698446274,0,5
5693620,2022,em_veg,random_draw,0,542565,5059905,0.05123099975585937,0.11451199951171875,1.2174044938087464e-5,103.9356918334961,12.973187446594238,900,19800,0.051300048828125,0.07692307978868484,0,5
5718194,2022,em_veg,random_draw,0,542505,5059995,0.05623300170898437,0.124793994140625,1.756133682489395e-5,89.94098663330078,9.292354583740234,900,19800,-0.040985107421875,0.2666666805744171,0,5
5692517,2022,terrain,annotated,0,542265,5056695,0.07303599853515624,0.3187469970703125,2.8562547125816344e-5,114.39518737792967,3.250526428222656,900,1800,-0.01263427734375,0,0,5
5692428,2022,shallow_viz,annotated,1,542265,5055615,0.05614299926757812,0.114168994140625,1.6321526384353638e-5,106.1269302368164,6.535974502563477,900,6300,0,0.34375,0,5
5692274,2022,dry,annotated,0,542205,5055615,0.1052219970703125,0.2225219970703125,1.7876417129039764e-5,86.45451354980469,10.628954887390137,0,6300,-0.046783447265625,0,0,5
5692349,2022,dry,annotated,0,542235,5055675,0.097127001953125,0.210206005859375,1.83683384847641e-5,86.43164825439453,3.2513983249664307,0,6300,0,0.25,0,5
5692720,2022,dry,annotated,0,542295,5055615,0.08050800170898438,0.17661300048828124,1.899648344039917e-5,90.86170959472656,5.122250556945801,900,6300,0,0.375,0,5
5688031,2022,deep_water,random_draw,0,541095,5050005,0.04336700134277344,0.03989400024414062,4.3274981957674025e-6,6.923937797546387,0.4638622403144837,900,161100,0.5861511230468182,1,1,1
5688093,2022,deep_water,random_draw,0,541125,5050185,0.056352001953125,0.12069100341796876,9.282097964286806e-6,25.81665802001953,24.628080368041992,900,161100,0.08700561523431816,0.8965517282485962,0.9285714030265808,4
5688325,2022,deep_water,random_draw,0,541155,5049765,0.0838489990234375,0.11188900146484376,8.372346295118332e-6,24.241287231445313,13.977361679077148,900,161100,-0.41683959960943184,0.8500000238418579,0.692307710647583,4
5688350,2022,deep_water,random_draw,0,541155,5049675,0.06524299926757812,0.04644599914550781,6.5171826672554016e-6,8.8978729248046875,0.4327523410320282,900,161100,-1.1030883789063068,1,1,1
5688377,2022,deep_water,random_draw,0,541155,5049885,0.04395299987792969,0.04052099914550781,4.386078646183014e-6,7.445648193359375,0.4208860397338867,900,161100,0.5861511230468182,1,1,1
5688430,2022,deep_water,random_draw,0,541155,5050125,0.04425400085449219,0.04337000122070313,4.415596216320992e-6,7.921209812164307,0.18116629123687744,900,161100,0.38107299804681816,1,1,1
5688688,2022,deep_water,random_draw,0,541215,5049585,0.06398800048828125,0.04258200073242187,6.392143986225128e-6,7.816174507141113,0.1960354596376419,900,161100,0.6331176757811932,1,1,1
5688832,2022,deep_water,random_draw,0,541215,5050005,0.046125,0.04923500061035156,4.601837940216064e-6,7.893402099609375,0.23626302182674408,900,161100,-0.49307250976568184,1,1,1
5689175,2022,deep_water,random_draw,0,541275,5049735,0.10386700439453124,0.257427001953125,1.933223430871963e-5,81.32099151611328,19.551103591918945,0,161100,-0.35769653320318184,0,0,5
5689414,2022,deep_water,random_draw,0,541335,5050155,0.08793499755859376,0.15078399658203126,1.2614251179695127e-5,40.60646438598633,17.357006072998047,0,161100,-0.04370117187505684,0.0714285746216774,0.2857142984867096,5
5690615,2022,deep_water,random_draw,0,541635,5049645,0.0748469970703125,0.2822949951171875,2.397517086982727e-5,99.36988067626952,27.944841384887695,900,33300,-1.64935302734375,0,0,5
5690655,2022,deep_water,random_draw,0,541665,5049465,0.0386260009765625,0.05853200073242187,6.0747946023941045e-6,10.572766304016112,1.0508153438568115,900,33300,0.646453857421875,0.9655172228813172,1,3
5690756,2022,deep_water,random_draw,0,541695,5049705,0.072677001953125,0.2244469970703125,1.995116250514984e-5,101.2103042602539,22.577665328979492,0,33300,0.087249755859375,0.12903225421905518,0.07692307978868484,5
5690839,2022,deep_water,random_draw,0,541755,5049585,0.101627001953125,0.30441298828125,2.2805918724536893e-5,116.83195495605467,15.76036262512207,0,33300,-0.07757568359375,0,0,5
5690862,2022,deep_water,random_draw,0,541755,5049465,0.109522998046875,0.169752001953125,1.3704214328527453e-5,41.898799896240234,19.17295837402344,900,33300,0.3916015625,0.9583333134651184,0.2142857164144516,3
5691110,2022,deep_water,random_draw,0,541875,5049465,0.04063900146484375,0.06640900268554688,6.797615607976913e-6,13.684231758117676,1.629562258720398,900,33300,-0.00909423828125,1,1,3
5689841,2022,deep_water,random_draw,0,541425,5049465,0.04147699890136719,0.05552100219726563,5.402784270048141e-6,7.671932220458984,0.3237506151199341,900,43200,0.81610107421875,1,1,1
5689961,2022,deep_water,random_draw,0,541425,5049645,0.06085800170898437,0.0921239990234375,9.151657855510712e-6,16.091686248779297,9.614983558654783,900,43200,0.484527587890625,0.8695651888847351,0.9166666865348816,3
5690238,2022,deep_water,random_draw,0,541515,5049795,0.094944000244140625,0.2727800048828125,2.165416863203049e-5,95.434906005859375,28.98369407653809,0,43200,-0.40093994140625,0.03846153989434242,0,5
5690344,2022,deep_water,random_draw,0,541515,5049525,0.03991499938964844,0.04621900024414063,3.979920336008072e-6,7.3468780517578125,0.429370641708374,900,43200,-2.222503662109375,1,1,1
5690380,2022,deep_water,random_draw,0,541545,5049675,0.06264500122070313,0.20108800048828124,1.4397149002552033e-5,69.06983947753906,21.126314163208008,0,43200,-1.99078369140625,0.6666666865348816,0.3846153914928436,4
5686585,2022,deep_water,random_draw,0,540765,5048535,0.09530399780273438,0.2763139892578125,2.1941638748645785e-5,83.6060562133789,20.74466133117676,0,101700,-5.4085693359375,0,0,5
5686893,2022,deep_water,random_draw,0,540825,5048655,0.07245599975585937,0.2902889892578125,2.4224934034347537e-5,106.57933807373048,5.858018398284912,0,101700,-2.40966796875,0,0,5
5687421,2022,deep_water,random_draw,0,540945,5048985,0.05655800170898437,0.13683599853515624,1.2613744060993195e-5,33.204471588134766,32.337886810302734,900,101700,-0.080047607421875,0.800000011920929,0.6000000238418579,4
5687422,2022,deep_water,random_draw,0,540945,5048535,0.09316599731445312,0.30507900390625,2.484835166692734e-5,83.96582794189453,6.2689104080200195,0,101700,-6.3834228515625,0,0,5
5687880,2022,deep_water,random_draw,0,541065,5048595,0.06701699829101562,0.3154,2.1466263756752012e-5,96.360809326171875,72.70831298828125,900,101700,-0.586517333984375,0,0,5
5688103,2022,deep_water,random_draw,0,541095,5049075,0.05916300048828125,0.2464679931640625,1.81695672750473e-5,78.126007080078125,62.056121826171875,900,101700,-0.62103271484375,0.800000011920929,0.8666666746139526,4
5688283,2022,deep_water,random_draw,0,541125,5048715,0.0608030029296875,0.24767099609375,2.1204615709781647e-5,107.5130386352539,77.8772964477539,900,101700,-0.79168701171875,0.03703703731298447,0,5
5688496,2022,deep_water,random_draw,0,541185,5048565,0.05313200073242187,0.17518800048828126,1.5075462231636048e-5,47.83515167236328,44.64768600463867,900,101700,-0.471466064453125,0.48148149251937866,0.2142857164144516,5
5688926,2022,deep_water,random_draw,0,541245,5048685,0.05253300170898437,0.15625699462890624,1.3172549273967744e-5,37.19376754760742,26.87512969970703,900,101700,0.374969482421875,0.5652173757553101,0.1666666716337204,5
5689033,2022,deep_water,random_draw,0,541245,5048805,0.08098499755859374,0.32312199707031253,2.2939169554710385e-5,104.2058563232422,49.485694885253906,0,101700,-2.05731201171875,0,0,5
5687239,2022,glint,annotated,0,540915,5047605,0.12128599853515624,0.3264639892578125,1.7925989623069763e-5,83.7456283569336,16.29615020751953,0,2700,-0.100982666015625,0.03225806355476379,0.06666667014360428,5
5688010,2022,dry,annotated,0,541095,5045115,0.10367900390625,0.2312669921875,3.99110044670105e-5,38.96246719360352,13.638721466064451,900,12600,0.007965087890625,0.774193525314331,0,4
5688107,2022,terrain,annotated,0,541095,5045025,0.06665,0.15944300537109374,2.474725818157196e-5,20.8187313079834,2.094381809234619,900,12600,0.007965087890625,0.6875,0,4
5688179,2022,terrain,annotated,0,541125,5045085,0.0610489990234375,0.15128900146484375,4.310596266269684e-5,33.3121452331543,11.036707878112791,900,12600,0.007965087890625,0.8387096524238586,0,2
5688259,2022,dry,annotated,0,541125,5043135,0.06605599975585938,0.2368139892578125,2.8074405596256257e-5,110.82596588134766,23.492164611816406,900,6300,0.048675537109375,0.20000000298023224,0,5
5688498,2022,terrain,annotated,0,541155,5043075,0.03201300048828125,0.1126280029296875,1.5761109204292297e-5,28.52456283569336,15.022024154663086,900,6300,-0.04241943359375,1,0.0714285746216774,3
5688335,2022,deep_water,random_draw,0,541155,5041605,0.0513780029296875,0.1144239990234375,1.8007524542808534e-5,75.54412078857422,37.51646423339844,900,25200,0.044158935546875,0.6875,0.25,5
5688679,2022,deep_water,random_draw,0,541185,5041455,0.0624510009765625,0.14798599853515626,1.759955562353134e-5,55.65971755981445,20.953872680664063,900,25200,-0.05438232421875,0.75,0.0625,4
5688972,2022,deep_water,random_draw,0,541245,5041545,0.04502799987792968,0.11048299560546876,1.3791722657680511e-5,61.79727935791016,38.47891998291016,900,25200,0.028167724609375,1,0.800000011920929,4
5687941,2022,dry,annotated,0,541065,5040435,0.09770800170898436,0.259964990234375,2.921516031265259e-5,82.40735626220703,22.401140213012695,0,35100,-0.339935302734375,0.3636363744735718,0,5
5688188,2022,dry,annotated,0,541095,5040285,0.09511199951171875,0.19846600341796872,1.965699319601059e-5,73.3311538696289,18.1999454498291,0,35100,-0.450286865234375,0.09090909361839294,0,5
5689132,2022,dry,annotated,0,541275,5040315,0.08563800048828125,0.2174989990234375,2.053649611473083e-5,98.39250183105467,8.424853324890137,0,35100,-0.459259033203125,0,0,5
5688299,2022,hugo_precise,annotated,1,541125,5040315,0.04106900024414062,0.07468599853515626,2.3554416766166684e-5,32.951271057128906,5.441725254058838,900,35100,0.05133056640625,0.9354838728904724,0.0625,2
11087577,2022,deep_water,random_draw,0,569865,5010105,0.06636900024414062,0.2066449951171875,2.666869469642639e-5,92.94908905029295,16.04727554321289,0,7200,-0.1134033203125,0.03448275849223137,0,5
11087657,2022,deep_water,random_draw,0,569865,5010195,0.03948900146484375,0.09348599853515624,1.545050337076187e-5,49.19490814208984,35.59349060058594,900,7200,0.02008056640625,0.1428571492433548,0.15000000596046448,5
11085306,2022,dry,annotated,0,569595,5010315,0.090997998046875,0.2541699951171875,3.238218276977539e-5,124.45128631591795,4.090043544769287,0,118800,-0.291351318359375,0,0,5
11085841,2022,em_veg,annotated,0,569655,5010435,0.05215700073242187,0.144231005859375,2.9009944014549256e-5,120.7333526611328,24.6947021484375,900,118800,-0.165313720703125,0,0,5
11085913,2022,em_veg,annotated,0,569655,5010555,0.0662760009765625,0.1780550048828125,3.1643693857192996e-5,128.53408813476565,9.14175510406494,900,118800,-0.049041748046875,0,0,5
11086218,2022,dry,annotated,0,569715,5010555,0.08741099853515626,0.2395679931640625,3.2129441754817964e-5,122.476806640625,2.752927780151367,900,118800,-0.04302978515625,0,0,5
11086350,2022,em_veg,annotated,0,569715,5010645,0.04888099975585937,0.130002001953125,2.8012230558395382e-5,115.90882873535156,30.380786895751953,900,118800,-0.042724609375,0,0,5
11069251,2022,shallow_viz,annotated,1,568125,5009985,0.02974599914550781,0.057397998046875,2.4006886744499206e-5,63.436248779296875,3.253208637237549,900,39600,0.0277099609375,0.03030303120613098,0.05000000074505806,5
11069359,2022,shallow_viz,annotated,1,568125,5009865,0.03166400146484375,0.07069099731445312,2.377104638338089e-5,62.315948486328125,2.4311881065368652,900,39600,-0.006744384765625,0.03125,0.05263157933950424,5
11068685,2022,dry,annotated,0,568065,5009895,0.05154000244140625,0.12166199951171874,2.3862530624866484e-5,64.9283676147461,2.1436879634857178,900,39600,-0.090301513671875,0,0,5
11069175,2022,dry,annotated,0,568065,5009955,0.0681989990234375,0.1462530029296875,2.48187437582016e-5,73.087158203125,1.61897873878479,0,39600,-0.140716552734375,0,0,5
11070761,2022,dry,annotated,0,568215,5009865,0.055972998046875,0.1259030029296875,2.4162268543243408e-5,68.7908706665039,2.1529347896575928,900,39600,-0.1058349609375,0,0,5
11067939,2022,shallow_viz,annotated,1,567975,5010255,0.03751199951171875,0.08337899780273438,1.750511981725693e-5,69.328887939453125,1.8187804222106936,900,24300,0,0.03125,0,5
11068028,2022,co_precise,annotated,1,568005,5010165,0.03741000061035156,0.07895399780273438,1.7863074347972872e-5,68.0611343383789,0.606106162071228,900,24300,0,0.05882352963089943,0,5
11068347,2022,dry,annotated,0,568035,5010255,0.06130399780273438,0.1426280029296875,1.7396216917037962e-5,132.5743408203125,2.896981000900269,0,24300,-0.033447265625,0,0,5
11068684,2022,dry,annotated,0,568065,5010345,0.0653969970703125,0.154275,1.765988883256912e-5,137.45997619628906,1.535362720489502,0,24300,-0.036407470703125,0,0,5
11048554,2022,hugo_precise,annotated,1,565605,5009985,0.05820700073242187,0.05600900268554688,1.907767349481583e-5,55.0925407409668,4.716383457183838,900,693900,0.40753173828125,0.4285714328289032,0.15789473056793213,5
11049322,2022,dry,annotated,0,565695,5009895,0.082902001953125,0.1634050048828125,1.6910374618768693e-5,120.89590454101564,16.599363327026367,0,693900,-0.299896240234375,0,0,5
11051636,2022,dry,annotated,0,565935,5009835,0.06276900024414063,0.120825,1.6557542651891708e-5,79.536956787109375,6.6204304695129395,0,693900,-0.154693603515625,0,0,5
11054628,2022,dry,annotated,0,566235,5009895,0.0537469970703125,0.112618994140625,1.6833714745044708e-5,77.00154876708984,11.484245300292969,900,693900,-0.182830810546875,0,0,5
11048451,2022,hugo_precise,annotated,1,565575,5010105,0.05405800170898437,0.06094600219726563,2.5133620685338976e-5,59.64369583129883,3.4097843170166016,900,33300,0.022857666015625,0.24137930572032928,0.125,5
11049317,2022,shallow_viz,annotated,1,565665,5010195,0.05130900268554687,0.07464400024414063,2.3079531742334365e-5,48.78550338745117,0.6391604542732239,900,33300,0.022857666015625,0.12121212482452393,0.0625,5
11048416,2022,dry,annotated,0,565575,5010165,0.06400599975585937,0.13187900390625,2.0634442460536955e-5,76.3170394897461,2.849623203277588,0,33300,-0.1785888671875,0,0,5
11048884,2022,dry,annotated,0,565635,5010255,0.05796900024414062,0.1258719970703125,2.1499261612892152e-5,71.29810333251953,2.4344964027404785,0,33300,-0.143096923828125,0,0,5
11043260,2022,dry,annotated,0,564945,5009835,0.05541300048828125,0.12686800537109374,2.3699404296875e-5,109.27311706542967,11.685873031616213,900,28800,-0.098236083984375,0,0,5
11043712,2022,dry,annotated,0,564975,5009925,0.06123400268554687,0.137897998046875,2.4906950867176055e-5,115.0309829711914,8.168643951416016,0,28800,-0.12420654296875,0,0,5
11044395,2022,dry,annotated,0,565065,5009745,0.06229000244140625,0.14276500244140625,2.4781459283828737e-5,121.00122833251952,12.415782928466797,0,28800,-0.100616455078125,0,0,5
11038839,2022,dry,annotated,0,564435,5010135,0.05391300048828125,0.123597998046875,1.757437894821167e-5,118.49966430664064,23.36963653564453,900,46800,-0.017120361328125,0,0,5
11039969,2022,dry,annotated,0,564555,5010135,0.06348300170898437,0.14179599609375,1.681914314031601e-5,115.9745635986328,29.69969940185547,0,46800,-0.091583251953125,0,0,5
11040051,2022,dry,annotated,0,564555,5010225,0.0577969970703125,0.13193800048828125,1.788484891653061e-5,123.26031494140624,24.154321670532227,0,46800,-0.05084228515625,0,0,5
11032559,2022,dry,annotated,0,563745,5010135,0.06836699829101563,0.3058090087890625,3.605451809883118e-5,124.69298553466795,81.58414459228516,0,4500,0.01483154296875,0,0,5
11030929,2022,dry,annotated,0,563535,5009835,0.08157000122070313,0.177902001953125,2.124027814149857e-5,135.837890625,4.737780570983887,0,4500,-0.149139404296875,0,0,5
11007987,2022,deep_water,random_draw,0,560625,5010165,0.07631099853515624,0.2284929931640625,3.322789384365082e-5,134.489990234375,13.784878730773926,0,11700,-0.67987060546875,0,0,5
11008268,2022,deep_water,random_draw,0,560685,5010045,0.10431300048828124,0.3374919921875,3.3438111040592195e-5,124.15911865234376,63.63270950317383,0,11700,-1.676422119140625,0,0,5
11001188,2022,hugo_precise,annotated,1,559425,5009985,0.0616780029296875,0.111925,2.194705438375473e-5,49.02229309082031,5.655536651611328,900,189900,0.042633056640625,0.0833333358168602,0,5
11000773,2022,dry,annotated,0,559335,5009895,0.06371199951171876,0.1412239990234375,2.191202867984772e-5,54.59702682495117,2.5180065631866455,0,189900,-0.244476318359375,0,0,5
11000987,2022,dry,annotated,0,559365,5010015,0.09086900024414064,0.17384000244140624,2.4761655267477037e-5,84.42765808105469,23.69551467895508,900,189900,-0.297149658203125,0.02941176481544971,0.05263157933950424,5
11001578,2022,dry,annotated,0,559485,5009895,0.0625530029296875,0.1396,2.3125987555980683e-5,57.34291458129883,3.0463106632232666,0,189900,-0.230804443359375,0,0,5
10998320,2022,hugo_precise,annotated,1,558885,5010075,0.04560599975585937,0.09125,2.2352705452442172e-5,105.78363037109376,35.758296966552734,900,3600,0.037933349609375,0.0555555559694767,0.3333333432674408,5
10998261,2022,dry,annotated,0,558825,5010075,0.069997998046875,0.14954100341796875,2.2657579352855685e-5,114.38653564453124,11.168739318847656,0,3600,-0.19708251953125,0,0,5
10998463,2022,dry,annotated,0,558915,5010105,0.06726099853515626,0.143706005859375,2.243021847963333e-5,102.1126480102539,11.269725799560549,0,3600,-0.121063232421875,0,0.0476190485060215,5
10989636,2022,dry,annotated,0,557325,5009925,0.1035199951171875,0.2064199951171875,1.9589618471860888e-5,51.03422927856445,2.9049363136291504,0,8100,-0.288604736328125,0,0,5
10988543,2022,shallow_viz,annotated,1,557085,5010105,0.0564219970703125,0.10189400024414062,2.484226018667221e-5,57.21930694580078,18.27852249145508,900,1800,0.00531005859375,0.02564102597534656,0,5
10988624,2022,dry,annotated,0,557085,5010135,0.07703200073242188,0.1723780029296875,3.1346396009922026e-5,93.699676513671875,14.132442474365234,0,1800,-0.1533203125,0,0,5
10973582,2022,co_precise,annotated,1,554955,5010105,0.04853599853515625,0.0732510009765625,3.082269058823586e-5,66.71354675292969,11.913813591003418,900,1145700,0.01644897460931815,0.1111111119389534,0,5
10972415,2022,dry,annotated,0,554835,5010195,0.09166500244140624,0.26733798828125,3.072690909385681e-5,102.9614715576172,24.656936645507813,0,1145700,-0.7474975585938068,0,0,5
10972535,2022,dry,annotated,0,554865,5010525,0.05158300170898437,0.171331005859375,2.5676011188030245e-5,66.45398712158203,9.566895484924316,900,1145700,-0.01773071289068184,0,0,5
10975359,2022,dry,annotated,0,555165,5010075,0.07724600219726563,0.17250799560546876,2.9046009435653687e-5,84.9276351928711,23.63372039794922,0,1145700,-0.20785522460943184,0,0,5
10965062,2022,em_veg,random_draw,0,553905,5010135,0.03881799926757812,0.056875,1.8012618691921235e-5,33.320281982421875,8.301722526550293,900,22500,0.005828857421875,0.7555555701255798,0,3
10965067,2022,em_veg,random_draw,0,553905,5010015,0.0776239990234375,0.185027001953125,2.578205638408661e-5,98.658660888671875,33.15742111206055,0,22500,-0.126983642578125,0,0,5
10965093,2022,em_veg,random_draw,0,553905,5010285,0.03606900024414063,0.06879199829101562,1.871534592270851e-5,35.12469482421875,9.311412811279297,900,22500,0.005828857421875,0.7021276354789734,0,4
10965411,2022,em_veg,random_draw,0,553935,5009985,0.06362100219726563,0.16470899658203125,2.886964826345444e-5,71.58357238769531,33.68080139160156,0,14400,-0.265960693359375,0.0714285746216774,0,5
10965455,2022,em_veg,random_draw,0,553935,5009865,0.04740199890136719,0.06096900024414063,2.639353798866272e-5,37.09391021728515,4.55229377746582,900,14400,0.14471435546875,1,0.2916666567325592,3
10966057,2022,em_veg,random_draw,0,554025,5009835,0.08436500244140625,0.3235239990234375,3.0789710717201236e-5,107.50398254394533,9.867473602294922,0,14400,-1.1317138671875,0,0,5
10953541,2022,em_veg,annotated,0,552075,5010105,0.08526099853515624,0.16568299560546876,2.0250511255264284e-5,100.63092803955078,40.67515182495117,0,27000,-0.212615966796875,0.02083333395421505,0,5
10535643,2022,deep_water,random_draw,0,548055,5010135,0.05491400146484375,0.12026400146484376,3.4692378249168396e-5,103.04045104980467,34.94032669067383,900,3716100,0.034912109375,0.5249999761581421,0,4
10536402,2022,deep_water,random_draw,0,548205,5010195,0.06595399780273438,0.14318800048828126,3.2475189020633696e-5,121.79147338867188,17.56165313720703,900,3716100,-0.4857177734375,0.2432432472705841,0,5
10536487,2022,deep_water,random_draw,0,548235,5010315,0.07403800048828126,0.15567900390625,3.684791193008422e-5,129.8765411376953,8.801865577697754,900,3716100,-0.17108154296875,0.20512820780277252,0,5
10537021,2022,deep_water,random_draw,0,548355,5010195,0.076652001953125,0.1687739990234375,3.136432165622711e-5,104.17090606689452,55.08671951293945,900,3716100,-0.265167236328125,0.2857142984867096,0,5
10537352,2022,deep_water,random_draw,0,548415,5010045,0.04567900085449219,0.090152001953125,3.3945860545635226e-5,114.84058380126952,46.4329719543457,900,3716100,0.071929931640625,0.4878048896789551,0,5
10538612,2022,deep_water,random_draw,0,548655,5010195,0.03640599975585937,0.085422998046875,3.250402495145798e-5,95.84300994873048,15.694784164428713,900,3716100,-0.121826171875,0.3255814015865326,0,5
10538978,2022,deep_water,random_draw,0,548715,5010405,0.02541600036621093,0.03271000061035156,3.945953048229218e-5,99.7207489013672,38.85112380981445,900,3716100,-0.105010986328125,0.4523809552192688,0,5
10539127,2022,deep_water,random_draw,0,548745,5010105,0.04233599853515625,0.0922239990234375,3.198168340921402e-5,51.79109954833984,31.45974349975586,900,3716100,0.4237060546875,0.8372092843055725,0,4
10539347,2022,deep_water,random_draw,0,548775,5010285,0.082702001953125,0.23093701171875,2.9957278714179992e-5,98.74958801269533,18.579692840576172,900,3716100,-0.420989990234375,0.42222222685813904,0,5
15056739,2022,deep_water,random_draw,0,548895,5010075,0.08373300170898437,0.20295999755859376,3.219745414018631e-5,104.1698989868164,14.101125717163086,900,3716100,-0.97869873046875,0.2666666805744171,0,5
10517255,2022,co_precise,annotated,1,544185,5009865,0.03756700134277344,0.10945699462890623,3.070184669494629e-5,45.454444885253906,9.447723388671877,900,12600,0.152099609375,0.0714285746216774,0,5
10517063,2022,dry,annotated,0,544125,5009805,0.07429299926757812,0.3908080078125,3.565358874320984e-5,97.2945785522461,3.5071043968200684,0,12600,-0.444671630859375,0,0,5
10517480,2022,dry,annotated,0,544215,5009775,0.05893599853515625,0.2050389892578125,3.2214345526695255e-5,94.17228698730467,10.66925811767578,900,12600,-0.01263427734375,0.02222222276031971,0,5
10517507,2022,dry,annotated,0,544245,5009895,0.07923900146484375,0.3086919921875,3.290900795698166e-5,100.12779235839844,4.878138065338135,0,12600,-0.505218505859375,0,0,5
10513339,2022,dry,annotated,0,542595,5010135,0.06401699829101562,0.2204300048828125,1.4724453573226927e-5,70.28858184814453,9.14050579071045,900,81900,0.06256103515619316,0,0,5
10513028,2022,shallow_viz,annotated,1,542445,5009565,0.03419700012207031,0.0654760009765625,5.879239114522934e-6,43.6365852355957,0.989512026309967,900,284400,0.004425048828125,0.1627907007932663,0,5
10513261,2022,shallow_viz,annotated,1,542535,5009865,0.03533999938964843,0.06452999877929687,6.086308528184891e-6,55.3680534362793,2.192495822906494,900,284400,0.004425048828125,0.20454545319080353,0.07692307978868484,5
10512853,2022,dry,annotated,0,542415,5009565,0.05513599853515625,0.121552001953125,9.109689028263092e-6,49.58365249633789,2.2155158519744873,900,284400,0.004425048828125,0.04444444552063942,0,5
10513146,2022,dry,annotated,0,542505,5009835,0.06184099731445312,0.12641099853515625,1.0499717977046969e-5,69.86065673828125,5.669940948486328,900,284400,0.004425048828125,0.02380952425301075,0,5
10513227,2022,dry,annotated,0,542535,5009925,0.053677001953125,0.11776600341796876,1.1266384007930757e-5,50.7420768737793,4.260444164276123,900,284400,0.004425048828125,0.09302325546741486,0,5
10502335,2022,dry,annotated,0,538365,5010015,0.088577001953125,0.3216889892578125,3.317137398719788e-5,111.46963500976564,8.706489562988281,0,11700,-0.729736328125,0,0,5
10489295,2022,deep_water,random_draw,0,535185,5010105,0.06572100219726562,0.14936800537109374,2.0037221665382384e-5,103.71648406982422,14.25828742980957,0,522000,0.0048828125,0.13333334028720856,0,5
10489366,2022,deep_water,random_draw,0,535185,5010225,0.07163900146484375,0.1550030029296875,1.9192223331928253e-5,106.0447006225586,11.956151008605955,0,522000,0.0048828125,0.1666666716337204,0,5
10490415,2022,deep_water,random_draw,0,535275,5010075,0.09586099853515626,0.21366298828125,2.512690113067627e-5,107.15276336669922,13.460287094116213,0,522000,0.0048828125,0.0555555559694767,0,5
10490585,2022,deep_water,random_draw,0,535275,5010465,0.01844100036621094,0.04337099914550781,5.744121496677398e-6,12.656630516052246,13.5476713180542,0,522000,0.0048828125,0.6842105388641357,0.06666667014360428,3
10490726,2022,deep_water,random_draw,0,535305,5010255,0.0598760009765625,0.12371199951171875,1.4958400812149048e-5,75.29695892333984,64.045074462890625,900,522000,0.0048828125,0.7297297120094299,0.3333333432674408,4
10491676,2022,deep_water,random_draw,0,535395,5010495,0.01618800048828125,0.03411099853515625,3.888175735473633e-6,13.899104118347168,2.022433042526245,900,522000,0.0048828125,0.9736841917037964,1,1
10491789,2022,deep_water,random_draw,0,535395,5010045,0.04477099914550781,0.115397998046875,1.268015128850937e-5,69.32212829589844,30.88375473022461,900,522000,0.0048828125,0.6052631735801697,0.5625,4
10492318,2022,deep_water,random_draw,0,535455,5010405,0.03150299987792968,0.07948499755859376,1.1087724709510804e-5,57.297325134277344,30.849586486816406,900,522000,0.0048828125,0.8717948794364929,0.5882353186607361,4
10492704,2022,deep_water,random_draw,0,535485,5010135,0.07497100219726563,0.1720989990234375,2.4350202870368957e-5,86.7382583618164,12.59303092956543,0,522000,0.0048828125,0.4146341383457184,0,4
10492834,2022,deep_water,random_draw,0,535515,5010345,0.0897989990234375,0.282418994140625,2.8853789966106414e-5,98.13382720947266,10.69753646850586,0,522000,-0.9158935546875,0,0,5
10482548,2022,em_veg,annotated,0,534375,5010285,0.07116900024414062,0.15914599609375,2.3924531717300415e-5,100.84336853027344,16.966053009033203,900,119700,0.00213623046875,0.3235294222831726,0,5
10483062,2022,em_veg,annotated,0,534495,5010225,0.06711099853515624,0.1522780029296875,2.614793394565582e-5,104.41326141357422,18.97431755065918,900,119700,0.00213623046875,0.25,0,5
10483181,2022,dry,annotated,0,534495,5010165,0.06781799926757813,0.19708199462890624,2.100073803663254e-5,100.9888153076172,36.20844650268555,900,119700,-0.09136962890625,0.20588235557079315,0,5
10484471,2022,em_veg,annotated,0,534705,5010135,0.0612989990234375,0.140572998046875,2.5107288851737975e-5,106.13130950927734,14.979491233825684,900,119700,0.00213623046875,0.03030303120613098,0,5
10484506,2022,dry,annotated,0,534705,5010105,0.058977001953125,0.130768994140625,2.060846255302429e-5,87.56501007080078,35.527984619140625,900,119700,0.00213623046875,0.4444444477558136,0.0714285746216774,4
10472846,2022,em_veg,random_draw,0,532515,5009835,0.05560999755859375,0.17196500244140625,1.975025409221649e-5,72.76881408691406,46.769405364990234,0,900,0.708740234375,0.17142857611179352,0,5
10457058,2022,em_veg,random_draw,0,528015,5010045,0.06761199951171876,0.2611280029296875,2.415393013715744e-5,96.335906982421875,54.23761367797851,0,9000,-0.737335205078125,0.0625,0,5
10457381,2022,em_veg,random_draw,0,528105,5010105,0.07856799926757813,0.2502840087890625,2.2775189032554625e-5,90.416473388671875,14.37475299835205,900,9000,0.049591064453125,0.03225806355476379,0,5
10456746,2022,em_veg,annotated,0,527925,5009715,0.05964199829101562,0.15891300048828125,1.7097971169948577e-5,100.5690689086914,7.077353477478027,900,24300,8.85009765625e-4,0.03333333507180214,0,5
10456855,2022,dry,annotated,0,527985,5009805,0.09334299926757812,0.226,2.519375749588013e-5,90.5014419555664,3.2884442806243896,0,24300,8.85009765625e-4,0,0,5
10457241,2022,em_veg,annotated,0,528075,5009835,0.05684299926757812,0.145577001953125,1.2113998885154725e-5,93.96276092529295,5.64908504486084,900,24300,8.85009765625e-4,0.20000000298023224,0,5
10447512,2022,dry,annotated,0,525765,5009895,0.07942100219726562,0.29497099609375,2.0820415341854097e-5,106.1083526611328,11.55908203125,900,2700,0.095672607421875,0,0,5
10433946,2022,deep_water,random_draw,0,522735,5009805,0.03072799987792968,0.07763300170898438,5.727450430393219e-6,65.218719482421875,37.676971435546875,900,5400,5.18798828125e-4,0.59375,0.5,5
10428624,2022,deep_water,random_draw,0,521295,5010105,0.05969000244140625,0.1219219970703125,8.843444375991821e-6,72.4521255493164,33.642921447753906,900,31500,0.37530517578125,0.7931034564971924,0.7857142686843872,4
10429326,2022,deep_water,random_draw,0,521415,5010165,0.07509099731445312,0.18081500244140625,1.183134249448776e-5,91.36597442626952,29.18289566040039,0,31500,-0.135711669921875,0.34375,0.2142857164144516,4
10429734,2022,deep_water,random_draw,0,521505,5010255,0.107925,0.2456429931640625,1.4519774286746978e-5,113.70657348632813,23.307861328125,0,31500,-0.421875,0,0,5
10429860,2022,deep_water,random_draw,0,521535,5010405,0.06362100219726563,0.0999280029296875,8.41415299654007e-6,94.59911346435548,62.9200439453125,900,31500,-0.08636474609375,0.7428571581840515,1,4
10427649,2022,deep_water,random_draw,0,521115,5009925,0.05351099853515625,0.11335899658203125,1.0818616826534273e-5,93.5502471923828,49.06056213378906,900,25200,-0.07763671875,0.8709677457809448,1,4
10428219,2022,deep_water,random_draw,0,521205,5009925,0.04184700012207031,0.09580800170898436,1.0739714047908785e-5,54.2321662902832,28.324329376220703,900,25200,-0.020965576171875,0.8387096524238586,0.5,3
10428351,2022,deep_water,random_draw,0,521235,5010015,0.03238399963378906,0.06098099975585937,4.341111890077591e-6,19.24279403686523,10.588939666748049,900,25200,0.18756103515625,1,1,1
10425303,2022,dry,annotated,0,520755,5009925,0.10304599609375,0.2403889892578125,2.046175279855728e-5,117.53117370605467,10.856820106506348,0,12600,-0.610107421875,0,0,5
10425559,2022,em_veg,annotated,0,520785,5009895,0.07124099731445313,0.15602900390625,1.1541664328575134e-5,104.10320281982422,30.11703109741211,0,12600,-0.06427001953125,0.15625,0,5
10425797,2022,dry,annotated,0,520845,5009985,0.07570499877929687,0.1590449951171875,8.93820101737976e-6,111.7374038696289,13.562695503234863,900,12600,-0.152099609375,0.23333333432674408,0.0625,5
10425930,2022,em_veg,annotated,0,520845,5009925,0.07634099731445312,0.177902001953125,1.3814667699337005e-5,105.01140594482422,23.099929809570313,0,12600,-0.296142578125,0.3333333432674408,0.13333334028720856,5
10425973,2022,dry,annotated,0,520875,5009895,0.09268400268554688,0.2522280029296875,2.0714126975536343e-5,101.27548217773438,14.699728965759276,0,12600,-0.62640380859375,0,0,5
10426416,2022,em_veg,annotated,0,520935,5009955,0.06414000244140625,0.13751800537109374,8.05741657972336e-6,114.0620574951172,11.901161193847656,900,12600,-0.102935791015625,0.13793103396892548,0,5
10424123,2022,dry,annotated,0,520545,5011215,0.0788030029296875,0.178493994140625,7.858027205467225e-6,103.77951049804688,31.919477462768555,0,62100,-0.455078125,0.2068965584039688,0.0714285746216774,5
10424345,2022,dry,annotated,0,520575,5011335,0.05197100219726562,0.09977100219726565,5.178509840965271e-6,56.853179931640625,43.83733749389648,900,62100,-0.205718994140625,0.9666666388511658,1,4
10424411,2022,deep_viz,annotated,0,520575,5011485,0.04615599975585938,0.0785280029296875,4.6756294298172e-6,7.773580551147461,8.300633430480957,900,62100,0.0228271484375,1,1,3
10424561,2022,deep_viz,annotated,0,520605,5011335,0.03971700134277343,0.0553530029296875,3.957754019498825e-6,3.219432592391968,0.5218793749809265,900,62100,0.04010009765625,1,1,1
10424563,2022,dry,annotated,0,520635,5011035,0.11242099609375,0.2427820068359375,1.346329106092453e-5,128.1516876220703,28.41826629638672,0,62100,-0.986602783203125,0.03030303120613098,0,5
10424631,2022,deep_viz,annotated,0,520635,5011245,0.04270199890136719,0.05080599975585937,4.258297049999237e-6,2.4558610916137695,0.34595298767089844,900,62100,0.04010009765625,1,1,1
10419132,2022,deep_water,random_draw,0,519825,5012295,0.05063800048828125,0.1318199951171875,8.525002529621124e-6,23.218515396118164,50.967918395996094,900,4979700,-0.018218994140625,1,0.9230769276618958,4
10420160,2022,deep_water,random_draw,0,519945,5012175,0.03578099975585937,0.04113999938964843,3.5666037678718566e-6,13.563846588134766,1.8760621547698977,900,4979700,0.038543701171875,1,1,1
10420722,2022,deep_water,random_draw,0,520005,5010975,0.04776300048828125,0.16260699462890624,1.4042671501636506e-5,31.846235275268555,37.479095458984375,900,4979700,-0.95343017578125,1,1,3
10421643,2022,deep_water,random_draw,0,520155,5011185,0.03940899963378906,0.04128200073242187,3.930409109592438e-6,5.654407978057861,0.29586371779441833,900,4979700,0.038543701171875,1,1,1
10422302,2022,deep_water,random_draw,0,520245,5012025,0.03979599914550781,0.04308099975585938,3.968762575387955e-6,10.355228424072266,0.7141871452331543,900,4979700,0.038543701171875,1,1,1
10422509,2022,deep_water,random_draw,0,520275,5011845,0.03287200012207031,0.03658999938964844,3.2760628366470342e-6,8.487286567687988,0.7051481604576111,900,4979700,0.038543701171875,1,1,1
10422642,2022,deep_water,random_draw,0,520305,5011935,0.03757000122070313,0.04147099914550781,3.7459631192684175e-6,10.411421775817873,0.7474169135093689,900,4979700,0.038543701171875,1,1,1
10422656,2022,deep_water,random_draw,0,520305,5011215,0.03781499938964844,0.04303200073242187,3.770107564926147e-6,5.051199436187744,0.4599435925483704,900,4979700,0.038543701171875,1,1,1
10423091,2022,deep_water,random_draw,0,520365,5011695,0.03254299926757812,0.03844500122070312,3.242481317520141e-6,8.036685943603516,0.870535135269165,900,4979700,0.038543701171875,1,1,1
10423747,2022,deep_water,random_draw,0,520455,5011515,0.04509599914550781,0.0902989990234375,7.844851515293121e-6,12.2268648147583,10.65019416809082,900,4979700,0.007537841796875,1,1,3
10418273,2022,deep_water,random_draw,0,519765,5013045,0.052025,0.12203299560546876,5.754903371334076e-6,111.03759002685548,13.165726661682127,900,59400,-0.509735107421875,0.15625,0,5
10418919,2022,deep_water,random_draw,0,519825,5013225,0.03082999877929687,0.05321799926757813,4.167357729673386e-6,41.7874870300293,20.58538246154785,900,59400,0.2757568359375,0.9375,0.5714285969734192,3
10419235,2022,deep_water,random_draw,0,519825,5013345,0.07734199829101562,0.35024599609375,2.4151083798408503e-5,112.56092071533205,21.56430435180664,0,59400,-2.462188720703125,0,0,5
10420017,2022,deep_water,random_draw,0,519915,5013165,0.061875,0.15164300537109374,1.2943497457504273e-5,111.45989227294922,31.511938095092773,900,59400,-0.709747314453125,0.125,0.1428571492433548,5
10420230,2022,deep_water,random_draw,0,519945,5013375,0.04674599914550781,0.13503499755859374,6.506213233470917e-6,89.36414337158203,34.58432388305664,900,59400,-0.15478515625,0.19354838132858276,0.125,5
10420532,2022,deep_water,random_draw,0,519975,5013255,0.0280510009765625,0.04782900085449219,3.7650345289707182e-6,22.550891876220703,9.042957305908203,900,59400,0.28411865234375,1,1,1
10420908,2022,deep_water,random_draw,0,520035,5013345,0.0427739990234375,0.149827001953125,8.869851152896881e-6,93.40144348144533,20.16582489013672,900,59400,-0.124969482421875,0.65625,0.625,4
10422160,2022,dry,annotated,0,520215,5013975,0.06478699951171875,0.2441030029296875,1.5400385620594025e-5,105.29578399658205,38.775245666503906,900,8100,-0.38241577148431816,0.16129031777381897,0,5
10422259,2022,dry,annotated,0,520245,5014815,0.06156599731445313,0.17256199951171874,8.400862662792206e-6,97.39714050292967,32.07926940917969,0,39600,-0.74462890625,0,0,5
10422878,2022,dry,annotated,0,520335,5015055,0.04893200073242187,0.12946800537109374,7.638869886398315e-6,64.88866424560547,34.156070709228516,900,39600,-0.310333251953125,0.6000000238418579,0.2142857164144516,4
10422989,2022,dry,annotated,0,520335,5014785,0.06237899780273438,0.2479080078125,1.412622002363205e-5,97.020355224609375,38.537479400634766,900,39600,-0.8360595703125,0.3333333432674408,0.5,5
10421922,2022,deep_water,random_draw,0,520215,5018055,0.03478900146484375,0.06757000122070313,8.01465889453888e-6,36.39878463745117,19.577133178710938,900,49500,0.19390869140625,1,1,3
10422982,2022,deep_water,random_draw,0,520365,5018175,0.04684299926757812,0.118081005859375,1.1215637025833129e-5,75.026336669921875,44.725345611572266,900,49500,-0.171966552734375,0.6060606241226196,0.6875,4
10423409,2022,deep_water,random_draw,0,520425,5018085,0.04216799926757812,0.10076300048828124,8.806031682491303e-6,66.62345886230469,36.74393081665039,900,49500,-0.003173828125,0.9696969985961914,1,4
10423858,2022,deep_water,random_draw,0,520485,5018265,0.0424989990234375,0.106575,1.0107778458595276e-5,63.196754455566406,41.857879638671875,900,49500,-0.001251220703125,1,0.8125,4
10424051,2022,deep_water,random_draw,0,520515,5018145,0.03539599914550781,0.09643300170898438,9.849143674373627e-6,28.001230239868164,21.06756019592285,900,49500,0.180999755859375,0.9428571462631226,0.5714285969734192,3
10424343,2022,deep_water,random_draw,0,520575,5018295,0.0619239990234375,0.19531600341796876,1.0655402252674102e-5,105.63288879394533,55.889137268066406,900,49500,-0.4014892578125,0.08571428805589676,0.13333334028720856,5
10421601,2022,deep_water,random_draw,0,520155,5018025,0.07298400268554688,0.18438900146484377,1.8920507781505583e-5,92.85717010498048,30.52603530883789,900,4500,0.09423828125,0.3030303120613098,0.6428571343421936,4
10419592,2022,deep_viz,annotated,0,519885,5019255,0.02993900146484375,0.05277100219726562,4.136775283813476e-6,53.71839904785156,8.937315940856934,900,54000,0.234649658203125,1,1,2
10420106,2022,dry,annotated,0,519945,5019315,0.0355239990234375,0.083952001953125,4.645178275108337e-6,41.293243408203125,20.207204818725582,900,54000,0.068511962890625,0.9666666388511658,0.9285714030265808,4
10420436,2022,deep_viz,annotated,0,519975,5019285,0.02876799926757812,0.0514469970703125,4.03070084810257e-6,33.0102424621582,12.257164001464844,900,54000,0.234649658203125,0.9677419066429138,1,2
10421069,2022,dry,annotated,0,520065,5019255,0.059175,0.18626199951171876,1.3925680239200591e-5,92.20539855957033,37.904048919677734,900,54000,-0.48980712890625,0.5161290168762207,0.9333333373069764,4
10421440,2022,dry,annotated,0,520125,5019435,0.08579500122070312,0.3143830078125,1.940494654893875e-5,125.35424041748048,19.282453536987305,0,54000,-1.3084716796875,0.03125,0,5
10421531,2022,deep_viz,annotated,0,520125,5019315,0.03247799987792969,0.07528800048828126,5.777101917266845e-6,53.062957763671875,24.795839309692383,900,54000,0.209075927734375,1,1,3
10421885,2022,deep_water,random_draw,0,520185,5019375,0.03138299865722656,0.05876400146484375,4.897630478143692e-6,40.82518005371094,3.219208002090454,900,21600,0.234893798828125,1,0.9285714030265808,3
10422570,2022,deep_water,random_draw,0,520305,5019375,0.07803400268554687,0.2580860107421875,2.1799278957843782e-5,109.53207397460938,10.430588722229004,0,21600,-1.8106689453125,0.02941176481544971,0.13333334028720856,5
10422708,2022,deep_water,random_draw,0,520305,5019465,0.06511599731445313,0.20021199951171875,9.956395037174224e-6,111.00936889648438,33.318302154541016,0,21600,-0.54522705078125,0.03030303120613098,0,5
10423232,2022,deep_water,random_draw,0,520395,5019405,0.07473300170898438,0.2561919921875,2.206937210083008e-5,108.80995178222656,14.001108169555664,0,21600,-1.27667236328125,0.03125,0,5
10412609,2022,dry,annotated,0,519255,5019795,0.04636900024414062,0.08772899780273437,5.835687019824982e-6,59.280025482177734,4.120349884033203,900,168300,0.13873291015625,0.25,0.1764705926179886,5
10413291,2022,terrain,annotated,0,519285,5019825,0.0560719970703125,0.14928399658203126,1.1283523635864258e-5,49.68019104003906,12.606096267700195,900,168300,0.04254150390625,0.5,0.6470588445663452,5
10413595,2022,dry,annotated,0,519345,5019765,0.06005599975585937,0.17346800537109375,1.6956246819496155e-5,96.11492156982422,14.699592590332031,900,168300,-0.3929443359375,0.09375,0,5
10414333,2022,terrain,annotated,0,519405,5019885,0.05197999877929687,0.12520899658203125,8.814537250995635e-6,42.772125244140625,8.1943998336792,900,168300,0.103729248046875,0.3125,0.625,5
10415964,2022,dry,annotated,0,519555,5019885,0.05831900024414063,0.17585699462890625,1.9574403512477876e-5,91.94152069091795,8.439886093139648,0,168300,-0.385528564453125,0,0,5
10400756,2022,deep_water,random_draw,0,517725,5019795,0.061752001953125,0.298864990234375,3.246092162132263e-5,109.6165008544922,9.195856094360352,0,4500,0.006988525390625,0,0,5
10379850,2022,dry,annotated,0,513015,5020125,0.06743099975585938,0.15079300537109375,3.451224709749222e-5,118.43515014648438,16.00068473815918,900,111600,0.112152099609375,0.03333333507180214,0,5
10380415,2022,dry,annotated,0,513135,5020005,0.08510499877929688,0.200672998046875,3.21333445930481e-5,113.40792846679688,19.50811195373535,900,111600,-0.0732421875,0,0,5
10380528,2022,dry,annotated,0,513165,5020095,0.05431500244140625,0.120868994140625,3.390600714206696e-5,131.30429077148438,8.641607284545898,900,111600,0.476287841796875,0.03333333507180214,0.0714285746216774,5
10380562,2022,em_veg,annotated,0,513165,5019915,0.05377000122070313,0.12820699462890625,3.359401369333267e-5,122.72017669677734,21.83793258666992,900,111600,0.51385498046875,0.06666667014360428,0,5
10380622,2022,em_veg,annotated,0,513195,5020035,0.0519760009765625,0.13188699951171876,2.6060450699329377e-5,103.25025177001952,54.18516540527344,900,111600,0.50323486328125,0.06666667014360428,0.06666667014360428,5
10380678,2022,em_veg,annotated,0,513195,5019855,0.064047998046875,0.15926199951171874,3.286930064439774e-5,118.0420913696289,19.413637161254883,900,111600,0.439971923828125,0.06896551698446274,0,5
10341479,2022,dry,annotated,0,504705,5019885,0.0824469970703125,0.19255699462890624,2.9389634330272675e-5,145.53367614746094,14.226008415222168,0,900,-0.291748046875,0,0,5
10333016,2022,em_veg,random_draw,0,503295,5019705,0.04746499938964844,0.086225,7.450613541603088e-6,117.13555908203124,69.179901123046875,900,9000,0.13421630859375,0.16129031777381897,0,5
10317855,2022,dry,annotated,0,500715,5019495,0.0639030029296875,0.2418679931640625,2.882273171186447e-5,78.713165283203125,11.53283977508545,0,449100,-0.740234375,0.06060606241226196,0,5
10318031,2022,dry,annotated,0,500745,5019735,0.06608400268554687,0.2928550048828125,2.83727543926239e-5,99.547210693359375,21.802892684936523,0,449100,-1.313934326171875,0,0,5
10318793,2022,dry,annotated,0,500835,5019555,0.09285499877929689,0.2808489990234375,3.2910607550144195e-5,118.94109344482422,18.662410736083984,0,449100,-0.78472900390625,0,0,5
10319301,2022,deep_viz,annotated,0,500955,5019525,0.04338599853515625,0.09662999877929689,2.8136914212703705e-5,64.002593994140625,53.534523010253906,900,449100,0.148345947265625,0.36666667461395264,0,5
10319855,2022,em_veg,annotated,0,501075,5019735,0.04993200073242188,0.11365699462890624,3.5022308683395384e-5,119.20095825195313,24.856557846069336,900,449100,-0.481292724609375,0.03333333507180214,0,5
10319957,2022,em_veg,annotated,0,501105,5019675,0.05427899780273437,0.12351500244140624,3.6534616894721984e-5,132.6653289794922,13.83488655090332,900,449100,-0.702423095703125,0.03333333507180214,0,5
10320484,2022,em_veg,annotated,0,501195,5019765,0.04803699951171875,0.11028900146484374,3.278571691274643e-5,100.26903533935548,16.722984313964844,900,449100,-0.606689453125,0.10000000149011612,0,5
10288673,2022,deep_water,random_draw,0,492615,5016585,0.05611900024414063,0.1071949951171875,1.083155880689621e-5,37.68514251708984,10.898603439331056,900,9900,0.05224609374994316,0.75,0.4375,4
10289673,2022,deep_water,random_draw,0,492735,5016555,0.06017999877929687,0.15236700439453124,1.7897805979251863e-5,75.05638885498047,36.1740837097168,900,9900,-0.40939331054693184,0.3939394056797027,0,5
10282459,2022,dry,annotated,0,491385,5016675,0.06527100219726563,0.17842099609375,1.6999866313934324e-5,66.8526382446289,11.01127815246582,900,8100,-0.5958251953125,0.3125,0,5
10281140,2022,co_precise,annotated,1,491085,5016645,0.05674400024414063,0.08116599731445312,7.618879237174987e-6,31.71674156188965,17.995576858520508,900,16200,0.0230712890625,0.8064516186714172,0.625,3
10281139,2022,dry,annotated,0,491085,5016735,0.09464600219726564,0.18666400146484377,1.869014449596405e-5,132.9423828125,35.01975631713867,0,16200,-2.234283447265625,0,0,5
10280852,2022,dry,annotated,0,491025,5016585,0.054872998046875,0.11760899658203124,1.0770667736530304e-5,33.903114318847656,59.44268035888672,900,35100,-0.0750732421875,0.5454545617103577,0.125,4
10280911,2022,dry,annotated,0,491055,5016315,0.05565599975585937,0.11440400390625,1.2493107644319536e-5,66.6802978515625,47.63194274902344,900,35100,-0.469146728515625,0.6764705777168274,0.4000000059604645,4
10281244,2022,dry,annotated,0,491115,5016555,0.0806780029296875,0.25226298828125,2.4226722898483277e-5,95.792327880859375,10.816920280456545,0,35100,-1.87939453125,0,0,5
10277765,2022,deep_water,random_draw,0,490275,5016675,0.0754969970703125,0.16004200439453126,2.0155474922657017e-5,91.33506774902344,54.395755767822266,0,7200,-0.93511962890625,0,0,5
10278236,2022,deep_water,random_draw,0,490395,5016645,0.04227099914550781,0.06433699951171876,7.818281283378602e-6,63.7283821105957,63.728294372558594,900,7200,0.123077392578125,0.6774193644523621,0.2142857164144516,4
10278351,2022,deep_water,random_draw,0,490425,5016525,0.09466699829101564,0.1966199951171875,2.809291360616684e-5,138.31324768066406,10.794824600219728,0,5400,-3.493194580078125,0.02941176481544971,0,5
10275444,2022,deep_water,random_draw,0,489825,5016675,0.07951400146484375,0.2324159912109375,2.470089723110199e-5,106.9604721069336,43.440818786621094,0,1800,-0.99761962890625,0,0,5
10269762,2022,co_precise,annotated,1,488715,5016855,0.04383099975585938,0.0645489990234375,5.152484494447708e-6,70.95711517333984,43.28433609008789,900,22500,0.024932861328125,0.8999999761581421,0.06666667014360428,4
10269530,2022,dry,annotated,0,488685,5016825,0.07761799926757812,0.20422099609375,2.149401534318924e-5,125.88357543945313,22.6358642578125,0,22500,-1.038726806640625,0,0,5
10269897,2022,dry,annotated,0,488745,5016915,0.07812899780273437,0.19107099609375,2.280539917230606e-5,134.1957550048828,27.965160369873047,0,22500,-1.52423095703125,0.03125,0,5
10270404,2022,dry,annotated,0,488835,5016855,0.07471900024414062,0.1783719970703125,1.8838638617992403e-5,121.08690643310548,58.99811935424805,0,22500,-1.161590576171875,0.03225806355476379,0,5
10248477,2022,dry,annotated,0,484515,5015565,0.07300399780273438,0.15624100341796876,2.023504234790802e-5,143.11109924316406,14.023320198059082,0,12600,-1.48779296875,0,0,5
10249566,2022,dry,annotated,0,484665,5015415,0.07597999877929687,0.17414000244140626,2.20451886177063e-5,74.68902587890625,42.349952697753906,0,12600,-0.583404541015625,0.190476194024086,0,5
10245932,2022,deep_water,random_draw,0,484215,5012685,0.08049600219726563,0.21902099609375,2.4043705463409423e-5,111.36662292480467,16.446916580200195,0,72000,-2.4404296875,0,0,5
10246149,2022,deep_water,random_draw,0,484245,5012805,0.08656400146484375,0.2594010009765625,2.700332096576691e-5,113.46151733398438,7.717154026031494,0,72000,-2.89984130859375,0,0,5
10246833,2022,deep_water,random_draw,0,484335,5012715,0.06264199829101562,0.12976600341796876,1.5446832497119903e-5,74.126312255859375,34.79802322387695,900,72000,-0.561767578125,0.782608687877655,0.8888888955116272,4
10247466,2022,deep_water,random_draw,0,484425,5012625,0.0662010009765625,0.17923299560546874,1.9906879148483276e-5,96.83907318115234,32.253231048583984,900,72000,-1.1968994140625,0.5416666865348816,0.3076923191547394,4
10247815,2022,deep_water,random_draw,0,484455,5012775,0.05958200073242187,0.1392239990234375,2.009803012847901e-5,66.70378112792969,30.86594009399414,900,72000,-0.454681396484375,0.75,0.2307692319154739,4
10248766,2022,deep_water,random_draw,0,484545,5012655,0.05625,0.09741699829101562,1.2021258815526962e-5,34.50363540649414,20.91191864013672,900,72000,0.457061767578125,0.9166666865348816,1,4
10249054,2022,deep_water,random_draw,0,484605,5012775,0.04249400024414063,0.0986739990234375,2.150065966129303e-5,90.89073181152344,48.56169509887695,900,72000,0.50250244140625,0.0416666679084301,0,5
10250030,2022,dry,annotated,0,484725,5009715,0.0688510009765625,0.224347998046875,2.0332959754467013e-5,90.77647399902344,14.227984428405762,900,276300,-1.622314453125,0.52173912525177,0,5
10250577,2022,em_veg,annotated,0,484815,5010135,0.059677001953125,0.14138199462890624,1.2412543573379515e-5,69.7382583618164,27.613536834716797,900,276300,-0.373779296875,0.4399999976158142,0,4
10250586,2022,em_veg,annotated,0,484815,5010015,0.06083200073242188,0.13908199462890625,1.324287966966629e-5,77.85737609863281,57.31398010253906,900,276300,-0.43487548828125,0.6399999856948853,0.07692307978868484,4
10250773,2022,em_veg,annotated,0,484815,5009925,0.0617530029296875,0.18402099609375,1.3344427139759063e-5,94.10436248779295,10.49382209777832,900,276300,-0.5906982421875,0.30434781312942505,0,5
10251952,2022,dry,annotated,0,484965,5009925,0.064577001953125,0.19040799560546876,1.3460282311439517e-5,83.47248840332031,14.420689582824709,900,276300,-0.425384521484375,0.40909090638160706,0,5
10255428,2022,deep_water,random_draw,0,485565,5009865,0.08306599731445312,0.2208699951171875,2.8443596222400663e-5,99.3047103881836,78.82755279541016,0,11700,-0.406585693359375,0.1304347813129425,0,5
10255907,2022,deep_water,random_draw,0,485655,5009775,0.05660800170898437,0.15053499755859376,1.9899695823192597e-5,111.36963653564452,62.633358001708984,900,11700,-0.04217529296875,0.2800000011920929,0.4615384638309479,5
10259777,2022,deep_water,random_draw,0,486645,5010405,0.04969800109863281,0.08181900024414063,8.300928837060929e-6,10.598433494567873,0.5665643811225891,900,25200,0.09338378906244316,0.9583333134651184,1,3
10260320,2022,deep_water,random_draw,0,486765,5010435,0.0722010009765625,0.16884100341796876,2.2159624404907227e-5,62.16505813598633,24.183576583862305,900,25200,-0.8279113769531818,0,0.07692307978868484,5
10260376,2022,deep_water,random_draw,0,486765,5010345,0.0525489990234375,0.0902760009765625,9.531846562623978e-6,9.997671127319336,5.2569193840026855,900,25200,0.09338378906244316,0.875,0.8333333134651184,3
10261788,2022,deep_water,random_draw,0,487125,5010075,0.08223200073242187,0.1450489990234375,1.7860111374855043e-5,38.566043853759766,25.770998001098633,900,6300,-0.1827392578125,0.9090909361839294,0.4444444477558136,4
10271676,2022,co_precise,annotated,1,489105,5010285,0.078825,0.09220399780273436,2.535657373547554e-5,98.10801696777344,15.758038520812988,900,12600,0.20751953125,0.0882352963089943,0,5
10271675,2022,dry,annotated,0,489135,5010345,0.071477001953125,0.26542099609375,2.7187272400856014e-5,95.78699493408205,7.139547348022461,0,12600,-1.095947265625,0,0,5
10271698,2022,dry,annotated,0,489135,5010195,0.0771010009765625,0.2739659912109375,2.6360033884048465e-5,95.3614273071289,8.800506591796875,0,12600,-1.61297607421875,0.02941176481544971,0,5
10277121,2022,deep_water,random_draw,0,490125,5008935,0.06224600219726562,0.1784219970703125,2.488261307001114e-5,101.73841857910156,35.346900939941406,0,11700,-1.0191650390625,0.19354838132858276,0,5
10277569,2022,deep_water,random_draw,0,490245,5008935,0.04793999938964843,0.08404400024414062,1.084772019982338e-5,49.18106842041016,18.917421340942383,900,11700,0.04071044921875,0.8666666746139526,0.13333334028720856,4
10277570,2022,deep_water,random_draw,0,490245,5008815,0.06352999877929688,0.16835799560546874,2.383329218149185e-5,83.83503723144531,27.457260131835938,0,11700,-0.92572021484375,0.125,0,5
10277623,2022,deep_water,random_draw,0,490245,5009055,0.06051500244140625,0.17941099853515624,2.2569096801280977e-5,96.2138671875,35.1038932800293,0,11700,-0.597564697265625,0,0,5
10277052,2022,deep_water,random_draw,0,490125,5005515,0.05384500122070312,0.2226800048828125,2.6862712626457215e-5,59.4636116027832,19.87739944458008,900,7200,-0.061614990234375,0.3636363744735718,0,5
10277513,2022,deep_water,random_draw,0,490215,5005455,0.05749299926757812,0.19341600341796877,2.1399223568439484e-5,64.4239730834961,24.852140426635746,900,7200,-0.4697265625,0.8064516186714172,0,4
10277085,2022,co_precise,annotated,1,490125,5002575,0.03237699890136718,0.071677001953125,6.65939311504364e-6,102.96649169921876,19.25587272644043,900,244800,0.0828857421875,0.20000000298023224,0,5
10276301,2022,dry,annotated,0,489975,5002785,0.07393800048828125,0.262325,2.2664110989570618e-5,138.30007934570313,19.915489196777344,0,244800,-0.55145263671875,0,0,5
10276613,2022,terrain,annotated,0,490035,5002485,0.04616400146484375,0.12518900146484374,1.1303862476348878e-5,34.5618782043457,50.1628532409668,900,244800,0.3778076171875,0.5862069129943848,1,5
10276785,2022,dry,annotated,0,490095,5002665,0.05446500244140625,0.170956005859375,1.263261674404144e-5,75.82794952392578,49.288047790527344,900,244800,-0.264434814453125,0.23333333432674408,0,5
10277381,2022,dry,annotated,0,490185,5002365,0.07038699951171876,0.19706300048828124,2.0336251022815703e-5,73.34363555908203,37.22610855102539,900,244800,-0.602752685546875,0.3333333432674408,0.4375,5
10558434,2022,shallow_viz,annotated,1,490065,4971735,0.04543699951171875,0.1228449951171875,1.999065444946289e-5,94.3036880493164,19.456113815307617,900,9000,0.0452880859375,0.20512820780277252,0.7142857313156128,5
10558473,2022,dry,annotated,0,490095,4971765,0.05921300048828125,0.1413300048828125,1.8697839417457585e-5,80.4520034790039,27.042160034179688,900,9000,0.0609130859375,0.29729729890823364,0.4285714328289032,5
10795651,2022,dry,annotated,0,493455,4950495,0.06217899780273437,0.08723800048828124,6.204066668748855e-6,31.157472610473633,12.6578950881958,900,21600,-0.281524658203125,0.7647058963775635,0.692307710647583,3
10795742,2022,hugo_precise,annotated,1,493485,4950465,0.06036099853515625,0.06633200073242188,6.0251061618328095e-6,6.9268364906311035,0.5112847089767456,900,21600,0.010894775390625,1,1,1
10784774,2022,deep_viz,annotated,0,487995,4940955,0.04625499877929687,0.06535999755859374,5.4094556963443755e-6,13.96840476989746,2.55114221572876,900,608400,0.0245361328125,1,1,1
10784781,2022,em_veg,annotated,0,488025,4941045,0.04962200012207031,0.10389100341796877,5.576313080787659e-6,28.721534729003903,12.439571380615234,900,608400,-0.03692626953125,0.9166666865348816,1,3
10785225,2022,em_veg,annotated,0,488385,4941045,0.04407900085449218,0.08052000122070313,9.19101087331772e-6,34.60325241088867,26.310728073120117,900,608400,-0.030853271484375,0.9428571462631226,0.9333333373069764,3
10785690,2022,em_veg,annotated,0,488685,4941045,0.04651700134277344,0.09682899780273438,9.125040848255156e-6,49.448028564453125,52.990360260009766,900,608400,-0.15869140625,0.8484848737716675,1,3
10786450,2022,deep_viz,annotated,0,489075,4941045,0.03574700012207031,0.04533999938964844,4.629390171766281e-6,11.258630752563477,0.5470151305198669,900,608400,0.0584716796875,1,1,1
10787250,2022,deep_viz,annotated,0,489525,4941135,0.04013699951171875,0.05402899780273437,4.941049603223801e-6,9.982307434082031,0.586759090423584,900,608400,0.13446044921875,1,1,1
13422212,2022,hugo_precise,annotated,1,483045,4925295,0.03254200134277343,0.11110999755859376,8.56331314086914e-6,57.304779052734375,19.114784240722656,900,212400,-0.0225830078125,0.4047619104385376,0.8333333134651184,5
13421911,2022,dry,annotated,0,482715,4924815,0.07068099975585937,0.2324929931640625,9.630199098587036e-6,103.75269317626952,21.328170776367188,900,212400,-0.09210205078125,0,0,5
13421951,2022,terrain,annotated,0,482775,4924755,0.06014400024414063,0.1776760009765625,1.2940141842365266e-5,67.561370849609375,19.011255264282227,900,212400,-0.9681396484375,0.4054054021835327,0.8461538553237915,5
13422116,2022,terrain,annotated,0,482985,4924635,0.04908800048828125,0.1712,4.874008703231811e-6,129.94517517089844,21.48773193359375,900,212400,0.03961181640625,0.05000000074505806,0.1666666716337204,5
13422229,2022,dry,annotated,0,483075,4924755,0.06653300170898438,0.30728798828125,8.041328263282777e-6,114.89177703857422,3.849574089050293,900,212400,-0.02398681640625,0,0,5
13422258,2022,dry,annotated,0,483075,4924905,0.050925,0.251522998046875,9.2014618062973e-6,115.1952896118164,8.118873596191406,900,212400,-0.02166748046875,0.0476190485060215,0,5
13422396,2022,co_precise,annotated,1,483315,4921605,0.03397900085449219,0.06041300048828125,4.7124437773227685e-6,146.45806884765625,1.849268913269043,900,24300,0.2921142578125,0.23999999463558197,1,5
13422354,2022,dry,annotated,0,483255,4921635,0.06885499877929688,0.23046201171875,1.55466890835762e-5,95.75543212890624,54.228389739990234,900,24300,-1.17120361328125,0,0.5333333611488342,5
13422379,2022,dry,annotated,0,483315,4921545,0.0575219970703125,0.2302949951171875,9.97936334848404e-6,101.92647552490234,16.318435668945313,900,24300,-0.17181396484375,0.07692307978868484,0.7857142686843872,5
13422524,2022,dry,annotated,0,483435,4921635,0.07068800048828125,0.30028798828125,2.419854050636291e-5,96.760009765625,8.209389686584473,0,24300,-1.310546875,0,0,5
13433929,2022,co_precise,annotated,1,483435,4909905,0.03821400146484375,0.06723800048828125,5.515484331846237e-6,59.7774658203125,2.795819044113159,900,39600,-0.08001708984375,0.6285714507102966,1,5
13433896,2022,dry,annotated,0,483375,4909935,0.07888200073242188,0.3312469970703125,2.6473622946739195e-5,126.09932708740234,41.31877899169922,0,39600,-1.07330322265625,0,0,5
13433899,2022,dry,annotated,0,483405,4909725,0.06813599853515626,0.27854599609375,2.202578808784485e-5,112.03421783447266,9.395166397094728,0,39600,-1.31463623046875,0,0,5
13433938,2022,dry,annotated,0,483465,4909965,0.053427001953125,0.219410009765625,1.2324017794132234e-5,136.1878662109375,30.038129806518555,900,39600,-0.43133544921875,0,0,5
13422561,2022,deep_water,random_draw,0,483435,4912455,0.07451599731445313,0.35839599609375,2.6969019298553467e-5,105.68057250976564,6.642232894897461,0,13500,-0.8948974609375,0,0,5
13422583,2022,deep_water,random_draw,0,483465,4912575,0.0503260009765625,0.13983399658203124,1.0985311934947969e-5,40.68939971923828,11.253954887390137,900,13500,0.04547119140625,0.8157894611358643,0.7058823704719543,5
13422782,2022,deep_water,random_draw,0,483585,4912545,0.0742510009765625,0.328172998046875,2.9469916877746583e-5,91.6473617553711,5.374945163726807,0,13500,-2.3203125,0,0,5
13422658,2022,deep_water,random_draw,0,483495,4913175,0.03603900146484375,0.11190400390625,1.1655683662891387e-5,21.927507400512695,16.467836380004883,900,5400,0.08758544921875,0.8611111044883728,0.4000000059604645,4
14624263,2022,hugo_precise,annotated,1,505215,4841505,0.04592300109863281,0.12813299560546876,1.1078461225032807e-5,73.35343170166016,11.859524726867676,900,45000,-0.2647705078125,0.6000000238418579,0.4444444477558136,5
14624175,2022,em_veg,annotated,0,505125,4841325,0.04271499938964843,0.10334300537109375,1.0711265063285827e-5,50.102840423583984,30.3560733795166,900,45000,0.15264892578125,0.6744186282157898,0.9444444179534912,5
14624204,2022,dry,annotated,0,505185,4841445,0.07508699951171875,0.213377001953125,1.9162393164634703e-5,94.715850830078125,18.102279663085938,0,45000,-0.5550537109375,0.4761904776096344,0,5
14624294,2022,em_veg,annotated,0,505245,4841445,0.04567300109863281,0.1171449951171875,1.1970222451686858e-5,55.400970458984375,42.104637145996094,900,45000,0.15264892578125,0.6590909361839294,1,5
14624295,2022,em_veg,annotated,0,505275,4841385,0.05725599975585938,0.1467800048828125,1.556868857383728e-5,75.89556884765625,21.068195343017575,900,45000,0.14349365234375,0.4791666567325592,0.7222222089767456,5
14624301,2022,dry,annotated,0,505275,4841355,0.06985499877929688,0.17853900146484375,1.8636529548168183e-5,84.84442138671875,25.562597274780273,900,45000,-0.15618896484375,0.5,0.1111111119389534,5
14624344,2022,dry,annotated,0,505305,4841535,0.09478599853515624,0.32499599609375,3.1896311409473425e-5,79.85121154785156,4.928440570831299,0,45000,-1.69842529296875,0,0,5
14622771,2022,hugo_precise,annotated,1,503865,4835355,0.02360099945068359,0.04959500122070312,6.807840871810914e-6,26.544084548950195,12.037840843200684,900,24300,0.139892578125,0.7708333134651184,1,4
14622738,2022,dry,annotated,0,503835,4835475,0.1039,0.3063280029296875,2.516336251020432e-5,92.29070281982422,6.955045700073242,0,24300,-1.181640625,0,0,5
14622842,2022,dry,annotated,0,503955,4835295,0.07646699829101562,0.2297760009765625,2.1883495252132416e-5,96.08607482910156,33.09938049316406,0,24300,-1.5699462890625,0,0.10526315867900848,5
14622848,2022,dry,annotated,0,503955,4835385,0.08339500122070312,0.277718994140625,2.084353892803192e-5,130.5569305419922,13.259746551513672,0,24300,-0.7987060546875,0,0.10526315867900848,5
14676403,2022,hugo_precise,annotated,1,495465,4811715,0.03972099914550781,0.0855719970703125,3.950525662899018e-6,72.324798583984375,7.309930324554443,900,95400,-0.048065185546875,0.10526315867900848,1,5
14676378,2022,dry,annotated,0,495465,4812015,0.04672900085449218,0.1242010009765625,4.6465408611297606e-6,117.45835876464844,12.769371032714844,900,95400,-0.15545654296875,0.1111111119389534,0.9444444179534912,5
14676567,2022,dry,annotated,0,495585,4811715,0.06567999877929688,0.27203798828125,1.6751331992149354e-5,107.11080169677734,9.362297058105469,900,95400,-1.013427734375,0,0.7777777910232544,5
14676680,2022,dry,annotated,0,495675,4811805,0.06772999877929688,0.27142099609375,2.029168241262436e-5,104.85910034179688,12.968663215637209,0,95400,-1.226654052734375,0,0,5
14678204,2022,dry,annotated,0,498375,4810995,0.06365,0.17424300537109377,8.964271821975709e-6,118.76620483398438,29.220115661621097,900,40500,-0.06842041015625,0.0181818176060915,0.6111111044883728,5
14678306,2022,dry,annotated,0,498435,4811145,0.04178099975585937,0.1477219970703125,4.51573888540268e-6,137.45619201660156,27.89527130126953,900,40500,-0.2215576171875,0.06521739065647125,0.7647058963775635,5
14678354,2022,terrain,annotated,0,498465,4811055,0.05097699890136718,0.1381300048828125,7.341670334339141e-6,113.89956665039064,43.66658020019531,900,40500,-0.232177734375,0.08888889104127884,1,5
14678465,2022,dry,annotated,0,498525,4811085,0.04651199951171875,0.13858699951171874,4.622020196914673e-6,118.6797866821289,33.87482833862305,900,40500,-0.09844970703125,0.0625,1,5
14678466,2022,em_veg,annotated,0,498555,4810935,0.06799500122070312,0.2085820068359375,1.670154937028885e-5,103.44015502929688,54.09107971191406,0,40500,-0.716552734375,0,0.1111111119389534,5
14678491,2022,em_veg,annotated,0,498585,4811025,0.0550780029296875,0.1432239990234375,7.569922020435333e-6,111.81273651123048,26.687402725219727,900,40500,-0.00274658203125,0.07407407462596893,0.7058823704719543,5
14680332,2022,co_precise,annotated,1,502185,4811385,0.03767300109863281,0.06741099853515625,4.547194190025329e-6,101.95547485351564,11.548260688781738,900,346500,-0.062744140625,0.01960784383118152,1,5
14680124,2022,em_veg,annotated,0,502005,4811295,0.06816099853515625,0.199756005859375,7.565373735427856e-6,102.86261749267578,8.007222175598145,0,346500,-0.101348876953125,0,1,5
14680447,2022,dry,annotated,0,502275,4811355,0.06519600219726562,0.1504780029296875,8.086494743824005e-6,80.02417755126953,17.41166877746582,900,346500,0.0362548828125,0.07407407462596893,1,5
14680448,2022,dry,annotated,0,502275,4811235,0.07132100219726563,0.308585009765625,3.02507635641098e-5,86.1535873413086,4.16738224029541,0,346500,-2.364593505859375,0,0,5
14680818,2022,dry,annotated,0,502665,4811055,0.06144400024414062,0.17925999755859376,6.115274152755738e-6,101.05206298828124,6.4090423583984375,0,346500,-0.0543212890625,0,1,5
14632378,2022,co_precise,annotated,1,511815,4821195,0.05286500244140625,0.10721700439453125,5.266498839855194e-6,144.3465118408203,25.08285140991211,900,6195600,-0.819793701171875,0.30000001192092896,1,5
14631228,2022,dry,annotated,0,511305,4820745,0.0817739990234375,0.135531005859375,8.160873703956605e-6,58.277244567871094,14.080455780029297,0,6195600,-1.32965087890625,0,0.5555555820465088,5
14631850,2022,deep_viz,annotated,0,511515,4821435,0.05462999877929687,0.08778599853515626,5.446925992965699e-6,18.3595027923584,0.3596893548965454,900,6195600,-0.3564453125,0.8709677457809448,1,2
14631910,2022,deep_viz,annotated,0,511485,4821015,0.05246400146484375,0.07321300048828125,5.232441548109055e-6,15.563626289367676,0.5961997509002686,900,6195600,0.454437255859375,1,1,1
14632177,2022,dry,annotated,0,511635,4820955,0.0891530029296875,0.3204050048828125,3.0520346300601956e-5,75.53050231933594,49.07421875,0,6195600,-2.37994384765625,0,0,5
14685311,2022,dry,annotated,0,511215,4820145,0.081522998046875,0.2156219970703125,8.125996508598328e-6,123.32366180419922,32.18379211425781,0,6195600,-1.210296630859375,0,0.6666666865348816,5
14685728,2022,deep_viz,annotated,0,511455,4819875,0.05420599975585937,0.08000700073242188,5.4058368945121765e-6,13.589160919189451,0.300451397895813,900,6195600,-0.081390380859375,1,1,1
14661621,2022,deep_water,random_draw,0,536475,4826415,0.05004200134277344,0.05646199951171875,6.673316098451615e-6,23.877975463867188,0.4816747307777405,900,5888700,0.29632568359375,1,1,1
14661871,2022,deep_water,random_draw,0,536565,4826355,0.05194199829101562,0.079672998046875,7.283404878377915e-6,38.280662536621094,9.167928695678713,900,5888700,-0.4010009765625,0.9729729890823364,1,3
14662496,2022,deep_water,random_draw,0,536745,4826265,0.0519780029296875,0.09593599853515623,8.308827160596847e-6,79.4894790649414,24.19186210632324,900,5888700,-1.0543212890625,0.7250000238418579,1,4
14662658,2022,deep_water,random_draw,0,536805,4826385,0.04940700073242187,0.05958499755859375,6.9311372685432426e-6,37.40038299560547,23.092241287231445,900,5888700,-0.748626708984375,0.9230769276618958,1,3
14662778,2022,deep_water,random_draw,0,536835,4826265,0.04771700134277344,0.05754400024414062,6.466139870882035e-6,35.93452453613281,16.577552795410156,900,5888700,-0.612457275390625,0.9729729890823364,1,3
14662891,2022,deep_water,random_draw,0,536895,4826175,0.05188400268554687,0.09519600219726562,9.8529289829731e-6,111.03903198242188,12.435683250427246,900,5888700,-1.16815185546875,0.5227272510528564,1,5
14663045,2022,deep_water,random_draw,0,536925,4826355,0.04911300048828125,0.06285800170898438,7.0418846070766455e-6,30.488454818725582,3.656251907348633,900,5888700,-0.814666748046875,0.8461538553237915,1,3
14663258,2022,deep_water,random_draw,0,537015,4826265,0.05033500061035156,0.0729989990234375,7.439546900987624e-6,29.190519332885746,5.194865703582764,900,5888700,-0.811981201171875,0.8974359035491943,1,3
14663928,2022,co_precise,annotated,1,537285,4826055,0.04919500122070312,0.08345999755859375,9.389838452339172e-6,105.01026153564452,11.823741912841797,900,27000,0.05816650390630684,0.25,1,5
14663901,2022,dry,annotated,0,537285,4826175,0.07308200073242188,0.210885009765625,1.506912576198578e-5,111.85152435302734,11.23230266571045,900,27000,-0.30630493164056816,0.07500000298023224,0.7222222089767456,5
14664275,2022,dry,annotated,0,537435,4826145,0.09144400024414062,0.25100400390625,1.6060598762035367e-5,108.6829605102539,9.985852241516112,900,27000,-0.5554199218749432,0.05000000074505806,0.47058823704719543,5
14665429,2022,hugo_precise,annotated,1,537825,4825815,0.04387000122070313,0.07378599853515624,7.619172482490539e-6,67.9097671508789,4.823200702667236,900,49500,0.00494384765630684,0.6333333253860474,1,5
14665150,2022,dry,annotated,0,537765,4825815,0.05666199951171875,0.14048699951171875,1.2000590636730192e-5,122.13089752197266,18.02779006958008,900,49500,-0.05148315429681816,0.12903225421905518,0.7222222089767456,5
14665833,2022,dry,annotated,0,537945,4825815,0.08155499877929688,0.212597998046875,1.4921163563728332e-5,121.33634948730467,19.054834365844727,0,49500,-0.21331787109369316,0.06666667014360428,0.7894737124443054,5
14665919,2022,dry,annotated,0,537975,4825725,0.083075,0.2175889892578125,1.543902411222458e-5,119.6325912475586,13.728774070739746,0,49500,-0.19790649414056816,0.09677419066429138,0.7777777910232544,5
14668565,2022,shallow_viz,annotated,1,539235,4825485,0.04666799926757813,0.07743699951171874,6.9172986829280854e-6,87.18424987792969,6.3246612548828125,900,316800,0.011260986328125,0.09756097197532654,1,5
14668576,2022,shallow_viz,annotated,1,539265,4825575,0.04485599975585937,0.091297998046875,7.612730872631073e-6,89.2011489868164,4.705724239349365,900,316800,0.011260986328125,0.07500000298023224,1,5
14669410,2022,dry,annotated,0,539595,4825605,0.04476700134277343,0.10929300537109377,7.831232688426971e-6,91.294952392578125,5.661515712738037,900,316800,0.011260986328125,0.1538461595773697,1,5
14669865,2022,dry,annotated,0,539835,4825605,0.066802001953125,0.174906005859375,1.2047315802574156e-5,103.57795715332033,6.0282673835754395,0,316800,-0.245208740234375,0.05405405536293983,0.8235294222831726,5
14670073,2022,dry,annotated,0,539925,4825425,0.06347899780273437,0.14047900390625,1.0608981187343596e-5,88.97065734863281,6.8071088790893555,900,316800,-0.204864501953125,0.2307692319154739,1,5
14771081,2022,deep_water,random_draw,0,580275,4821705,0.10359599609375,0.2659260009765625,2.3815433413982392e-5,102.18955993652344,8.1505279541015625,0,4500,-0.701568603515625,0,0,5
14782694,2022,dry,annotated,0,589215,4821945,0.102581005859375,0.2547080078125,1.4762326691150666e-5,112.5044937133789,20.937782287597656,0,70200,-0.206207275390625,0,0.05882352963089943,5
14782974,2022,co_precise,annotated,1,589515,4821795,0.07610599975585937,0.13809100341796876,7.592511961460114e-6,125.46546936035156,23.066362380981445,900,32400,0,0.0810810774564743,1,5
14783002,2022,dry,annotated,0,589545,4821885,0.09084199829101562,0.199825,9.062497549057007e-6,126.01573944091795,12.584202766418455,900,32400,0,0.0625,1,5
14783060,2022,co_precise,annotated,1,589635,4821645,0.06229400024414062,0.10811500244140625,7.058566465377808e-6,100.88285064697266,9.996707916259766,900,11700,0.07205200195318184,0.12121212482452393,0.8823529481887817,5
14783043,2022,dry,annotated,0,589635,4821705,0.089477001953125,0.19249300537109376,1.2326910283565522e-5,102.94021606445313,15.977566719055176,900,11700,-0.37594604492181816,0.11538461595773696,0.9375,5
14783077,2022,dry,annotated,0,589695,4821585,0.11245,0.26707099609375,1.2958215811252592e-5,107.86222839355467,24.576387405395508,900,11700,4.577636719318434e-4,0,0,5
14783132,2022,dry,annotated,0,589755,4821645,0.1017219970703125,0.2504860107421875,1.0147351059913635e-5,110.939208984375,19.80220603942871,0,11700,0.05789184570318184,0,0.05882352963089943,5
14783228,2022,co_precise,annotated,1,589875,4823955,0.05445,0.08956199951171875,5.5927469313144685e-6,29.19503402709961,9.491764068603516,900,13500,0.0196533203125,0.7692307829856873,0.625,4
14783155,2022,dry,annotated,0,589815,4823955,0.065177001953125,0.1205760009765625,6.499707392454147e-6,56.12825012207031,14.133938789367676,900,13500,0.0196533203125,0.4749999940395355,0.4375,5
14783254,2022,dry,annotated,0,589905,4823865,0.0963219970703125,0.19800999755859375,1.4833198065757751e-5,105.92593383789064,29.34965133666992,0,13500,-0.251312255859375,0,0.0625,5
14814603,2022,co_precise,annotated,1,580785,4818345,0.05237100219726563,0.08387999877929687,5.221075348854065e-6,43.35667037963867,2.0568416118621826,900,44100,0.00543212890625,0.4444444477558136,1,5
14814470,2022,dry,annotated,0,580605,4818465,0.08421900024414063,0.20358299560546875,1.5371273081302643e-5,71.830291748046875,4.0051116943359375,0,44100,-0.206024169921875,0,0.1111111119389534,5
14814542,2022,dry,annotated,0,580695,4818435,0.06080800170898437,0.10519200439453125,6.063721897602081e-6,48.200443267822266,11.650260925292969,900,44100,0.00543212890625,0.1860465109348297,0.9444444179534912,5
14814592,2022,dry,annotated,0,580785,4818465,0.06994000244140625,0.1710969970703125,7.614406158924103e-6,70.34907531738281,4.007546901702881,0,44100,-0.00164794921875,0.02222222276031971,0.1111111119389534,5
14901133,2022,dry,annotated,0,658665,4845345,0.07131599731445312,0.1737050048828125,7.1075261569023134e-6,118.74478149414064,28.774747848510746,900,350100,0.00866699218755684,0.30000001192092896,0.875,5
14901477,2022,em_veg,annotated,0,658785,4844955,0.07416500244140625,0.170002001953125,7.393711929321289e-6,108.57684326171876,28.139692306518555,900,350100,0.00924682617193184,0.1818181872367859,1,5
14902084,2022,dry,annotated,0,659055,4845585,0.07931400146484376,0.1683449951171875,8.23548047542572e-6,127.85899353027344,28.040346145629883,900,350100,0.00689697265630684,0.119999997317791,0.75,5
14902440,2022,em_veg,annotated,0,659235,4844955,0.07914199829101562,0.1645030029296875,3.3812180235385896e-5,135.99407958984375,29.48541831970215,900,350100,0.01074218750005684,0.04545454680919647,1,5
14902547,2022,dry,annotated,0,659265,4845615,0.08622000122070313,0.1815489990234375,8.600906736850738e-6,115.409912109375,26.070091247558594,900,350100,0.01074218750005684,0.07999999821186066,0.7142857313156128,5
14902705,2022,em_veg,annotated,0,659355,4845585,0.083547998046875,0.1971550048828125,8.33128392457962e-6,112.77112579345705,28.856969833374023,900,350100,-0.00665283203119315,0.0416666679084301,0.625,5
14366317,2022,dry,annotated,0,657855,4853625,0.08666500244140625,0.2303070068359375,2.5776359765529632e-5,87.15130615234375,28.146120071411133,0,301500,-0.976776123046875,0,0.1428571492433548,5
14366999,2022,dry,annotated,0,657975,4853655,0.07534500122070313,0.3270050048828125,4.045027853012085e-5,78.80525207519531,40.52757263183594,0,301500,-2.53631591796875,0,0,5
14377673,2022,shallow_viz,annotated,1,661065,4864935,0.03739500122070313,0.10803199462890624,3.039756695508957e-5,88.29771423339844,10.206945419311523,900,13500,0.14483642578130684,0.2307692319154739,0,5
14377783,2022,shallow_viz,annotated,1,661095,4864875,0.03707699890136719,0.115756005859375,3.0217745990753175e-5,95.76726531982422,9.50381088256836,900,13500,0.10980224609380684,0.2307692319154739,0,5
14377582,2022,dry,annotated,0,661035,4864965,0.0600260009765625,0.17388499755859374,3.188471104383469e-5,116.32830047607422,4.404862403869629,900,13500,-0.07699584960931816,0.03846153989434242,0,5
14377661,2022,dry,annotated,0,661035,4864905,0.06830399780273437,0.223114990234375,3.3528216106891634e-5,114.5951690673828,5.9008073806762695,900,13500,-0.12557983398431816,0,0,5
14377781,2022,dry,annotated,0,661125,4864935,0.06479000244140624,0.40614599609375,3.93659743642807e-5,70.671142578125,7.979244232177734,0,13500,-0.6716613769530682,0,0,5
14377158,2022,deep_water,random_draw,0,660885,4866015,0.05366599731445312,0.07163800048828126,5.796856421232224e-6,13.281713485717772,1.2666325569152832,900,2193300,0.03558349609375,0.9473684430122375,1,2
14377164,2022,deep_water,random_draw,0,660915,4865625,0.09444000244140624,0.2961570068359375,2.7982750113010406e-5,78.86614990234375,10.403894424438477,0,2193300,-1.138519287109375,0.03999999910593033,0,5
14377233,2022,deep_water,random_draw,0,660915,4865925,0.0469489990234375,0.03646000061035156,4.687127974033356e-6,12.486368179321287,0.35273993015289307,900,2193300,0.03558349609375,1,1,1
14377236,2022,deep_water,random_draw,0,660915,4865775,0.04753399963378906,0.03352000122070312,4.746347086429596e-6,13.198382377624512,0.3912524878978729,900,2193300,0.03558349609375,1,1,1
14377522,2022,deep_water,random_draw,0,661005,4865925,0.0498739990234375,0.04168699951171875,4.979036087989807e-6,12.654982566833496,0.27224332094192505,900,2193300,0.03558349609375,1,1,1
14377558,2022,deep_water,random_draw,0,661005,4865745,0.0475760009765625,0.03402200012207031,4.750445754528046e-6,12.944149017333984,0.38982826471328735,900,2193300,0.03558349609375,1,1,1
14377660,2022,deep_water,random_draw,0,661065,4865655,0.08614600219726562,0.1856920043945313,1.298046858072281e-5,75.55268096923828,12.193231582641602,0,2193300,-0.15533447265625,0.04347826167941093,0.4285714328289032,5
14377778,2022,deep_water,random_draw,0,661095,4865985,0.07585499877929687,0.2736419921875,2.946052707195282e-5,79.0958480834961,48.17839813232422,900,2193300,-0.76220703125,0,0.4444444477558136,5
14377863,2022,deep_water,random_draw,0,661095,4865805,0.051577001953125,0.05633599853515625,5.1468305146694186e-6,13.553318977355955,0.634218156337738,900,2193300,0.03558349609375,1,1,3
14377227,2022,deep_water,random_draw,0,660915,4866825,0.05445700073242187,0.02719200134277344,5.440706617832184e-6,5.936720371246338,1.2009567022323608,900,11312100,0.02142333984375,1,1,1
14377486,2022,deep_water,random_draw,0,661005,4867035,0.05311799926757812,0.02551499938964844,5.3069953688979145e-6,5.245967388153076,0.9173821806907654,900,11312100,0.02142333984375,1,1,1
14377654,2022,deep_water,random_draw,0,661035,4866915,0.05735,0.02906000061035156,5.729932869076729e-6,6.655247688293457,1.7858432531356812,900,11312100,0.02142333984375,1,1,1
14378109,2022,deep_water,random_draw,0,661185,4867155,0.055147998046875,0.02573099975585937,5.510133514106274e-6,7.204717636108398,1.9382067918777464,900,11312100,0.02142333984375,1,1,1
14378154,2022,deep_water,random_draw,0,661215,4867005,0.05891900024414062,0.03063800048828125,5.886699744462967e-6,7.776371955871582,1.7355140447616575,900,11312100,0.02142333984375,1,1,1
14378458,2022,deep_water,random_draw,0,661305,4867125,0.0584469970703125,0.02907099914550781,5.839724940359592e-6,7.402158260345459,3.8325252532958984,900,11312100,0.02142333984375,1,1,1
14378806,2022,deep_water,random_draw,0,661425,4867785,0.05651900024414062,0.02462200012207031,5.6475418585538864e-6,7.120769023895264,1.7032229900360107,900,11312100,0.02142333984375,1,1,1
14378919,2022,deep_water,random_draw,0,661455,4867215,0.0662739990234375,0.05270700073242188,6.61953946530819e-6,15.621350288391112,23.395263671875,900,11312100,0.02142333984375,1,1,3
14379146,2022,deep_water,random_draw,0,661545,4867395,0.0611489990234375,0.03837999877929687,6.108622152805329e-6,13.622588157653809,15.147050857543944,900,11312100,0.02142333984375,1,1,2
14379210,2022,deep_water,random_draw,0,661575,4867515,0.05702000122070312,0.03333099975585937,5.6961551219224925e-6,9.078805923461914,2.6000277996063232,900,11312100,0.02142333984375,1,1,1
14386850,2022,hugo_precise,annotated,1,664155,4868265,0.03481900024414063,0.04673699951171875,4.9517081332206725e-6,85.37158203125,12.557621002197266,900,7200,0.006439208984375,0.23529411852359772,0.875,5
14386689,2022,dry,annotated,0,664125,4868235,0.0627260009765625,0.15038800048828124,1.7215192115306855e-5,98.34691619873048,15.116119384765623,0,7200,-0.37115478515625,0,0,5
14386981,2022,dry,annotated,0,664185,4868265,0.04034500122070313,0.07945900268554687,6.086995676755905e-6,106.9671859741211,18.5040225982666,900,7200,0.006439208984375,0.15789473056793213,0.75,5
14386149,2022,dry,annotated,0,664005,4868505,0.05474500122070312,0.1008760009765625,8.819291141033172e-6,48.74055099487305,14.661765098571776,900,33300,-0.01971435546875,0.8399999737739563,1,4
14386269,2022,dry,annotated,0,664035,4868385,0.05062900085449218,0.09661199951171875,7.400339062213898e-6,58.054344177246094,22.43832015991211,900,33300,7.9345703125e-4,0.8799999952316284,1,4
14386848,2022,dry,annotated,0,664185,4868475,0.07048900146484376,0.16085,1.7785059921741485e-5,99.40168762207033,14.942322731018066,0,33300,-1.402984619140625,0,0,5
14388141,2022,dry,annotated,0,664575,4868895,0.07688599853515625,0.2149989990234375,2.235229164123535e-5,99.34500885009766,13.477987289428713,0,53100,-0.6298828125,0,0.125,5
14388243,2022,dry,annotated,0,664605,4869015,0.057422998046875,0.15435799560546876,1.0077592227458954e-5,79.74632263183594,17.093158721923828,900,53100,-0.12774658203125,0.5,0.8888888955116272,4
14388382,2022,em_veg,annotated,0,664635,4868835,0.062122998046875,0.1779550048828125,1.735548409461975e-5,87.70758819580078,22.396350860595703,0,53100,-0.32025146484375,0.1599999964237213,0.8571428656578064,5
14388474,2022,em_veg,annotated,0,664695,4868985,0.08221799926757813,0.2254550048828125,2.03692099404335e-5,105.1259994506836,10.253498077392578,0,53100,-0.257080078125,0,0.1111111119389534,5
14388552,2022,dry,annotated,0,664725,4868655,0.05729000244140625,0.14284100341796874,1.6074824829101564e-5,87.62761688232422,17.316028594970703,900,53100,-0.10723876953125,0.2800000011920929,0.8571428656578064,5
14387788,2022,shallow_viz,annotated,1,664455,4875075,0.02922000122070312,0.04421900024414062,5.001764868497849e-6,60.59788131713867,4.994386672973633,900,45900,0.0938720703125,0.6428571343421936,0.800000011920929,5
14388043,2022,shallow_viz,annotated,1,664515,4875015,0.02812799987792968,0.03919800109863281,4.810361508131027e-6,62.324893951416016,5.324150562286377,900,45900,0.0938720703125,0.5625,1,5
14387628,2022,dry,annotated,0,664395,4875015,0.08785800170898438,0.21212900390625,2.3618543202877047e-5,88.5125961303711,23.31857109069824,0,45900,-0.450225830078125,0,0,5
14388352,2022,dry,annotated,0,664665,4874985,0.05715800170898438,0.1442760009765625,1.2990397181510926e-5,94.93635559082033,16.605091094970703,900,45900,-0.068328857421875,0.2631579041481018,0,5
14388774,2022,dry,annotated,0,664755,4874955,0.03616000061035156,0.0803719970703125,8.065747482776642e-6,36.2180290222168,5.689514636993408,900,45900,-0.07891845703125,0.5882353186607361,0,5
14388072,2022,hugo_precise,annotated,1,664545,4875675,0.04590199890136719,0.08567999877929687,7.82326629757881e-6,80.21429443359375,30.323863983154297,900,362700,-0.0146484375,0.6666666865348816,1,5
14387624,2022,dry,annotated,0,664395,4875645,0.0643780029296875,0.15201099853515626,1.3202532994747162e-5,106.6055145263672,30.592700958251953,900,362700,-0.19378662109375,0.1428571492433548,0.2857142984867096,5
14387711,2022,deep_viz,annotated,0,664455,4875825,0.0393760009765625,0.04822799987792969,3.925343872308731e-6,20.90203094482422,0.522462785243988,900,362700,0.00616455078125,0.9523809552192688,1,2
14387805,2022,deep_viz,annotated,0,664455,4875735,0.03977900085449219,0.04607099914550781,3.966312407255173e-6,22.606462478637695,0.7316821813583374,900,362700,0.00616455078125,0.9523809552192688,1,2
14388137,2022,dry,annotated,0,664575,4876005,0.07105399780273437,0.16214599609375,1.1370482461452484e-5,90.336212158203125,26.21428871154785,0,362700,-0.11163330078125,0.3333333432674408,0.625,5
14388169,2022,deep_viz,annotated,0,664575,4875795,0.03911000061035156,0.05231099853515625,3.897616333961486e-6,22.905742645263672,0.4979513883590698,900,362700,0.00616455078125,1,1,2
14388745,2022,em_veg,annotated,0,664785,4875705,0.05572899780273437,0.13638599853515626,6.9176785993576044e-6,110.91824340820313,23.65302276611328,900,362700,0.00616455078125,0.1428571492433548,0.800000011920929,5
14389437,2022,em_veg,annotated,0,664935,4876065,0.05713300170898437,0.13101199951171874,9.625985095500943e-6,95.02037811279295,26.123308181762695,900,362700,0.006103515625,0.2222222238779068,0.2857142984867096,5
14390177,2022,dry,annotated,0,665145,4875945,0.07961099853515625,0.204906005859375,1.7043592352867128e-5,83.27594757080078,7.66336727142334,0,362700,-0.113616943359375,0.0476190485060215,0.1428571492433548,5
14390301,2022,em_veg,annotated,0,665145,4876185,0.0591469970703125,0.14046700439453125,1.0748566827774048e-5,107.41301727294922,10.574580192565918,900,362700,0.00616455078125,0.20000000298023224,0.1666666716337204,5
14387066,2022,hugo_precise,annotated,1,664215,4875465,0.05090700073242187,0.0999739990234375,6.767843431234359e-6,40.29563903808594,17.95165252685547,900,3738600,0.01953125,0.699999988079071,1,5
14386449,2022,deep_viz,annotated,0,664065,4875495,0.0569989990234375,0.08374199829101563,5.685199230909348e-6,39.14060592651367,0.9288987517356871,900,3738600,0.01953125,1,1,1
14387205,2022,dry,annotated,0,664275,4876035,0.0554739990234375,0.11903299560546876,8.145637755393982e-6,54.10662078857422,28.86998748779297,900,3738600,0.016510009765625,0.8947368264198303,1,4
14387287,2022,deep_viz,annotated,0,664305,4875585,0.05142899780273437,0.09066099853515625,5.430159519910812e-6,31.63165283203125,0.6424244046211243,900,3738600,0.01953125,0.9090909361839294,1,3
14387343,2022,dry,annotated,0,664335,4875525,0.07825599975585938,0.2622679931640625,3.016064615249634e-5,98.17298889160156,9.33004379272461,0,3738600,-0.38641357421875,0,0,5
14387436,2022,deep_viz,annotated,0,664335,4875705,0.05130800170898438,0.09576599731445312,5.427347044944763e-6,33.46986389160156,1.3821223974227903,900,3738600,0.01953125,0.9545454382896424,1,3
14387506,2022,dry,annotated,0,664365,4875975,0.08401799926757812,0.206993994140625,1.6571045122146607e-5,85.1288833618164,37.36501693725586,0,3738600,-0.605621337890625,0.13636364042758942,0.75,5
14387774,2022,dry,annotated,0,664425,4876845,0.04238500061035156,0.09099099731445312,9.690474083423616e-6,60.32625961303711,15.60813808441162,900,8100,-0.108001708984375,0.6666666865348816,0.875,5
14286112,2022,hugo_precise,annotated,1,664065,4881135,0.03967999877929688,0.08197000122070312,6.07485564827919e-6,85.0879898071289,17.900074005126953,900,143100,0.013336181640625,0.25,0.5714285969734192,5
14285822,2022,dry,annotated,0,663825,4880775,0.0557280029296875,0.145897998046875,9.296998357772828e-6,85.58599853515625,10.92232894897461,900,143100,-0.078460693359375,0.1666666716337204,0.5,5
14286139,2022,dry,annotated,0,664125,4881015,0.04835499877929687,0.12109200439453124,9.015236766338348e-6,68.08198547363281,16.660358428955078,900,143100,-0.13720703125,0.0555555559694767,0.5,5
14286163,2022,dry,annotated,0,664155,4881045,0.05643900146484375,0.1478739990234375,1.1302345032691957e-5,70.16191101074219,29.2556095123291,900,143100,-0.140045166015625,0.05000000074505806,0.2857142984867096,5
14286220,2022,em_veg,annotated,0,664335,4893165,0.03524200134277344,0.05035899963378906,6.270792875289917e-6,32.17741775512695,8.72679328918457,900,43200,0.068267822265625,1,1,3
14286225,2022,em_veg,annotated,0,664335,4893045,0.0309260009765625,0.04221000061035156,4.485796344280243e-6,23.617116928100582,1.6473599672317505,900,43200,0.06842041015625,1,1,3
14286233,2022,dry,annotated,0,664395,4893015,0.06578900146484375,0.198043994140625,1.66880096077919e-5,83.7628402709961,6.800417900085449,0,43200,-0.02825927734375,0.07999999821186066,0,5
14286277,2022,em_veg,annotated,0,664425,4893165,0.02710299987792968,0.03487900085449218,4.380815637111664e-6,20.542585372924805,1.3560459613800049,900,43200,0.06842041015625,1,1,2
14286353,2022,dry,annotated,0,664485,4893135,0.0677469970703125,0.274210009765625,2.914281676769257e-5,72.2392807006836,4.600777626037598,0,43200,-0.7593994140625,0.03999999910593033,0,5
14285870,2022,deep_water,random_draw,0,663915,4895565,0.07716099853515625,0.21140400390625,2.248901028394699e-5,99.38298797607422,13.728232383728027,0,2700,-0.589630126953125,0.03999999910593033,0.2222222238779068,5
14285765,2022,deep_water,random_draw,0,663795,4896135,0.04270199890136719,0.08063900146484375,9.56202761411667e-6,25.857280731201172,18.366188049316406,0,185400,0.056488037109375,0.9615384340286256,0.8999999761581421,3
14285804,2022,deep_water,random_draw,0,663825,4895895,0.03179100036621093,0.03553599853515625,4.0899130141735075e-6,20.78986358642578,2.880647897720337,900,185400,0.12835693359375,1,1,1
14285891,2022,deep_water,random_draw,0,663885,4896015,0.03195599975585937,0.03336600036621093,3.800756945610046e-6,20.60228729248047,1.3614552021026611,900,185400,0.12835693359375,1,1,1
14285923,2022,deep_water,random_draw,0,663915,4895745,0.03431600036621093,0.03499800109863281,3.935089898109436e-6,22.77062225341797,3.2161593437194824,900,185400,0.12835693359375,1,1,1
14285986,2022,deep_water,random_draw,0,663975,4896225,0.03656700134277343,0.05271099853515625,5.153709357976914e-6,21.763025283813477,1.2823158502578735,900,185400,0.12835693359375,1,1,1
14286015,2022,deep_water,random_draw,0,663975,4896135,0.03314700012207031,0.04092799987792969,4.023445067405701e-6,20.221181869506836,1.3276556730270386,900,185400,0.12835693359375,1,1,1
14286097,2022,deep_water,random_draw,0,664065,4896345,0.04496799926757813,0.1256510009765625,8.833869791030883e-6,49.76799392700195,13.373706817626951,900,185400,0.120391845703125,0.800000011920929,1,4
14286145,2022,deep_water,random_draw,0,664125,4895835,0.04327699890136718,0.08345800170898438,8.802632882595063e-6,33.26145935058594,17.404212951660156,900,185400,0.106964111328125,0.9200000166893004,0.8888888955116272,3
14286156,2022,deep_water,random_draw,0,664155,4895715,0.055252001953125,0.1102550048828125,8.296621688604356e-6,42.72658157348633,14.870556831359863,900,185400,0.114013671875,0.8399999737739563,1,4
14286196,2022,deep_water,random_draw,0,664275,4895895,0.05388699951171875,0.12331400146484375,8.820057561397553e-6,63.203163146972656,11.63196086883545,900,185400,0.08123779296875,0.5909090638160706,0.7777777910232544,5
14285732,2022,em_veg,random_draw,0,663765,4896735,0.05921799926757813,0.14742099609375,1.7072511348724365e-5,85.46048736572266,17.203224182128906,0,4500,-0.05963134765625,0.125,0.10000000149011612,5
14285577,2022,dry,annotated,0,663645,4897395,0.05036199951171875,0.1500050048828125,8.967690811157226e-6,87.892791748046875,14.51838493347168,900,25200,3.662109375e-4,0.25,0.8999999761581421,5
14285717,2022,dry,annotated,0,663765,4897365,0.08104000244140624,0.2661260009765625,3.0804617245197295e-5,85.8329086303711,3.6393210887908936,0,25200,-0.18096923828125,0,0,5
14285384,2022,dry,annotated,0,663405,4901805,0.06583099975585938,0.2062580078125,2.7828322887420653e-5,59.604530334472656,7.193316459655762,0,163800,-1.3396911621093182,0,0,5
14285440,2022,deep_viz,annotated,0,663465,4901745,0.05465399780273437,0.06734199829101563,5.453071670532227e-6,27.792478561401367,1.3499083518981934,900,163800,0.00137329101568184,1,1,1
14285465,2022,deep_viz,annotated,0,663495,4901805,0.05121500244140625,0.06808300170898438,5.108192759752274e-6,19.164207458496097,0.31905630230903625,900,163800,0.00137329101568184,1,1,1
14285506,2022,dry,annotated,0,663555,4901655,0.07518200073242187,0.2492340087890625,2.532595356941223e-5,94.6933135986328,29.57177734375,0,163800,-0.5337829589843182,0,0,5
14057635,2022,deep_water,random_draw,0,657165,4912365,0.04113599853515625,0.150556005859375,1.4836572272777557e-5,31.78521156311035,5.182717800140381,900,2700,0.183349609375,0.4166666567325592,0.1111111119389534,5
14058096,2022,dry,annotated,0,657255,4919985,0.084472998046875,0.2123909912109375,2.3534094038009644e-5,97.67243194580078,10.747397422790527,0,17100,-0.78399658203125,0,0,5
14057078,2022,dry,annotated,0,657075,4920435,0.072802001953125,0.176706005859375,1.4713566052913663e-5,76.1766128540039,24.707632064819336,0,18900,-0.01513671875,0.35483869910240173,0.6363636255264282,5
14057084,2022,dry,annotated,0,657075,4920255,0.06266300048828125,0.12508900146484375,7.501565263271331e-6,53.61183547973633,13.49667739868164,900,18900,-9.1552734375e-4,1,1,4
14057550,2022,dry,annotated,0,657135,4920315,0.05638900146484375,0.10385699462890624,7.565210255384446e-6,44.36345672607422,10.638258934020996,900,18900,-0.0015869140625,1,1,4
14058148,2022,dry,annotated,0,657225,4923165,0.0949010009765625,0.20430699462890625,2.1512532749176022e-5,84.1972885131836,13.469304084777832,0,56700,-0.944732666015625,0,0,5
14058394,2022,dry,annotated,0,657315,4923285,0.072372998046875,0.1804170043945313,1.457297658920288e-5,99.23933410644533,23.09906768798828,900,56700,-0.294769287109375,0.1111111119389534,0.4545454680919647,5
14058395,2022,deep_viz,annotated,0,657285,4923225,0.04823299865722656,0.06084000244140625,4.810671755075455e-6,19.303855895996097,0.9306144714355468,900,56700,0.0819091796875,1,1,1
14058735,2022,deep_viz,annotated,0,657345,4923165,0.04975799865722656,0.05396900024414063,4.96494445681572e-6,12.471441268920898,0.4765184819698334,900,56700,0.0819091796875,1,1,1
14059120,2022,deep_viz,annotated,0,657465,4923165,0.052302001953125,0.05995499877929687,5.218730360269547e-6,10.251609802246094,0.26078930497169495,900,56700,0.0819091796875,1,1,1
14059577,2022,dry,annotated,0,657585,4923165,0.069975,0.23377099609375,2.4003956382274628e-5,110.51885986328124,56.997188568115234,0,56700,-0.7344970703125,0,0,5
14056501,2022,deep_water,random_draw,0,656955,4924365,0.05606500244140625,0.15634599609375,1.3647273545265198e-5,66.52698516845703,51.0554084777832,900,4978800,-0.8670654296875,0.9428571462631226,1,4
14056872,2022,deep_water,random_draw,0,657015,4924305,0.02999100036621093,0.03678699951171875,3.056481148004532e-6,9.851439476013184,0.30775606632232666,900,4978800,0.137725830078125,1,1,1
14057065,2022,deep_water,random_draw,0,657045,4924395,0.03697200012207031,0.03404200134277344,3.6879621773958206e-6,10.015868186950684,0.09771329164505003,900,4978800,0.137725830078125,1,1,1
14057187,2022,deep_water,random_draw,0,657075,4924515,0.03370299987792968,0.03151799926757812,3.3609445571899412e-6,10.614274978637695,1.0845195055007937,900,4978800,0.137725830078125,1,1,1
14057394,2022,deep_water,random_draw,0,657135,4924185,0.0446989990234375,0.03984700012207031,4.4609581017494205e-6,9.521352767944336,0.3804607093334198,900,4978800,0.137725830078125,1,1,1
14057727,2022,deep_water,random_draw,0,657165,4924455,0.04194400024414062,0.03542999877929687,4.185947921276093e-6,10.47389793395996,0.8142280578613281,900,4978800,0.137725830078125,1,1,1
14058444,2022,deep_water,random_draw,0,657285,4924155,0.04195400085449219,0.03965,4.185947325825691e-6,9.63888454437256,0.6021521687507629,900,4978800,0.137725830078125,1,1,1
14058579,2022,deep_water,random_draw,0,657315,4924305,0.04820799865722656,0.04141099853515625,4.812204096913338e-6,9.894235610961914,0.7994406819343567,900,4978800,0.137725830078125,1,1,1
14058721,2022,deep_water,random_draw,0,657345,4924485,0.04870799865722656,0.106602001953125,1.1768451573848723e-5,48.067840576171875,36.2774543762207,900,4978800,-0.453369140625,1,1,3
14058766,2022,deep_water,random_draw,0,657345,4924065,0.04294500122070312,0.04191300048828125,4.284738972187043e-6,9.811993598937988,0.15957030653953552,900,4978800,0.137725830078125,1,1,1
14056064,2022,em_veg,annotated,0,656775,4924395,0.06011799926757812,0.14895899658203124,1.3110925798416138e-5,76.9477310180664,24.543577194213867,0,16200,-0.271331787109375,0.17142857611179352,0.3333333432674408,5
14056118,2022,em_veg,annotated,0,656805,4924245,0.09220900268554688,0.23677099609375,2.5447321820259093e-5,111.7038345336914,15.221558570861816,0,16200,-0.997894287109375,0,0,5
14056140,2022,em_veg,annotated,0,656835,4924425,0.05300599975585937,0.130077001953125,9.239240028858184e-6,97.1310577392578,18.198331832885746,900,16200,-0.29852294921875,0.4375,0.25,4
14056168,2022,deep_viz,annotated,0,656835,4924335,0.02845899963378906,0.03985,3.6113722765445703e-6,19.76940155029297,1.0502219200134275,900,16200,0.06378173828125,1,1,1
14056192,2022,deep_viz,annotated,0,656835,4924275,0.0273010009765625,0.04504400024414062,4.593279019594193e-6,18.74566650390625,1.13951575756073,900,16200,0.060699462890625,1,1,2
14056240,2022,dry,annotated,0,656895,4924935,0.06197899780273437,0.1571219970703125,1.3773957669734956e-5,73.31195068359375,22.21820068359375,900,424800,-0.306671142578125,0.5,0.7272727489471436,5
14056471,2022,dry,annotated,0,656955,4924755,0.07749199829101562,0.2248639892578125,2.2336547992229465e-5,99.04637908935548,26.665576934814453,900,424800,-0.67376708984375,0.06666667014360428,0.25,5
14056895,2022,dry,annotated,0,657015,4925835,0.09076599731445312,0.2272780029296875,2.7799292519092563e-5,106.32400512695313,6.7195353507995605,0,424800,-0.759033203125,0.02941176481544971,0,5
14057086,2022,em_veg,annotated,0,657075,4925175,0.06503699951171875,0.16675799560546875,1.5212303252220155e-5,114.50598907470705,13.79986572265625,0,424800,-0.45599365234375,0.06060606241226196,0,5
14057298,2022,glint,annotated,0,657165,4925025,0.0962239990234375,0.2646489990234375,2.819166572570801e-5,108.46978759765624,11.007777214050291,0,424800,-0.91912841796875,0.03030303120613098,0,5
14057490,2022,em_veg,annotated,0,657165,4925235,0.04956400146484375,0.12327900390625,8.570574083328248e-6,91.7711410522461,17.088268280029297,900,424800,-0.315887451171875,0.4375,0.0833333358168602,5
14058515,2022,em_veg,annotated,0,657315,4925325,0.0582989990234375,0.12848199462890625,1.3666795496940612e-5,82.73831939697266,29.3699893951416,900,424800,-0.372283935546875,0.9333333373069764,0.9166666865348816,4
14055577,2022,dry,annotated,0,656595,4924695,0.07831599731445313,0.2467580078125,3.027175369501114e-5,97.2584991455078,6.901362419128418,0,57600,-0.478546142578125,0,0,5
14055684,2022,em_veg,annotated,0,656685,4924695,0.05831799926757812,0.13166400146484375,1.322952517271042e-5,75.837677001953125,12.50611686706543,900,57600,-0.2437744140625,0.5517241358757019,1,4
14055716,2022,deep_viz,annotated,0,656655,4924785,0.031225,0.03657999877929687,3.3997643518447875e-6,32.391849517822266,7.742806434631348,900,57600,0.04168701171875,1,1,2
14055868,2022,deep_viz,annotated,0,656715,4924815,0.03120599975585937,0.04161000061035156,3.470129973888397e-6,20.676233291625977,8.287776947021484,900,57600,0.04168701171875,1,1,1
14055984,2022,deep_viz,annotated,0,656775,4924755,0.03126499938964844,0.04311199951171875,3.5014834046363833e-6,12.990959167480469,4.834120750427246,900,57600,0.04168701171875,0.96875,1,1
14055988,2022,dry,annotated,0,656745,4924905,0.064247998046875,0.1612780029296875,1.589472821712494e-5,76.86735534667969,14.718768119812012,900,57600,-0.286773681640625,0.875,0.8333333134651184,4
14056092,2022,em_veg,annotated,0,656835,4924755,0.0413989990234375,0.10531300048828124,8.210831818580627e-6,56.08527755737305,27.980775833129883,0,57600,-0.05908203125,0.6969696879386902,0.0833333358168602,5
14056207,2022,em_veg,annotated,0,656865,4924665,0.0766010009765625,0.1998510009765625,2.277954541683197e-5,120.3301773071289,9.428296089172363,0,57600,-0.505859375,0.03125,0,5
14055891,2022,deep_water,random_draw,0,656715,4926135,0.03883699951171875,0.09493599853515625,1.560554893732071e-5,81.4838638305664,11.51161289215088,900,35100,-0.258392333984375,0.4615384638309479,0.25,5
14056137,2022,deep_water,random_draw,0,656835,4926045,0.03313099975585937,0.05831099853515625,8.489981650114058e-6,63.38136291503906,23.55023193359375,900,35100,-0.01153564453125,0.40740740299224854,0.7777777910232544,5
14056276,2022,deep_water,random_draw,0,656895,4926195,0.04034100036621094,0.07751799926757813,1.0676927169561386e-5,95.3442153930664,18.149429321289063,900,35100,-0.047882080078125,0.0714285746216774,0.3333333432674408,5
14055730,2022,deep_viz,annotated,0,656685,4926585,0.02479299926757812,0.03851499938964844,4.0142466175556185e-6,21.161298751831055,7.660428524017334,900,46800,0.090972900390625,1,1,2
14055732,2022,deep_viz,annotated,0,656655,4926495,0.0232479995727539,0.03319700012207031,3.700997515916824e-6,49.33143615722656,35.616024017333984,900,46800,0.090972900390625,0.92592591047287,0.9230769276618958,4
14055838,2022,dry,annotated,0,656715,4926405,0.05160499877929687,0.13023499755859377,1.8458306918144225e-5,66.80171203613281,13.126004219055176,0,46800,-2.576873779296875,0,0,5
14055938,2022,dry,annotated,0,656745,4926825,0.0750260009765625,0.252972998046875,3.167655893325806e-5,91.406494140625,19.915616989135746,0,46800,-1.333099365234375,0,0,5
14055939,2022,dry,annotated,0,656745,4926615,0.04731700134277344,0.13059300537109375,1.5875070028305054e-5,73.76618194580078,25.682374954223633,900,46800,-1.273406982421875,0.800000011920929,1,4
14055971,2022,deep_viz,annotated,0,656745,4926705,0.0285239990234375,0.03916000061035156,3.5577274119853973e-6,12.15676975250244,0.3241691589355469,900,46800,0.090972900390625,1,0.9230769276618958,1
14056159,2022,em_veg,annotated,0,656835,4926585,0.06283400268554687,0.155875,1.477173667192459e-5,62.005340576171875,26.586912155151367,900,746100,-0.564483642578125,0.8999999761581421,1,4
14056221,2022,deep_viz,annotated,0,656865,4926735,0.0521510009765625,0.0403739990234375,5.207353068590164e-6,17.832487106323242,0.12781931459903717,900,746100,0.083740234375,1,1,1
14056252,2022,deep_viz,annotated,0,656865,4926615,0.04964299926757812,0.04097900085449219,4.956041012406349e-6,16.163116455078125,0.23919396102428436,900,746100,0.083740234375,1,1,1
14056288,2022,dry,annotated,0,656895,4926885,0.06209099731445312,0.1430280029296875,1.297427728652954e-5,59.41416549682617,18.535316467285156,900,746100,-0.24285888671875,0.5625,1,4
14056346,2022,dry,annotated,0,656925,4926525,0.061577001953125,0.2337,2.5809810738563537e-5,68.7716293334961,20.328441619873047,0,746100,-3.600830078125,0,0,5
14056447,2022,deep_viz,annotated,0,656925,4926825,0.05189199829101562,0.04160299987792969,5.181178562045097e-6,17.872591018676758,0.1252845972776413,900,746100,0.083740234375,1,1,1
14056745,2022,em_veg,annotated,0,656985,4926945,0.0568260009765625,0.15561600341796877,1.6888180282115935e-5,98.08049774169922,10.318608283996582,0,746100,-0.29742431640625,0.11428571492433548,0,5
14057246,2022,dry,annotated,0,657105,4926915,0.06576300048828125,0.181,1.653995395183563e-5,85.93977355957031,18.932861328125,900,746100,-0.6488037109375,0.17142857611179352,0.4615384638309479,4
14057926,2022,em_veg,annotated,0,657195,4927035,0.083522998046875,0.2142169921875,2.5780810952186585e-5,118.83049011230467,9.0026216506958,0,746100,-0.452667236328125,0,0,5
14055415,2022,dry,annotated,0,656505,4930695,0.08317000122070313,0.280897998046875,3.0034278125762944e-5,85.738922119140625,2.336564302444458,0,48600,-2.52801513671875,0,0,5
14055476,2022,terrain,annotated,0,656535,4930665,0.06618499755859375,0.182852001953125,1.8444271128177643e-5,56.81924819946289,7.935204982757568,0,48600,-1.1202392578125,0,0.0833333358168602,5
14055668,2022,terrain,annotated,0,656625,4930755,0.05556199951171875,0.116093994140625,1.019562780737877e-5,51.08269119262695,8.718685150146484,900,48600,-0.035400390625,0.8064516186714172,0.9166666865348816,4
14055913,2022,terrain,annotated,0,656715,4930575,0.04238599853515625,0.05902000122070312,4.9966423630714415e-6,24.111238479614254,6.316578388214111,900,48600,0.0050048828125,1,1,3
14055997,2022,dry,annotated,0,656745,4930665,0.04659599914550781,0.0656219970703125,5.556903408765793e-6,28.152677536010746,7.689453125,900,48600,0.0050048828125,1,1,3
14055785,2022,shallow_viz,annotated,1,656685,4931805,0.04911400146484375,0.1772010009765625,1.838881612539291e-5,41.136810302734375,5.6180877685546875,0,7200,-0.2318115234375,0.125,0,5
14055799,2022,shallow_viz,annotated,1,656685,4931715,0.03478699951171875,0.08011500244140625,8.619287848472595e-6,79.6414794921875,5.37872314453125,900,7200,0.18658447265625,0.12121212482452393,0,5
14055900,2022,dry,annotated,0,656745,4931745,0.07359400024414063,0.2239090087890625,2.6399203824996942e-5,78.7099609375,4.85282039642334,0,7200,-0.59136962890625,0.03030303120613098,0,5
14056780,2022,deep_viz,annotated,0,657015,4932825,0.04435299987792968,0.05175,4.554331156015396e-6,22.765483856201172,0.4150179624557495,900,463500,0.029541015625,1,1,1
14056939,2022,dry,annotated,0,657045,4932645,0.04785,0.07934000244140625,6.180242124795913e-6,34.5869026184082,5.952798843383789,900,463500,0.023712158203125,1,1,4
14057010,2022,deep_viz,annotated,0,657075,4932765,0.04423200073242187,0.0456739990234375,4.412861651182174e-6,21.76475524902344,0.3412152826786041,900,463500,0.029541015625,1,1,1
14057602,2022,dry,annotated,0,657165,4932675,0.1005510009765625,0.2843469970703125,2.8541841688156126e-5,93.8199691772461,4.953371047973633,0,463500,-0.577880859375,0,0,5
14057750,2022,dry,annotated,0,657165,4932885,0.077122998046875,0.19255899658203124,1.7575110473632812e-5,72.150482177734375,10.544260025024414,900,463500,0.029541015625,0.6538461446762085,1,5
14057771,2022,deep_viz,annotated,0,657195,4932795,0.044425,0.05368400268554688,4.430411320924759e-6,23.425634384155273,0.3595014810562134,900,463500,0.029541015625,1,1,1
14062195,2022,co_precise,annotated,1,658455,4932375,0.03399200134277343,0.06435599975585937,3.3802541077136995e-6,41.41294860839844,2.2954447269439697,900,161100,6.103515625e-4,0.5185185074806213,1,5
14062013,2022,em_veg,annotated,0,658425,4932405,0.04117900085449218,0.0877260009765625,4.097057104110718e-6,109.22306823730467,20.892240524291992,900,161100,6.103515625e-4,0.17241379618644714,1,5
14062375,2022,em_veg,annotated,0,658515,4932075,0.0594010009765625,0.166931005859375,5.912270963191986e-6,102.40377807617188,7.841576099395752,0,161100,6.103515625e-4,0,0.75,5
14062380,2022,deep_viz,annotated,0,658515,4932255,0.03418599853515625,0.04936400146484375,3.4041336715221408e-6,23.089599609375,0.6964812278747559,900,161100,6.103515625e-4,0.8620689511299133,1,1
14062547,2022,em_veg,annotated,0,658575,4932435,0.05031000061035156,0.11189599609375,5.0091520905494685e-6,128.0819549560547,12.699943542480469,900,161100,6.103515625e-4,0.1034482792019844,1,5
14062681,2022,deep_viz,annotated,0,658605,4932195,0.03561099853515625,0.05147000122070312,3.5466244459152226e-6,25.977373123168945,1.1070858240127563,900,161100,6.103515625e-4,1,1,1
14062768,2022,deep_viz,annotated,0,658635,4932345,0.03424700012207031,0.05224600219726563,3.4094239044189457e-6,23.7880802154541,1.195614457130432,900,161100,6.103515625e-4,1,1,1
14063124,2022,terrain,annotated,0,658725,4932465,0.06291699829101563,0.145225,6.571487195491791e-6,71.73294830322266,27.451589584350582,900,161100,-0.03515625,0.3571428656578064,1,4
14063253,2022,dry,annotated,0,658755,4932195,0.06962100219726562,0.25805400390625,1.6547656116485594e-5,106.8801040649414,11.591774940490724,0,161100,-0.19622802734375,0,0.0833333358168602,5
14063392,2022,dry,annotated,0,658785,4932315,0.07004299926757812,0.252506005859375,2.7203724122047423e-5,77.47883605957031,4.514962673187256,0,161100,-2.5606689453125,0,0,5
14061849,2022,dry,annotated,0,658365,4932825,0.06767999877929687,0.18294599609375,6.7404914021492e-6,100.8502960205078,8.262984275817871,0,13500,0,0,0,5
14072177,2022,em_veg,random_draw,0,660735,4932465,0.06043200073242187,0.1565280029296875,1.1617282137870788e-5,72.11812591552734,11.676835060119627,900,13500,-0.027587890625,0.23999999463558197,0,5
14072461,2022,em_veg,random_draw,0,660795,4932375,0.07236500244140626,0.17819599609375,1.559957867860794e-5,72.269683837890625,8.03005599975586,0,13500,-0.146148681640625,0.119999997317791,0,5
14072939,2022,em_veg,random_draw,0,660885,4932465,0.06359400024414062,0.163443994140625,1.0372437884807586e-5,87.123443603515625,11.633353233337402,900,13500,-0.058929443359375,0.11538461595773696,0,5
14069895,2022,em_veg,annotated,0,660165,4937565,0.08881199951171875,0.22171201171875,1.3270558726787569e-5,111.11321258544922,16.73859214782715,0,2700,-0.256744384765625,0,0,5
14070230,2022,dry,annotated,0,660225,4937595,0.1046050048828125,0.25663798828125,1.1182650768756866e-5,101.17517852783205,9.88243579864502,0,2700,-0.216522216796875,0,0,5
14070248,2022,em_veg,annotated,0,660225,4937565,0.061052001953125,0.138793994140625,6.90563364982605e-6,98.90520477294922,20.97254943847656,900,2700,-0.004913330078125,0.25,0.6666666865348816,5
14068779,2022,deep_viz,annotated,0,659985,4938855,0.03073299865722656,0.0720219970703125,5.290868020057679e-6,53.269142150878906,35.00103759765625,900,575100,-0.058837890625,0.7241379022598267,0.5454545617103577,4
14068996,2022,deep_viz,annotated,0,660015,4938765,0.02742799987792969,0.0667780029296875,3.9682513618469235e-6,74.83368682861328,22.64496421813965,900,575100,-0.027313232421875,0.3913043439388275,0.7692307829856873,4
14069004,2022,em_veg,annotated,0,660015,4938705,0.04924200134277343,0.14163800048828126,6.1392237877845766e-6,104.01039123535156,11.532703399658203,900,575100,-0.21636962890625,0.10000000149011612,0,5
14069211,2022,em_veg,annotated,0,660045,4938825,0.04006300048828125,0.09600599975585936,9.21982040643692e-6,81.51611328125,14.923094749450684,900,575100,-0.13763427734375,0.31578946113586426,0.27272728085517883,4
14069394,2022,em_veg,annotated,0,660075,4938915,0.06823599853515624,0.16774200439453124,1.983188107967377e-5,93.58876037597656,22.959796905517575,0,575100,-0.22607421875,0,0,5
14069742,2022,deep_viz,annotated,0,660135,4938645,0.03874800109863281,0.05538200073242187,3.860479310750961e-6,61.06649398803711,17.176389694213867,900,575100,0.053436279296875,0.7692307829856873,0.9230769276618958,4
14066785,2022,em_veg,annotated,0,659625,4938705,0.0391260009765625,0.08978699951171876,8.693308582305909e-6,62.03645324707031,13.16945457458496,900,45900,-0.075714111328125,0.40740740299224854,0.27272728085517883,5
14067373,2022,em_veg,annotated,0,659745,4938855,0.04668900146484375,0.10303699951171875,9.59507687330246e-6,68.02547454833984,8.838796615600586,900,45900,-0.12774658203125,0.21875,0.30000001192092896,5
14067389,2022,em_veg,annotated,0,659745,4938675,0.04563500061035156,0.09327000122070311,1.0780903440713882e-5,56.98334884643555,27.072751998901367,900,45900,-0.033233642578125,0.800000011920929,0.7272727489471436,5
14065256,2022,deep_water,random_draw,0,659295,4939185,0.047080999755859373,0.10828699951171876,1.1921764883995056e-5,59.539649963378906,26.463972091674805,900,208800,0.075653076171875,1,0.8461538553237915,4
14065624,2022,deep_water,random_draw,0,659385,4939035,0.07994400024414063,0.20299599609375,2.1037925930023195e-5,77.082733154296875,9.1052827835083,0,208800,-0.445587158203125,0,0,5
14065652,2022,deep_water,random_draw,0,659385,4939275,0.02863500061035156,0.03406199951171875,2.8515891933441165e-6,27.230506896972656,0.8273909091949463,900,208800,0.075653076171875,1,1,2
14065841,2022,deep_water,random_draw,0,659415,4939365,0.03270299987792969,0.04298099975585937,3.626565588712692e-6,20.93378639221191,3.832674980163574,900,208800,0.075653076171875,1,1,2
14066193,2022,deep_water,random_draw,0,659505,4938975,0.09033400268554688,0.2113590087890625,2.5894490745067596e-5,89.7225570678711,14.239901542663574,0,208800,-0.5,0,0.07692307978868484,5
14066313,2022,deep_water,random_draw,0,659505,4939365,0.03187200012207031,0.03931000061035156,3.174854146242142e-6,24.326326370239254,4.135091781616211,900,208800,0.075653076171875,1,1,2
14066353,2022,deep_water,random_draw,0,659535,4939245,0.05940700073242187,0.14287900390625,1.5279500732421873e-5,71.179534912109375,14.726554870605469,0,208800,-0.292266845703125,0.28125,0.1666666716337204,4
14066403,2022,deep_water,random_draw,0,659535,4939125,0.02875700073242187,0.03440400085449219,3.024632685184479e-6,18.357515335083008,0.9417808055877686,900,208800,0.075653076171875,1,1,1
14066646,2022,deep_water,random_draw,0,659595,4939455,0.0562989990234375,0.11986199951171876,1.1786334927082064e-5,56.5646858215332,32.67064666748047,900,208800,-0.0318603515625,0.8387096524238586,0.7692307829856873,4
14066914,2022,deep_water,random_draw,0,659655,4939035,0.03055,0.04749400024414062,4.8699035203456875e-6,28.589067459106445,4.776711940765381,900,208800,0.075469970703125,0.8666666746139526,0.9166666865348816,2
11572595,2022,dry,annotated,0,605955,4980615,0.08813499755859375,0.278485009765625,2.567433754205703e-5,96.01649475097656,30.362276077270508,0,3896100,-4.01092529296875,0.02325581386685371,0,5
11573215,2022,deep_viz,annotated,0,606015,4980285,0.05578300170898438,0.04173200073242188,5.570811086893082e-6,12.684924125671388,0.47528892755508423,900,3896100,0.06182861328125,1,1,1
11574888,2022,deep_viz,annotated,0,606195,4979985,0.05616099853515625,0.04311600036621094,5.608415241241455e-6,12.60219383239746,0.5328596234321594,900,3896100,0.06182861328125,1,1,1
11578926,2022,dry,annotated,0,606705,4979895,0.08822999877929688,0.26693701171875,2.612517375230789e-5,55.403785705566406,23.191875457763672,0,3896100,-2.6239013671875,0,0,5
11579034,2022,deep_viz,annotated,0,606705,4980255,0.061372998046875,0.0547489990234375,6.12837713420391e-6,13.716998100280762,0.5668694376945496,900,3896100,0.06182861328125,1,1,1
11579621,2022,dry,annotated,0,606765,4980225,0.07410399780273437,0.187975,1.766588541984558e-5,40.448394775390625,32.60670471191406,900,3896100,-1.90301513671875,0.8048780560493469,0.6363636255264282,4
11591528,2022,dry,annotated,0,608325,4980105,0.1122760009765625,0.2530219970703125,2.7845148911476136e-5,91.87804412841795,22.065061569213867,0,27900,-0.90106201171875,0,0,5
11592612,2022,em_veg,annotated,0,608445,4979955,0.05090899963378906,0.105093994140625,1.0334468520879746e-5,91.02156066894533,19.51374053955078,0,27900,-0.2874755859375,0.3846153914928436,0.3636363744735718,5
11593412,2022,dry,annotated,0,608505,4979955,0.0754760009765625,0.16544000244140625,1.7377908186912535e-5,83.738525390625,12.571819305419922,0,27900,-0.919677734375,0,0,5
11593701,2022,em_veg,annotated,0,608565,4979895,0.05592999877929687,0.11075999755859375,9.30759812951088e-6,98.0090560913086,51.93413162231445,0,27900,-0.29656982421875,0.0714285746216774,0.1304347813129425,5
11589493,2022,dry,annotated,0,608085,4979685,0.11243599853515623,0.2940030029296875,3.168295455694199e-5,93.93578338623048,9.168264389038086,0,152100,-3.125244140625,0,0,5
11593916,2022,dry,annotated,0,608565,4979565,0.078627001953125,0.15654000244140626,1.2615430479049683e-5,60.55507278442383,33.0428466796875,0,152100,-1.65997314453125,0,0,5
11594030,2022,deep_viz,annotated,0,608565,4979745,0.03471600036621094,0.03774500122070312,3.848410056829452e-6,10.162609100341797,0.4998524487018585,900,152100,0.1279296875,0.9777777791023254,0.91304349899292,1
11594542,2022,em_veg,annotated,0,608655,4979565,0.05207999877929687,0.08895999755859375,9.156673868894576e-6,62.2581787109375,37.13581466674805,900,152100,-0.642333984375,0.8604651093482971,0.8695651888847351,4
11594816,2022,em_veg,annotated,0,608685,4979805,0.04450700073242188,0.07827899780273438,6.859888535737992e-6,50.95778274536133,55.18045425415039,900,152100,-0.2332763671875,0.930232584476471,0.739130437374115,4
11594820,2022,deep_viz,annotated,0,608685,4979625,0.03403299865722656,0.03464400024414062,3.881911473274231e-6,18.436674118041992,3.297959566116333,900,152100,0.1279296875,0.9756097793579102,1,1
11594996,2022,deep_viz,annotated,0,608685,4979535,0.03654100036621094,0.03726700134277343,4.437674489021301e-6,19.276002883911133,2.464799642562866,900,152100,0.1279296875,1,0.95652174949646,1
11595415,2022,em_veg,annotated,0,608745,4979715,0.070847998046875,0.1615989990234375,1.3688684511184691e-5,80.19605255126953,32.74692153930664,0,152100,-0.83587646484375,0.261904776096344,0.09090909361839294,4
11622369,2022,shallow_viz,annotated,1,612465,4979955,0.04226799926757813,0.09410900268554688,2.0237745988368988e-5,79.32648468017578,17.681062698364258,900,17100,0.2183837890625,0.29411765933036804,0.13636364042758942,5
11621671,2022,dry,annotated,0,612375,4979955,0.06945700073242188,0.19509300537109375,2.758683153629303e-5,95.302459716796875,7.229907035827637,900,17100,-0.0928955078125,0,0,5
11622840,2022,dry,annotated,0,612555,4979985,0.08736500244140626,0.19862099609375,2.137711824655533e-5,86.32048797607422,2.430990219116211,0,17100,-0.1685791015625,0,0,5
11623512,2022,em_veg,random_draw,0,612645,4979835,0.06928099975585937,0.1336780029296875,1.1796329439878464e-5,68.59861755371094,10.417201042175291,0,6300,-0.7198486328125,0,0,5
11623971,2022,em_veg,random_draw,0,612705,4979745,0.06416799926757813,0.13046400146484374,1.0357058637142182e-5,52.40180587768555,3.3422691822052,900,6300,-0.31689453125,0,0,5
11633519,2022,deep_viz,annotated,0,613965,4979475,0.03458599853515625,0.03205299987792968,3.705721051096917e-6,6.107675075531006,1.588573336601257,900,362700,0.0673828125,1,0.9523809552192688,1
11634042,2022,em_veg,annotated,0,613995,4979685,0.03901199951171875,0.05063699951171875,7.862516524791717e-6,9.521158218383787,4.501795768737793,900,362700,0.05316162109375,1,0.9523809552192688,3
12211256,2022,deep_viz,annotated,0,614175,4979685,0.03098599853515625,0.02859500122070312,3.327365639209747e-6,5.3657402992248535,0.8180195689201355,900,362700,0.0673828125,1,1,1
12212147,2022,em_veg,annotated,0,614265,4979565,0.05053500061035156,0.0911530029296875,1.011586747288704e-5,75.46765899658203,35.19520568847656,900,362700,-0.13775634765625,0.8108108043670654,0.782608687877655,4
12214295,2022,dry,annotated,0,614475,4979715,0.048225,0.09686699829101562,8.536134997606278e-6,41.94194030761719,28.329145431518555,900,362700,-0.2781982421875,0.6829268336296082,0.5,3
12214634,2022,deep_viz,annotated,0,614505,4979865,0.0355,0.03306000061035156,3.6381855994462967e-6,11.586578369140623,1.3163299560546875,900,362700,0.0673828125,0.9767441749572754,1,1
15060607,2022,em_veg,annotated,0,614085,4979445,0.06381400146484376,0.1332760009765625,1.589242964744568e-5,93.3411102294922,13.516348838806152,0,362700,-0.42193603515625,0.0555555559694767,0,5
15063810,2022,dry,annotated,0,614115,4979775,0.08096300048828126,0.187627001953125,1.9618628873825072e-5,102.41242218017578,7.631909370422363,0,362700,-0.681396484375,0,0,5
12224178,2022,deep_water,random_draw,0,615885,4979895,0.05279400024414062,0.04333999938964843,5.271188348531723e-6,6.246532440185547,0.514528751373291,900,636300,0.03656005859375,1,1,1
12225907,2022,deep_water,random_draw,0,616095,4979565,0.04216300048828125,0.03473299865722656,4.208047528862953e-6,11.86777687072754,1.7330982685089111,900,636300,0.03656005859375,1,1,1
12227357,2022,deep_water,random_draw,0,616215,4979895,0.047073001098632813,0.03788999938964844,4.69925059080124e-6,7.04310417175293,1.4174659252166748,900,636300,0.03656005859375,0.976190447807312,1,1
12227358,2022,deep_water,random_draw,0,616215,4979715,0.04169500122070312,0.02883500061035156,4.162576351761818e-6,6.460351467132568,1.044734001159668,900,636300,0.03656005859375,1,1,1
12227551,2022,deep_water,random_draw,0,616215,4979505,0.04570700073242188,0.031925,4.5637079519033435e-6,10.226089477539064,1.3438596725463867,900,636300,0.03656005859375,1,1,1
12228991,2022,deep_water,random_draw,0,616365,4979745,0.04251600036621093,0.0299510009765625,4.244549785852432e-6,11.072624206542969,1.2218098640441897,900,636300,0.03656005859375,1,1,1
12229678,2022,deep_water,random_draw,0,616395,4979565,0.04626900024414062,0.033625,4.619617270827294e-6,7.216073036193848,0.8627262711524963,900,636300,0.03656005859375,1,1,1
12230271,2022,deep_water,random_draw,0,616455,4979895,0.04663399963378906,0.03625899963378906,4.7217166537046435e-6,6.118399620056152,0.4588584899902344,900,636300,0.03656005859375,1,1,1
12230275,2022,deep_water,random_draw,0,616455,4979475,0.04556700134277344,0.03002000122070312,4.550105582475662e-6,6.429295539855957,0.7272321581840515,900,636300,0.03656005859375,1,1,1
12231444,2022,deep_water,random_draw,0,616545,4979625,0.04941300048828125,0.097797998046875,1.2087000306844712e-5,94.6791763305664,38.15152740478515,900,636300,-0.24493408203125,0.3333333432674408,0.5,5
12221980,2022,dry,annotated,0,615585,4980195,0.06551799926757812,0.11481800537109375,9.617746762037276e-6,61.03704452514648,26.82054901123047,900,71100,-0.3021240234375,0.7027027010917664,0.4347825944423675,4
12222868,2022,dry,annotated,0,615735,4980195,0.05435599975585938,0.1264760009765625,1.1489282729625705e-5,91.5570831298828,15.506263732910156,900,71100,-0.493408203125,0.07500000298023224,0,5
12223905,2022,dry,annotated,0,615855,4980075,0.083822998046875,0.175747998046875,1.3498322608470916e-5,94.825439453125,38.057987213134766,900,71100,-1.40557861328125,0.04545454680919647,0.08695652335882187,5
12242243,2022,deep_water,random_draw,0,618375,4980525,0.04407200012207031,0.03737099914550781,4.8091216731071475e-6,7.583836078643799,0.4049026370048523,900,975600,0.2158203125,1,1,1
12245391,2022,deep_water,random_draw,0,618705,4980525,0.04047300109863281,0.02720299987792968,4.040570223927498e-6,10.62073040008545,0.5011501908302307,900,975600,0.2158203125,1,1,1
12246312,2022,deep_water,random_draw,0,618795,4980375,0.03838200073242187,0.02850599975585937,3.914867035150528e-6,10.090818405151367,0.3611334264278412,900,975600,0.2158203125,1,1,1
12247607,2022,deep_water,random_draw,0,618915,4980315,0.03768699951171875,0.02626700134277343,3.853321092128754e-6,9.97281265258789,0.40132376551628113,900,975600,0.2158203125,1,1,1
12248652,2022,deep_water,random_draw,0,619005,4980225,0.04068399963378906,0.0328489990234375,4.4248111826181414e-6,10.984272003173828,0.6312047243118286,900,975600,0.2158203125,1,1,1
12249262,2022,deep_water,random_draw,0,619065,4980075,0.03520199890136719,0.04079800109863281,4.865146166086197e-6,5.6542253494262695,0.29238778352737427,900,975600,0.2158203125,1,0.7272727489471436,1
12250496,2022,deep_water,random_draw,0,619155,4980465,0.04198699951171875,0.03164200134277344,4.191158856749535e-6,10.225860595703123,0.35075148940086365,900,975600,0.2158203125,1,1,1
12250847,2022,deep_water,random_draw,0,619185,4980105,0.0364760009765625,0.04406799926757812,6.09027130484581e-6,6.179137706756592,0.18440909683704376,900,975600,0.2158203125,1,0.8181818127632141,1
12250932,2022,deep_water,random_draw,0,619215,4980345,0.04314599914550781,0.03860299987792968,5.048149352073669e-6,11.1060209274292,0.602770984172821,900,975600,0.2158203125,1,1,1
12251630,2022,deep_water,random_draw,0,619275,4980465,0.08805999755859376,0.2784080078125,2.469394660949707e-5,95.50935363769533,6.9445600509643555,0,975600,-1.72064208984375,0,0,5
12260668,2022,dry,annotated,0,621015,4980045,0.116477001953125,0.2822719970703125,2.901455762863159e-5,136.26229858398438,9.828956604003906,0,493200,-1.3004150390625,0,0,5
12261990,2022,dry,annotated,0,621225,4980255,0.08399199829101563,0.20073800048828125,2.1225258903503418e-5,96.20601654052734,32.12873077392578,900,493200,-2.86822509765625,0.13636364042758942,0.3478260934352875,4
12262407,2022,em_veg,annotated,0,621255,4980195,0.09141099853515625,0.1985719970703125,1.9499912180900575e-5,81.621246337890625,39.52960586547851,0,493200,-1.58905029296875,0.3488371968269348,0.380952388048172,4
12262861,2022,em_veg,annotated,0,621345,4980075,0.057075,0.09646300048828126,1.2342307460308074e-5,39.151161193847656,38.70531463623047,900,493200,-0.4122314453125,0.9512194991111756,0.9523809552192688,3
12263977,2022,deep_viz,annotated,0,621495,4980045,0.05266699829101563,0.06086500244140625,7.747373839616775e-6,21.252647399902344,5.119222640991211,900,493200,-0.04705810546875,0.9166666865348816,1,3
12265156,2022,deep_viz,annotated,0,621615,4980105,0.04437200012207031,0.03960199890136719,4.428266294002533e-6,14.192160606384276,0.1795014888048172,900,493200,0.07073974609375,0.976190447807312,1,1
12266886,2022,deep_viz,annotated,0,621795,4980075,0.0458260009765625,0.04464400024414063,4.997361005544663e-6,14.468273162841797,0.32606956362724304,900,493200,0.07073974609375,1,1,1
12268152,2022,em_veg,annotated,0,621915,4980105,0.08288200073242187,0.18267900390625,1.985160562992096e-5,112.28682708740234,34.55681610107422,0,493200,-0.761962890625,0.04651162773370743,0.04347826167941093,5
12268308,2022,dry,annotated,0,621915,4980165,0.078375,0.1887880004882813,1.8387701587677e-5,81.50148010253906,33.543128967285156,900,493200,-1.04638671875,0.5116279125213623,0.21739129722118375,4
12268310,2022,shallow_viz,annotated,1,621915,4979985,0.04641300048828125,0.0536219970703125,7.0642531359195705e-6,24.42469787597656,4.069160461425781,900,21600,-9.765625e-4,0.75,0.8695651888847351,4
12266591,2022,dry,annotated,0,621795,4979925,0.05070899963378906,0.083052001953125,8.071519610881806e-6,23.477380752563477,41.35313034057617,900,21600,0.04876708984375,0.9512194991111756,0.8260869383811951,3
12267807,2022,dry,annotated,0,621915,4980015,0.06566699829101562,0.124631005859375,1.4723688997030258e-5,66.32562255859375,11.012240409851074,900,21600,-0.430908203125,0.25,0,5
12268448,2022,dry,annotated,0,621945,4979955,0.05742899780273437,0.10060399780273438,1.341550010204315e-5,66.78369140625,28.424596786499023,900,21600,-0.64434814453125,0.31707316637039185,0.260869562625885,5
12292518,2022,em_veg,annotated,0,624855,4979925,0.04033500061035156,0.0867719970703125,8.272327899932861e-6,24.768144607543945,21.016063690185547,900,106200,0.0152587890625,0.9333333373069764,0.8636363744735718,3
12292600,2022,dry,annotated,0,624885,4979985,0.09184500122070312,0.2748679931640625,2.537705840110779e-5,127.41514587402344,17.53108024597168,0,106200,-3.36871337890625,0.02272727340459823,0,5
12292986,2022,dry,annotated,0,624885,4979685,0.05381799926757812,0.116781005859375,1.4921958360671996e-5,41.88078689575195,26.394432067871097,900,106200,-0.27606201171875,0.93478262424469,0.9545454382896424,3
12293319,2022,em_veg,annotated,0,624945,4979865,0.05990599975585937,0.1573530029296875,1.705493876695633e-5,72.92616271972656,40.81108474731445,0,106200,-1.16693115234375,0.644444465637207,0.3181818127632141,4
12294468,2022,em_veg,annotated,0,625065,4979925,0.05397100219726562,0.12784300537109375,1.7490990619659426e-5,56.426395416259766,30.783248901367188,900,106200,0.02728271484375,0.8863636255264282,0.8095238208770752,4
12322321,2022,deep_water,random_draw,0,626865,4980195,0.03335700073242188,0.04797099914550781,7.075941814184189e-6,9.42831039428711,2.201803684234619,900,19800,0.06365966796875,0.9736841917037964,0.761904776096344,2
12323328,2022,deep_water,random_draw,0,626925,4980285,0.03728399963378906,0.05863699951171875,6.750795075893403e-6,9.976329803466797,3.4765775203704834,900,19800,0.06378173828125,0.921052634716034,0.8571428656578064,3
12323439,2022,deep_water,random_draw,0,626955,4980165,0.09500599975585935,0.24331298828125,2.091709591150284e-5,131.03515625,13.220165252685549,0,19800,-2.615234375,0,0,5
12324719,2022,deep_water,random_draw,0,627015,4980255,0.04249599914550781,0.06625999755859376,7.894278976917267e-6,14.630215644836426,6.033224105834961,900,19800,0.02789306640625,0.8780487775802612,0.9545454382896424,3
12322976,2022,deep_water,random_draw,0,626895,4980015,0.04521600036621093,0.05726199951171875,6.098933720588684e-6,17.393512725830078,5.210385322570801,900,9900,0.26141357421875,0.7241379022598267,0.5789473652839661,4
12326645,2022,deep_water,random_draw,0,627195,4980195,0.10049099731445311,0.26973701171875,2.2077044937610628e-5,138.03533935546875,8.625868797302246,0,72000,-1.4442138671875,0,0,5
12328169,2022,deep_water,random_draw,0,627285,4980375,0.08681799926757812,0.22895,1.7832839543819428e-5,110.1653289794922,23.919340133666992,0,72000,-0.989990234375,0,0,5
12328204,2022,deep_water,random_draw,0,627285,4980165,0.05395599975585937,0.1095489990234375,1.3092890548706057e-5,107.21868133544922,14.641480445861816,900,72000,-0.41339111328125,0.2888889014720917,0.09090909361839294,5
12329420,2022,deep_water,random_draw,0,627375,4980255,0.03760899963378906,0.06898599853515625,1.3868483624458314e-5,114.38780212402344,47.35383224487305,900,72000,0.051513671875,0.604651153087616,0.6818181872367859,4
12330106,2022,deep_water,random_draw,0,627405,4980165,0.07805800170898437,0.19035,1.935258048057556e-5,91.33464050292967,17.527904510498047,0,72000,-0.87371826171875,0,0,5
12330484,2022,deep_water,random_draw,0,627465,4980315,0.03213699951171875,0.05828300170898437,9.129780449867247e-6,70.024444580078125,43.5467529296875,900,72000,0.13409423828125,0.9777777791023254,0.7727272510528564,3
12331387,2022,deep_water,random_draw,0,627525,4980195,0.0254979995727539,0.03117900085449218,3.542744698524475e-6,9.624709129333496,0.397553950548172,900,72000,0.20367431640625,1,1,1
12332646,2022,deep_water,random_draw,0,627615,4980225,0.07399199829101563,0.17746300048828126,1.674826870918274e-5,115.34790802001952,46.84003448486328,0,72000,-0.56732177734375,0.06521739065647125,0,5
12299873,2022,em_veg,annotated,0,625485,4979805,0.06491699829101563,0.13756400146484374,1.5441080379486084e-5,114.1584930419922,46.67246627807617,900,16332300,-0.49517822265625,0.13333334028720856,0.095238097012043,5
12300006,2022,dry,annotated,0,625485,4979835,0.07553400268554687,0.1726530029296875,1.7619338550567624e-5,108.2654037475586,52.51435089111328,900,16332300,-0.5301513671875,0.1111111119389534,0.1428571492433548,5
12303477,2022,dry,annotated,0,625695,4979895,0.09183099975585936,0.1285969970703125,1.4391026861667631e-5,50.4955940246582,18.430654525756836,0,16332300,-1.117919921875,0.5121951103210449,0.7142857313156128,4
12304216,2022,deep_viz,annotated,0,625725,4980075,0.0465760009765625,0.02921400146484375,4.651325639486313e-6,11.639942169189451,1.0289701223373413,900,16332300,0.06378173828125,1,1,1
12316192,2022,em_veg,annotated,0,626415,4979985,0.04210700073242187,0.07051400146484375,7.33980083346367e-6,131.94683837890625,32.532718658447266,900,16332300,-0.1124267578125,0.42500001192092896,0.9090909361839294,5
12317981,2022,deep_viz,annotated,0,626535,4980135,0.05540900268554687,0.03991700134277343,5.533709594607354e-6,12.515088081359863,1.5715556144714355,900,16332300,0.06378173828125,0.976190447807312,1,3
12318507,2022,deep_viz,annotated,0,626565,4980015,0.04405799865722656,0.03354200134277343,4.398176065683365e-6,9.7590970993042,0.4809784293174744,900,16332300,0.08380126953125,1,1,1
12320725,2022,em_veg,annotated,0,626715,4980015,0.066172998046875,0.14,1.2092917082309722e-5,135.59536743164065,18.197288513183594,900,16332300,-0.4803466796875,0.0833333358168602,0,5
12326649,2022,dry,annotated,0,627165,4979955,0.0542739990234375,0.1174969970703125,1.1405939371585846e-5,80.809417724609375,37.58845520019531,900,16332300,-0.700927734375,0.9729729890823364,0.9090909361839294,4
12337792,2022,deep_water,random_draw,0,628005,4980225,0.057372998046875,0.1192449951171875,1.5225837903022766e-5,90.536102294921875,18.774885177612305,900,8100,-0.4534912109375,0,0,5
12339721,2022,deep_water,random_draw,0,628125,4980165,0.05243499755859375,0.07519500122070312,8.954253486394882e-6,26.298799514770508,9.62384796142578,0,8100,0.03887939453125,0.95652174949646,1,3
12339720,2022,deep_water,random_draw,0,628125,4980285,0.0541239990234375,0.09097000122070312,1.1818975749015807e-5,43.526390075683594,33.767608642578125,900,62100,-0.0772705078125,0.695652186870575,0.6666666865348816,4
12341124,2022,deep_water,random_draw,0,628215,4980255,0.03949599914550781,0.03473699951171875,4.5140988922119136e-6,8.580888748168945,0.5450601577758789,900,62100,0.13671875,1,1,1
12341949,2022,deep_water,random_draw,0,628275,4980345,0.04026499938964843,0.03723200073242187,4.442443648576736e-6,10.69064712524414,0.8591840267181396,900,62100,0.13671875,1,1,1
12342354,2022,deep_water,random_draw,0,628305,4980165,0.0640219970703125,0.08314299926757812,9.642001962661745e-6,29.328777313232425,7.631449699401856,0,62100,-0.37835693359375,0.9534883499145508,1,3
12343158,2022,deep_water,random_draw,0,628395,4980465,0.0366739990234375,0.05203200073242187,6.500058572292328e-6,10.24463176727295,1.422206163406372,900,62100,0.1357421875,0.9767441749572754,1,1
12343267,2022,deep_water,random_draw,0,628365,4980375,0.06381900024414063,0.13648800048828125,1.4767418756484984e-5,57.63006210327149,31.953052520751953,900,62100,-0.50555419921875,0.93478262424469,1,4
12343849,2022,deep_water,random_draw,0,628425,4980225,0.07613400268554688,0.1653550048828125,1.7682333827018736e-5,53.08677673339844,26.114423751831055,900,62100,-2.15692138671875,0.7045454382896423,1,4
12341407,2022,deep_water,random_draw,0,628245,4978575,0.05733200073242187,0.13325,1.0298672387599946e-5,59.744110107421875,32.2814826965332,900,39600,-0.21783447265625,0.7708333134651184,0.9545454382896424,4
12343358,2022,deep_water,random_draw,0,628395,4978515,0.04299599914550781,0.06621300048828126,1.0152146981954574e-5,23.833839416503903,29.42904281616211,900,39600,0.0806884765625,1,1,2
12343450,2022,deep_water,random_draw,0,628395,4978605,0.03413999938964843,0.03804100036621093,5.399345252513885e-6,13.294519424438477,0.7841245532035828,900,39600,0.10748291015625,0.97826087474823,1,1
12343850,2022,deep_water,random_draw,0,628455,4978725,0.08654199829101562,0.17844000244140626,1.572272562980652e-5,81.33259582519531,60.54389572143555,0,39600,-0.684326171875,0.395348846912384,0.5454545617103577,4
12344532,2022,dry,annotated,0,628485,4978995,0.0810760009765625,0.24757900390625,2.2105629317760463e-5,100.95692443847656,20.867002487182617,0,308700,-1.48626708984375,0.02222222276031971,0,5
12344535,2022,dry,annotated,0,628515,4978755,0.04804599914550781,0.11010999755859376,1.0483590939044952e-5,30.5241756439209,14.170125961303713,900,308700,-0.19500732421875,0.93478262424469,0.9545454382896424,4
12346961,2022,dry,annotated,0,628725,4978665,0.07010800170898437,0.3045280029296875,2.595305906295776e-5,91.63494873046876,3.317537307739258,0,308700,-2.62225341796875,0,0,5
12355055,2022,dry,annotated,0,629445,4978455,0.07576900024414063,0.2309860107421875,2.537479498386383e-5,134.37698364257813,5.399117946624756,0,5400,-1.1943359375,0,0,5
12355993,2022,em_veg,annotated,0,629565,4978455,0.04588699951171875,0.1029780029296875,1.0457000539302825e-5,67.20286560058594,15.085929870605469,900,5400,-0.21136474609375,0.3777777850627899,0,5
12355380,2022,deep_water,random_draw,0,629505,4978875,0.04152799987792969,0.079702001953125,6.938502584695816e-6,43.32327651977539,20.205171585083008,900,30600,0.16998291015625,0.9285714030265808,0.739130437374115,4
12356334,2022,deep_water,random_draw,0,629595,4978695,0.06323800048828125,0.1402739990234375,1.1403453176021576e-5,100.09039306640624,13.509561538696287,900,30600,-0.358642578125,0.1190476194024086,0.30434781312942505,5
12356626,2022,deep_water,random_draw,0,629595,4978785,0.03899400024414062,0.0531030029296875,4.919256101846695e-6,9.835514068603516,1.4791797399520874,900,30600,0.40533447265625,0.930232584476471,1,1
12357474,2022,deep_water,random_draw,0,629715,4978635,0.05917000122070312,0.12980999755859374,1.0785350999832151e-5,84.9323501586914,18.476638793945313,0,30600,-0.2852783203125,0.11363636702299118,0.04347826167941093,5
12369355,2022,deep_water,random_draw,0,630855,4978545,0.04147999877929687,0.0855030029296875,9.387172796726228e-6,34.112552642822266,57.2287712097168,900,8100,-0.00299072265625,0.9285714030265808,0.15000000596046448,4
12368751,2022,deep_water,random_draw,0,630765,4978725,0.05494199829101563,0.1606949951171875,1.2813955266475676e-5,70.106231689453125,58.25919342041016,0,27000,-0.24847412109375,0,0,5
12369407,2022,deep_water,random_draw,0,630855,4978635,0.0409760009765625,0.08286599731445313,8.771680474281311e-6,47.413291931152344,54.68012237548828,900,27000,0.0732421875,0.8717948794364929,0.5,4
12369839,2022,deep_water,random_draw,0,630915,4978785,0.03717900085449219,0.083227001953125,6.838279652595521e-6,80.2210922241211,76.40221405029297,900,27000,0.030517578125,0.2439024448394775,0,5
12373491,2022,dry,annotated,0,631365,4978245,0.06170800170898438,0.1935260009765625,1.6534945425987245e-5,50.719879150390625,8.24524211883545,900,201600,-0.537353515625,0.5777778029441833,0.523809552192688,5
12374033,2022,deep_viz,annotated,0,631455,4978335,0.03755400085449219,0.03865,4.115600644350052e-6,4.368775844573975,0.3724677562713623,900,201600,0.1728515625,1,1,1
12375716,2022,deep_viz,annotated,0,631635,4978575,0.03533800048828125,0.03718599853515625,4.144466519355773e-6,3.866737365722656,0.25541046261787415,900,201600,0.1728515625,1,1,1
12375875,2022,deep_viz,annotated,0,631635,4978305,0.03777799987792969,0.03689200134277343,3.845121547579765e-6,4.031169414520264,0.32856646180152893,900,201600,0.1728515625,0.975000023841858,1,1
12377881,2022,dry,annotated,0,631845,4978575,0.05728099975585937,0.1104469970703125,1.2972801890373233e-5,64.157501220703125,43.21175384521485,900,201600,-0.61260986328125,0.2439024448394775,0.5,5
12378001,2022,dry,annotated,0,631845,4978365,0.0541989990234375,0.12831099853515626,1.2694053947925568e-5,107.07006072998048,38.27177429199219,900,201600,-0.8837890625,0,0,5
12385574,2022,dry,annotated,0,632685,4978875,0.0562489990234375,0.1655280029296875,1.860661093235016e-5,65.96175384521484,23.657896041870117,0,175500,-3.961181640625,0,0,5
12387346,2022,dry,annotated,0,632865,4978905,0.05985700073242187,0.17453900146484377,1.3565388555526734e-5,52.315940856933594,42.47688293457031,900,175500,-1.4376220703125,0.9487179517745972,1,4
12388817,2022,dry,annotated,0,633045,4978965,0.0671989990234375,0.23604599609375,1.9325628316402435e-5,65.63678741455078,15.903307914733888,0,175500,-2.32696533203125,0.05128205195069313,0.190476194024086,5
12393442,2022,deep_water,random_draw,0,633615,4978785,0.07268300170898437,0.2272929931640625,1.896218346834183e-5,51.39971160888672,6.303615570068359,0,13500,-1.15631103515625,0.0625,0,5
12394148,2022,deep_water,random_draw,0,633705,4978695,0.06326599731445312,0.19768299560546876,1.672531510591507e-5,67.68353271484375,17.190366744995117,900,13500,-1.1236572265625,0.6363636255264282,0.7368420958518982,5
12394317,2022,deep_water,random_draw,0,633735,4978845,0.0696760009765625,0.19050899658203124,1.6092935979366303e-5,82.32421875,15.37193202972412,0,13500,-0.9136962890625,0.1515151560306549,0,5
12393629,2022,deep_water,random_draw,0,633645,4978575,0.04772900085449218,0.08714299926757813,9.587486665248871e-6,61.06106948852539,44.016090393066406,900,3600,-0.0247802734375,0.5428571701049805,0.4444444477558136,4
12396951,2022,deep_water,random_draw,0,634035,4978515,0.05197100219726562,0.07351300048828124,6.716137772798539e-6,11.112285614013672,14.953112602233888,900,188100,0.0467529296875,1,1,3
12397162,2022,deep_water,random_draw,0,634065,4978635,0.04782799987792969,0.04688699951171875,6.629472280740738e-6,6.061731338500977,0.14671316742897034,900,188100,0.07861328125,1,1,1
12397707,2022,deep_water,random_draw,0,634155,4978395,0.04659500122070312,0.04558299865722656,5.339079740643501e-6,7.104996204376221,0.4117385745048523,900,188100,0.07861328125,1,1,1
12398235,2022,deep_water,random_draw,0,634215,4978485,0.04675799865722656,0.03547099914550781,4.668206444382667e-6,6.1165266036987305,0.173208087682724,900,188100,0.07861328125,1,1,1
12398642,2022,deep_water,random_draw,0,634275,4978365,0.04998500061035156,0.05206099853515625,5.735568245649338e-6,7.724506855010986,0.7416126728057861,900,188100,0.07861328125,1,1,1
12398861,2022,deep_water,random_draw,0,634335,4978455,0.04875700073242187,0.03709200134277343,4.868078601956368e-6,7.119852066040039,0.5040364265441895,900,188100,0.07861328125,1,1,1
12399732,2022,deep_water,random_draw,0,634455,4978545,0.04667099914550781,0.03963699951171875,5.1058074355125425e-6,7.839177131652832,0.6155822277069092,900,188100,0.07861328125,1,1,1
12400522,2022,deep_water,random_draw,0,634575,4978515,0.05169400024414063,0.0615280029296875,5.8908999645709985e-6,14.96383571624756,12.109504699707031,900,188100,0.02020263671875,1,1,1
12401787,2022,deep_water,random_draw,0,634755,4978515,0.06641199951171875,0.12931199951171876,1.1091530523300173e-5,47.70083999633789,46.78306579589844,900,188100,-1.52105712890625,0.7857142686843872,1,4
12402518,2022,deep_water,random_draw,0,634875,4978635,0.09547100219726562,0.2479199951171875,2.2639484972953795e-5,80.33894348144531,12.299537658691406,0,188100,-1.63299560546875,0,0,5
12373714,2022,deep_water,random_draw,0,631395,4978935,0.07833300170898437,0.2602929931640625,2.3987166516780852e-5,99.47315216064452,7.045546054840088,0,356400,-3.153564453125,0,0,5
12373786,2022,deep_water,random_draw,0,631395,4979115,0.04704500122070312,0.04283900146484375,4.69539250254631e-6,7.253670692443848,0.4363008439540863,900,356400,0.10693359375,0.976190447807312,1,1
12374343,2022,deep_water,random_draw,0,631485,4978845,0.04530199890136718,0.05362000122070312,5.9571874189376835e-6,10.532928466796877,2.888521194458008,900,356400,0.09771728515625,0.9736841917037964,1,3
12374517,2022,deep_water,random_draw,0,631485,4979025,0.04541199951171875,0.03518699951171875,4.533451734185219e-6,7.20114803314209,0.470674604177475,900,356400,0.10693359375,1,1,1
12374749,2022,deep_water,random_draw,0,631515,4979115,0.04868299865722656,0.03824599914550781,4.86043653011322e-6,6.506500720977783,0.3329160213470459,900,356400,0.10693359375,1,1,1
12375345,2022,deep_water,random_draw,0,631575,4978815,0.04551300048828125,0.04269200134277343,5.463120160102844e-6,8.457777976989746,0.3499218821525574,900,356400,0.10693359375,1,1,2
12375400,2022,deep_water,random_draw,0,631605,4978905,0.05027699890136718,0.04091900024414063,5.019547550678253e-6,7.018963813781738,0.464308649301529,900,356400,0.10693359375,1,1,1
12375946,2022,deep_water,random_draw,0,631635,4979085,0.04749100036621093,0.03780400085449219,4.741132801175117e-6,6.557653427124023,0.38556236028671265,900,356400,0.10693359375,1,1,1
12376906,2022,deep_water,random_draw,0,631725,4978965,0.05032099914550781,0.04295700073242187,5.023558954000473e-6,7.032377243041992,0.44794517755508423,900,356400,0.10693359375,1,1,1
12378137,2022,deep_water,random_draw,0,631845,4979055,0.04894200134277344,0.04396600036621093,4.8852166587114335e-6,7.16287899017334,0.4801531732082367,900,356400,0.10693359375,0.9736841917037964,1,1
12409544,2022,co_precise,annotated,1,635745,4978605,0.04965599975585937,0.12101300048828124,1.1643595736026763e-5,31.090177536010746,9.923084259033203,900,177300,-0.43878173828125,0.6333333253860474,0.4166666567325592,5
12407296,2022,deep_viz,annotated,0,635415,4978515,0.03750899963378906,0.04180599975585937,5.0474329030513765e-6,0.6895641088485718,0.3815978169441223,900,177300,0.1497802734375,0.959999978542328,0.9166666865348816,1
12407395,2022,dry,annotated,0,635475,4978545,0.0492739990234375,0.09614500122070312,1.0412861436605452e-5,38.923561096191406,42.9553337097168,900,177300,-0.3006591796875,0.92592591047287,0.8333333134651184,4
12408018,2022,deep_viz,annotated,0,635505,4978395,0.04122999877929687,0.04427300109863281,4.538135813474655e-6,0.323363721370697,0.23629650473594663,900,177300,0.1497802734375,1,1,1
12408099,2022,dry,annotated,0,635535,4978635,0.04291900024414062,0.06924099731445313,7.720289463996887e-6,4.552141189575195,5.533480167388916,900,177300,0.082275390625,0.7857142686843872,0.75,5
12409105,2022,deep_viz,annotated,0,635655,4978425,0.04347200012207031,0.05423200073242187,5.6687965345382684e-6,2.6822564601898193,0.42039620876312256,900,177300,0.1497802734375,0.9615384340286256,0.9166666865348816,3
12409120,2022,dry,annotated,0,635685,4978635,0.0585239990234375,0.13441400146484375,1.2156232514381408e-5,43.581817626953125,30.431058883666992,900,177300,-0.6422119140625,0.7333333492279053,0.6666666865348816,4
12418710,2022,deep_water,random_draw,0,637545,4980795,0.05009500122070312,0.08338800048828125,9.025746151208878e-6,20.41054344177246,23.493263244628903,900,402300,-0.0625,1,1,3
12418816,2022,deep_water,random_draw,0,637545,4980555,0.04936000061035156,0.03268500061035156,4.929371703267098e-6,4.1351728439331055,0.3794487714767456,900,402300,0.0819091796875,1,1,1
12419069,2022,deep_water,random_draw,0,637635,4980675,0.04875400085449218,0.03468699951171875,4.868277155160904e-6,5.486197471618652,0.3948964774608612,900,402300,0.0819091796875,1,1,1
12419224,2022,deep_water,random_draw,0,637635,4980435,0.05196699829101562,0.03348800048828125,5.190249972343445e-6,4.946510314941406,0.44935142993927,900,402300,0.0819091796875,1,1,1
12419323,2022,deep_water,random_draw,0,637665,4980255,0.0547969970703125,0.04610199890136719,5.4712865030765534e-6,5.906057834625244,0.13524676859378815,900,402300,0.0819091796875,1,1,1
12419553,2022,deep_water,random_draw,0,637725,4980555,0.05158900146484375,0.035132998657226563,5.15208390891552e-6,5.411863327026367,0.3735385537147522,900,402300,0.0819091796875,1,1,1
12419679,2022,deep_water,random_draw,0,637755,4980375,0.05190499877929688,0.03600599975585937,5.183553984761238e-6,5.2759199142456055,0.4401432275772095,900,402300,0.0819091796875,1,1,1
12419817,2022,deep_water,random_draw,0,637815,4980195,0.0549,0.082472998046875,8.581678472757339e-6,18.411401748657227,15.203453063964844,900,402300,0.025390625,1,1,3
12420048,2022,deep_water,random_draw,0,637875,4980495,0.05216699829101563,0.03942699890136719,5.209129373431206e-6,6.41685676574707,0.30485987663269043,900,402300,0.0819091796875,1,1,1
12420395,2022,deep_water,random_draw,0,637935,4980285,0.05313900146484375,0.0511489990234375,5.967174649238586e-6,20.818639755249023,15.774277687072754,900,402300,0.0819091796875,1,1,3
12459682,2022,dry,annotated,0,643605,4982415,0.1297739990234375,0.3120429931640625,3.0458927307128903e-5,140.0828399658203,6.558384895324707,0,169200,-1.0723876953125,0,0,5
12459782,2022,dry,annotated,0,643605,4982205,0.05249000244140625,0.138193994140625,2.501121689558029e-5,75.510528564453125,20.644044876098633,900,169200,-0.4566650390625,0.5454545617103577,0.0833333358168602,5
12460072,2022,deep_viz,annotated,0,643635,4982085,0.02821600036621093,0.04390799865722656,5.427967132329941e-6,9.006651878356934,0.5030561685562134,900,169200,0.0762939453125,0.9615384340286256,0.9166666865348816,2
12460390,2022,deep_viz,annotated,0,643695,4982025,0.02815899963378906,0.03896700134277343,3.8405248081684114e-6,7.626030445098877,0.47627976536750793,900,169200,0.0762939453125,1,0.9166666865348816,2
12461191,2022,deep_viz,annotated,0,643815,4982025,0.02700899963378906,0.04886900024414063,8.447125433683396e-6,10.838001251220703,7.766955375671387,900,169200,0.05926513671875,0.9629629850387572,1,3
12461519,2022,glint,annotated,0,643845,4982535,0.04156600036621093,0.08193200073242188,1.4586715252399448e-5,51.949951171875,31.302074432373047,900,169200,-0.18084716796875,1,0.8333333134651184,4
12838043,2022,deep_water,random_draw,0,694725,5029815,0.08069600219726562,0.205597998046875,2.70062193107605e-5,98.81946563720705,52.127044677734375,0,14400,-1.07672119140625,0.05263157933950424,0.10000000149011612,5
12838617,2022,deep_water,random_draw,0,694845,5029875,0.06130599975585937,0.1462699951171875,2.243152218103409e-5,104.80728149414064,47.4454460144043,900,14400,-0.52862548828125,0.29411765933036804,0.5454545617103577,5
9531533,2022,deep_water,random_draw,0,694815,5033115,0.038475,0.06693699951171875,1.5130096106529237e-5,87.79851531982422,43.24309921264648,900,51300,0.041107177734375,0.2631579041481018,0,5
9531865,2022,deep_water,random_draw,0,694845,5033235,0.03826000061035156,0.04914400024414062,5.425691556930542e-6,32.809146881103516,17.874216079711914,900,51300,-0.004669189453125,0.5555555820465088,0.1818181872367859,5
9532779,2022,deep_water,random_draw,0,694935,5033055,0.04426400146484375,0.08978599853515624,1.7952786960601807e-5,66.47559356689453,15.116669654846191,900,51300,-0.21136474609375,0.05000000074505806,0,5
9532817,2022,deep_water,random_draw,0,694965,5033295,0.05688499755859375,0.128752001953125,1.9750038022994996e-5,125.85710906982422,37.81364440917969,0,51300,-1.552398681640625,0,0,5
9533115,2022,deep_water,random_draw,0,694965,5033145,0.0388,0.03832799987792969,3.870112664699554e-6,7.891382217407227,0.5618886351585388,900,51300,0.03631591796875,1,1,3
9530214,2022,deep_water,random_draw,0,694635,5033655,0.04158699951171875,0.08086400146484375,1.5547332556247712e-5,99.13274383544922,47.668209075927734,900,54900,0.01947021484375,0.29411765933036804,0,5
9530919,2022,deep_water,random_draw,0,694725,5033625,0.02364199981689453,0.03362000122070312,4.0998539876937864e-6,7.058063507080078,0.5369996428489685,900,54900,0.0902099609375,1,1,3
9530942,2022,deep_water,random_draw,0,694755,5033745,0.06614000244140625,0.181927001953125,2.7392402920722965e-5,122.14443969726564,59.1151123046875,0,54900,-0.2899169921875,0,0,5
9531620,2022,deep_water,random_draw,0,694845,5033535,0.05341400146484375,0.16811500244140626,2.236999460220337e-5,107.0967025756836,64.802215576171875,900,54900,-0.448577880859375,0.1764705926179886,0.4000000059604645,5
9532551,2022,deep_water,random_draw,0,694935,5033655,0.08065,0.2129280029296875,2.693794755458831e-5,124.3535614013672,30.704248428344727,0,54900,-1.21661376953125,0,0,5
9532830,2022,deep_water,random_draw,0,694965,5033535,0.03811900024414062,0.08005,1.2644056680202484e-5,63.4774284362793,39.575775146484375,900,54900,0.011383056640625,0.7777777910232544,0.699999988079071,5
9527006,2022,shallow_viz,annotated,1,694095,5034585,0.03375700073242187,0.06942999877929687,1.5069212875366212e-5,131.34922790527344,15.357568740844728,900,111600,0.069549560546875,0,0,5
9527196,2022,shallow_viz,annotated,1,694125,5034345,0.03558099975585938,0.06631599731445313,1.696521695256233e-5,138.45225524902344,4.943561553955078,900,111600,0.083770751953125,0.0625,0.09090909361839294,5
9526597,2022,dry,annotated,0,694035,5034375,0.06698599853515624,0.1437510009765625,1.9399295020103455e-5,138.7170867919922,9.756803512573242,900,111600,-0.198577880859375,0,0,5
9527009,2022,dry,annotated,0,694095,5034285,0.0541239990234375,0.14030799560546875,1.7057012481689455e-5,107.08146667480467,24.92046165466309,900,111600,-0.06329345703125,0,0,5
9528339,2022,dry,annotated,0,694305,5034345,0.0529780029296875,0.11674100341796877,1.6071178505420686e-5,99.9348602294922,29.404077529907227,900,111600,-0.194793701171875,0,0.1818181872367859,5
9528006,2022,deep_water,random_draw,0,694275,5036655,0.03925499877929687,0.05501900024414062,7.035268131494522e-6,35.282684326171875,7.276155471801758,900,10800,0.033355712890625,1,0.6666666865348816,3
9528678,2022,deep_water,random_draw,0,694395,5036595,0.06100499877929687,0.14508900146484374,1.8305961894989016e-5,100.97634887695313,23.679723739624023,0,10800,-0.221649169921875,0.529411792755127,0.09090909361839294,5
9529145,2022,deep_water,random_draw,0,694455,5036985,0.05244299926757812,0.09538200073242188,1.5863854727745057e-5,81.67028045654297,48.07762145996094,900,99000,-0.204742431640625,0.9333333373069764,0.6000000238418579,4
9529326,2022,deep_water,random_draw,0,694485,5036865,0.04349400024414062,0.04082099914550781,4.3400066369771955e-6,7.195743560791016,0.9932335019111632,900,99000,0.0284423828125,1,1,1
9529602,2022,deep_water,random_draw,0,694545,5036775,0.043525,0.04593900146484375,6.528795815706253e-6,11.096517562866213,5.7909770011901855,900,99000,0.03082275390625,1,1,3
9529917,2022,deep_water,random_draw,0,694575,5036985,0.0455510009765625,0.0478760009765625,5.089384578466415e-6,6.895803928375244,2.0163590908050537,900,99000,0.041748046875,1,1,1
9530694,2022,deep_water,random_draw,0,694695,5036985,0.05389000244140625,0.1084449951171875,1.7072676359415054e-5,91.79351806640624,46.41456985473633,900,99000,-0.239349365234375,0.6875,0.4000000059604645,4
9531288,2022,deep_water,random_draw,0,694785,5036895,0.050375,0.08182899780273438,9.571061918735505e-6,39.33478546142578,44.36176300048828,900,99000,-0.169952392578125,1,0.8999999761581421,3
9531526,2022,deep_water,random_draw,0,694815,5036775,0.05088800048828125,0.076922998046875,8.223368813991546e-6,37.0384407043457,31.24838638305664,900,99000,-0.138946533203125,1,0.9090909361839294,3
9530212,2022,deep_water,random_draw,0,694635,5036655,0.0595780029296875,0.11264000244140623,1.747112178206444e-5,82.808990478515625,50.73943328857422,900,31500,-0.285247802734375,0.6875,0.9090909361839294,4
9530941,2022,deep_water,random_draw,0,694755,5036595,0.06566900024414063,0.13385,1.966838573694229e-5,104.12566375732422,43.46829605102539,900,31500,-0.51165771484375,0.25,0.9090909361839294,5
9531383,2022,deep_water,random_draw,0,694815,5036685,0.04913999938964843,0.05131199951171875,4.903595068454743e-6,4.310761451721191,0.9490302205085754,900,31500,0.11083984375,1,0.9090909361839294,1
9532402,2022,deep_water,random_draw,0,694905,5036625,0.04464299926757812,0.0763489990234375,1.246034895181656e-5,47.08063507080078,40.06165313720703,900,31500,0.076507568359375,1,0.9090909361839294,4
9530773,2022,deep_water,random_draw,0,694725,5038035,0.04865700073242187,0.101627001953125,1.4955624136924745e-5,100.88787841796876,40.0837287902832,900,435600,-0.19775390625,0,0.3636363744735718,5
9531167,2022,deep_water,random_draw,0,694785,5038215,0.06226799926757812,0.20286300048828124,2.429752825737e-5,95.112457275390625,13.59972858428955,0,435600,-2.6812744140625,0,0,5
9531524,2022,deep_water,random_draw,0,694815,5037975,0.0798760009765625,0.1714530029296875,2.487073250770569e-5,94.51234436035156,15.841529846191406,0,435600,-3.207550048828125,0,0,5
9531907,2022,deep_water,random_draw,0,694875,5037855,0.06369500122070312,0.15410400390625,2.3280199069976805e-5,84.9894027709961,41.980228424072266,0,435600,-1.345672607421875,0,0.5,5
9527159,2022,deep_water,random_draw,0,694125,5038605,0.0551260009765625,0.11032099609375,1.5986661001443863e-5,100.56895446777344,32.791805267333984,900,45000,-0.182769775390625,0.0555555559694767,0.25,5
9527744,2022,deep_water,random_draw,0,694215,5038515,0.047375,0.08663699951171876,1.214158157467842e-5,56.02958679199219,43.71330642700195,900,45000,7.9345703125e-4,1,0.8999999761581421,4
9527777,2022,deep_water,random_draw,0,694215,5038665,0.03497799987792969,0.03890499877929687,5.967570888996125e-6,7.325766086578369,1.1011923551559448,900,45000,0.026947021484375,1,1,1
9528155,2022,deep_water,random_draw,0,694275,5038575,0.03815599975585938,0.0407239990234375,5.194326032400131e-6,8.180249214172363,1.015577793121338,900,45000,0.042327880859375,1,1,1
9528740,2022,deep_water,random_draw,0,694395,5038635,0.04103500061035156,0.0533489990234375,6.295816547870636e-6,9.9783353805542,1.791339874267578,900,11700,-0.00762939453125,1,0.6000000238418579,1
9528844,2022,deep_water,random_draw,0,694395,5038545,0.03777999877929687,0.04319200134277343,6.190266313552857e-6,7.472809314727783,0.8899423480033875,900,11700,0.03570556640625,1,1,1
9526426,2022,deep_water,random_draw,0,694005,5039265,0.04924500122070312,0.08346500244140626,2.121868573784828e-5,86.58892822265625,30.150562286376953,900,103500,-0.082427978515625,0.9473684430122375,0.4000000059604645,4
9526915,2022,deep_water,random_draw,0,694065,5039175,0.042775,0.04497099914550781,8.303874603509903e-6,4.433396816253662,1.0853608846664429,900,103500,0.094573974609375,1,1,1
9527060,2022,deep_water,random_draw,0,694095,5039325,0.04351499938964844,0.04831600036621093,9.543891576528548e-6,34.164459228515625,24.426332473754883,900,103500,0.0294189453125,1,1,1
9527334,2022,deep_water,random_draw,0,694155,5039055,0.04299100036621094,0.05065499877929688,7.073139334917068e-6,16.69914436340332,32.24382781982422,900,103500,0.072296142578125,1,1,1
9527562,2022,deep_water,random_draw,0,694185,5039355,0.05132100219726562,0.09669299926757811,9.201571072340013e-6,77.9265365600586,47.61955642700195,900,103500,-0.126007080078125,1,0.699999988079071,3
9528171,2022,deep_water,random_draw,0,694275,5039325,0.04611400146484375,0.05299099731445313,5.877919912338256e-6,9.70663833618164,11.816705703735352,900,103500,0.080902099609375,1,1,1
9528191,2022,deep_water,random_draw,0,694305,5038935,0.0573719970703125,0.1398530029296875,1.641993674516678e-5,88.972137451171875,68.20472717285156,0,103500,-1.4422607421875,0.5,0.4000000059604645,5
9528383,2022,deep_water,random_draw,0,694305,5039145,0.0494489990234375,0.070447998046875,7.242229907512665e-6,12.960156440734863,27.57605743408203,900,103500,0.01739501953125,1,0.800000011920929,1
9528840,2022,deep_water,random_draw,0,694395,5039415,0.07067000122070312,0.14732099609375,1.4007264513969422e-5,106.46688842773438,61.582496643066406,0,168300,-0.827423095703125,0.15000000596046448,0.5,5
9528852,2022,deep_water,random_draw,0,694395,5039535,0.04940700073242187,0.11600999755859374,1.7011659977436068e-5,138.3597412109375,5.534058094024658,0,168300,-0.5308837890625,0.05263157933950424,0,5
9529142,2022,deep_water,random_draw,0,694455,5039205,0.04385499877929687,0.0430489990234375,6.348973709344864e-6,15.046350479125977,5.671041965484619,900,168300,0.122406005859375,1,1,1
9529395,2022,deep_water,random_draw,0,694515,5039565,0.0514989990234375,0.06052000122070312,6.026154981851578e-6,27.1529483795166,14.464983940124512,900,168300,0.0614013671875,1,1,1
9529446,2022,deep_water,random_draw,0,694515,5039025,0.03978200073242188,0.03718800048828125,5.416945147514343e-6,11.886614799499512,1.1515650749206543,900,168300,0.13092041015625,1,1,1
9529550,2022,deep_water,random_draw,0,694515,5039295,0.04635400085449218,0.04028699951171875,5.181406604647636e-6,13.569820404052734,1.0174832344055176,900,168300,0.1414794921875,1,1,1
9529747,2022,deep_water,random_draw,0,694545,5039175,0.055097998046875,0.13677900390625,1.5480092759132387e-5,138.9137420654297,5.4202656745910645,900,168300,-0.331329345703125,0.05000000074505806,0,5
9530174,2022,deep_water,random_draw,0,694635,5039385,0.04869800109863281,0.07378400268554687,8.90718204498291e-6,41.35844802856445,23.247203826904297,900,168300,0.020355224609375,1,0.800000011920929,3
9530255,2022,deep_water,random_draw,0,694635,5039655,0.05082699890136719,0.11456600341796876,1.5442461965084075e-5,131.16665649414065,5.493369102478027,0,168300,-1.360504150390625,0,0,5
9530552,2022,deep_water,random_draw,0,694665,5039475,0.04383999938964843,0.082897998046875,1.4482231032848358e-5,116.5354232788086,14.03791046142578,900,168300,-0.243316650390625,0.15000000596046448,0.10000000149011612,5
9525028,2022,deep_viz,annotated,0,693765,5040105,0.04100599975585937,0.04060299987792969,9.03690088033676e-6,18.547128677368164,0.8451277017593384,900,99000,0.135772705078125,1,1,1
9525151,2022,deep_viz,annotated,0,693795,5039955,0.04558500061035156,0.04744599914550781,9.439890027046204e-6,18.078777313232425,0.8682515025138855,900,99000,0.127166748046875,1,1,1
9525641,2022,dry,annotated,0,693855,5040285,0.0562760009765625,0.124825,2.0216996216773985e-5,143.4658203125,11.236004829406738,0,99000,-1.34051513671875,0,0,5
9526004,2022,deep_viz,annotated,0,693915,5039925,0.04816600036621094,0.05088299865722656,9.10528703212738e-6,17.742969512939453,0.9733556509017944,900,99000,0.133636474609375,1,1,3
9526786,2022,dry,annotated,0,694065,5039925,0.0565239990234375,0.1360550048828125,2.1621113176345823e-5,130.35877990722656,13.175098419189451,0,99000,-1.423309326171875,0,0,5
9527249,2022,dry,annotated,0,694125,5040015,0.03913599853515625,0.0782510009765625,1.7063499554395675e-5,107.2410659790039,27.475435256958008,900,99000,-0.549957275390625,0.25,0.30000001192092896,5
9525478,2022,deep_water,random_draw,0,693855,5039715,0.04940799865722656,0.07989400024414063,1.5037235651016236e-5,33.8262825012207,32.563934326171875,900,52200,-0.06634521484375,0.9473684430122375,0.8999999761581421,5
9525500,2022,deep_water,random_draw,0,693855,5039805,0.04201400146484375,0.04640199890136719,8.33005072593689e-6,7.547040462493896,0.8872402310371399,900,52200,0.15093994140625,1,1,1
9526143,2022,deep_water,random_draw,0,693945,5039745,0.03913999938964844,0.04095299987792968,8.762332921028138e-6,6.468923568725586,0.8141257762908936,900,52200,0.14520263671875,1,1,1
9526249,2022,deep_water,random_draw,0,693975,5039655,0.04636099853515625,0.12326700439453124,1.828676177740097e-5,65.049560546875,80.005767822265625,900,52200,-0.92181396484375,0.8999999761581421,0.800000011920929,5
9526273,2022,deep_water,random_draw,0,693975,5039835,0.0411260009765625,0.04414599914550781,9.49265392780304e-6,7.322818756103516,0.9243997931480408,900,52200,0.009185791015625,1,1,1
9526870,2022,deep_water,random_draw,0,694065,5039775,0.03840400085449218,0.04851600036621094,9.02595896244049e-6,8.51941204071045,1.456160068511963,900,52200,-0.0439453125,1,1,3
9519257,2022,deep_water,random_draw,0,693075,5039805,0.05963900146484375,0.07113099975585938,1.6514274431467058e-5,35.93463134765625,24.63128662109375,900,168300,0.0291748046875,1,1,3
9520028,2022,deep_water,random_draw,0,693165,5039685,0.0611010009765625,0.04915499877929687,1.1094742556214333e-5,9.21078109741211,4.533163070678711,900,168300,0.155426025390625,1,1,3
9521139,2022,deep_water,random_draw,0,693285,5039625,0.06276400146484375,0.0568739990234375,1.3945686381459236e-5,18.0382080078125,7.2192301750183105,900,168300,0.122100830078125,1,1,4
9522152,2022,deep_water,random_draw,0,693405,5039835,0.09081799926757812,0.2427360107421875,2.7347299661636353e-5,115.94600677490234,11.181020736694336,0,168300,-1.0477294921875,0,0,5
9522590,2022,deep_water,random_draw,0,693435,5039595,0.0769469970703125,0.13093900146484375,1.9713724844455717e-5,70.6966552734375,27.735851287841797,0,168300,-0.5101318359375,0.9444444179534912,0.8999999761581421,4
9523094,2022,deep_water,random_draw,0,693495,5039745,0.06643900146484374,0.06106599731445313,9.201085014939308e-6,10.080511093139648,4.698487758636475,900,168300,0.133148193359375,1,1,1
9523379,2022,deep_water,random_draw,0,693555,5039505,0.1033780029296875,0.2628419921875,3.0479957175254825e-5,106.3180923461914,5.040433883666992,0,168300,-1.75091552734375,0,0,5
9524196,2022,deep_water,random_draw,0,693675,5039385,0.06821400146484374,0.2260699951171875,2.776371204137802e-5,109.8465805053711,63.54209518432617,0,168300,-1.823333740234375,0,0,5
9524248,2022,deep_water,random_draw,0,693675,5039595,0.1019010009765625,0.2660989990234375,3.0600826206207275e-5,105.36988067626952,5.520883083343506,0,168300,-1.63916015625,0,0,5
9525318,2022,deep_water,random_draw,0,693825,5039535,0.06003900146484375,0.1133199951171875,1.6274547268152237e-5,79.60369873046875,47.11250305175781,900,168300,-0.31744384765625,0.949999988079071,0.8999999761581421,4
9516816,2022,shallow_viz,annotated,1,692775,5039985,0.05460800170898437,0.11395699462890624,1.728797512292862e-5,134.13848876953125,3.660478830337525,900,900,0,0,0,5
9515099,2022,shallow_viz,annotated,1,692595,5039775,0.04416499938964843,0.07049299926757813,2.3824314492940903e-5,144.6658935546875,1.666754126548767,900,20700,0.340972900390625,0.0555555559694767,0.0833333358168602,5
9498309,2022,shallow_viz,annotated,1,689955,5040195,0.04459299926757813,0.06220700073242187,1.8459025846719744e-5,103.26577758789064,13.646310806274414,900,64800,-0.05535888671875,0.11764705926179886,0.09090909361839294,5
9497399,2022,em_veg,annotated,0,689715,5040585,0.04976499938964843,0.09878400268554688,1.7443435146808627e-5,125.43765258789064,14.281314849853516,0,64800,-0.391387939453125,0,0.09090909361839294,5
9497551,2022,dry,annotated,0,689775,5040435,0.05666099853515625,0.1178280029296875,1.2107482490539553e-5,131.4735870361328,13.775213241577148,0,64800,-0.585845947265625,0,0,5
9497681,2022,em_veg,annotated,0,689805,5040345,0.04676900024414062,0.092952001953125,1.835382276296616e-5,84.66044616699219,23.37091636657715,0,64800,0.260955810546875,0.11764705926179886,0.10000000149011612,5
9497911,2022,deep_viz,annotated,0,689865,5040255,0.04038900146484375,0.05278400268554687,4.025828831195831e-6,69.5564193725586,16.286102294921875,900,64800,0.298309326171875,0.8125,0.5,4
9497913,2022,deep_viz,annotated,0,689865,5040135,0.04126499938964843,0.05442100219726562,4.113298066854477e-6,86.17567443847656,18.31805419921875,0,64800,0.29669189453125,0.75,0.4545454680919647,5
9498148,2022,deep_viz,annotated,0,689925,5040075,0.04546499938964844,0.08430599975585938,2.130316656947136e-5,94.8963851928711,8.308489799499512,900,64800,0.129119873046875,0.05882352963089943,0.1818181872367859,5
9498243,2022,dry,annotated,0,689955,5040255,0.04555400085449219,0.0818760009765625,1.5637297514677048e-5,124.65685272216795,8.932928085327148,900,64800,-0.13055419921875,0.0555555559694767,0.10000000149011612,5
9498342,2022,dry,annotated,0,689985,5040105,0.05239500122070312,0.098225,1.6450796359777452e-5,117.2456283569336,17.683856964111328,900,64800,-0.37152099609375,0.0555555559694767,0.10000000149011612,5
9496797,2022,dry,annotated,0,689505,5039895,0.06753900146484375,0.14273800048828125,1.944576209783554e-5,126.78495025634766,5.984614849090576,900,4500,-0.26739501953125,0,0,5
9494546,2022,dry,annotated,0,689085,5039685,0.05313699951171875,0.11401600341796876,1.2611808457374571e-5,130.08921813964844,14.613439559936523,900,25200,0.22076416015625,0,0,5
9456358,2022,em_veg,annotated,0,682455,5040495,0.0457239990234375,0.11688699951171876,1.841959502220154e-5,102.3011245727539,47.9615592956543,900,93600,0.049346923828125,0.125,0.09090909361839294,5
9456960,2022,dry,annotated,0,682605,5040435,0.0524489990234375,0.10633699951171877,1.650946764230728e-5,144.68402099609375,3.9177253246307377,0,93600,-0.13720703125,0,0,5
9457173,2022,dry,annotated,0,682605,5040345,0.04931300048828125,0.09466300048828125,1.5632502723932265e-5,132.7353515625,28.432119369506836,900,93600,-0.07861328125,0.08695652335882187,0,5
9457657,2022,em_veg,annotated,0,682695,5040315,0.0421760009765625,0.09689000244140623,1.5342521941661837e-5,83.7762680053711,76.29662322998047,900,93600,-0.038818359375,0.4761904776096344,0.30000001192092896,5
9458339,2022,em_veg,annotated,0,682845,5040285,0.03453399963378906,0.06641199951171875,9.960372664928437e-6,111.30115509033205,111.14530181884766,0,93600,-0.020050048828125,0.8333333134651184,0.30000001192092896,5
9458987,2022,dry,annotated,0,682995,5041305,0.07169000244140625,0.18271600341796876,2.4737998054027557e-5,96.4786148071289,20.42496681213379,0,7200,-0.211761474609375,0.04545454680919647,0.10000000149011612,5
9459308,2022,dry,annotated,0,683025,5041185,0.05419199829101562,0.10767900390625,1.303250727057457e-5,126.57477569580078,8.374049186706543,900,7200,0.0357666015625,0.03999999910593033,0.10000000149011612,5
9458991,2022,shallow_viz,annotated,1,682995,5041785,0.0458260009765625,0.08258699951171874,1.3144082576036452e-5,121.25163269042967,15.697893142700195,900,21600,0.056732177734375,0.07692307978868484,0.20000000298023224,5
9459626,2022,shallow_viz,annotated,1,683085,5041755,0.05594400024414062,0.070397998046875,1.3023991352319715e-5,120.41316223144533,25.425376892089844,900,21600,0.161376953125,0.03846153989434242,0.2222222238779068,5
9459055,2022,dry,annotated,0,682995,5041725,0.06274000244140625,0.127427001953125,1.400895707130432e-5,120.09046173095705,12.588558197021484,0,21600,-0.1885986328125,0,0.09090909361839294,5
9459625,2022,dry,annotated,0,683085,5041815,0.06694600219726562,0.14290400390625,1.697124465703964e-5,123.1155776977539,12.121221542358398,0,21600,-0.401214599609375,0,0,5
9459674,2022,dry,annotated,0,683085,5044815,0.05093399963378906,0.2388159912109375,2.994539297103882e-5,91.95870208740234,7.133727550506592,0,81000,-1.9791259765625,0.07999999821186066,0,5
9459756,2022,dry,annotated,0,683115,5045055,0.05384400024414063,0.3165419921875,3.387682542324066e-5,87.54388427734375,11.069375991821287,0,81000,-1.160552978515625,0.07692307978868484,0,5
9460029,2022,dry,annotated,0,683145,5044905,0.05706199951171875,0.2527,3.460951481819153e-5,105.32032012939452,11.94859504699707,900,81000,-0.254791259765625,0.0833333358168602,0,5
9458773,2022,deep_viz,annotated,0,682935,5048385,0.03095299987792969,0.03014800109863281,3.085547156333923e-6,9.844303131103516,1.7694270610809326,900,80100,0.0079345703125,1,1,1
9458833,2022,dry,annotated,0,682965,5048205,0.04996300048828125,0.09952899780273436,1.3345404419898988e-5,116.79135131835938,28.501161575317383,0,80100,-0.336029052734375,0,0,5
9459099,2022,deep_viz,annotated,0,682995,5048295,0.0323739990234375,0.03165,4.190312860012054e-6,16.861961364746094,7.1358442306518555,900,80100,0.032379150390625,1,0.9166666865348816,2
9459392,2022,deep_viz,annotated,0,683055,5048415,0.04664700012207031,0.08528099975585937,9.593021292686463e-6,114.91217041015624,46.6062126159668,0,80100,-0.255462646484375,0,0.4166666567325592,5
9459789,2022,dry,annotated,0,683115,5048325,0.04681600036621094,0.097775,1.2990827536582946e-5,126.06631469726564,28.374488830566406,0,80100,-0.34368896484375,0,0,5
9459818,2022,dry,annotated,0,683115,5048265,0.04516300048828125,0.092597998046875,1.354935007095337e-5,121.42137908935548,29.138856887817383,900,80100,-0.133209228515625,0.0714285746216774,0,5
9454805,2022,deep_water,random_draw,0,682215,5048775,0.06081400146484375,0.12198399658203124,1.3243209310770036e-5,98.10466766357422,104.41931915283205,900,201600,-0.39117431640625,0.18518517911434176,0.7272727489471436,4
9455208,2022,deep_water,random_draw,0,682275,5048445,0.06037000122070312,0.05535399780273437,6.027849878668785e-6,15.94948387145996,6.617452621459961,900,201600,0.3922119140625,1,1,1
9455599,2022,deep_water,random_draw,0,682335,5048595,0.0557510009765625,0.04651499938964844,5.566745929718018e-6,13.40574073791504,1.596106767654419,900,201600,0.494384765625,1,1,1
9455846,2022,deep_water,random_draw,0,682395,5048385,0.05421699829101562,0.09778599853515624,1.0514805351495742e-5,51.19939041137695,65.559356689453125,900,201600,-0.066497802734375,1,1,3
9456031,2022,deep_water,random_draw,0,682425,5048295,0.04319400024414063,0.06817100219726563,1.0414872207641602e-5,43.12931823730469,21.950925827026367,900,201600,0.418243408203125,0.9629629850387572,0.8999999761581421,4
9456352,2022,deep_water,random_draw,0,682455,5048535,0.0596760009765625,0.083825,7.861763105392456e-6,33.43831253051758,30.668088912963867,900,201600,0.4554443359375,1,1,3
9456529,2022,deep_water,random_draw,0,682485,5048355,0.06645599975585938,0.16071800537109374,2.317360299348831e-5,107.81110382080078,44.37092590332031,900,201600,0.03045654296875,0.260869562625885,0,5
9458798,2022,dry,annotated,0,682935,5049345,0.075375,0.15838299560546876,1.8288607511520387e-5,144.97174072265625,21.012617111206055,0,5400,-0.409423828125,0,0,5
9456565,2022,dry,annotated,0,682545,5050125,0.06005,0.120993994140625,1.9216389758586883e-5,132.85629272460938,10.681565284729004,900,7200,-0.30242919921875,0,0,5
9456735,2022,dry,annotated,0,682545,5050185,0.068277001953125,0.129731005859375,1.7714811280965804e-5,133.05592346191406,21.377649307250977,0,7200,-0.2569580078125,0.03703703731298447,0,5
9457276,2022,shallow_viz,annotated,1,682635,5050425,0.04033900146484375,0.0920989990234375,1.877973200082779e-5,116.08705139160156,43.11222839355469,900,27900,-0.04132080078125,0.07999999821186066,0,5
9456277,2022,deep_viz,annotated,0,682455,5050365,0.03646099853515625,0.069602001953125,1.7064570988416672e-5,91.03466796875,92.5054702758789,900,27900,0.067413330078125,0.0833333358168602,0,5
9456604,2022,deep_viz,annotated,0,682515,5050365,0.02934299926757812,0.03798099975585937,5.451550248861313e-6,92.271392822265625,16.870119094848633,900,27900,0.128753662109375,0.9583333134651184,0.6666666865348816,2
9456642,2022,deep_viz,annotated,0,682515,5050425,0.03478800048828125,0.07831900024414062,1.6676764731407164e-5,97.30810546875,51.41240310668945,900,27900,0.09368896484375,0.07999999821186066,0.0833333358168602,5
9456784,2022,dry,annotated,0,682545,5050275,0.0699760009765625,0.14451400146484375,1.3631839690208436e-5,138.74856567382813,8.10703182220459,900,27900,-0.7618408203125,0,0,5
9456819,2022,dry,annotated,0,682545,5050455,0.05200499877929687,0.1095550048828125,1.3016827127933504e-5,141.78077697753906,9.20806121826172,0,27900,-0.497314453125,0,0,5
9457101,2022,dry,annotated,0,682605,5050335,0.05645999755859375,0.1194739990234375,1.6333951139450072e-5,134.570068359375,20.92157745361328,900,27900,-0.203948974609375,0,0,5
9458186,2022,deep_water,random_draw,0,682815,5050635,0.03176799926757812,0.04103500061035156,8.60126212477684e-6,63.70582962036133,12.359393119812012,900,21600,-0.064605712890625,0.9047619104385376,0.7272727489471436,5
9458569,2022,deep_water,random_draw,0,682905,5050485,0.04203099975585937,0.092125,2.202593116998673e-5,102.49693298339844,36.78126525878906,900,21600,-4.57763671875e-4,0.4347825944423675,0,5
9458591,2022,deep_water,random_draw,0,682905,5050605,0.04724200134277344,0.10585400390625,2.0653697175979616e-5,112.8981475830078,41.22420501708984,900,21600,-0.0855712890625,0.40909090638160706,0,5
9455832,2022,deep_water,random_draw,0,682395,5050725,0.06716099853515625,0.166956005859375,2.7980136137008665e-5,74.89363098144531,60.33438873291016,900,153000,-0.42315673828125,0.36000001430511475,0,5
9456701,2022,deep_water,random_draw,0,682515,5050635,0.05785800170898438,0.1231510009765625,1.8256488604545593e-5,98.1417999267578,50.94932174682617,0,153000,-0.22119140625,0.6521739363670349,0.3333333432674408,5
9456743,2022,deep_water,random_draw,0,682545,5050935,0.04194800109863281,0.05833900146484375,9.69211113333702e-6,53.319705963134766,17.893421173095703,900,153000,-0.005706787109375,0.91304349899292,0.8333333134651184,3
9457099,2022,deep_water,random_draw,0,682605,5050605,0.03683699951171875,0.0424260009765625,8.760315536260605e-6,63.68498229980469,17.359230041503906,900,153000,-0.05792236328125,1,0.9166666865348816,2
9457151,2022,deep_water,random_draw,0,682635,5051085,0.05860499877929687,0.13468399658203126,2.5339536259174344e-5,110.13368225097656,25.201488494873047,900,153000,-0.1346435546875,0.625,0,4
9457967,2022,deep_water,random_draw,0,682785,5051085,0.09580700073242188,0.2072139892578125,2.7832507886886597e-5,120.53543853759766,48.950836181640625,0,153000,-0.77850341796875,0,0,5
9458124,2022,deep_water,random_draw,0,682815,5050965,0.04716499938964844,0.10051799926757812,1.973282732486725e-5,114.48698425292967,35.8253288269043,0,153000,-0.080413818359375,0.761904776096344,0,5
9458271,2022,deep_water,random_draw,0,682815,5050725,0.04611300048828125,0.083275,1.3897727873325346e-5,98.48228454589844,42.66209030151367,900,153000,-0.026763916015625,0.5,0.09090909361839294,4
9454507,2022,deep_water,random_draw,0,682185,5052165,0.04005199890136719,0.07659500122070312,1.178154605984688e-5,53.420162200927734,34.32575607299805,900,121500,0.00811767578125,0.8333333134651184,0.8333333134651184,4
9454659,2022,deep_water,random_draw,0,682215,5052285,0.07894500122070312,0.1715800048828125,2.3763864569664e-5,98.55064392089844,38.0545768737793,0,121500,-0.61376953125,0,0,5
9455295,2022,deep_water,random_draw,0,682305,5052015,0.05249500122070312,0.1181260009765625,1.9582541315555575e-5,78.836700439453125,42.717063903808594,900,121500,-0.07110595703125,0.125,0,5
9455629,2022,deep_water,random_draw,0,682365,5052285,0.0563030029296875,0.09249500122070312,1.3797046366930008e-5,55.376373291015625,28.57477569580078,0,121500,-0.147003173828125,0.7333333492279053,0.7272727489471436,4
9455935,2022,deep_water,random_draw,0,682395,5052165,0.03357000122070312,0.03727300109863281,3.361986502408981e-6,13.974231719970703,2.9306814670562744,900,121500,0.0277099609375,1,0.9166666865348816,2
9456104,2022,deep_water,random_draw,0,682425,5051835,0.03293200073242187,0.05694600219726562,1.1696176639795304e-5,61.1663932800293,43.29180145263672,900,121500,0.00689697265625,1,0.9166666865348816,4
9456374,2022,deep_water,random_draw,0,682455,5051985,0.03111199951171875,0.0381,7.79809099316597e-6,42.59529113769531,50.735801696777344,900,121500,0.02679443359375,1,0.9166666865348816,3
9456387,2022,deep_water,random_draw,0,682485,5052075,0.070747998046875,0.179902001953125,2.9013280572891236e-5,89.99615478515625,20.118295669555664,0,121500,-0.253265380859375,0.08695652335882187,0,5
9456451,2022,deep_water,random_draw,0,682485,5052225,0.05464400024414062,0.1278550048828125,2.268917577981949e-5,82.71721649169922,38.914947509765625,900,121500,-0.06695556640625,0.095238097012043,0,5
9456877,2022,deep_water,random_draw,0,682545,5051835,0.04653500061035156,0.1026699951171875,1.7826255290508268e-5,78.59710693359375,37.585933685302734,900,121500,-0.044464111328125,0.800000011920929,0.4166666567325592,4
9458813,2022,deep_water,random_draw,0,682965,5051775,0.08273400268554687,0.17346800537109375,1.5050142288208009e-5,121.1788558959961,23.389602661132813,0,45000,-1.20306396484375,0,0,5
9458936,2022,deep_water,random_draw,0,682965,5051655,0.03355400085449218,0.043425,4.340081211328506e-6,25.47671890258789,6.379591464996338,900,45000,0.115936279296875,0.9166666865348816,0.8181818127632141,3
9458995,2022,deep_water,random_draw,0,682995,5051535,0.04956400146484375,0.11168800048828124,1.9021068663597103e-5,85.1401596069336,77.8067626953125,900,45000,-0.023162841796875,0.3846153914928436,0.1818181872367859,5
9459612,2022,deep_water,random_draw,0,683085,5051715,0.05100899963378906,0.113693994140625,1.7935989596843717e-5,110.53707885742188,74.54358673095703,0,45000,-0.060791015625,0,0,5
9459613,2022,deep_water,random_draw,0,683085,5051595,0.03432799987792968,0.04172200012207031,3.7080282282829287e-6,16.149316787719727,2.1948859691619873,900,45000,0.051483154296875,1,0.8181818127632141,1
9457837,2022,deep_water,random_draw,0,682755,5052255,0.03910799865722656,0.05853300170898437,5.970847787857056e-6,22.339635848999023,6.6292877197265625,900,9000,0.19647216796875,0.8260869383811951,0.6363636255264282,3
9457832,2022,deep_water,random_draw,0,682755,5052375,0.033175,0.05267899780273438,5.963144693374633e-6,21.801963806152344,6.608273506164551,900,7200,-0.023590087890625,0.9375,0.75,3
9457148,2022,deep_water,random_draw,0,682605,5052495,0.05236900024414062,0.12768499755859375,2.5442858669757844e-5,106.64134979248048,42.61732482910156,900,17100,-0.0753173828125,0,0,5
9457437,2022,deep_water,random_draw,0,682665,5052405,0.02734599914550781,0.0512280029296875,1.0032484413385393e-5,73.67938232421875,52.49094772338867,900,17100,0.05621337890625,1,0.9166666865348816,4
9458690,2022,deep_water,random_draw,0,682935,5054835,0.04838800048828125,0.13256099853515624,2.5649530375003815e-5,105.42668151855467,38.42647171020508,900,518400,-0.1123046875,0.08695652335882187,0,5
9458872,2022,deep_water,random_draw,0,682965,5054685,0.05410700073242187,0.13183299560546874,2.400986661195755e-5,102.84249114990234,47.26065826416016,0,518400,-0.13348388671875,0.09090909361839294,0,5
9459759,2022,deep_water,random_draw,0,683115,5054595,0.0652260009765625,0.15171700439453126,2.021536093950272e-5,82.67894744873047,64.32837677001953,900,518400,-0.16485595703125,0.40909090638160706,0.4166666567325592,4
9459809,2022,deep_water,random_draw,0,683115,5054865,0.04756499938964843,0.08080499877929688,1.397713789820671e-5,55.029056549072266,45.91524887084961,900,518400,-0.050445556640625,1,0.75,4
9457408,2022,shallow_viz,annotated,1,682665,5055375,0.05772899780273437,0.06958400268554688,2.027405030250549e-5,141.37716674804688,13.09878921508789,900,3600,-0.034942626953125,0.07692307978868484,0,5
9455729,2022,shallow_viz,annotated,1,682365,5055585,0.04393800048828125,0.05856199951171875,1.4650352145433426e-5,147.47454833984375,3.834112882614136,900,22500,0.03759765625,0.11538461595773696,0,5
9456971,2022,shallow_viz,annotated,1,682605,5055495,0.05128499755859375,0.105697998046875,1.7641634722948076e-5,122.03337860107422,54.06972122192383,0,22500,-0.050689697265625,0.07407407462596893,0.1666666716337204,5
9454531,2022,deep_water,random_draw,0,682185,5056485,0.04045199890136718,0.0872489990234375,1.9527151274681093e-5,111.34420013427734,64.74964141845703,0,43200,-0.044647216796875,0.0833333358168602,0,5
9454853,2022,deep_water,random_draw,0,682245,5056335,0.03849700012207031,0.07996199951171876,1.8778201146125796e-5,83.8662109375,63.906028747558594,900,43200,0.01416015625,0.6800000071525574,0.1818181872367859,5
9455084,2022,deep_water,random_draw,0,682275,5056425,0.03217900085449218,0.03502999877929688,3.20701230764389e-6,9.860254287719728,1.8930418491363523,900,43200,0.00244140625,1,1,1
9455126,2022,deep_water,random_draw,0,682275,5056545,0.0283010009765625,0.03845299987792969,9.30219488978386e-6,58.30076599121094,54.17765808105469,900,43200,0.007965087890625,1,1,3
9455787,2022,deep_water,random_draw,0,682365,5056455,0.03984800109863281,0.08221199951171874,1.7081602746248246e-5,90.46501922607422,80.4843521118164,900,43200,0.009857177734375,0.6538461446762085,0.3636363744735718,5
9455788,2022,deep_water,random_draw,0,682365,5056365,0.03887300109863281,0.06496400146484375,1.631829370379448e-5,78.88622283935547,60.70469665527344,900,43200,-0.004302978515625,0.7777777910232544,0.3636363744735718,4
9455283,2022,shallow_viz,annotated,1,682305,5059155,0.03758200073242188,0.08435399780273438,2.4999634058475495e-5,105.4751205444336,35.5629997253418,900,12600,0.1412353515625,0.03846153989434242,0.10000000149011612,5
9454884,2022,dry,annotated,0,682245,5059215,0.05371300048828125,0.11415,1.8050335631370544e-5,140.35963439941406,24.518451690673828,0,12600,-0.058441162109375,0.07407407462596893,0,5
9455123,2022,dry,annotated,0,682275,5059095,0.05134400024414062,0.13606300048828124,2.067901691675186e-5,130.7373809814453,66.11254119873047,0,12600,-0.47613525390625,0,0,5
9455443,2022,dry,annotated,0,682335,5059215,0.06784400024414063,0.142372998046875,1.9910796177387237e-5,137.71018981933594,6.505752086639404,0,12600,-0.2921142578125,0.07407407462596893,0,5
9035141,2022,deep_water,random_draw,0,682845,5070615,0.02773999938964843,0.04710499877929687,2.829348003029823e-5,75.24200439453125,32.87361526489258,900,47867400,-0.62994384765625,0.13793103396892548,0,5
9050823,2022,deep_water,random_draw,0,684435,5069235,0.04378699951171875,0.120318994140625,2.57607005405426e-5,107.36780548095705,27.58209991455078,900,47867400,-0.42718505859375,0.25,0,5
9052220,2022,deep_water,random_draw,0,684525,5069145,0.04030199890136719,0.1065949951171875,2.1974315588474275e-5,63.00285720825195,79.7721939086914,900,47867400,-0.36444091796875,0.23999999463558197,0.1538461595773697,5
9062217,2022,deep_water,random_draw,0,685125,5070945,0.05466400146484375,0.1468449951171875,2.6836691269874576e-5,88.662567138671875,56.708404541015625,900,47867400,-0.322845458984375,0.1923076957464218,0,5
9070801,2022,deep_water,random_draw,0,685575,5071245,0.03305499877929687,0.03573599853515625,4.699847720861435e-6,2.6899614334106445,0.5424280762672424,900,47867400,-0.01446533203125,1,1,2
9072201,2022,deep_water,random_draw,0,685665,5070765,0.03771600036621093,0.10228400268554688,2.854197945356369e-5,87.39141845703125,97.606658935546875,900,47867400,-0.48480224609375,0.1071428582072258,0,5
9073831,2022,deep_water,random_draw,0,685755,5071035,0.03138500061035156,0.06718099975585938,3.2936899199485783e-5,104.3069076538086,50.575775146484375,900,47867400,-0.40179443359375,0.1785714328289032,0,5
9076280,2022,deep_water,random_draw,0,685875,5071275,0.03123200073242187,0.05581599731445312,9.713851798772813e-6,26.242761611938477,36.83791732788086,900,47867400,-0.082427978515625,1,1,3
9080175,2022,deep_water,random_draw,0,686085,5071215,0.03706099853515625,0.09866799926757812,2.6469891901016235e-5,103.9443817138672,64.2689437866211,900,47867400,-0.334930419921875,0.17241379618644714,0.09090909361839294,5
9082069,2022,deep_water,random_draw,0,686205,5071065,0.064475,0.170925,2.2696737711429596e-5,50.560646057128906,41.67081069946289,0,47867400,-2.344482421875,0.13793103396892548,0.4545454680919647,5
9038567,2022,deep_water,random_draw,0,683235,5071365,0.04231199951171875,0.05394000244140625,3.161106703042984e-5,100.68048858642578,24.607267379760746,900,40129200,-0.7197265625,0.25,0,5
9038723,2022,deep_water,random_draw,0,683265,5071605,0.03678999938964843,0.04130599975585938,2.461976511955261e-5,133.16131591796875,7.886102676391602,900,40129200,-1.1864013671875,0.10000000149011612,0,5
9040209,2022,deep_water,random_draw,0,683415,5072325,0.06325399780273437,0.13813399658203124,1.9091359298229218e-5,99.18379974365234,38.956642150878906,0,40129200,-2.151947021484375,0,0,5
9042749,2022,deep_water,random_draw,0,683685,5071185,0.04659800109863281,0.0378989990234375,1.926235758423805e-5,76.23777770996094,60.0077018737793,900,40129200,0.2418212890625,0.25,0.1666666716337204,5
9043844,2022,deep_water,random_draw,0,683775,5071305,0.04922000122070312,0.03990299987792969,2.841598203837872e-5,67.68660736083984,18.79155731201172,900,40129200,0.1612548828125,0.20000000298023224,0,5
9047486,2022,deep_water,random_draw,0,684165,5071335,0.05125999755859375,0.04284800109863281,3.4720936920642855e-5,103.28103637695313,17.19624900817871,900,40129200,-0.29388427734375,0.1923076957464218,0,5
9057410,2022,deep_water,random_draw,0,684855,5071395,0.04115799865722656,0.04077799987792969,3.4553310307264326e-5,137.01425170898438,13.215951919555664,900,40129200,-0.872772216796875,0.11538461595773696,0,5
9073279,2022,deep_water,random_draw,0,685725,5071455,0.04139299926757812,0.09788300170898435,2.7769227356910704e-5,89.24591064453125,82.7098159790039,900,40129200,-0.33819580078125,0.2857142984867096,0.0833333358168602,5
9075180,2022,deep_water,random_draw,0,685815,5071485,0.04131499938964844,0.075347998046875,2.9485412880182263e-5,104.09805297851564,62.639122009277344,900,40129200,-0.57659912109375,0.18518517911434176,0,5
9081712,2022,deep_water,random_draw,0,686175,5071545,0.03356400146484375,0.0817989990234375,2.3016273281574248e-5,80.4267349243164,46.08782196044922,0,40129200,-1.09429931640625,0.1111111119389534,0,5
9037209,2022,dry,annotated,0,683085,5073105,0.08146900024414062,0.22234599609375,2.6050553362369537e-5,114.0818328857422,18.00635528564453,0,18900,-1.308197021484375,0,0,5
9034722,2022,deep_water,random_draw,0,682785,5075385,0.051852001953125,0.138872998046875,1.738578017950058e-5,65.77143859863281,34.966392517089844,900,5400,-0.133514404296875,0.6296296119689941,0.1666666716337204,4
9035795,2022,deep_water,random_draw,0,682935,5075415,0.0645969970703125,0.2247820068359375,2.5829403171539305e-5,97.3279266357422,65.970611572265625,0,2700,-5.17767333984375,0.03448275849223137,0,5
9035761,2022,deep_water,random_draw,0,682935,5075535,0.04815899963378906,0.09798900146484377,9.644350669384002e-6,77.68696594238281,74.19043731689453,900,900,0,0.4615384638309479,0.9166666865348816,5
9036816,2022,dry,annotated,0,683055,5077065,0.0808510009765625,0.18740999755859375,2.0898176317214967e-5,119.2197723388672,14.252957344055176,900,76500,-0.124114990234375,0,0,5
9032937,2022,dry,annotated,0,682545,5077995,0.0730739990234375,0.16983699951171874,2.7919551999568936e-5,129.9517059326172,4.725379467010498,0,47700,-0.443939208984375,0,0,5
9033422,2022,dry,annotated,0,682605,5077905,0.071225,0.16800999755859375,2.832829875230789e-5,129.00909423828125,11.18292999267578,900,47700,-0.33990478515625,0,0,5
9034019,2022,dry,annotated,0,682695,5078085,0.05090499877929688,0.16143900146484377,2.14308096241951e-5,79.9157943725586,114.40133666992188,0,47700,-0.5511474609375,0,0,5
9032016,2022,shallow_viz,annotated,1,682455,5079015,0.04455499877929687,0.10081400146484376,1.6812844622135162e-5,65.50379943847656,3.0385048389434814,900,141300,0.0240478515625,0,0.1666666716337204,5
9031585,2022,dry,annotated,0,682425,5078985,0.05392999877929688,0.1123699951171875,1.6448846311569215e-5,63.8437614440918,8.167095184326172,900,141300,-0.109588623046875,0,0.0833333358168602,5
9032581,2022,dry,annotated,0,682515,5078775,0.0577469970703125,0.12239200439453124,1.047319415807724e-5,49.666038513183594,4.272282600402832,900,141300,-0.200469970703125,0.13333334028720856,0.1666666716337204,5
9033321,2022,dry,annotated,0,682605,5078925,0.06181799926757812,0.13844200439453125,1.7349161050319673e-5,110.1748046875,6.201950550079346,900,141300,0.257568359375,0,0.07692307978868484,5
9036464,2022,dry,annotated,0,683025,5079405,0.06390700073242188,0.13845999755859376,1.858112309932709e-5,85.53612518310547,33.255435943603516,900,15300,-0.105865478515625,0,0,5
9036954,2022,dry,annotated,0,683055,5079315,0.06918300170898438,0.15073399658203124,1.7736605594158172e-5,119.79802703857422,17.477331161499023,0,15300,-0.442535400390625,0,0,5
9037261,2022,dry,annotated,0,683115,5079405,0.07604000244140625,0.16786600341796876,1.814038882017136e-5,114.02674865722656,27.430923461914063,0,15300,-0.214385986328125,0,0,5
9024863,2022,dry,annotated,0,681495,5086485,0.0520260009765625,0.17891199951171874,2.5738524475097656e-5,144.92555236816406,74.5773696899414,900,10800,0.13116455078125,0.0357142873108387,0,5
9023905,2022,dry,annotated,0,681315,5086995,0.0929260009765625,0.21081298828125,1.8384712870121e-5,161.72308349609375,4.185899257659912,900,20700,-0.9779052734375,0,0,5
9024009,2022,dry,annotated,0,681345,5087055,0.07214400024414062,0.15466199951171877,1.5531352376937865e-5,173.8080291748047,1.796974778175354,0,20700,-0.03875732421875,0,0,5
8805308,2022,dry,annotated,0,679575,5101125,0.0602989990234375,0.12301199951171876,1.71783039021492e-5,155.99339294433594,14.43790054321289,0,10800,-0.10595703125,0.03999999910593033,0,5
8805421,2022,dry,annotated,0,679665,5101155,0.05870999755859375,0.1124010009765625,1.785347953438759e-5,145.27017211914065,12.291706085205078,900,10800,-0.14935302734375,0,0,5
4036470,2022,dry,annotated,0,680535,5126355,0.07189400024414062,0.176106005859375,1.9795342671871184e-5,145.62838745117188,79.9112319946289,0,81900,-0.108245849609375,0,0,5
4036678,2022,dry,annotated,0,680565,5126415,0.0491989990234375,0.10976400146484376,1.7851737554073333e-5,152.34854125976565,56.2017936706543,900,81900,0.335601806640625,0.06666667014360428,0.0833333358168602,5
4037829,2022,dry,annotated,0,680805,5126385,0.08100399780273437,0.1743,1.5239362185001374e-5,178.35037231445313,5.789994716644287,0,81900,-0.619110107421875,0,0,5
3477821,2022,dry,annotated,0,651195,5164815,0.05275900268554687,0.1044239990234375,1.223200456380844e-5,130.12136840820313,68.77581024169922,0,1611900,-0.874176025390625,0,0,5
3483446,2022,em_veg,annotated,0,652095,5165625,0.05340999755859375,0.13505699462890625,2.295900350809097e-5,122.91238403320313,100.8381118774414,900,1611900,-1.250091552734375,0,0,5
3483619,2022,deep_viz,annotated,0,652095,5165685,0.05686199951171875,0.06344199829101563,1.4942385091781615e-5,32.28071212768555,107.6594696044922,900,1611900,1.127288818359375,0.7749999761581421,0.7777777910232544,4
3483791,2022,deep_viz,annotated,0,652155,5165985,0.0583489990234375,0.05824099731445312,1.0389003549814224e-5,29.775463104248047,50.67311096191406,900,1611900,1.94464111328125,0.925000011920929,0.7894737124443054,3
3483792,2022,deep_viz,annotated,0,652125,5165835,0.0548510009765625,0.05399400024414062,1.2377199581861497e-5,39.47307586669922,73.56063079833984,900,1611900,2.276702880859375,0.9534883499145508,0.6842105388641357,4
3484239,2022,em_veg,annotated,0,652245,5165835,0.04794599914550781,0.12141199951171874,2.1695599744319916e-5,111.5457992553711,154.0545196533203,0,1611900,-0.56695556640625,0,0,5
3484928,2022,dry,annotated,0,652395,5165895,0.05213699951171875,0.1425969970703125,2.514550575494766e-5,132.02108764648438,117.2730484008789,0,1611900,-1.01788330078125,0,0,5
3485367,2022,dry,annotated,0,652485,5165895,0.06461199951171875,0.16264300537109375,2.7049657356739044e-5,159.24525451660156,99.4689712524414,0,1611900,-0.303924560546875,0.06060606241226196,0.29411765933036804,5
3464579,2022,terrain,annotated,0,649425,5165865,0.05957000122070313,0.12678499755859374,2.6645046067237857e-5,156.3228759765625,34.02009582519531,900,914400,0.052886962890625,0,0,5
3470313,2022,dry,annotated,0,650205,5165055,0.05706099853515625,0.12675,1.694996801137924e-5,185.04888916015625,0.7688566446304321,0,914400,-0.64764404296875,0,0,5
3473240,2022,dry,annotated,0,650625,5165175,0.0606510009765625,0.12921099853515625,1.6907802391052245e-5,87.6966781616211,27.34467124938965,900,914400,-0.761474609375,0,0,5
3455386,2022,deep_water,random_draw,0,647445,5162745,0.03338900146484375,0.0689010009765625,9.054888734817503e-6,146.63304138183594,91.19202423095705,900,5400,0.033599853515625,0.53125,0.800000011920929,5
3441656,2022,shallow_viz,annotated,1,644055,5162835,0.0322010009765625,0.04125199890136719,2.228984334230423e-5,57.61126327514648,0.8292020559310913,900,60300,0.08349609375,0.12195122241973876,0,5
3441659,2022,shallow_viz,annotated,1,644085,5162685,0.03347300109863281,0.04399200134277344,1.3777826441526412e-5,57.12540054321289,0.9976680278778076,900,60300,0.2325439453125,0.17073170840740204,0,5
3441075,2022,dry,annotated,0,643965,5162925,0.04688699951171875,0.09670499877929688,3.7161515023708345e-5,65.0556869506836,0.8292193412780762,900,60300,-0.1265869140625,0.04347826167941093,0,5
3441262,2022,dry,annotated,0,643995,5162985,0.06131900024414062,0.136002001953125,4.120843378782272e-5,75.08342742919922,1.1047005653381348,0,60300,-0.38690185546875,0,0,5
3441878,2022,dry,annotated,0,644115,5162895,0.052797998046875,0.10829300537109376,3.144897453546524e-5,76.29932403564453,0.9388826489448548,900,60300,-0.158111572265625,0.02272727340459823,0,5
3434432,2022,shallow_viz,annotated,1,642375,5162655,0.04335199890136718,0.11056500244140624,2.591402978897095e-5,185.60931396484375,0.8805685639381409,900,90900,-0.067230224609375,0.02380952425301075,0,5
3434612,2022,shallow_viz,annotated,1,642435,5162775,0.02291199951171875,0.03719800109863281,2.84096556019783e-5,156.41156005859375,8.474628448486328,900,90900,0.282012939453125,0.2380952388048172,0,5
3434202,2022,dry,annotated,0,642315,5162595,0.06568099975585938,0.163427001953125,2.4451890757083898e-5,182.5467834472656,1.5525745153427124,0,90900,-0.190277099609375,0,0,5
3434520,2022,dry,annotated,0,642405,5162835,0.06560999755859374,0.14844000244140626,2.4542976479530335e-5,186.37179565429688,0.9262952208518982,900,90900,-0.182159423828125,0,0,5
3435005,2022,dry,annotated,0,642525,5162625,0.05778599853515625,0.12685899658203126,2.1009857590198516e-5,187.1689453125,0.391573041677475,900,90900,-0.10321044921875,0,0,5
3425812,2022,shallow_viz,annotated,1,639045,5159385,0.03059599914550781,0.0586280029296875,1.847425565958023e-5,169.32513427734375,7.06252384185791,900,9900,0.167327880859375,0.02702702768146991,0,5
3425282,2022,dry,annotated,0,638895,5159385,0.076497998046875,0.18101700439453125,1.5285851752758026e-5,124.3830337524414,9.943723678588867,0,9900,-0.3319091796875,0,0,5
3425933,2022,dry,annotated,0,639075,5159325,0.07444099731445313,0.15368399658203125,1.2517245473861694e-5,183.15255737304688,2.8444159030914307,0,9900,-0.259613037109375,0,0,5
3426084,2022,dry,annotated,0,639105,5159385,0.068772998046875,0.138102001953125,1.1972524569034576e-5,183.3140869140625,1.9013758897781372,0,9900,-0.274200439453125,0,0,5
3419835,2022,em_veg,random_draw,0,636945,5159295,0.07236599731445313,0.1769949951171875,3.084493522644043e-5,175.6259307861328,3.853658676147461,0,7200,-0.308441162109375,0,0,5
3420016,2022,em_veg,random_draw,0,637035,5159265,0.050225,0.11878599853515626,2.8706799879074094e-5,163.89337158203125,3.1901426315307617,900,7200,-0.05816650390625,0.03125,0,5
3393077,2022,dry,annotated,0,629865,5159115,0.081952001953125,0.214506005859375,2.4647780182361603e-5,181.70391845703125,14.118570327758787,0,900,-0.105560302734375,0,0,5
3387637,2022,dry,annotated,0,628545,5158845,0.07086099853515625,0.240735009765625,2.828922852754593e-5,157.01026916503906,4.3419189453125,900,212400,-0.2601318359375,0.03225806355476379,0,5
3387639,2022,dry,annotated,0,628515,5158695,0.04488900146484375,0.13389000244140625,2.904587350845337e-5,154.11940002441406,4.3102126121521,900,212400,-0.012237548828125,0.09375,0,5
3387684,2022,dry,annotated,0,628545,5158395,0.06782999877929688,0.301752001953125,3.649835462570191e-5,177.8894500732422,1.9133803844451904,0,212400,-0.239013671875,0,0,5
3385608,2022,dry,annotated,0,627945,5159355,0.0612219970703125,0.1875949951171875,2.721838352441788e-5,169.2279052734375,58.18489837646485,900,82800,-0.002288818359375,0.03030303120613098,0,5
3385610,2022,dry,annotated,0,627945,5159085,0.06780499877929687,0.187256005859375,3.178919042587281e-5,173.66970825195313,1.7159591913223269,900,82800,-0.080535888671875,0.09375,0,5
3386240,2022,dry,annotated,0,628095,5159205,0.04491499938964843,0.1204969970703125,2.9988286972045897e-5,177.30929565429688,2.0602593421936035,900,82800,0.04400634765625,0.14705882966518402,0,5
3385505,2022,dry,annotated,0,627945,5158635,0.05911599731445313,0.219418994140625,3.0147114429473876e-5,154.5658721923828,5.255478382110596,900,45900,-0.0618896484375,0.02941176481544971,0,5
3385525,2022,dry,annotated,0,627945,5158845,0.061775,0.19796600341796872,2.9174060287475586e-5,160.43577575683594,3.740391254425049,900,45900,-0.0751953125,0.09375,0,5
3385652,2022,dry,annotated,0,627975,5158755,0.04700700073242187,0.15919100341796874,2.989432879447937e-5,145.38597106933594,7.365981578826904,900,45900,-0.030914306640625,0.05882352963089943,0,5
3497730,2022,dry,annotated,0,655065,5165955,0.06817000122070313,0.14293900146484376,1.7475304474830627e-5,164.1350555419922,12.968754768371582,900,14400,-0.041839599609375,0,0,5
3498291,2022,dry,annotated,0,655125,5165895,0.05590800170898438,0.13604300537109376,1.4899065980911257e-5,111.82623291015624,22.8476505279541,0,14400,0.2872314453125,0,0,5
3383583,2022,dry,annotated,0,627435,5158725,0.04432200012207031,0.139706005859375,2.958372311115265e-5,173.42318725585938,2.270343542098999,900,140400,-0.056976318359375,0.09375,0,5
3384541,2022,dry,annotated,0,627645,5158845,0.066622998046875,0.207672998046875,2.880628326654434e-5,169.07284545898438,1.9722142219543457,900,140400,-0.133148193359375,0.09375,0,5
3384677,2022,dry,annotated,0,627675,5158545,0.0528510009765625,0.1439489990234375,2.657721370220184e-5,156.2301788330078,112.42623901367188,900,140400,-0.1226806640625,0.09090909361839294,0,5
3376733,2022,shallow_viz,annotated,1,625515,5158905,0.0339239990234375,0.05133300170898437,2.233198855996132e-5,134.4357452392578,26.099925994873047,900,45900,0.10906982421875,0.12903225421905518,0,5
3376775,2022,shallow_viz,annotated,1,625515,5158785,0.02908999938964843,0.04257099914550781,2.2016352360248564e-5,138.4973602294922,28.232690811157227,900,45900,0.204925537109375,0.1875,0,5
3376692,2022,dry,annotated,0,625515,5158965,0.09958900146484374,0.259056005859375,3.0093248476982115e-5,166.16969299316406,10.085826873779297,0,45900,-0.677459716796875,0,0,5
3377063,2022,dry,annotated,0,625605,5158755,0.0736510009765625,0.16658900146484376,2.1754317460060117e-5,134.7822723388672,30.067018508911133,0,45900,-0.291229248046875,0,0,5
3377733,2022,dry,annotated,0,625725,5158905,0.07632100219726562,0.18043900146484376,1.8749623951911927e-5,173.1388702392578,24.315412521362305,0,45900,-0.21185302734375,0,0,5
3375457,2022,dry,annotated,0,625245,5160135,0.06405800170898437,0.131127001953125,1.9388644666671755e-5,168.2597198486328,7.537312507629395,0,63000,-0.2706298828125,0,0,5
3375569,2022,dry,annotated,0,625275,5159985,0.05353400268554687,0.10199000244140626,1.307466433763504e-5,130.44381713867188,24.82162094116211,900,63000,-0.170379638671875,0.09090909361839294,0,5
3375913,2022,dry,annotated,0,625335,5160135,0.0587510009765625,0.12130799560546876,1.49185343170166e-5,177.3035125732422,10.66931438446045,0,63000,-0.1029052734375,0,0,5
3376301,2022,dry,annotated,0,625425,5159985,0.05346199951171875,0.12296500244140623,2.393835950374603e-5,138.11827087402344,9.987282752990724,900,135000,-0.122711181640625,0.0625,0,5
3376904,2022,dry,annotated,0,625545,5160225,0.05745700073242187,0.13613900146484376,2.5082903146743777e-5,187.0917205810547,4.315749645233154,0,135000,-0.25323486328125,0,0,5
3377061,2022,dry,annotated,0,625575,5159955,0.0557719970703125,0.12861300048828125,1.979120534658432e-5,156.15744018554688,7.111807823181152,900,135000,-0.096160888671875,0.0882352963089943,0,5
3373842,2022,co_precise,annotated,1,624855,5160495,0.0329489990234375,0.04778999938964844,1.2106293518543244e-5,176.41433715820313,5.771634578704834,900,198000,0.062591552734375,0.13333334028720856,0,5
3373946,2022,shallow_viz,annotated,1,624855,5160405,0.03112999877929687,0.04982099914550781,2.2898894222974775e-5,175.66966247558594,5.301302909851074,900,198000,0.03607177734375,0.09677419066429138,0,5
3373619,2022,dry,annotated,0,624765,5160465,0.05783699951171875,0.12578499755859374,1.5757710256576536e-5,165.65219116210938,9.585760116577148,0,198000,-0.238616943359375,0,0,5
3373775,2022,dry,annotated,0,624795,5160315,0.06329400024414063,0.12818499755859375,1.7427744495868682e-5,160.9410400390625,12.52444839477539,0,198000,-0.3369140625,0,0,5
3375095,2022,dry,annotated,0,625215,5160525,0.04367000122070312,0.08700700073242187,1.4051132394075397e-5,170.18812561035156,7.08961296081543,900,198000,-0.03656005859375,0.03448275849223137,0,5
3373277,2022,shallow_viz,annotated,1,624675,5160675,0.03590199890136719,0.07505800170898437,1.6091043214797974e-5,185.00306701660156,1.1783692836761477,900,16200,0.007049560546875,0.16129031777381897,0,5
3373318,2022,shallow_viz,annotated,1,624675,5160765,0.03830700073242187,0.08379500122070313,1.7927228035926818e-5,183.3148651123047,2.950860023498535,900,16200,0.004241943359375,0.16129031777381897,0,5
3373252,2022,dry,annotated,0,624675,5160585,0.05411199951171875,0.1208719970703125,1.8048898649215698e-5,179.97232055664065,5.739512920379639,900,16200,-0.1416015625,0.1034482792019844,0,5
3373067,2022,shallow_viz,annotated,1,624615,5160495,0.05025199890136719,0.09780700073242188,1.3965227150917051e-5,175.12449645996094,4.711644172668457,900,18900,-0.086639404296875,0.10000000149011612,0,5
3373177,2022,shallow_viz,annotated,1,624645,5160435,0.04305499877929687,0.08443400268554688,1.3599632474184037e-5,150.5417938232422,25.885414123535156,900,18900,-0.04693603515625,0.06666667014360428,0,5
3372691,2022,dry,annotated,0,624495,5160495,0.076902001953125,0.1654280029296875,2.4445336055755615e-5,173.4352569580078,7.821465969085693,0,18900,-0.523406982421875,0,0,5
3373087,2022,dry,annotated,0,624615,5160525,0.06401799926757812,0.13902900390625,2.014251591205597e-5,161.29901123046875,21.111948013305664,900,18900,-0.1829833984375,0.0357142873108387,0,5
3373135,2022,dry,annotated,0,624615,5160405,0.06325499877929687,0.13120400390625,1.7937752857208254e-5,146.98670959472656,11.357915878295898,0,18900,-0.28497314453125,0,0,5
3372367,2022,shallow_viz,annotated,1,624405,5160705,0.04385899963378906,0.07957999877929688,1.4203200767040252e-5,90.901092529296875,33.451419830322266,900,9900,0.01123046875,0.09375,0,5
3372514,2022,shallow_viz,annotated,1,624435,5160645,0.0432989990234375,0.07770800170898437,1.6950985618829728e-5,89.95353698730469,23.461658477783203,900,9900,6.40869140625e-4,0.12903225421905518,0,5
3372303,2022,dry,annotated,0,624375,5160735,0.06393499755859375,0.126472998046875,1.388021402478218e-5,76.5685043334961,14.163504600524902,0,9900,-0.273406982421875,0,0,5
3372482,2022,dry,annotated,0,624435,5160585,0.06608400268554687,0.13516600341796875,1.4541164979934692e-5,100.0350570678711,35.860626220703125,0,9900,-0.500732421875,0,0,5
3372755,2022,dry,annotated,0,624495,5160645,0.0500989990234375,0.09058599853515624,1.6034865211248396e-5,83.31562805175781,15.691471099853516,900,9900,-0.100982666015625,0.13793103396892548,0,5
3369622,2022,dry,annotated,0,623775,5160765,0.04969400024414062,0.09688599853515624,1.8426366764307024e-5,161.4757843017578,17.750591278076172,900,10800,-0.103118896484375,0.1428571492433548,0,5
3369771,2022,dry,annotated,0,623805,5160705,0.07036400146484376,0.138793994140625,1.7957373138666152e-5,160.543212890625,9.235831260681152,0,10800,-0.405487060546875,0,0,5
3369818,2022,dry,annotated,0,623805,5160585,0.05190499877929688,0.096227001953125,1.7225816856622696e-5,158.17813110351565,20.549270629882813,900,10800,-0.104156494140625,0.1111111119389534,0,5
3365269,2022,dry,annotated,0,622755,5160765,0.06237999877929687,0.177547998046875,2.542395519018173e-5,178.46839904785156,45.77751541137695,900,216000,-0.16424560546875,0.07692307978868484,0,5
3366087,2022,dry,annotated,0,622965,5160795,0.0599239990234375,0.132502001953125,2.6303599770069125e-5,167.1309356689453,7.158529758453369,900,216000,-0.13763427734375,0.1111111119389534,0,5
3367344,2022,dry,annotated,0,623235,5160645,0.04805499877929687,0.09179299926757813,2.7841833338737487e-5,172.14425659179688,7.257515907287598,900,216000,-0.163330078125,0.07999999821186066,0,5
3363469,2022,dry,annotated,0,622185,5162055,0.08805999755859376,0.1889260009765625,2.4300134975910187e-5,189.1059112548828,0.26331907510757446,0,27900,-0.263916015625,0,0,5
3361683,2022,shallow_viz,annotated,1,621585,5162265,0.02935899963378906,0.05825700073242187,2.905524703025818e-5,187.57225036621097,0.19776785373687744,900,39600,0.047454833984375,0.02631578966975212,0,5
3361821,2022,shallow_viz,annotated,1,621615,5162325,0.02996700134277343,0.05449000244140625,2.9100539245605467e-5,188.04913330078125,0.13156746327877045,900,39600,0.070831298828125,0.02857142873108387,0,5
3361544,2022,dry,annotated,0,621555,5162355,0.08033900146484375,0.17749599609375,2.8421134879589083e-5,187.95913696289065,0.02804935537278652,900,39600,-0.112579345703125,0,0,5
3362072,2022,dry,annotated,0,621705,5162325,0.07063400268554687,0.1615260009765625,3.0457420160770417e-5,187.9862365722656,0.011676587164402,900,39600,-0.105438232421875,0,0,5
3362800,2022,dry,annotated,0,621945,5162295,0.09403699951171876,0.2068010009765625,2.703779979944229e-5,187.11082458496097,0.19253844022750857,900,1800,-0.029541015625,0,0,5
3362108,2022,shallow_viz,annotated,1,621705,5162655,0.03225199890136718,0.04560700073242187,2.7197746576070785e-5,189.8965606689453,0.12234684824943542,900,63000,0.082611083984375,0.03448275849223137,0,5
3362624,2022,shallow_viz,annotated,1,621855,5162505,0.05750999755859375,0.12220699462890625,2.5617559759616855e-5,188.19288635253903,0.6924026608467102,900,63000,-0.094146728515625,0,0,5
3361859,2022,dry,annotated,0,621645,5162655,0.0750530029296875,0.16436600341796875,2.712024692773819e-5,189.4812164306641,0.23148685693740845,900,63000,-0.139556884765625,0,0,5
3362211,2022,dry,annotated,0,621765,5162595,0.06243800048828125,0.14196500244140625,2.8014353692531585e-5,189.95941162109375,0.03356274962425232,900,63000,-0.11444091796875,0,0,5
3362481,2022,dry,annotated,0,621825,5162625,0.07058200073242188,0.15635,2.629061438560486e-5,189.9395446777344,0.0452263168990612,900,63000,-0.13800048828125,0,0,5
3362404,2022,shallow_viz,annotated,1,621825,5162805,0.03959299926757812,0.07130599975585937,2.283872581601143e-5,189.9934539794922,0.04205171018838882,900,27900,-0.00604248046875,0,0,5
3362655,2022,shallow_viz,annotated,1,621915,5162685,0.03493299865722656,0.0595969970703125,2.2402836009263993e-5,190.2005615234375,0.15211495757102966,900,27900,0.007965087890625,0.0625,0,5
3362501,2022,dry,annotated,0,621855,5162715,0.05893099975585937,0.120925,2.4991422770023347e-5,189.96029663085935,0.060169272124767303,900,27900,-0.1187744140625,0,0,5
3362807,2022,dry,annotated,0,621945,5162685,0.04236799926757812,0.0869989990234375,2.3052564113140107e-5,190.0417022705078,0.04722656309604645,900,27900,-0.05474853515625,0.03225806355476379,0,5
3363051,2022,dry,annotated,0,622005,5162685,0.05839400024414062,0.11311700439453123,2.3220746245384217e-5,184.23611450195313,4.657201766967773,900,27900,-0.05712890625,0.03125,0,5
3364017,2022,shallow_viz,annotated,1,622335,5162775,0.04516000061035156,0.0895760009765625,1.1588428016901017e-5,129.47341918945313,20.56903648376465,0,1800,-0.124420166015625,0,0,5
3363843,2022,dry,annotated,0,622305,5162775,0.05099100036621094,0.09989099731445313,1.1553077385425566e-5,146.86221313476565,16.443845748901367,900,1800,-0.135467529296875,0,0,5
3358928,2022,shallow_viz,annotated,1,620565,5163435,0.03960799865722656,0.0692030029296875,1.1178769116401672e-5,134.76634216308594,10.201942443847656,900,3600,0.023529052734375,0,0,5
3359020,2022,shallow_viz,annotated,1,620595,5163435,0.04079400024414063,0.078772998046875,1.199527077794075e-5,148.9553680419922,10.673179626464844,900,3600,-0.00213623046875,0,0,5
3358045,2022,shallow_viz,annotated,1,620295,5163705,0.03728200073242187,0.0929489990234375,2.243192203760147e-5,174.94473266601565,1.621811866760254,900,6300,0.139617919921875,0.1071428582072258,0,5
3357718,2022,dry,annotated,0,620175,5163705,0.07100999755859375,0.313175,3.339573718547821e-5,172.77609252929688,4.079115390777588,0,6300,-0.3125,0,0,5
3357949,2022,dry,annotated,0,620265,5163735,0.05966500244140625,0.24228798828125,3.231693980693817e-5,178.98355102539065,1.5505802631378174,900,6300,-0.093994140625,0,0,5
3358215,2022,dry,annotated,0,620325,5163735,0.06273499755859376,0.3282719970703125,3.94433909034729e-5,170.95591735839844,3.827310085296631,0,6300,-0.29718017578125,0,0,5
3357698,2022,shallow_viz,annotated,1,620205,5163645,0.03452699890136718,0.06588499755859376,1.3055147665739058e-5,113.30210876464844,4.006286144256592,900,8100,-0.00531005859375,0,0,5
3357903,2022,shallow_viz,annotated,1,620265,5163645,0.0337510009765625,0.0527,1.1432205207347873e-5,112.08879089355467,4.840027332305908,900,8100,0.160400390625,0.03448275849223137,0,5
3358106,2022,dry,annotated,0,620295,5163615,0.0666530029296875,0.141602001953125,1.2486151645183565e-5,105.6303939819336,12.209973335266112,0,8100,-0.253692626953125,0,0,5
3356129,2022,shallow_viz,annotated,1,619755,5163735,0.04575799865722656,0.0952219970703125,1.0529461710453031e-5,119.45455932617188,15.085671424865724,900,900,0,0,0,5
3356183,2022,dry,annotated,0,619785,5163765,0.05930399780273437,0.12250899658203124,9.950030972957612e-6,120.30347442626952,5.780457973480225,0,900,-0.1273193359375,0,0,5
3356528,2022,shallow_viz,annotated,1,619875,5163735,0.03252999877929687,0.062477001953125,2.418943937420845e-5,124.43749237060548,19.8825626373291,900,10800,0.00830078125,0.03125,0,5
3356838,2022,dry,annotated,0,619935,5163735,0.05455800170898437,0.20299599609375,2.8757553305625915e-5,179.0168914794922,6.3717193603515625,900,10800,0.010833740234375,0,0,5
3356920,2022,dry,annotated,0,619965,5163705,0.04933099975585937,0.17848399658203126,2.774946016550064e-5,178.69100952148438,1.7254315614700315,900,10800,0.032196044921875,0,0,5
3353434,2022,shallow_viz,annotated,1,618915,5163465,0.04658599853515625,0.092222998046875,1.709918429732323e-5,179.5375213623047,1.9040532112121584,900,6300,-0.15521240234375,0.03125,0,5
3353497,2022,shallow_viz,annotated,1,618975,5163555,0.04751099853515625,0.08573300170898437,1.8292411987781523e-5,181.0523681640625,2.051452875137329,0,6300,-0.09759521484375,0.03125,0,5
3352290,2022,dry,annotated,0,618585,5163555,0.054152001953125,0.112872998046875,2.186562466621399e-5,131.7958526611328,10.709668159484863,0,9000,-0.263519287109375,0,0,5
3350833,2022,dry,annotated,0,618285,5163585,0.03286300048828125,0.0652489990234375,2.4309709619283677e-5,153.8119659423828,24.119739532470703,900,2700,-0.053924560546875,0.11764705926179886,0,5
3350908,2022,shallow_viz,annotated,1,618285,5163735,0.03272200012207031,0.0506739990234375,2.003601843595505e-5,161.89280700683594,14.774791717529297,0,7200,0.047576904296875,0.125,0,5
3351241,2022,shallow_viz,annotated,1,618345,5163705,0.02635899963378906,0.03423599853515625,1.847099968910217e-5,172.02581787109375,7.295880794525147,900,7200,0.3651123046875,0.1818181872367859,0,5
3350840,2022,dry,annotated,0,618315,5163675,0.04153500061035156,0.0871969970703125,2.0271289834976196e-5,163.7104949951172,13.997913360595703,900,7200,-0.122283935546875,0.1764705926179886,0,5
3349562,2022,shallow_viz,annotated,1,618075,5163555,0.03006799926757812,0.06024099731445313,2.270077517747879e-5,146.06072998046875,18.89002227783203,900,9000,0.22503662109375,0.02857142873108387,0,5
3348998,2022,dry,annotated,0,618015,5163585,0.058872998046875,0.17488800048828124,2.252887061357498e-5,94.921295166015625,138.42135620117188,900,9000,-0.163238525390625,0.0882352963089943,0.0476190485060215,5
3349187,2022,dry,annotated,0,618045,5163525,0.06164500122070313,0.16485,2.671379305124283e-5,177.98281860351565,23.844308853149418,900,9000,0.00897216796875,0,0,5
3349760,2022,dry,annotated,0,618135,5163555,0.07028300170898437,0.1698050048828125,2.3053062279224395e-5,182.24295043945313,2.4284677505493164,0,9000,-0.570404052734375,0,0,5
3348586,2022,shallow_viz,annotated,1,617925,5163675,0.03212000122070312,0.04628399963378906,1.634769499540329e-5,181.88478088378903,1.1219897270202637,900,24300,0.218017578125,0.1111111119389534,0.05000000074505806,5
3349513,2022,shallow_viz,annotated,1,618075,5163765,0.03224800109863281,0.05854500122070312,2.094834986925125e-5,150.78842163085938,33.55091857910156,900,24300,-0.049652099609375,0.06060606241226196,0,5
3348979,2022,terrain,annotated,0,617985,5163645,0.04083200073242187,0.1118449951171875,2.552874321937561e-5,141.58917236328125,47.492000579833984,900,24300,0.06390380859375,0.11428571492433548,0,5
3349062,2022,dry,annotated,0,618015,5163675,0.05915700073242187,0.1614260009765625,2.0944772732257845e-5,127.54261016845705,140.86778259277344,900,24300,-0.179901123046875,0,0.05000000074505806,5
3349460,2022,dry,annotated,0,618075,5163705,0.058622998046875,0.14334100341796874,2.2528736193180085e-5,188.40496826171875,0.4090420603752136,0,24300,-0.3050537109375,0,0,5
3349828,2022,dry,annotated,0,618135,5163795,0.06597899780273438,0.16178299560546874,2.261290730237961e-5,186.9943389892578,2.7515294551849365,0,24300,-0.49932861328125,0,0,5
3347225,2022,shallow_viz,annotated,1,617775,5163945,0.03613200073242188,0.0725989990234375,1.7573099851608277e-5,179.50611877441406,5.173867225646973,900,18000,0.143951416015625,0.1111111119389534,0.0476190485060215,5
3347594,2022,shallow_viz,annotated,1,617805,5163855,0.03527999877929688,0.06883200073242188,1.516549076795578e-5,173.48757934570313,5.877629280090332,900,18000,0.137603759765625,0.1515151560306549,0.095238097012043,5
3348080,2022,dry,annotated,0,617865,5163945,0.04853999938964844,0.112075,1.968007167816162e-5,171.0863800048828,43.52207946777344,900,18000,-0.190216064453125,0,0,5
3348137,2022,dry,annotated,0,617895,5163855,0.05834400024414062,0.1286510009765625,1.734264365196228e-5,169.3323211669922,3.1490907669067383,0,18000,-0.34100341796875,0,0,5
3340837,2022,deep_viz,annotated,0,616605,5163435,0.03956000061035156,0.03372300109863281,5.235176799297333e-6,6.296649932861328,38.35869216918945,900,1744200,0.045684814453125,1,1,2
3342744,2022,em_veg,annotated,0,616965,5163375,0.04820700073242187,0.0881469970703125,9.818465983867646e-6,98.9831771850586,298.1307373046875,900,1744200,0.042999267578125,0.7096773982048035,0.8095238208770752,4
3342823,2022,em_veg,annotated,0,616995,5163465,0.04685799865722656,0.095447998046875,8.863627867698669e-6,126.4445343017578,201.10513305664065,900,1744200,0.045684814453125,0.5151515007019043,0.7142857313156128,5
3342907,2022,deep_viz,annotated,0,616995,5163435,0.04310899963378906,0.07606900024414062,7.815523244142532e-6,105.9478530883789,271.0372314453125,900,1744200,0.045684814453125,0.939393937587738,0.9523809552192688,4
3343207,2022,dry,annotated,0,617025,5163465,0.0571989990234375,0.12557099609375,1.1346072511672974e-5,146.33546447753906,58.6011962890625,900,1744200,0.01922607421875,0.11764705926179886,0.1428571492433548,5
3343433,2022,deep_viz,annotated,0,617115,5163435,0.03365400085449219,0.03706900024414062,4.5083784091472624e-6,1.4829446077346802,10.969964981079102,900,1744200,0.045684814453125,0.9696969985961914,1,3
3344198,2022,em_veg,annotated,0,617205,5163345,0.03452099914550781,0.0466760009765625,5.803527880907059e-6,21.69921112060547,72.42839050292969,900,1744200,0.04541015625,1,0.949999988079071,3
3344505,2022,dry,annotated,0,617265,5163345,0.06881099853515625,0.15438699951171875,1.4851335060596466e-5,173.5199432373047,6.031665802001953,0,1744200,-0.56103515625,0,0,5
3344440,2022,dry,annotated,0,617265,5163645,0.05788099975585938,0.2326340087890625,2.567393069267273e-5,177.41273498535156,1.744649052619934,900,6300,-0.0025634765625,0.03333333507180214,0.1428571492433548,5
3343257,2022,shallow_viz,annotated,1,617055,5163645,0.03415,0.06618499755859375,1.2490046899318697e-5,104.46166229248048,15.4056978225708,900,900,0,0.03030303120613098,0.1428571492433548,5
3342736,2022,shallow_viz,annotated,1,616965,5163705,0.03888200073242187,0.072025,1.2929591619968414e-05,131.05076599121094,13.686227798461914,900,900,0,0,0.04545454680919647,5
3338480,2022,dry,annotated,0,616245,5163705,0.06672899780273438,0.1824449951171875,2.321951701641083e-5,155.41766357421875,38.416133880615234,900,116100,-0.24188232421875,0,0,5
3338498,2022,deep_viz,annotated,0,616215,5163645,0.02650199890136718,0.04166499938964844,6.822094501256942e-6,18.312604904174805,36.750709533691406,900,116100,0.167877197265625,0.8709677457809448,0.7894737124443054,3
3338913,2022,deep_viz,annotated,0,616305,5163675,0.03650299987792969,0.0705280029296875,1.286624138355255e-5,137.3062744140625,56.826271057128906,900,116100,0.141448974609375,0.42424243688583374,0.15000000596046448,5
3339224,2022,em_veg,annotated,0,616365,5163615,0.04278299865722656,0.092622998046875,1.7013669245243073e-5,129.8540496826172,67.77264404296875,900,116100,0.100555419921875,0.3103448152542114,0,5
3340832,2022,dry,annotated,0,616605,5163855,0.06232100219726563,0.13488699951171876,1.4954658401012422e-5,143.52928161621094,4.881481170654297,0,116100,-0.244384765625,0,0,5
3338618,2022,em_veg,random_draw,0,616245,5163555,0.06043699951171875,0.14175699462890626,1.835700700759888e-5,134.9624481201172,60.38827133178711,900,900,0,0.06451612710952759,0,5
3337363,2022,shallow_viz,annotated,1,616005,5163555,0.04484599914550781,0.11290999755859377,2.1447839305400848e-5,156.14511108398438,11.885054588317873,0,900,-0.01312255859375,0.03125,0.0476190485060215,5
3331798,2022,em_veg,random_draw,0,615015,5161935,0.07118300170898438,0.1758300048828125,2.7643119063377385e-5,171.99058532714844,50.18571853637695,0,7200,-0.39910888671875,0,0,5
3332043,2022,em_veg,random_draw,0,615075,5161815,0.07603499755859375,0.17401099853515625,2.302389631986618e-5,178.56378173828125,8.460674285888672,0,7200,-0.54876708984375,0,0,5
3327351,2022,em_veg,annotated,0,614475,5160675,0.0675,0.147156005859375,2.0015072984695433e-5,129.83900451660156,157.92660522460938,900,43200,-0.195526123046875,0.625,0.3499999940395355,4
3328924,2022,em_veg,annotated,0,614625,5160795,0.076175,0.186852001953125,2.3885885627269744e-5,148.28189086914065,19.156570434570313,0,43200,-0.37255859375,0,0,5
3329289,2022,em_veg,annotated,0,614655,5160705,0.06481900024414063,0.1463,1.640753483772278e-5,130.88397216796875,112.5033721923828,900,43200,-0.166015625,0.27586206793785095,0.10000000149011612,4
2714550,2022,em_veg,random_draw,0,613785,5160255,0.06555999755859375,0.221375,2.8268792254924775e-5,168.1830596923828,6.312307357788086,900,4500,-0.3807373046875,0,0,5
2715314,2022,em_veg,random_draw,0,613875,5160255,0.05938599853515625,0.13826099853515625,2.803128287315369e-5,141.6739959716797,42.477745056152344,900,4500,0.03192138671875,0.1764705926179886,0,5
2702180,2022,deep_water,random_draw,0,612045,5160465,0.03359100036621094,0.04432900085449218,7.776154856681822e-6,57.49257278442383,190.9918212890625,900,138600,0.009124755859375,0.8387096524238586,0.8999999761581421,4
2702259,2022,deep_water,random_draw,0,612075,5160375,0.03179400024414063,0.03833200073242188,5.3660515415668485e-6,5.631414413452148,37.28501892089844,900,138600,0.009124755859375,1,0.8999999761581421,2
2702794,2022,deep_water,random_draw,0,612135,5160405,0.03005599975585937,0.031775,3.95451813697815e-6,11.673178672790527,79.33887481689453,900,138600,0.009124755859375,1,0.949999988079071,2
2702841,2022,deep_water,random_draw,0,612165,5160615,0.0524530029296875,0.108018994140625,8.692863073349e-6,159.04803466796875,14.99159049987793,900,138600,0.009124755859375,0.15625,0,5
2703354,2022,deep_water,random_draw,0,612285,5160705,0.03153099975585937,0.03657300109863281,4.366904230117798e-6,1.3647334575653076,4.950067043304443,900,138600,0.009124755859375,1,1,3
2703357,2022,deep_water,random_draw,0,612285,5160495,0.0301510009765625,0.03378200073242187,3.875284398794174e-6,0,0,900,138600,0.009124755859375,1,1,2
2703601,2022,deep_water,random_draw,0,612345,5160405,0.0546780029296875,0.130231005859375,1.533130291223526e-5,170.70285034179688,17.028444290161133,0,138600,-0.22479248046875,0,0,5
2703624,2022,deep_water,random_draw,0,612345,5160585,0.03018500061035156,0.03410199890136719,3.924198211431503e-6,0,0,900,138600,0.009124755859375,1,1,1
2704157,2022,deep_water,random_draw,0,612435,5160615,0.04568200073242187,0.09273200073242188,8.598542714118957e-6,158.83294677734375,16.069927215576172,900,138600,0.00799560546875,0.3333333432674408,0.5,4
2704292,2022,deep_water,random_draw,0,612465,5160735,0.03604400024414062,0.05750399780273437,6.1984811305999754e-6,67.4428939819336,76.0833969116211,900,138600,-0.005462646484375,0.8484848737716675,0.8695651888847351,3
2701984,2022,deep_water,random_draw,0,612015,5160165,0.06012100219726563,0.1602010009765625,2.0512831506729125e-5,173.90841674804688,11.765113830566406,900,10800,0.09716796875,0.03225806355476379,0,5
2702078,2022,deep_water,random_draw,0,612015,5160255,0.07366699829101563,0.1966260009765625,2.1756299810409548e-5,181.9312744140625,15.148222923278809,0,10800,-0.8193359375,0,0,5
2702797,2022,deep_water,random_draw,0,612165,5160255,0.0360510009765625,0.0677469970703125,8.19092830300331e-6,49.590614318847656,57.77495193481445,900,10800,0.041259765625,0.8214285969734192,0.5789473652839661,4
2700412,2022,deep_water,random_draw,0,611745,5160075,0.04753800048828125,0.10499300537109375,1.2980125107765198e-5,85.9981460571289,110.5047378540039,900,78300,-0.04547119140625,0.6060606241226196,0.4761904776096344,4
2700565,2022,deep_water,random_draw,0,611775,5159805,0.05608599853515625,0.11564100341796876,1.499371887087822e-5,122.23577117919922,59.52375793457031,0,78300,-0.121429443359375,0.7241379022598267,0.4285714328289032,4
2700779,2022,deep_water,random_draw,0,611835,5159955,0.03333800048828125,0.0596989990234375,8.239177403450012e-6,80.12303161621094,191.0668029785156,900,78300,-0.03472900390625,0.9032257795333862,0.75,4
2701004,2022,deep_water,random_draw,0,611865,5160195,0.0266010009765625,0.04233999938964843,5.319674264192581e-6,1.0338144302368164,0.11732887476682664,900,78300,0.077789306640625,0.939393937587738,0.6666666865348816,3
2701307,2022,deep_water,random_draw,0,611895,5160045,0.07298599853515625,0.17787900390625,1.8429013385772704e-5,154.38363647460938,80.59166717529297,0,78300,-0.283966064453125,0.02857142873108387,0,5
2701409,2022,deep_water,random_draw,0,611925,5159865,0.02826199951171875,0.04325,5.616097048521042e-6,0,0,900,78300,0.077789306640625,0.8666666746139526,0.6666666865348816,3
2702055,2022,deep_water,random_draw,0,612015,5159955,0.0605239990234375,0.14591300048828126,1.477846633672714e-5,147.09371948242188,61.30411529541016,900,78300,-0.1661376953125,0.25,0.11764705926179886,5
2694231,2022,shallow_viz,annotated,1,610605,5160255,0.05053299865722656,0.08804000244140625,3.4333849122524265e-5,126.95391845703124,32.2335090637207,900,4500,-0.056488037109375,0.03125,0,5
2694232,2022,shallow_viz,annotated,1,610605,5160195,0.04343299865722656,0.06249500122070312,3.78733093380928e-5,130.20411682128906,48.93028259277344,900,4500,0.069061279296875,0.1818181872367859,0,5
2694442,2022,dry,annotated,0,610635,5160255,0.07315999755859375,0.14289300537109376,2.5117836639881137e-5,139.50180053710938,18.94678497314453,0,4500,-0.634765625,0,0,5
2690359,2022,deep_water,random_draw,0,609975,5160465,0.04843299865722656,0.11875799560546876,3.3709835405349734e-5,182.6781311035156,0.5597259402275085,0,1800,-0.1702880859375,0,0,5
2690708,2022,shallow_viz,annotated,1,610005,5160075,0.06144299926757812,0.1088699951171875,1.7194083495140074e-5,180.77114868164065,8.602669715881348,0,3600,-0.0738525390625,0,0,5
2691292,2022,dry,annotated,0,610095,5160045,0.05420499877929687,0.1037550048828125,2.521011386752128e-5,136.98468017578125,36.83915710449219,0,3600,-0.12017822265625,0.02857142873108387,0,5
2685587,2022,shallow_viz,annotated,1,609405,5160135,0.05043599853515625,0.08827999877929688,1.9027028280496596e-5,176.7902374267578,8.517873764038086,900,5400,-0.02880859375,0.02702702768146991,0,5
2685931,2022,shallow_viz,annotated,1,609435,5160045,0.04896300048828125,0.0793489990234375,1.77163736140728e-5,174.92276000976565,16.117528915405273,900,5400,-0.0145263671875,0.05714285746216774,0,5
2683109,2022,shallow_viz,annotated,1,609105,5159925,0.04380599975585937,0.081427001953125,2.2284790391921995e-5,177.6493377685547,7.687337875366211,900,13500,-1.8310546875e-4,0.18918919563293457,0,5
2683133,2022,shallow_viz,annotated,1,609075,5160105,0.04122799987792969,0.086952001953125,2.0446114785671233e-5,162.9711456298828,15.012945175170898,900,13500,-0.015167236328125,0.0555555559694767,0,5
2678083,2022,shallow_viz,annotated,1,608145,5159925,0.04755799865722656,0.06470700073242187,1.8850398930311203e-5,171.05406188964844,6.825178146362305,900,6300,0.08526611328125,0.3333333432674408,0,5
2676478,2022,dry,annotated,0,607785,5160255,0.10722099609375,0.2274199951171875,2.594784545183182e-5,173.8388671875,5.096529006958008,0,1800,-0.894683837890625,0,0,5
2676438,2022,shallow_viz,annotated,1,607785,5160135,0.03917799987792968,0.05809299926757812,1.8393552592992786e-5,95.78978729248048,4.009608745574951,900,3600,0.01361083984375,0.2307692319154739,0.04545454680919647,5
2671544,2022,shallow_viz,annotated,1,606945,5160285,0.07872899780273437,0.15054000244140625,1.5106260948181151e-5,100.76034545898438,11.825776100158691,0,900,-0.51055908203125,0,0,5
2671456,2022,dry,annotated,0,606885,5160255,0.08069400024414063,0.17348599853515626,1.9460548372268675e-5,120.34465026855467,7.594640731811523,0,900,-0.428863525390625,0,0,5
2663659,2022,shallow_viz,annotated,1,605625,5160165,0.06172100219726562,0.11475999755859374,1.1902269203662872e-5,173.8354034423828,5.385713577270508,0,1800,-0.230743408203125,0,0,5
2664029,2022,shallow_viz,annotated,1,605715,5160165,0.0565010009765625,0.0973739990234375,1.3794669696092608e-5,167.69082641601565,7.582804679870605,0,1800,-0.064544677734375,0,0,5
2663826,2022,dry,annotated,0,605685,5160135,0.08638200073242187,0.161131005859375,1.2613518010377885e-5,184.87567138671875,1.611977219581604,0,1800,-0.738433837890625,0,0,5
2662649,2022,deep_water,random_draw,0,605475,5160705,0.03087699890136719,0.03621600036621093,5.635856384038925e-6,64.127349853515625,244.28758239746097,900,25200,0.03271484375,0.8181818127632141,0.6818181872367859,4
2663157,2022,deep_water,random_draw,0,605565,5160615,0.02879700012207031,0.03807099914550781,5.474059752225876e-6,175.03305053710938,9.794933319091797,900,25200,0.03271484375,0.3529411852359772,0.27272728085517883,5
2663747,2022,deep_water,random_draw,0,605655,5160555,0.06233400268554687,0.11706600341796874,1.5103207877874376e-5,178.6788330078125,2.995011806488037,0,25200,-0.585418701171875,0,0,5
2662253,2022,dry,annotated,0,605355,5160345,0.07822000122070312,0.16371199951171875,2.2726949181556703e-5,182.10662841796875,2.917366743087769,0,10800,-1.64093017578125,0,0,5
2662716,2022,dry,annotated,0,605445,5160345,0.04050499877929688,0.059952001953125,1.3156662361621857e-5,154.6968536376953,55.6182861328125,900,10800,-0.0555419921875,0.3333333432674408,0,5
2661492,2022,shallow_viz,annotated,1,605175,5160135,0.05613499755859375,0.089797998046875,1.854771556854248e-5,136.91183471679688,31.331165313720703,900,1800,0.01239013671875,0.5,0.09090909361839294,5
2661491,2022,em_veg,random_draw,0,605175,5160285,0.06317899780273438,0.152927001953125,2.23633402466774e-5,162.95111083984375,17.246971130371094,900,1800,-0.00787353515625,0.1818181872367859,0,5
2660255,2022,dry,annotated,0,604815,5160285,0.05000899963378906,0.1090219970703125,1.9818616716861724e-5,182.5884246826172,3.5055534839630127,900,52200,-0.094451904296875,0,0,5
2660303,2022,dry,annotated,0,604845,5160375,0.061525,0.14271400146484375,2.1365135412216186e-5,174.310546875,5.050049304962158,900,52200,-0.20904541015625,0.03225806355476379,0,5
2660492,2022,deep_viz,annotated,0,604875,5160255,0.03679400024414062,0.04229100036621094,5.942183051109314e-6,142.12704467773438,36.9385871887207,900,52200,0.086273193359375,0.7666666507720947,0,4
2660640,2022,deep_viz,annotated,0,604935,5160405,0.03575700073242188,0.0394760009765625,6.18845685839653e-6,104.12167358398438,56.87660598754883,900,52200,0.086273193359375,0.9375,0,4
2660807,2022,dry,annotated,0,604965,5160345,0.05993200073242187,0.13126199951171874,1.753643254041672e-5,167.0078125,13.030932426452637,900,52200,-0.180572509765625,0.3333333432674408,0,5
2657275,2022,dry,annotated,0,603975,5160135,0.0914530029296875,0.1727510009765625,1.5974039001464842e-5,185.35308837890625,3.2395870685577393,0,4500,-0.956451416015625,0,0,5
2655388,2022,em_veg,random_draw,0,603255,5160435,0.06888800048828125,0.14096400146484375,2.1474847571849824e-5,150.66635131835938,127.89539337158205,0,900,0.03582763671875,0.03448275849223137,0,5
2651279,2022,shallow_viz,annotated,1,602295,5159895,0.05567100219726562,0.0880510009765625,1.503670837521553e-5,158.8523712158203,12.250194549560549,900,8100,-0.117401123046875,0.2083333283662796,0.04545454680919647,5
2651758,2022,shallow_viz,annotated,1,602385,5159865,0.05027099914550781,0.08191599731445312,1.7583757781982425e-5,138.00967407226565,9.006601333618164,900,8100,0.003570556640625,0.08695652335882187,0.0476190485060215,5
2651645,2022,dry,annotated,0,602355,5159805,0.07358499755859375,0.1392719970703125,1.4214023950099944e-5,172.02259826660156,43.40890121459961,0,8100,-0.30401611328125,0.0416666679084301,0,5
2648774,2022,dry,annotated,0,601755,5160045,0.063,0.249385009765625,2.1543672025203704e-5,150.35598754882813,13.893108367919922,0,10800,-0.829620361328125,0,0,5
2645377,2022,deep_water,random_draw,0,601065,5160375,0.02968599853515625,0.04231199951171875,7.020221158266067e-6,5.510779857635498,29.759340286254883,900,7200,6.103515625e-5,0.5,0.4285714328289032,4
2643533,2022,deep_water,random_draw,0,600795,5160345,0.05126400146484375,0.094222998046875,1.733410688638687e-5,104.37039947509766,262.1931457519531,0,9900,-0.133453369140625,0.4615384638309479,0,5
2644417,2022,deep_water,random_draw,0,600915,5160315,0.0461510009765625,0.08246599731445313,1.1662188925743105e-5,62.55186462402344,129.93218994140625,0,9900,-0.077239990234375,0.75,0.25,4
2639041,2022,dry,annotated,0,600045,5159955,0.05098599853515625,0.13156500244140626,2.021870502948761e-5,161.8565673828125,5.612395763397217,900,9900,-0.029449462890625,0.0714285746216774,0.0476190485060215,5
2638625,2022,dry,annotated,0,599985,5160165,0.07510800170898438,0.18276800537109375,2.921462716579437e-5,175.79966735839844,57.2956428527832,0,1800,0.15753173828125,0,0,5
2638792,2022,em_veg,annotated,0,600015,5160135,0.05918699951171875,0.1457699951171875,2.9610077066421508e-5,184.25210571289065,3.638659954071045,900,1800,-0.10546875,0,0,5
2629570,2022,dry,annotated,0,598665,5160075,0.0793719970703125,0.19964599609375,2.639793155431747e-5,162.6488037109375,79.3990707397461,0,1800,-0.523406982421875,0,0,5
2629861,2022,em_veg,annotated,0,598695,5160015,0.06843200073242188,0.16955999755859374,2.581927918434143e-5,119.6159896850586,222.2966766357422,900,1800,-0.334228515625,0.05714285746216774,0.05000000074505806,5
2628425,2022,dry,annotated,0,598455,5160165,0.06748900146484375,0.3358090087890625,3.3938378081321716e-5,183.30059814453125,1.327955722808838,0,1800,-1.420867919921875,0,0,5
2626803,2022,shallow_viz,annotated,1,598125,5160165,0.05344199829101562,0.08995900268554688,1.6975788952112197e-5,140.57974243164065,14.23337745666504,900,3600,-0.043731689453125,0.02857142873108387,0,5
2626802,2022,dry,annotated,0,598095,5160225,0.088502001953125,0.17045400390625,1.8372341784238816e-5,188.1446533203125,0.8886129856109619,0,3600,-0.32403564453125,0,0,5
2626925,2022,dry,annotated,0,598155,5160165,0.07037899780273438,0.1344030029296875,1.733966349840164e-5,170.5125732421875,14.152718544006348,0,3600,-0.212249755859375,0,0,5
2626388,2022,shallow_viz,annotated,1,598005,5160015,0.04372200012207031,0.07136900024414063,2.1114434843063353e-5,147.78883361816406,72.20911407470703,900,1800,0.20159912109375,0.38235294818878174,0,5
2626594,2022,dry,annotated,0,598065,5160015,0.07815,0.15088499755859375,1.4343403271436692e-5,179.5493621826172,8.234525680541992,0,1800,-0.413726806640625,0,0,5
2625943,2022,dry,annotated,0,597885,5159805,0.05160399780273438,0.10200499877929688,2.1852777910232544e-5,179.34144592285156,10.996212005615234,900,9000,-0.01788330078125,0,0,5
2626075,2022,dry,annotated,0,597915,5159895,0.07581199951171876,0.14891700439453126,1.6484221042394637e-5,186.7927398681641,0.46938183903694153,0,9000,-0.445892333984375,0,0,5
2626009,2022,shallow_viz,annotated,1,597885,5160165,0.05276699829101562,0.09585700073242188,2.1096961172819138e-5,156.9013214111328,11.801560401916504,900,2700,-0.130615234375,0.02941176481544971,0,5
2625941,2022,dry,annotated,0,597885,5160105,0.05105,0.10886199951171877,2.7254367640018465e-5,168.92872619628906,11.653712272644045,900,2700,-0.0499267578125,0.03125,0,5
2620580,2022,dry,annotated,0,596685,5160105,0.04678399963378906,0.0842010009765625,1.3586117461919784e-5,110.52799987792967,19.221481323242188,900,2700,-0.031341552734375,0.02325581386685371,0,5
2619792,2022,dry,annotated,0,596415,5160375,0.05536199951171875,0.10455899658203124,1.3837615880966189e-5,76.607513427734375,6.610215663909912,0,9000,-0.30914306640625,0,0.04545454680919647,5
2619980,2022,dry,annotated,0,596505,5160375,0.0631989990234375,0.12108900146484376,1.3204425172805789e-5,177.53981018066406,6.4619364738464355,0,9000,-0.25579833984375,0,0,5
2619845,2022,shallow_viz,annotated,1,596475,5160045,0.06369600219726562,0.1221030029296875,2.607942769289017e-5,150.12506103515625,46.88715362548828,0,900,0.05532836914068184,0.02380952425301075,0,5
2619830,2022,dry,annotated,0,596475,5160015,0.05168400268554687,0.09885,2.4468832557201383e-5,171.57940673828125,22.9699764251709,900,900,5.684341886080804e-14,0,0,5
2619289,2022,shallow_viz,annotated,1,596295,5160135,0.03258299865722656,0.05575399780273437,2.217199625134468e-5,164.2694854736328,8.09172248840332,900,1800,-0.030792236328125,0.02439024299383163,0,5
2619239,2022,shallow_viz,annotated,1,596295,5159985,0.039925,0.09140499877929688,2.958669139146805e-5,159.44302368164065,34.3511848449707,900,1800,0.0279541015625,0.1944444477558136,0,5
2616160,2022,dry,annotated,0,595695,5160195,0.0637530029296875,0.168722998046875,2.3547751755714414e-5,163.6479034423828,17.561664581298828,900,11700,-0.18463134765619316,0.02631578966975212,0,5
2616396,2022,em_veg,annotated,0,595725,5160255,0.02846799926757812,0.04755799865722656,6.904965200424194e-6,18.196802139282227,42.74672317504883,900,11700,0.03710937500005684,0.7749999761581421,0.6521739363670349,3
2616751,2022,em_veg,annotated,0,595755,5160285,0.0375239990234375,0.06441799926757813,9.576084278821944e-6,70.3331069946289,102.78143310546876,900,11700,0.02035522460943184,0.6829268336296082,0.6521739363670349,4
2616801,2022,em_veg,annotated,0,595785,5160195,0.03091300048828125,0.05048999938964844,8.26167428612709e-6,40.36600112915039,176.29638671875,900,11700,0.02761840820318184,0.7777777910232544,0.6521739363670349,3
2615625,2022,em_veg,random_draw,0,595605,5160105,0.04238999938964843,0.105881005859375,1.6407184381484985e-5,177.44532775878906,20.16536521911621,900,4500,0.059600830078125,0.31578946113586426,0,5
2614011,2022,shallow_viz,annotated,1,595335,5160225,0.04130700073242188,0.07845499877929688,1.5884336352348326e-5,188.0533447265625,0.6378843784332275,900,2700,0.093536376953125,0,0,5
2613279,2022,dry,annotated,0,595215,5159955,0.05989500122070312,0.2553909912109375,3.327705143451691e-5,181.3548583984375,2.5341672897338867,900,900,0,0,0,5
2612684,2022,dry,annotated,0,595065,5159835,0.06254600219726562,0.16238399658203126,2.4620555510520936e-5,166.59884643554688,10.512351036071776,900,900,5.684341886080804e-14,0.04545454680919647,0,5
2608564,2022,dry,annotated,0,594405,5159805,0.05449199829101563,0.20386800537109376,2.978289207458496e-5,169.12184143066406,4.363889694213867,900,36000,0.15692138671875,0,0,5
2608661,2022,dry,annotated,0,594405,5159925,0.05859099731445312,0.2137760009765625,2.8588564138412476e-5,172.2747039794922,2.845778226852417,0,36000,0.226715087890625,0,0,5
2608703,2022,dry,annotated,0,594435,5160405,0.06029299926757812,0.1370280029296875,2.224547533273697e-5,171.5897979736328,7.569876194000244,0,22500,-0.089111328125,0.08888889104127884,0,5
2604309,2022,dry,annotated,0,593775,5159925,0.0687239990234375,0.130902001953125,1.4086521430015565e-5,157.83645629882813,18.89148712158203,0,2700,-0.24395751953125,0,0,5
2603060,2022,dry,annotated,0,593535,5160045,0.05724400024414063,0.12640699462890626,1.6857024440765382e-5,152.39056396484375,23.589954376220703,0,3600,-0.378509521484375,0,0,5
2602714,2022,dry,annotated,0,593445,5159865,0.04782200012207031,0.1149449951171875,2.5803210616111753e-5,183.23214721679688,18.933059692382813,900,12600,-0.085662841796875,0.15909090638160706,0,5
2602815,2022,deep_viz,annotated,0,593475,5159805,0.03541799926757812,0.08205,2.676603965997696e-5,124.7894515991211,182.4121551513672,900,12600,0.3406982421875,0.395348846912384,0,5
2602927,2022,dry,annotated,0,593505,5159745,0.07065700073242187,0.19723499755859375,2.47038458275795e-5,177.8446502685547,28.40467071533203,0,12600,-0.300201416015625,0,0,5
2602513,2022,shallow_viz,annotated,1,593385,5160405,0.05106900024414063,0.05943900146484375,1.6787618522644042e-5,144.8632049560547,11.871742248535156,900,64800,0.056060791015625,0.21739129722118375,0,5
2602763,2022,shallow_viz,annotated,1,593445,5160375,0.0462,0.050475,2.1309766069650653e-5,153.09536743164065,14.278294563293455,900,64800,0.237762451171875,0.27272728085517883,0,5
2601752,2022,dry,annotated,0,593235,5160405,0.04926499938964843,0.08424600219726562,1.3408606535196304e-5,170.81544494628906,27.274681091308594,0,64800,-0.342071533203125,0,0,5
2602436,2022,dry,annotated,0,593385,5160465,0.06630399780273437,0.11738299560546876,1.5888816109895708e-5,177.35133361816406,13.59734344482422,900,64800,-0.392547607421875,0,0,5
2600462,2022,dry,annotated,0,592965,5159895,0.05466500244140625,0.12005699462890625,1.371060542345047e-5,160.5620880126953,16.971656799316406,0,12600,-0.375244140625,0,0,5
2601136,2022,dry,annotated,0,593115,5159955,0.05994299926757812,0.1155050048828125,1.385862399458885e-5,174.29856872558594,8.201674461364746,0,12600,-0.21685791015625,0,0,5
2598712,2022,dry,annotated,0,592515,5160045,0.07025800170898437,0.14328900146484377,1.7601873440742492e-5,98.06702423095705,3.277162790298462,900,13500,-0.19903564453125,0,0,5
2597003,2022,dry,annotated,0,591795,5159895,0.06206599731445313,0.250314990234375,2.726646629810333e-5,150.56842041015625,5.793654918670654,0,108900,-0.2528076171875,0,0,5
2597121,2022,dry,annotated,0,591855,5159745,0.062197998046875,0.18864300537109377,2.7261942090988163e-5,164.01431274414065,5.112055778503418,900,108900,0.01824951171875,0.02439024299383163,0,5
2597286,2022,dry,annotated,0,591885,5159805,0.07418300170898437,0.15811800537109374,2.5636636943817137e-5,171.48040771484375,18.579448699951172,0,108900,0.16986083984375,0.0882352963089943,0,5
2597447,2022,terrain,annotated,0,591945,5159685,0.04732099914550781,0.160281005859375,3.044358217716217e-5,177.73736572265625,2.2495627403259277,900,108900,0.103851318359375,0.05263157933950424,0,5
2597548,2022,terrain,annotated,0,591975,5159925,0.05735999755859375,0.1964800048828125,2.5787063937187195e-5,164.51611328125,3.772609233856201,900,108900,0.06329345703125,0.02439024299383163,0,5
2597462,2022,em_veg,annotated,0,591945,5160045,0.04560199890136719,0.10101500244140624,1.368485037326813e-5,171.00665283203125,38.996856689453125,900,3600,0.017547607421875,0.21052631735801697,0.0476190485060215,5
2597601,2022,em_veg,annotated,0,592005,5160075,0.070247998046875,0.1541780029296875,1.9466376523971557e-5,177.20465087890625,13.367907524108888,0,3600,-0.15203857421875,0.02127659507095813,0,5
2592998,2022,dry,annotated,0,590835,5159565,0.0496510009765625,0.096322998046875,2.179185966014862e-5,181.0553741455078,5.289909839630127,900,131400,-0.188720703125,0.10869564861059187,0,5
2588286,2022,dry,annotated,0,589995,5160075,0.05682999877929688,0.1258199951171875,2.039623937129974e-5,171.30697631835938,16.091556549072266,900,26100,-0.11407470703125,0.1111111119389534,0,5
2588424,2022,dry,annotated,0,590025,5160015,0.08423099975585938,0.19230400390625,2.6039912226200105e-5,173.89064025878906,13.581842422485352,0,26100,-0.4365234375,0.05263157933950424,0,5
2588491,2022,dry,annotated,0,590025,5160135,0.0666760009765625,0.12763399658203126,2.6707720113992688e-5,173.91421508789065,2.5972776412963867,0,26100,-0.293487548828125,0.05000000074505806,0,5
2587101,2022,dry,annotated,0,589725,5160285,0.083125,0.18774100341796876,2.2178114454746245e-5,175.06863403320313,20.65067672729492,0,57600,-0.6811523437499432,0,0,5
2587311,2022,dry,annotated,0,589815,5160045,0.05924000244140625,0.1095510009765625,1.6612899883985517e-5,177.1737823486328,17.691329956054688,900,57600,-0.13824462890619316,0.2307692319154739,0,5
2587004,2022,dry,annotated,0,589725,5159835,0.03895700073242187,0.06619400024414063,1.9233436888456344e-5,159.50747680664065,15.728022575378418,900,42300,-6.713867188068434e-4,0.17073170840740204,0,5
2587630,2022,dry,annotated,0,589875,5159955,0.05049200134277343,0.09292999877929688,1.56900437772274e-5,153.28326416015625,105.8201141357422,900,42300,-0.02502441406255684,0.3846153914928436,0,5
2587995,2022,deep_viz,annotated,0,589935,5159925,0.03278599853515625,0.05037999877929687,1.0870331373214722e-5,36.858551025390625,200.75848388671875,900,42300,0.13961791992181816,0.6585366129875183,0.095238097012043,5
2588147,2022,dry,annotated,0,589935,5159865,0.03438999938964843,0.05812000122070313,1.6872811807394027e-5,131.62020874023438,156.80654907226565,900,42300,0.07827758789056816,0.707317054271698,0,4
2589719,2022,em_veg,annotated,0,590265,5158935,0.02225899963378906,0.0247,4.869187755584717e-6,0.01267299056053161,0.4328738749027252,900,60300,0.145843505859375,0.8484848737716675,0.7368420958518982,3
2589883,2022,em_veg,annotated,0,590325,5158815,0.0319239990234375,0.04962000122070312,8.471915791034698e-6,47.603233337402344,173.07315063476565,900,60300,0.103179931640625,0.8125,0.5,4
2590014,2022,em_veg,annotated,0,590355,5158905,0.02815799865722656,0.04206900024414063,8.731059989929199e-6,57.293453216552734,363.6851806640625,900,60300,0.05859375,0.8235294222831726,0.6190476417541504,3
2591261,2022,dry,annotated,0,590565,5158935,0.05415599975585938,0.09990999755859375,1.419335529923439e-5,153.01913452148438,16.132587432861328,900,60300,-0.18072509765625,0.05714285746216774,0,5
2591453,2022,dry,annotated,0,590595,5159085,0.05337100219726563,0.0949469970703125,1.3556150412559508e-5,170.93878173828125,10.050344467163086,900,60300,-0.2218017578125,0.02439024299383163,0,5
2589033,2022,shallow_viz,annotated,1,590175,5158425,0.03424299926757812,0.05656500244140625,1.679186349749565e-5,154.71788024902344,16.987226486206055,900,7200,-0.11163330078125,0.19512194395065308,0,5
2589340,2022,shallow_viz,annotated,1,590235,5158455,0.03404400024414062,0.04643099975585937,1.5541834810972214e-5,144.52923583984375,15.377239227294922,900,7200,0.007080078125,0.1428571492433548,0,5
2584359,2022,em_veg,random_draw,0,589215,5158365,0.06228300170898437,0.113475,1.4106168061494829e-5,171.68630981445313,39.64448165893555,900,58500,0.14251708984375,0.2195121943950653,0,5
2584669,2022,em_veg,random_draw,0,589275,5158515,0.0568510009765625,0.10093200073242188,1.7204050612449646e-5,132.2041473388672,141.46409606933594,900,58500,0.098236083984375,0.20512820780277252,0.04545454680919647,5
2584871,2022,em_veg,random_draw,0,589305,5158605,0.04653599853515625,0.1103719970703125,2.9992761192321777e-5,165.68751525878906,70.69731140136719,900,58500,-0.240142822265625,0.02380952425301075,0,5
2584991,2022,em_veg,random_draw,0,589335,5158425,0.05975700073242188,0.1211989990234375,2.0669312229156495e-5,160.09727478027344,38.43593215942383,900,58500,0.074462890625,0.1538461595773697,0,5
2585050,2022,em_veg,random_draw,0,589335,5158725,0.06916099853515625,0.138577001953125,1.34419331741333e-5,185.72738647460935,1.1517038345336914,0,58500,-1.148773193359375,0,0,5
2585460,2022,em_veg,random_draw,0,589425,5158575,0.0560469970703125,0.1271239990234375,1.810058832168579e-5,154.0680694580078,19.80099296569824,0,58500,-0.29449462890625,0,0,5
2585487,2022,em_veg,random_draw,0,589425,5158485,0.054477001953125,0.11906400146484376,1.7780664191246032e-5,157.79786682128906,24.376869201660156,0,58500,-0.211090087890625,0,0,5
2585565,2022,em_veg,random_draw,0,589425,5158755,0.04820899963378906,0.1041050048828125,1.3159272663593292e-5,187.04080200195313,1.1287840604782104,0,58500,-0.136138916015625,0,0,5
2579479,2022,dry,annotated,0,588585,5158455,0.07583599853515625,0.153952001953125,1.9214829030036927e-5,178.71591186523438,15.700952529907228,900,9900,-0.673614501953125,0,0,5
2579675,2022,em_veg,annotated,0,588615,5158395,0.03301700134277344,0.06181300048828125,7.960854507684707e-6,41.658077239990234,111.16482543945313,900,9900,0.127105712890625,0.644444465637207,0.4000000059604645,5
2579795,2022,em_veg,annotated,0,588615,5158455,0.0463989990234375,0.09634000244140624,1.3670169777870178e-5,145.59605407714844,129.27565002441406,900,9900,0.118194580078125,0.19148936867713928,0,5
2578618,2022,em_veg,random_draw,0,588315,5158395,0.0681489990234375,0.1406800048828125,1.773573262214661e-5,173.62908935546875,23.5822696685791,0,900,0.4295654296875568,0,0,5
2572355,2022,dry,annotated,0,587055,5158395,0.04586700134277344,0.0750989990234375,1.7403010079860685e-5,176.50674438476565,9.3066558837890625,900,9900,-0.06195068359375,0.06976744532585144,0,5
2572932,2022,dry,annotated,0,587145,5158365,0.06918699951171875,0.15236500244140624,1.851285085439682e-5,163.0789794921875,29.140012741088867,0,9900,-0.77313232421875,0,0,5
2567900,2022,deep_water,random_draw,0,586515,5158395,0.0523219970703125,0.12559599609375,1.6836683254241944e-5,111.07853698730467,97.66315460205078,0,28800,-0.26953125,0.5909090638160706,0.8500000238418579,5
2568868,2022,deep_water,random_draw,0,586635,5158545,0.05298099975585937,0.11461400146484375,1.6359189174175264e-5,139.55552673339844,79.93616485595703,900,28800,-0.101959228515625,0.06818182021379471,0,5
2569325,2022,deep_water,random_draw,0,586665,5158395,0.04185199890136719,0.08228800048828125,1.3197435346841812e-5,89.30561828613281,59.305137634277344,900,28800,-0.030517578125,0.930232584476471,0.8999999761581421,4
2565709,2022,dry,annotated,0,586335,5158305,0.0871719970703125,0.190277001953125,2.779788436174393e-5,170.3003692626953,9.88872528076172,0,1800,-0.84326171875,0,0,5
2554482,2022,deep_water,random_draw,0,584865,5158965,0.051297998046875,0.13905400390625,2.4074588027000427e-5,148.71066284179688,144.7644500732422,900,44100,-1.662506103515625,0.02325581386685371,0,5
2554590,2022,deep_water,random_draw,0,584865,5159055,0.0575739990234375,0.1743030029296875,2.125192544221878e-5,165.16226196289065,112.84221649169922,0,44100,-2.440582275390625,0.02380952425301075,0,5
2554989,2022,deep_water,random_draw,0,584985,5159175,0.05446300048828125,0.1637199951171875,2.0340056061744692e-5,158.43414306640625,167.77334594726565,900,44100,-1.929412841796875,0,0,5
2555138,2022,deep_water,random_draw,0,585015,5159265,0.07003200073242187,0.1728739990234375,2.2851837282180788e-5,133.05572509765625,130.20042419433594,0,44100,-2.35198974609375,0,0,5
2544365,2022,dry,annotated,0,582015,5160045,0.06053400268554687,0.148156005859375,3.288685674905777e-5,97.6613311767578,24.940820693969727,900,38700,-0.253936767578125,0.02040816284716129,0,5
2544705,2022,dry,annotated,0,582075,5159895,0.07105999755859375,0.147681005859375,2.5693238801956175e-5,171.96044921875,15.563316345214844,0,38700,0.06695556640625,0.04347826167941093,0,5
2544742,2022,dry,annotated,0,582075,5159985,0.06153300170898437,0.132568994140625,2.703042789936066e-5,171.30145263671875,2.8560614585876465,900,38700,0.04827880859375,0.02040816284716129,0,5
2544389,2022,em_veg,random_draw,0,582015,5159715,0.05295399780273437,0.118718994140625,2.394646736621857e-5,170.69007873535156,13.212677001953123,900,3600,0.03775024414056816,0.27272728085517883,0,5
2539390,2022,dry,annotated,0,581085,5159895,0.06039299926757812,0.1386760009765625,2.3329555864334105e-5,162.57855224609375,13.097886085510254,900,4500,-0.09265136718755684,0.02325581386685371,0,5
2538566,2022,em_veg,random_draw,0,580845,5159535,0.07158800048828125,0.15928399658203124,2.0228259546756744e-5,166.67710876464844,16.3257999420166,900,1800,-0.0125732421875,0.31707316637039185,0,5
2535202,2022,em_veg,annotated,0,579735,5159805,0.04874400024414063,0.11353599853515624,1.7681656317710874e-5,166.50399780273438,90.267852783203125,900,9900,-0.020660400390625,0.2954545319080353,0.4761904776096344,5
2535407,2022,em_veg,annotated,0,579795,5159805,0.03117699890136718,0.06061300048828125,1.7280051692724225e-5,56.858436584472656,243.15716552734375,900,9900,0.03863525390625,0.975000023841858,0.8571428656578064,4
2535534,2022,em_veg,annotated,0,579855,5159745,0.05152100219726562,0.114781005859375,9.56497344970703e-6,62.74250793457031,138.82887268066406,900,9900,-0.005767822265625,0.3571428656578064,0.4285714328289032,5
2535634,2022,dry,annotated,0,579885,5159805,0.05747100219726563,0.12809200439453125,2.300589819431305e-5,160.5364990234375,10.026751518249512,900,9900,-0.122039794921875,0.2380952388048172,0,5
2535493,2022,dry,annotated,0,579825,5160045,0.078375,0.18358900146484375,2.6380949182510376e-5,178.20822143554688,5.2352495193481445,900,32400,-0.47113037109375,0,0,5
2535632,2022,em_veg,annotated,0,579915,5160015,0.04589200134277343,0.10563199462890624,1.56958766245842e-5,128.60470581054688,156.2581787109375,900,32400,0.103790283203125,0.7857142686843872,0.380952388048172,4
2535723,2022,em_veg,annotated,0,579975,5160045,0.05124199829101562,0.11748900146484376,2.0762091517448424e-5,160.4777374267578,53.58562850952149,900,32400,-0.00872802734375,0.4390243887901306,0,5
2535766,2022,dry,annotated,0,579945,5159955,0.058752001953125,0.13141700439453124,2.243412288427353e-5,147.9762725830078,38.463829040527344,900,32400,0.02911376953125,0.41860464215278625,0,5
2535857,2022,em_veg,annotated,0,580005,5160105,0.06331199951171874,0.15566800537109374,2.437331727743149e-5,166.92364501953125,5.528321743011475,900,32400,-0.221282958984375,0.15909090638160706,0,5
2529475,2022,dry,annotated,0,578295,5156685,0.06520700073242187,0.15865799560546875,2.188513869524002e-5,164.4104461669922,35.97185134887695,0,110700,-0.388092041015625,0.2195121943950653,0.4000000059604645,5
2529708,2022,em_veg,annotated,0,578355,5157195,0.04441199951171875,0.100125,1.046662649869919e-5,168.9011688232422,11.764251708984377,900,110700,0.04779052734375,0.1428571492433548,0.095238097012043,5
2529893,2022,dry,annotated,0,578415,5156955,0.07348599853515625,0.1510949951171875,2.01892294216156e-5,174.36068725585938,8.46591854095459,900,110700,-0.497283935546875,0.02272727340459823,0,5
2529971,2022,dry,annotated,0,578415,5156835,0.08243300170898438,0.2499659912109375,2.936035556316376e-5,163.68975830078125,4.366430282592773,0,110700,-1.442138671875,0.02173913083970546,0,5
2530000,2022,deep_viz,annotated,0,578445,5156805,0.05520900268554687,0.12714000244140625,1.917409428834915e-5,128.80299377441406,51.03656768798828,900,110700,-0.121337890625,0.9333333373069764,0.9047619104385376,4
2530356,2022,deep_viz,annotated,0,578505,5156655,0.02066699981689453,0.02228999938964843,3.438902916908264e-6,16.002771377563477,0.00111235119402408,900,110700,0.14080810546875,0.9772727489471436,1,1
2530539,2022,deep_viz,annotated,0,578505,5156745,0.02486300048828125,0.03773900146484375,6.259322803020477e-6,18.120464324951172,14.299046516418455,900,110700,0.13909912109375,0.9772727489471436,1,3
2531158,2022,shallow_viz,annotated,1,578775,5157165,0.04623299865722656,0.10335899658203124,2.508630968570709e-5,165.17430114746094,17.651853561401367,900,24300,0.353668212890625,0.2222222238779068,0,5
2531271,2022,shallow_viz,annotated,1,578775,5156985,0.03418699951171875,0.067247998046875,2.219286012172699e-5,104.58673095703124,4.045902729034424,900,24300,0.4774169921875,0.10204081982374193,0.04545454680919647,5
2531049,2022,dry,annotated,0,578715,5157075,0.06240599975585937,0.12996800537109374,2.095539378404617e-5,172.07989501953125,6.788264751434326,900,24300,-0.195831298828125,0,0,5
2531269,2022,dry,annotated,0,578775,5157225,0.05720800170898437,0.12363900146484376,2.3197634148597717e-5,168.34823608398438,3.897066593170166,900,24300,-0.343414306640625,0,0,5
2531621,2022,em_veg,random_draw,0,578895,5156925,0.06023499755859375,0.13376500244140624,2.1355609381198884e-5,170.86538696289065,13.196025848388672,0,1800,-0.337066650390625,0,0,5
2531480,2022,dry,annotated,0,578865,5157195,0.05301699829101562,0.124156005859375,2.295684587955475e-5,174.7234344482422,4.523705959320068,900,17100,0.0247802734375,0.06666667014360428,0.04545454680919647,5
2531987,2022,dry,annotated,0,578985,5156445,0.0689469970703125,0.161481005859375,2.3619467442035673e-5,167.1868896484375,17.252676010131836,0,900,-0.155975341796875,0.11363636702299118,0,5
2532073,2022,em_veg,annotated,0,579045,5156445,0.02586600036621093,0.06314600219726563,1.1568914697170258e-5,75.86579132080078,150.41336059570313,0,900,0.160308837890625,0.9047619104385376,0.9047619104385376,4
2531973,2022,dry,annotated,0,578985,5156025,0.07239400024414062,0.1470510009765625,2.350658456802368e-5,180.8129425048828,2.722328186035156,0,26100,-0.524505615234375,0,0,5
2530980,2022,em_veg,random_draw,0,578685,5155035,0.04612300109863281,0.11844300537109376,2.0799068875312804e-5,167.0010986328125,33.88541030883789,0,6300,-0.07998657226568184,0.02173913083970546,0,5
2528330,2022,dry,annotated,0,577965,5153745,0.03783500061035156,0.08439299926757812,2.0825381190776824e-5,130.09234619140625,22.9616641998291,900,64800,-0.17822265625,0.21276596188545227,0,5
2529417,2022,dry,annotated,0,578235,5153895,0.077347998046875,0.17263699951171874,1.845946008682251e-5,178.47996520996094,14.031153678894045,0,64800,-0.589111328125,0.02127659507095813,0,5
2529856,2022,dry,annotated,0,578415,5153835,0.0459010009765625,0.10569000244140624,1.9198707933425905e-5,169.09286499023438,23.22626304626465,900,64800,-0.184844970703125,0.22727273404598236,0,5
2523961,2022,shallow_viz,annotated,1,577155,5153085,0.04515,0.10261400146484374,1.740558613061905e-5,111.37813568115234,3.050207138061523,900,10800,-0.003204345703125,0.01999999955296516,0,5
2524391,2022,shallow_viz,annotated,1,577215,5153205,0.03504299926757812,0.08884199829101562,1.6964721312522887e-5,112.1450653076172,2.422648668289185,900,10800,-0.023284912109375,0.06122449040412903,0,5
2523942,2022,dry,annotated,0,577125,5153175,0.07590399780273438,0.1684,1.7932414114475252e-5,120.0954818725586,11.02429485321045,0,10800,-0.20379638671875,0,0,5
2524392,2022,dry,annotated,0,577215,5153145,0.06499199829101562,0.15237099609375,1.7844997103214262e-5,118.20943450927734,3.8563671112060542,0,10800,-0.20233154296875,0,0,5
2519411,2022,dry,annotated,0,576465,5153235,0.070675,0.1668199951171875,2.489065586805343e-5,103.66869354248048,18.323841094970703,0,9900,-0.12005615234375,0.02127659507095813,0.0416666679084301,5
2519888,2022,dry,annotated,0,576555,5153205,0.05383499755859375,0.124677001953125,2.095195891141891e-5,100.6476593017578,1.9413386583328247,900,9900,-0.036163330078125,0.02127659507095813,0.0416666679084301,5
2519277,2022,dry,annotated,0,576465,5153415,0.05072200012207031,0.14974100341796875,2.891436546087265e-5,176.13552856445313,2.6347756385803223,900,50400,0.29119873046875,0.06122449040412903,0,5
2519992,2022,dry,annotated,0,576555,5153505,0.06763300170898437,0.272456005859375,3.227279853820801e-5,173.56658935546875,3.7001302242279057,900,50400,-0.191680908203125,0.02272727340459823,0,5
2516131,2022,dry,annotated,0,575955,5153205,0.04694700012207031,0.1153219970703125,1.488992709636688e-5,160.67636108398438,5.186822414398193,0,4500,-0.303802490234375,0,0,5
2511981,2022,deep_water,random_draw,0,575385,5153325,0.02529400024414062,0.06244600219726563,1.5793255693912505e-5,105.06481170654295,73.0030288696289,900,9000,0.342010498046875,0.4878048896789551,0.17391304671764374,5
2504993,2022,co_precise,annotated,1,574365,5153145,0.04409500122070312,0.1015,1.7545941359996795e-5,167.3137664794922,9.011194229125977,900,13500,-0.017547607421875,0.04347826167941093,0.14814814925193787,5
2504673,2022,dry,annotated,0,574305,5153145,0.04054599914550781,0.0955010009765625,1.7293695032596586e-5,176.1427001953125,7.285825729370117,900,13500,-0.017974853515625,0.09090909361839294,0.1034482792019844,5
2505031,2022,dry,annotated,0,574365,5153205,0.05698800048828125,0.1295449951171875,1.6510793647766114e-5,163.54689025878906,7.789688587188721,900,13500,-0.05181884765625,0.02222222276031971,0.07999999821186066,5
2505112,2022,dry,annotated,0,574395,5153085,0.06025999755859375,0.13745,1.9449180295467374e-5,183.2225341796875,4.309512615203857,0,13500,-0.004364013671875,0,0,5
2500909,2022,shallow_viz,annotated,1,573705,5153475,0.03493599853515625,0.08886699829101563,1.705329327106476e-5,175.67039489746094,12.224268913269045,900,5400,-0.0281982421875,0.01960784383118152,0.0357142873108387,5
2501319,2022,shallow_viz,annotated,1,573765,5153445,0.03204299926757812,0.084897998046875,1.7980485854148865e-5,180.06861877441406,4.087895393371582,900,5400,-0.018157958984375,0.02083333395421505,0.03846153989434242,5
2498693,2022,shallow_viz,annotated,1,573465,5153175,0.02986900024414062,0.0865719970703125,2.4324127783775328e-5,178.08592224121094,2.9928226470947266,900,7200,0.081573486328125,0.11627907305955888,0,5
2499310,2022,shallow_viz,annotated,1,573525,5153205,0.04766099853515625,0.14035,2.9355121071338653e-5,181.2589874267578,1.314589500427246,900,7200,-0.06658935546875,0.0731707289814949,0,5
2498917,2022,dry,annotated,0,573465,5153205,0.058647998046875,0.15820999755859377,2.9065650148391724e-5,179.4829559326172,2.064379930496216,0,7200,-0.1527099609375,0.04651162773370743,0,5
2499153,2022,dry,annotated,0,573525,5153145,0.04656499938964843,0.12838599853515625,3.002257043361663e-5,178.64312744140625,1.9781243801116943,900,7200,-0.130645751953125,0.10000000149011612,0,5
2496202,2022,dry,annotated,0,573135,5153415,0.03757000122070313,0.09699400024414062,3.195957623958588e-5,153.45733642578125,13.643729209899902,900,7200,-0.01605224609375,0.12244898080825806,0.07407407462596893,5
2487250,2022,em_veg,annotated,0,571725,5152875,0.08118099975585938,0.1940630004882813,2.6235245430469512e-5,171.83982849121094,8.461760520935059,900,261900,-0.145263671875,0.0555555559694767,0,5
2487466,2022,em_veg,annotated,0,571785,5152875,0.07915700073242188,0.19303199462890624,2.6825506763458252e-5,169.9789276123047,9.513513565063477,900,261900,-0.132720947265625,0,0,5
2488607,2022,dry,annotated,0,571965,5153205,0.0510760009765625,0.20180699462890625,2.8601480417251583e-5,162.25099182128906,4.341123580932617,0,261900,0.019073486328125,0.0833333358168602,0,5
2489563,2022,dry,annotated,0,572175,5153145,0.04848699951171875,0.17883499755859375,3.4209154872894285e-5,149.30723571777344,25.028728485107425,900,261900,0.094390869140625,0.05000000074505806,0,5
2490114,2022,glint,annotated,0,572265,5153025,0.112206005859375,0.2147429931640625,2.290261974453926e-5,150.4274139404297,8.89006233215332,0,261900,-2.186920166015625,0,0,5
2490215,2022,em_veg,annotated,0,572265,5153175,0.07217100219726562,0.1765260009765625,2.837728325366974e-5,177.54190063476565,3.591305732727051,900,261900,0.35101318359375,0.02631578966975212,0,5
2490222,2022,dry,annotated,0,572265,5153265,0.06682000122070313,0.17183499755859374,2.576352813482285e-5,177.74664306640625,14.389474868774414,0,261900,0.319061279296875,0.03030303120613098,0,5
2486282,2022,deep_water,random_draw,0,571575,5153295,0.0591280029296875,0.1605199951171875,2.372698492527008e-5,143.81382751464844,69.87788391113281,0,6300,-0.28619384765625,0.02702702768146991,0,5
2486451,2022,deep_water,random_draw,0,571575,5153385,0.0380760009765625,0.06813800048828125,6.7149078917503355e-6,0.00934151746332645,0.14181919395923617,900,6300,0.06597900390625,0.5833333134651184,0.4545454680919647,3
2470417,2022,shallow_viz,annotated,1,569235,5153175,0.02312599945068359,0.0572989990234375,2.6061914982795714e-5,148.95843505859375,11.607854843139648,900,11700,0.082855224609375,0.20930232107639313,0.1818181872367859,5
2470228,2022,dry,annotated,0,569205,5153145,0.03367099914550781,0.08031799926757813,1.944682067632675e-5,142.0814971923828,20.149991989135746,900,11700,0.0653076171875,0.09090909361839294,0.04347826167941093,5
2470263,2022,dry,annotated,0,569205,5153235,0.052427001953125,0.15231300048828125,2.6740997359752655e-5,166.61614990234375,8.8347320556640625,900,11700,-0.2769775390625,0.13636364042758942,0.04545454680919647,5
2470985,2022,dry,annotated,0,569295,5153205,0.0397260009765625,0.10298900146484374,1.3362141246795652e-5,149.3583984375,10.998388290405272,0,11700,0.131805419921875,0.06818182021379471,0.05000000074505806,5
2465928,2022,shallow_viz,annotated,1,568665,5153055,0.03978200073242188,0.09404299926757811,2.110877096891403e-5,116.39318084716795,11.647235870361328,900,27900,-0.028228759765625,0.04878048598766327,0.04347826167941093,5
2467145,2022,dry,annotated,0,568815,5153235,0.06984400024414063,0.2221469970703125,2.610218151330948e-5,166.71607971191406,8.62708568572998,0,27900,-0.69256591796875,0.02702702768146991,0,5
2463409,2022,dry,annotated,0,568335,5153025,0.0873030029296875,0.19873699951171875,1.6630876734256746e-5,183.32943725585935,1.9933146238327024,0,1800,0.212646484375,0,0,5
2445845,2022,dry,annotated,0,566205,5153265,0.05703699951171875,0.151797998046875,2.008681304693222e-5,121.65557861328124,32.985084533691406,0,900,-0.146636962890625,0.07407407462596893,0,5
2441767,2022,dry,annotated,0,565785,5153235,0.05789000244140625,0.13510699462890624,2.2050040361881257e-5,152.5184326171875,23.081636428833008,900,28800,-0.193878173828125,0.1071428582072258,0,5
2441796,2022,dry,annotated,0,565755,5153355,0.04322000122070312,0.09500900268554688,1.6274631927013396e-5,79.0810775756836,4.714144706726074,0,28800,-0.096405029296875,0.06451612710952759,0,5
2444431,2022,dry,annotated,0,566025,5153235,0.05304000244140625,0.132518994140625,2.6160880661010744e-05,160.99908447265625,29.083026885986328,900,28800,-0.2255859375,0.1111111119389534,0,5
2444964,2022,em_veg,annotated,0,566085,5152995,0.04333299865722656,0.11549100341796877,2.897406796216965e-5,181.56280517578125,17.624618530273438,0,47700,0.0054931640625,0.1034482792019844,0,5
2445393,2022,em_veg,annotated,0,566145,5153175,0.03946799926757812,0.111625,1.9381986298561096e-5,150.14956665039065,146.17538452148438,0,47700,-0.045135498046875,0.14814814925193787,0.125,5
2446336,2022,dry,annotated,0,566235,5153055,0.05231099853515625,0.12293900146484377,1.569594552516937e-5,131.08909606933594,8.261931419372559,900,47700,-0.1671142578125,0.1071428582072258,0,5
2446756,2022,dry,annotated,0,566265,5153115,0.05350399780273438,0.1290050048828125,1.598886838436127e-5,119.9208526611328,7.127608776092529,900,47700,-0.168212890625,0.1071428582072258,0,5
2447556,2022,dry,annotated,0,566385,5153115,0.0471,0.13184300537109375,2.203010846853256e-5,143.59463500976565,12.12641143798828,900,47700,-0.1683349609375,0.1111111119389534,0,5
1976892,2022,dry,annotated,0,542115,5135685,0.07184400024414063,0.2326550048828125,3.092422249794006e-5,171.0203857421875,7.18553352355957,900,3600,-0.178436279296875,0.0357142873108387,0,5
1976893,2022,terrain,annotated,0,542145,5135655,0.07170900268554688,0.2018739990234375,2.707404519081116e-5,146.87445068359375,31.639272689819336,0,3600,-0.12164306640625,0.03448275849223137,0,5
1967227,2022,dry,annotated,0,540315,5133765,0.0806469970703125,0.15125899658203126,1.983296721935272e-5,76.68132019042969,8.536711692810059,900,20700,-0.16796875,0,0,5
1963513,2022,em_veg,annotated,0,539685,5133435,0.05839600219726562,0.14826800537109375,2.8681559209823608e-5,177.3677978515625,10.43659210205078,900,9000,0.124542236328125,0.2857142984867096,0,5
1963616,2022,dry,annotated,0,539685,5133405,0.05578300170898438,0.13528900146484374,2.8339105455875397e-5,177.72412109375,11.786423683166504,900,9000,0.127288818359375,0.2222222238779068,0,5
1956278,2022,dry,annotated,0,538485,5131995,0.07756099853515624,0.202502001953125,2.972785143852234e-5,183.0493621826172,2.0664303302764893,0,7200,-0.250030517578125,0.0357142873108387,0,5
1956576,2022,em_veg,annotated,0,538545,5131965,0.05760700073242187,0.14305,3.349952574968338e-5,184.9313507080078,0.9887084364891052,900,7200,-0.01483154296875,0,0,5
1956960,2022,dry,annotated,0,538635,5132025,0.06041300048828125,0.173781005859375,3.001679877996445e-5,177.4411163330078,5.581801891326904,900,7200,-0.136962890625,0.0357142873108387,0,5
1957969,2022,dry,annotated,0,538785,5130045,0.05830999755859375,0.170006005859375,2.7263127002716062e-5,177.50558471679688,43.05268859863281,900,21600,0.02853393554681815,0.1538461595773697,0,5
1958428,2022,em_veg,annotated,0,538815,5129985,0.0403760009765625,0.09848599853515624,2.2744096982479096e-5,145.1514129638672,172.79664611816406,900,21600,-0.05035400390630684,0.25,0,5
1958466,2022,em_veg,annotated,0,538845,5130045,0.05840399780273438,0.1462510009765625,2.9756361429691315e-5,153.8496551513672,65.573883056640625,900,21600,-0.06918334960943184,0.6296296119689941,0,4
1958957,2022,em_veg,annotated,0,538935,5130045,0.05096600036621094,0.12718499755859375,2.689999566078186e-5,172.73989868164065,27.262348175048828,900,21600,-0.04235839843755684,0.40740740299224854,0,4
1949415,2022,dry,annotated,0,537525,5125665,0.06113900146484375,0.12081500244140624,2.369638425707817e-5,91.964630126953125,21.721330642700195,0,20700,-0.387725830078125,0,0,5
4964026,2022,dry,annotated,0,536385,5118915,0.04035599975585937,0.107806005859375,2.7307874295711516e-5,177.1516571044922,3.6060361862182617,900,60300,-0.034454345703125,0.1923076957464218,0,5
4964027,2022,dry,annotated,0,536385,5118855,0.051602001953125,0.1235300048828125,2.7589339537620543e-5,170.2386932373047,58.85492706298828,900,60300,-0.0595703125,0.22727273404598236,0,5
4964697,2022,dry,annotated,0,536505,5118735,0.04628500061035156,0.09872899780273438,3.345451077461243e-5,185.8769989013672,1.837809443473816,900,60300,-0.108062744140625,0.3214285671710968,0,5
4964108,2022,em_veg,random_draw,0,536385,5116905,0.04754700012207031,0.108631005859375,1.6927634179592134e-5,130.1908721923828,167.2930908203125,900,45000,0.1346435546875,0.8064516186714172,0.1666666716337204,4
4964387,2022,em_veg,random_draw,0,536445,5116995,0.02715199890136718,0.06983800048828125,1.6219519777297976e-5,87.4619140625,407.5543823242187,0,45000,0.2054443359375,0.5714285969734192,0.3571428656578064,5
4964496,2022,em_veg,random_draw,0,536475,5116785,0.03939599914550781,0.0924969970703125,1.4810102581977843e-5,101.24036407470705,290.3245849609375,900,45000,0.1988525390625,0.7857142686843872,0.2857142984867096,4
4964639,2022,em_veg,random_draw,0,536475,5116905,0.06237999877929687,0.14504300537109374,2.3914659588336947e-5,177.56752014160156,8.128779411315918,900,45000,-0.164703369140625,0.24137930572032928,0,5
4965317,2022,em_veg,random_draw,0,536565,5116965,0.03838399963378906,0.0939239990234375,3.365932171583176e-5,180.08274841308594,2.067052841186523,900,45000,-0.076568603515625,0,0,5
4965451,2022,em_veg,random_draw,0,536595,5116785,0.0788239990234375,0.1816280029296875,2.651392174720764e-5,177.47488403320313,10.412549018859863,0,45000,-0.21636962890625,0.14814814925193787,0,5
4965810,2022,em_veg,random_draw,0,536625,5116875,0.04525799865722656,0.10545,2.220176150321961e-5,149.1098175048828,117.1626968383789,900,45000,-0.008148193359375,0.5,0,5
4966680,2022,dry,annotated,0,536805,5110605,0.05685,0.1849219970703125,2.28017498588562e-5,182.0505523681641,1.7002733945846558,0,18000,-0.1922607421875,0.06060606241226196,0,5
4967621,2022,dry,annotated,0,536955,5110605,0.06335399780273437,0.1708239990234375,1.8515262520313262e-5,177.28097534179688,13.990242004394531,900,18000,-0.117156982421875,0.05882352963089943,0,5
4966089,2022,shallow_viz,annotated,1,536685,5108505,0.05326199951171875,0.1315719970703125,2.8515934085845944e-5,150.3166046142578,25.664228439331055,900,2700,0.01055908203125,0.06666667014360428,0,5
4966088,2022,dry,annotated,0,536685,5108565,0.06653800048828125,0.1740780029296875,2.4882632207870483e-5,145.22698974609375,64.237518310546875,0,2700,-0.0673828125,0,0,5
4966404,2022,dry,annotated,0,536745,5108505,0.07278400268554687,0.174831005859375,2.8995476388931273e-5,184.30462646484375,1.3969475030899048,0,2700,-0.36279296875,0,0,5
4965514,2022,shallow_viz,annotated,1,536565,5108025,0.06715599975585937,0.136497998046875,1.8239736367464064e-5,164.49681091308594,24.894716262817383,0,4500,-0.237091064453125,0.02941176481544971,0,5
4965433,2022,dry,annotated,0,536595,5108085,0.084372998046875,0.1859760009765625,1.457897600889206e-5,188.1441192626953,0.8960149884223938,0,4500,-0.599517822265625,0,0,5
4965963,2022,terrain,annotated,0,536655,5108025,0.07343099975585937,0.1455739990234375,2.3470877923965456e-5,169.5832061767578,52.808895111083984,900,4500,-0.064239501953125,0.3235294222831726,0,5
4995343,2022,dry,annotated,0,541155,5100195,0.05713499755859375,0.14087099609375,2.3887592804431916e-5,179.64173889160156,6.63217306137085,900,24300,-0.24725341796875,0.16129031777381897,0,5
4995781,2022,dry,annotated,0,541215,5100165,0.09781900024414064,0.1978170043945313,1.8828126792907716e-5,151.27720642089844,76.456817626953125,0,24300,-0.6099853515625,0,0,5
4997078,2022,dry,annotated,0,541365,5100135,0.08441900024414062,0.17288399658203124,2.4011086337566376e-5,172.4200439453125,11.699163436889648,0,24300,-0.388885498046875,0,0,5
4996471,2022,hugo_precise,annotated,1,541305,5100165,0.03405400085449218,0.07919000244140625,2.8289402239322664e-5,181.6798858642578,3.1217963695526123,900,24300,-0.044708251953125,0.13793103396892548,0,5
4989399,2022,dry,annotated,0,540435,5093385,0.07338900146484376,0.15136600341796874,2.147802885532379e-5,172.5111846923828,17.769031524658203,900,59400,-0.15673828125,0.03448275849223137,0,5
5336497,2022,em_veg,annotated,0,538785,5083515,0.0696989990234375,0.1998969970703125,2.886441755771637e-5,179.298828125,1.3103969097137451,900,16200,-0.1422119140625,0.03333333507180214,0,5
5336711,2022,em_veg,annotated,0,538815,5083665,0.04888299865722656,0.144375,2.8923978774547577e-5,169.20077514648438,5.767755508422852,900,16200,-0.044281005859375,0.06896551698446274,0,5
5336777,2022,dry,annotated,0,538845,5083545,0.0677969970703125,0.293272998046875,2.869760786533356e-5,180.9888458251953,1.2499516010284424,0,16200,-0.3748779296875,0,0,5
5337148,2022,em_veg,annotated,0,538875,5083665,0.05194400024414063,0.17163299560546874,3.0491306476593015e-5,179.39349365234375,0.9998003244400024,0,16200,0.02752685546875,0.03333333507180214,0,5
5361311,2022,dry,annotated,0,541965,5078145,0.09105900268554688,0.17496700439453125,2.6202024463415147e-5,82.04209899902344,6.916584491729736,900,12600,-0.043243408203125,0,0,5
5364855,2022,glint,annotated,0,542385,5066655,0.06639099731445312,0.08873599853515625,1.8925698682069776e-5,51.148902893066406,0.7126810550689697,0,94500,-0.42288208007818184,0.03030303120613098,0,5
5364986,2022,em_veg,annotated,0,542385,5066205,0.04815299987792969,0.10608900146484376,2.668370254278183e-5,85.38652038574219,4.251870155334473,900,94500,0.03201293945306816,0.13333334028720856,0,5
5365462,2022,em_veg,annotated,0,542445,5066565,0.05995,0.1377010009765625,2.441431615114212e-5,81.561767578125,4.188159942626953,900,94500,0.03201293945306816,0.12121212482452393,0,5
5365623,2022,glint,annotated,0,542445,5066415,0.03728099975585938,0.08021699829101563,2.612919619083405e-5,87.42382049560547,7.256761074066162,900,94500,0.03201293945306816,0.25,0,5
5365668,2022,glint,annotated,0,542475,5066715,0.1327469970703125,0.2364780029296875,2.1857619150877e-5,73.96034240722656,11.04438018798828,900,94500,0.01443481445306815,0.27272728085517883,0,5
5365760,2022,em_veg,annotated,0,542475,5066325,0.06207000122070312,0.133356005859375,2.831229978084564e-5,81.629913330078125,10.086010932922363,0,94500,0.03201293945306816,0.03225806355476379,0,5
5366104,2022,dry,annotated,0,542505,5066415,0.09296300048828124,0.1827530029296875,2.94861984872818e-5,108.61547088623048,17.879138946533203,0,94500,0.03201293945306816,0.06666667014360428,0,5
5364764,2022,em_veg,annotated,0,542355,5065815,0.06710700073242187,0.17324200439453125,3.0584272933006285e-5,101.97451782226564,10.46866226196289,900,9900,0.044830322265625,0.10000000149011612,0,5
5365132,2022,em_veg,annotated,0,542415,5065965,0.0546489990234375,0.1214010009765625,2.2207828729152677e-5,105.2839813232422,24.321001052856445,0,9900,-0.079925537109375,0.03333333507180214,0,5
5365179,2022,dry,annotated,0,542415,5065845,0.07603300170898437,0.294897998046875,2.9057833042144777e-5,88.48956298828125,26.49182891845703,0,9900,-0.9246826171875,0,0,5
5363238,2022,dry,annotated,0,542175,5064675,0.08048900146484375,0.2621409912109375,1.933163404941559e-5,74.19158172607422,7.879703998565674,0,7200,-0.33868408203119316,0.0714285746216774,0,5
5363001,2022,dry,annotated,0,542175,5062275,0.08018499755859375,0.1791949951171875,1.955280673980713e-5,106.48416900634766,17.106718063354492,0,5400,-0.32928466796875,0,0,5
5366107,2022,co_precise,annotated,1,542535,5062185,0.03303200073242187,0.06810800170898437,2.5694360032081603e-5,85.87092590332031,9.51645278930664,900,18000,-0.05291748046875,0.36666667461395264,0,5
5365868,2022,dry,annotated,0,542475,5062275,0.06939000244140625,0.1978699951171875,2.610688712358475e-5,117.49525451660156,19.41095733642578,0,18000,-0.0545654296875,0,0,5
5366531,2022,dry,annotated,0,542565,5062125,0.03952200012207031,0.0752969970703125,2.4871462478637695e-5,86.0533676147461,5.842254161834717,900,18000,0.1134033203125,0.1875,0,5
5367222,2022,dry,annotated,0,542625,5062215,0.04753699951171875,0.10209099731445312,2.1582143721580506e-5,86.39453887939453,7.544216156005859,900,18000,-0.073974609375,0.03225806355476379,0,5
5363840,2022,em_veg,annotated,0,542265,5061105,0.06244400024414062,0.1361800048828125,1.7025012369155884e-5,64.85542297363281,2.1252684593200684,0,1800,-0.12164306640625,0.03333333507180214,0,5
5361508,2022,em_veg,random_draw,0,541995,5060385,0.05988599853515625,0.14718900146484376,2.2162296757698055e-5,91.6435089111328,17.528579711914063,900,59400,0.10125732421875,0.28125,0,5
5362408,2022,em_veg,random_draw,0,542085,5060295,0.06111699829101563,0.1752510009765625,2.586928586959839e-5,97.82129669189452,9.49153995513916,900,59400,0.103515625,0.16129031777381897,0,5
5362488,2022,em_veg,random_draw,0,542115,5060445,0.06001699829101562,0.2276610107421875,2.9808512144088745e-5,96.86808776855467,6.049582481384277,900,59400,-0.02606201171875,0.0625,0,5
5363331,2022,em_veg,random_draw,0,542205,5060355,0.06095900268554687,0.153252001953125,2.557761399269104e-5,100.28376007080078,8.121344566345215,900,59400,0.136322021484375,0.23333333432674408,0,5
5363457,2022,em_veg,random_draw,0,542205,5060595,0.1050949951171875,0.2257239990234375,1.9808484654426577e-5,68.9167709350586,5.1353759765625,0,59400,-0.573638916015625,0,0,5
5363922,2022,em_veg,random_draw,0,542265,5060445,0.06274299926757812,0.17203399658203125,2.6655831911563872e-5,102.5911102294922,11.02031135559082,900,59400,0.100616455078125,0.16129031777381897,0,5
5366613,2022,em_veg,random_draw,0,542595,5062485,0.0725489990234375,0.159125,3.123534118413925e-5,98.17847442626952,4.631138324737549,900,6300,-0.045684814453125,0.25,0,5
11086026,2022,dry,annotated,0,569685,5009835,0.05343099975585937,0.1128260009765625,1.787726081609726e-5,95.459564208984375,6.547031402587891,0,18000,-0.098541259765625,0,0,5
11086219,2022,dry,annotated,0,569715,5009955,0.04241199951171875,0.103547998046875,1.759384787797928e-5,54.513694763183594,9.874031066894531,900,18000,-0.07806396484375,0.03448275849223137,0.04347826167941093,5
11046850,2022,shallow_viz,annotated,1,565395,5009685,0.03962999877929688,0.071875,1.7922071310281755e-5,58.0662841796875,2.545557975769043,900,19800,-0.023651123046875,0.02631578966975212,0.05263157933950424,5
11047436,2022,hugo_precise,annotated,1,565455,5009775,0.04389299926757813,0.06656599731445312,1.7119108843803406e-5,57.823001861572266,1.3365501165390017,900,19800,0.04913330078125,0.0833333358168602,0.0555555559694767,5
11046945,2022,dry,annotated,0,565395,5009775,0.06129600219726562,0.13209200439453125,2.331587044477463e-5,121.70291137695313,10.166970252990724,0,19800,-0.132049560546875,0,0,5
11046946,2022,dry,annotated,0,565395,5009625,0.072297998046875,0.156968994140625,2.295218653202057e-5,122.55575561523438,4.888669013977051,0,19800,-0.322784423828125,0,0,5
11047756,2022,dry,annotated,0,565485,5009655,0.06810700073242187,0.1472780029296875,2.2930757133960724e-5,132.5391387939453,8.478830337524414,0,19800,-0.1982421875,0,0,5
11038102,2022,shallow_viz,annotated,1,564315,5009655,0.05128900146484375,0.09905599975585938,1.7499159502983093e-5,77.14505767822266,5.137136459350586,900,168300,-0.304229736328125,0.0882352963089943,0.0476190485060215,5
11038288,2022,shallow_viz,annotated,1,564345,5009775,0.0482010009765625,0.10833599853515626,1.8068825907707216e-5,100.37464141845705,18.307994842529297,900,168300,-0.40008544921875,0.05714285746216774,0.04545454680919647,5
11037718,2022,dry,annotated,0,564315,5009715,0.05418099975585937,0.11763900146484375,1.6804167068004607e-5,110.65150451660156,20.560470581054688,900,168300,-0.407623291015625,0.02941176481544971,0.04545454680919647,5
11038621,2022,dry,annotated,0,564405,5009625,0.066082000732421875,0.13950999755859375,1.669676477909088e-5,120.51397705078124,13.066810607910156,0,168300,-0.61419677734375,0,0,5
11038688,2022,dry,annotated,0,564405,5009745,0.06865599975585937,0.14933900146484377,1.7358457293510437e-5,132.4380340576172,8.497464179992676,0,168300,-0.59521484375,0,0,5
11013505,2022,shallow_viz,annotated,1,561555,5010075,0.04021300048828125,0.08704199829101562,2.3645469353199005e-5,91.44157409667967,7.588407039642334,900,1800,-0.021087646484375,0.03225806355476379,0.095238097012043,5
11013824,2022,dry,annotated,0,561615,5010105,0.06033800048828125,0.13181600341796876,3.328345709085465e-5,76.58238220214844,5.129580020904541,0,1800,0.063995361328125,0,0,5
10508537,2022,dry,annotated,0,540585,5009925,0.0966510009765625,0.26608798828125,1.7863107204437257e-5,59.42082977294922,2.8342819213867188,0,6300,-0.815155029296875,0,0,5
10508569,2022,dry,annotated,0,540645,5009805,0.091052001953125,0.234885009765625,1.9333352560997008e-5,71.98033905029297,5.790822982788086,0,6300,-0.67510986328125,0,0,5
10507781,2022,co_precise,annotated,1,540255,5010255,0.0564,0.1335449951171875,2.5669419264793396e-5,86.48224639892578,22.46821975708008,900,15300,0.013031005859375,0.1489361673593521,0,5
10507854,2022,shallow_viz,annotated,1,540285,5010195,0.06311900024414062,0.16786300048828126,2.4788767077922825e-5,105.4258041381836,30.08892822265625,900,15300,-0.0479736328125,0.02083333395421505,0,5
10507748,2022,dry,annotated,0,540195,5010225,0.08425399780273438,0.2092719970703125,2.4434881951808927e-5,134.7027130126953,17.504179000854492,0,15300,-0.1336669921875,0.02127659507095813,0,5
10507827,2022,dry,annotated,0,540285,5010135,0.08195999755859375,0.2059669921875,2.4441522133350372e-5,129.790771484375,9.356932640075684,0,15300,-0.196624755859375,0,0,5
10507221,2022,dry,annotated,0,540045,5009565,0.08478900146484375,0.19516500244140625,1.800436455965042e-5,113.5018539428711,6.702882766723633,0,27000,-0.19891357421875,0,0,5
10503934,2022,shallow_viz,annotated,1,538965,5009715,0.04028200073242188,0.10064400024414062,1.956424597263336e-5,69.987640380859375,6.243417263031006,900,132300,0.0189208984375,0.07407407462596893,0,5
10504138,2022,shallow_viz,annotated,1,539025,5009805,0.0353239990234375,0.08131400146484374,2.0115166466236113e-5,53.02676773071289,10.31904411315918,900,132300,0.045196533203125,0.1428571492433548,0,5
10503668,2022,dry,annotated,0,538875,5009805,0.06385399780273437,0.1287300048828125,1.8695395364761352e-5,61.58537292480469,13.426259994506836,900,132300,0.0086669921875,0.09433962404727936,0,5
10504299,2022,dry,annotated,0,539085,5009925,0.06497000122070312,0.1551300048828125,2.010753449916839e-5,64.5683822631836,14.955962181091309,900,132300,-0.0533447265625,0.01886792480945587,0,5
10504341,2022,dry,annotated,0,539055,5009865,0.04615599975585938,0.113827001953125,2.1067578666210178e-5,62.93704605102539,9.987444877624512,900,132300,0.00518798828125,0.05769230797886848,0,5
10499658,2022,shallow_viz,annotated,1,537435,5010045,0.04406600036621094,0.09732899780273438,2.2819747266769408e-5,48.86577224731445,17.23565101623535,900,6300,2.74658203125e-4,0,0,5
10499715,2022,shallow_viz,annotated,1,537435,5010105,0.04293399963378906,0.10223900146484376,2.292367319583893e-5,53.18504333496094,24.90801048278809,900,6300,-0.001678466796875,0.03921568766236305,0,5
10499585,2022,dry,annotated,0,537375,5010105,0.09598300170898436,0.2118389892578125,2.2220852715969088e-5,99.24549865722656,14.12533187866211,0,6300,-0.3482666015625,0,0,5
10498783,2022,dry,annotated,0,537075,5009595,0.07843499755859375,0.17824200439453125,2.0295148453712462e-5,49.61106491088867,6.483881950378418,0,18000,-0.20321655273431816,0.1428571492433548,0,5
10498810,2022,dry,annotated,0,537075,5009865,0.10020499877929688,0.2155169921875,1.9558878743648527e-5,57.88627624511719,6.861027240753174,0,18000,-0.24176025390619316,0.07999999821186066,0,5
10498799,2022,shallow_viz,annotated,1,537105,5010075,0.04583099975585937,0.08433300170898438,2.4520631424188613e-5,60.25925827026367,13.58323097229004,900,6300,0.091949462890625,0.10204081982374193,0,5
10498882,2022,shallow_viz,annotated,1,537105,5010045,0.04766099853515625,0.080552001953125,2.4861570100784304e-5,37.1827507019043,17.609941482543945,900,6300,0.162353515625,0.2340425550937653,0,5
10498978,2022,dry,annotated,0,537135,5010015,0.07993400268554687,0.2038780029296875,2.7530173990726468e-5,102.33189392089844,75.8877182006836,900,6300,-0.277801513671875,0.09302325546741486,0,5
10498996,2022,dry,annotated,0,537165,5010105,0.09469099731445312,0.220381005859375,2.1620537714958192e-5,112.97216033935548,24.315176010131836,0,6300,-0.177978515625,0,0,5
10466029,2022,dry,annotated,0,530985,5009355,0.07728699951171875,0.2369989990234375,2.893168995141983e-5,106.68366241455078,3.875744581222534,0,196200,-0.08258056640625,0.02941176481544971,0,5
10421907,2022,em_veg,random_draw,0,520185,5017605,0.1034,0.3077280029296875,2.1234645853042603e-5,99.09583282470705,15.258784294128418,0,20700,-0.63299560546875,0.02702702768146991,0,5
10422710,2022,em_veg,random_draw,0,520305,5017665,0.04685,0.08838699951171874,1.918598544359207e-5,98.000518798828125,7.221766948699951,900,20700,0.040191650390625,0.25641027092933655,0,5
10422723,2022,em_veg,random_draw,0,520305,5017545,0.1056199951171875,0.2337030029296875,1.841875980615616e-5,149.10633850097656,19.171491622924805,0,20700,-0.46685791015625,0,0,5
10394622,2022,dry,annotated,0,516255,5019705,0.05604099731445312,0.179818994140625,2.6003396039009098e-5,105.28736114501952,11.823975563049316,900,99000,-0.012939453125,0.02941176481544971,0,5
10394624,2022,dry,annotated,0,516285,5019465,0.06636500244140625,0.2234510009765625,2.830906903028488e-5,108.52206420898438,7.503130912780762,900,99000,-0.3414306640625,0,0,5
10394992,2022,dry,annotated,0,516405,5019405,0.05236300048828125,0.1861949951171875,2.732318922519684e-5,95.069091796875,6.368097305297852,0,99000,-0.10028076171875,0,0,5
10392396,2022,dry,annotated,0,515805,5019735,0.05780399780273437,0.13966400146484376,2.259721200942993e-5,99.28697204589844,29.483627319335938,900,9000,-0.13616943359375,0.02857142873108387,0,5
10383354,2022,shallow_viz,annotated,1,513825,5019915,0.03775799865722656,0.086672998046875,2.1343030309677123e-5,90.7233428955078,3.137483835220337,900,30600,0.001556396484375,0.05882352963089943,0,5
10383782,2022,shallow_viz,annotated,1,513915,5019915,0.03934599914550781,0.08767000122070312,2.0802113087177276e-5,88.911285400390625,2.38273549079895,900,30600,0.016265869140625,0.06060606241226196,0,5
10382992,2022,dry,annotated,0,513735,5019945,0.05613400268554687,0.13716300048828126,2.3761281960010527e-5,108.08512878417967,18.646316528320313,900,30600,0.167572021484375,0.03125,0,5
10383983,2022,dry,annotated,0,513975,5019855,0.07791099853515625,0.16909599609375,1.8292463586330413e-5,117.9804458618164,14.23405647277832,0,30600,-0.099456787109375,0,0,5
10300006,2022,deep_water,random_draw,0,494685,5017095,0.04960499877929687,0.07760599975585937,8.94660110116005e-6,72.69621276855469,35.90687942504883,900,100800,-0.145904541015625,0.78125,0.5625,4
10300208,2022,deep_water,random_draw,0,494745,5016915,0.07558699951171875,0.1625449951171875,2.1767377324104308e-5,133.32371520996094,44.228275299072266,0,100800,-1.326141357421875,0,0,5
10300377,2022,deep_water,random_draw,0,494775,5017035,0.04897200012207031,0.05511199951171875,4.885936801433563e-6,15.528817176818848,7.519039154052734,900,100800,0.09210205078125,1,1,1
10300728,2022,deep_water,random_draw,0,494835,5016945,0.04956199951171875,0.05566300048828125,4.944964325428009e-6,16.963905334472656,6.394364833831787,900,100800,0.09210205078125,0.96875,1,3
10300881,2022,deep_water,random_draw,0,494895,5016855,0.07757000122070312,0.16792900390625,1.9038165555000305e-5,130.22674560546875,19.013490676879883,0,100800,-1.281341552734375,0,0,5
10300967,2022,deep_water,random_draw,0,494895,5017065,0.05086000061035156,0.05655700073242187,5.074871903657913e-6,13.364038467407228,3.8230984210968018,900,100800,0.09210205078125,0.9696969985961914,1,2
10301152,2022,deep_water,random_draw,0,494955,5016975,0.05275999755859375,0.062252001953125,5.2641981470584864e-6,33.79890441894531,30.869976043701172,900,100800,0.09210205078125,0.9677419066429138,1,3
10296907,2022,deep_water,random_draw,0,494085,5016555,0.07026900024414062,0.24572900390625,2.5589202225208284e-5,93.65558624267578,13.036096572875977,0,91800,-1.104705810546875,0,0,5
10297183,2022,deep_water,random_draw,0,494115,5016195,0.08173599853515626,0.2378360107421875,2.797546272993088e-5,108.28040313720705,8.555998802185059,0,91800,-1.450775146484375,0,0,5
10297344,2022,deep_water,random_draw,0,494175,5016405,0.077197998046875,0.2713699951171875,2.7548677005767823e-5,109.11959838867188,20.546377182006836,0,91800,-2.068511962890625,0,0,5
10297397,2022,deep_water,random_draw,0,494175,5016525,0.04672900085449218,0.10256500244140623,1.2611566317081453e-5,98.5007553100586,25.28607749938965,900,91800,-0.1051025390625,0.4000000059604645,0.0714285746216774,5
10297551,2022,deep_water,random_draw,0,494205,5016255,0.07626699829101563,0.2219239990234375,2.412382803916931e-5,98.732879638671875,7.1424880027771,0,91800,-1.3885498046875,0.03030303120613098,0,5
10297696,2022,deep_water,random_draw,0,494205,5016105,0.05778200073242187,0.06685900268554687,5.76662163734436e-6,9.539802551269531,0.6011762022972107,900,91800,0.340301513671875,1,1,1
10286345,2022,terrain,annotated,0,492135,5016435,0.05781400146484375,0.1017760009765625,8.807580883502961e-6,121.3233413696289,10.137351989746094,900,14400,0.09844970703125,0.02777777798473835,0,5
10286452,2022,terrain,annotated,0,492135,5016495,0.05338400268554687,0.11213900146484376,9.96442778110504e-6,126.99344635009766,8.526749610900879,900,14400,0.064178466796875,0.09090909361839294,0,5
10286612,2022,dry,annotated,0,492225,5016465,0.0494,0.170222998046875,1.470514680147171e-5,115.17340850830078,13.051365852355955,900,14400,-0.181915283203125,0,0,5
10266644,2022,deep_viz,annotated,0,488175,5016195,0.04193500061035156,0.0657489990234375,4.741213852167129e-6,25.402908325195313,11.776755332946776,900,781200,0.082061767578125,1,1,3
10267291,2022,dry,annotated,0,488265,5016315,0.06708900146484376,0.174872998046875,7.226018209457398e-6,123.44611358642578,18.60698699951172,900,781200,-0.695709228515625,0,0,5
10267623,2022,dry,annotated,0,488325,5016375,0.09640599975585938,0.27189599609375,2.8248016431331635e-5,123.58584594726564,23.904380798339844,0,781200,-1.8544921875,0,0,5
10267874,2022,deep_viz,annotated,0,488385,5016225,0.05190900268554687,0.08452100219726562,5.174607810974121e-6,20.978900909423828,0.6011842489242554,900,781200,0.09368896484375,1,1,1
10268037,2022,deep_viz,annotated,0,488415,5016165,0.05448800048828125,0.08740700073242187,5.4327518236637114e-6,23.2110652923584,0.6744016408920288,900,781200,0.09368896484375,1,1,1
10268635,2022,dry,annotated,0,488505,5016225,0.06598200073242187,0.15347099609375,1.4527426455020906e-5,90.29219818115234,46.955291748046875,900,781200,-0.55108642578125,0.875,0.8571428656578064,4
10248850,2022,dry,annotated,0,484575,5015985,0.10297099609375,0.210627001953125,2.2015385632514953e-5,136.3651885986328,8.567421913146973,0,19800,-1.76580810546875,0,0,5
10249051,2022,dry,annotated,0,484605,5015805,0.06977100219726562,0.15052099609375,2.0290207254886627e-5,123.76626586914064,20.635419845581055,0,8100,-0.849853515625,0,0,5
10249271,2022,dry,annotated,0,484605,5015625,0.08099500122070312,0.16160400390625,1.82780370926857e-5,116.3484878540039,27.285615921020508,0,8100,-1.386688232421875,0,0,5
10794576,2022,em_veg,random_draw,0,492885,4950405,0.0427760009765625,0.101975,2.9534093215465544e-5,102.54486083984376,58.830177307128906,900,14400,-0.0018310546875,0.2647058963775635,0,5
10790748,2022,dry,annotated,0,491325,4944825,0.06759099731445313,0.2066139892578125,2.8829364078044888e-5,108.79376983642578,50.705421447753906,0,8100,-0.271240234375,0.02380952425301075,0,5
10790936,2022,shallow_viz,annotated,1,491415,4944015,0.07506099853515626,0.1440800048828125,2.0022594431638717e-5,34.8792610168457,12.213695526123049,900,7200,0.183807373046875,0.4749999940395355,0,5
10791042,2022,shallow_viz,annotated,1,491445,4943475,0.07738900146484375,0.13443199462890626,2.1294280391931532e-5,88.89192199707031,2.3081443309783936,900,6300,0.0899658203125,0.1794871836900711,0,5
10791110,2022,dry,annotated,0,491505,4943415,0.0658469970703125,0.15451800537109375,1.963254413843155e-5,121.46080780029295,13.61589813232422,0,6300,-0.445953369140625,0,0,5
14599080,2022,hugo_precise,annotated,1,494235,4837335,0.04318699951171875,0.1097719970703125,4.898796634674072e-6,67.573516845703125,3.5389814376831055,900,45000,-0.09619140625,0.5111111402511597,0.8235294222831726,5
14599097,2022,dry,annotated,0,494265,4837365,0.06783300170898438,0.315810009765625,2.5189423418045043e-5,77.70088958740234,3.3279333114624023,0,45000,-2.0440673828125,0,0,5
14599170,2022,dry,annotated,0,494355,4837305,0.06656300048828125,0.338206005859375,2.959657151699066e-5,69.7798080444336,4.218111038208008,0,45000,-2.44049072265625,0,0,5
14599205,2022,dry,annotated,0,494385,4837155,0.0554530029296875,0.2455909912109375,9.435801048278808e-6,88.764739990234375,9.613895416259766,0,45000,-0.648712158203125,0.02083333395421505,0.7894737124443054,5
14907887,2022,co_precise,annotated,1,661455,4821195,0.04727999877929687,0.10420899658203124,6.933625054359436e-6,72.26896667480469,10.090749740600586,900,62100,0.00112915039056815,0.10526315867900848,1,5
14907655,2022,dry,annotated,0,661335,4821165,0.083752001953125,0.3471,1.612188428401947e-5,97.820770263671875,9.364012718200684,900,62100,0.00112915039056815,0,0.25,5
14907872,2022,dry,annotated,0,661425,4821045,0.07735800170898438,0.3086739990234375,2.435280353307724e-5,84.3332290649414,13.983267784118652,0,62100,-0.6114196777344318,0,0.125,5
14907892,2022,dry,annotated,0,661485,4821135,0.069052001953125,0.2335530029296875,1.849363229751587e-5,82.13818359375,7.065472602844238,900,62100,-0.00204467773443184,0.0476190485060215,1,5
14276116,2022,em_veg,random_draw,0,657195,4906875,0.0615219970703125,0.16888699951171876,1.648943665266037e-5,62.917354583740234,4.964706897735596,0,1800,-0.14324951171875,0,0,5
12355340,2022,shallow_viz,annotated,1,629505,4978605,0.03963500061035156,0.0739030029296875,8.462460870742798e-6,128.69700622558594,4.885690689086914,900,5400,0.11737060546875,0.04545454680919647,0,5
12354806,2022,dry,annotated,0,629475,4978635,0.06232000122070312,0.146831005859375,1.301973450899124e-5,123.04450225830078,11.465489387512209,900,5400,-0.11920166015625,0.04651162773370743,0,5
12372134,2022,dry,annotated,0,631185,4978725,0.09179500122070312,0.26040400390625,1.8638781583309175e-5,124.42198944091795,17.981243133544922,0,58500,-3.7568359375,0,0,5
12373020,2022,deep_viz,annotated,0,631305,4978695,0.03740899963378906,0.03815400085449218,4.115489922761917e-6,5.4871344566345215,0.354436993598938,900,58500,0.13677978515625,0.9772727489471436,1,1
12373876,2022,dry,annotated,0,631455,4978755,0.07446799926757812,0.1837,1.95347247505188e-5,108.88980102539064,9.602492332458496,0,58500,-0.55908203125,0,0,5
12374080,2022,deep_viz,annotated,0,631425,4978665,0.03969200134277344,0.04198900146484375,4.150490683317185e-6,7.188029766082764,0.3219952881336212,900,58500,0.13677978515625,1,1,1
12375346,2022,dry,annotated,0,631575,4978695,0.07398800048828125,0.298127001953125,2.7561609358787536e-5,118.4130859375,6.449638843536377,0,58500,-1.11029052734375,0,0,5
12376986,2022,deep_viz,annotated,0,631755,4978665,0.03804299926757813,0.04119700012207031,4.833562622070312e-6,5.340967178344727,0.40821924805641174,900,58500,0.13677978515625,1,1,1
12495597,2022,dry,annotated,0,666855,4989375,0.07541199951171874,0.250464990234375,3.348307293653488e-5,95.208282470703125,1.778356909751892,900,39600,-0.1982421875,0,0,5
12495660,2022,dry,annotated,0,666915,4989225,0.069697998046875,0.2306080078125,3.1512302727699285e-5,83.37862396240234,1.99524188041687,900,39600,0.017578125,0.02941176481544971,0,5
12495547,2022,em_veg,random_draw,0,666825,4990665,0.09428300170898438,0.2354860107421875,2.8947145476341245e-5,90.1660385131836,3.3762733936309814,0,1800,-0.18304443359375,0,0,5
12495706,2022,em_veg,random_draw,0,666945,4990755,0.03849500122070312,0.1079550048828125,2.145643083810806e-5,76.72991943359375,5.171105861663818,900,9000,-0.0068359375,0.0625,0.2142857164144516,5
12495741,2022,em_veg,random_draw,0,666975,4990665,0.03242699890136719,0.09471500244140624,1.3113079538345338e-5,66.8288803100586,24.476158142089844,0,9000,0.04901123046875,0.29032257199287415,0.6153846383094788,5
12497268,2022,dry,annotated,0,667665,4990545,0.04814100036621094,0.13300999755859377,2.4215853402614592e-5,117.7544937133789,4.235250949859619,900,17100,-0.00927734375,0.0625,0.0714285746216774,5
12497282,2022,em_veg,annotated,0,667665,4990605,0.04028099975585937,0.10216599731445312,1.825569061279297e-5,90.73297119140624,11.23520278930664,900,17100,-0.00799560546875,0.06060606241226196,0.0714285746216774,5
12497710,2022,dry,annotated,0,667785,4990575,0.04675199890136718,0.12754599609375,2.350078973293305e-5,124.32925415039064,7.984100341796875,900,17100,0.00665283203125,0.06060606241226196,0.0714285746216774,5
12502473,2022,em_veg,annotated,0,669345,4990665,0.02988599853515625,0.07346199951171875,9.441961607933045e-6,41.21705627441406,6.902117729187012,900,1800,0.00128173828125,0.6875,0.4615384638309479,4
12505358,2022,dry,annotated,0,669975,4990845,0.03518900146484375,0.081272998046875,9.319115254878996e-6,46.31669998168945,45.78936004638672,900,80100,-0.183349609375,1,1,3
12505686,2022,deep_viz,annotated,0,670005,4990815,0.02821700134277343,0.04025,3.700580145120621e-6,12.49980354309082,1.4681150913238523,900,80100,-0.00439453125,1,1,2
12506265,2022,deep_viz,annotated,0,670095,4990995,0.02806499938964844,0.04543999938964844,4.020555802583694e-6,15.09290885925293,1.3430556058883667,900,80100,0.14556884765625,0.9615384340286256,1,1
12506872,2022,deep_viz,annotated,0,670185,4990965,0.03673500061035156,0.069222998046875,8.676430679559708e-6,26.105627059936523,39.579959869384766,900,80100,-0.0294189453125,0.9629629850387572,1,3
12507304,2022,dry,annotated,0,670245,4990815,0.07625700073242188,0.2407110107421875,2.786777481079102e-5,97.6964340209961,4.021420478820801,0,80100,-3.6920166015625,0,0,5
12509166,2022,dry,annotated,0,670485,4990695,0.06268400268554687,0.18188900146484377,2.1880706162452695e-5,92.53821563720705,6.956900119781494,900,5400,-0.40966796875,0.10000000149011612,0,5
12510039,2022,dry,annotated,0,670665,4990935,0.05329099731445312,0.1629760009765625,1.9836310207843775e-5,77.87020111083984,18.35309410095215,900,900,0,0.3333333432674408,0.4285714328289032,5
12526729,2022,em_veg,annotated,0,673995,4990965,0.06313400268554688,0.15852900390625,2.4816682131290435e-5,114.2721176147461,52.6905517578125,0,7200,-0.0543212890625,0,0,5
12526955,2022,dry,annotated,0,674085,4991025,0.07440800170898437,0.194718994140625,2.8265396218299867e-5,99.54644775390624,10.282876014709473,0,7200,-0.42767333984375,0.07407407462596893,0,5
12527095,2022,em_veg,annotated,0,674085,4990965,0.04412300109863281,0.0935489990234375,1.3802306294441224e-5,69.041717529296875,31.79161834716797,900,7200,0.01123046875,0.5862069129943848,0.9090909361839294,4
12528552,2022,dry,annotated,0,674445,4990755,0.05871500244140625,0.152052001953125,1.9182003927230835e-5,76.97322845458984,25.174203872680664,900,900,0,0.06896551698446274,0,5
9529194,2022,shallow_viz,annotated,1,694485,5036235,0.04056000061035156,0.0811989990234375,1.233859351158142e-5,133.88580322265625,5.397829055786133,900,27900,0.079742431640625,0.05882352963089943,0.1111111119389534,5
9530002,2022,dry,annotated,0,694605,5036175,0.07640800170898437,0.16028299560546874,1.2032209780216218e-5,132.33050537109375,5.6750078201293945,900,27900,0.22247314453125,0.05882352963089943,0.4444444477558136,5
9517524,2022,deep_water,random_draw,0,692865,5040045,0.05422100219726562,0.1167530029296875,1.7316752500534058e-5,121.8396987915039,16.284481048583984,0,76500,-0.807891845703125,0,0,5
9517703,2022,deep_water,random_draw,0,692895,5040255,0.04654599914550781,0.10511600341796876,1.564346316576004e-5,134.43026733398438,2.869800329208374,0,76500,-0.546905517578125,0,0,5
9517916,2022,deep_water,random_draw,0,692925,5040135,0.04135,0.07879400024414063,1.9317816387414937e-5,100.17240142822266,35.57490539550781,900,76500,0.003143310546875,0.29411765933036804,0.30000001192092896,5
9518339,2022,deep_water,random_draw,0,692955,5039985,0.06476199951171875,0.13899200439453124,1.7042304952144625e-5,131.75448608398438,5.426872730255127,0,76500,-1.0443115234375,0,0,5
9519464,2022,deep_water,random_draw,0,693075,5040195,0.05636799926757813,0.12425,2.0363352377414704e-5,121.28352355957033,15.382964134216309,900,76500,-0.6595458984375,0,0.30000001192092896,5
9519513,2022,deep_water,random_draw,0,693105,5039925,0.04395199890136719,0.09395900268554688,1.946871463537216e-5,92.87213134765624,59.81840896606445,900,76500,-0.10125732421875,0.0625,0.10000000149011612,5
9519536,2022,deep_water,random_draw,0,693105,5040045,0.03533999938964843,0.04409200134277344,9.996689924001691e-6,19.933012008666992,23.57061767578125,900,76500,0.44873046875,1,0.8999999761581421,3
9520106,2022,deep_water,random_draw,0,693165,5040135,0.05088099975585938,0.11468399658203124,1.949413851737976e-5,114.04878997802734,28.393728256225582,900,76500,-0.497283935546875,0,0.20000000298023224,5
9520658,2022,deep_water,random_draw,0,693225,5039985,0.04889599914550781,0.1085050048828125,1.7934286031723024e-5,127.69322204589844,12.547999382019045,0,76500,-0.829803466796875,0,0,5
9500267,2022,dry,annotated,0,690465,5039685,0.06043800048828125,0.1242239990234375,2.1772442619800567e-5,141.73651123046875,1.1287853717803955,900,5400,-0.63104248046875,0,0,5
9473773,2022,dry,annotated,0,685455,5039805,0.05461799926757813,0.12332099609375,1.3225358247756958e-5,124.64920806884766,18.193456649780273,0,1800,-0.098388671875,0,0,5
9473848,2022,dry,annotated,0,685485,5039745,0.05356300048828125,0.170397998046875,2.195364550113678e-5,83.58238983154297,11.703596115112305,900,1800,-0.017181396484375,0.07692307978868484,0.20000000298023224,5
9459306,2022,dry,annotated,0,683025,5041545,0.0656280029296875,0.143306005859375,1.8413854191303253e-5,121.48384857177734,10.179117202758787,0,1800,-0.421661376953125,0,0,5
9457987,2022,shallow_viz,annotated,1,682785,5047335,0.05548200073242188,0.12416800537109376,1.3154799470901493e-5,129.85635375976565,8.70700454711914,900,11700,0.04248046875,0,0.1818181872367859,5
9457973,2022,dry,annotated,0,682755,5047305,0.09235999755859375,0.24211201171875,2.368370928764343e-5,120.46163177490234,19.164213180541992,0,11700,-1.250823974609375,0,0,5
9458052,2022,dry,annotated,0,682785,5047395,0.08164199829101562,0.166506005859375,1.1593177089691162e-5,122.73287963867188,13.930773735046388,900,11700,-0.15081787109375,0,0,5
9458563,2022,shallow_viz,annotated,1,682905,5053575,0.03292300109863281,0.063452001953125,1.952889466047287e-5,145.98480224609375,15.236148834228516,900,42300,0.010345458984375,0.07692307978868484,0.1818181872367859,5
9458716,2022,shallow_viz,annotated,1,682935,5053485,0.030625,0.06526300048828125,1.617077553510666e-5,146.32423400878906,4.308990001678467,900,42300,0.0166015625,0.07407407462596893,0.20000000298023224,5
9458275,2022,dry,annotated,0,682845,5053515,0.05231099853515625,0.121927001953125,1.949369958877563e-5,122.9005889892578,13.340838432312012,900,42300,-0.103668212890625,0.07407407462596893,0,5
9458454,2022,dry,annotated,0,682875,5053665,0.05280499877929687,0.109543994140625,1.913117139339447e-5,136.88209533691406,9.511072158813477,0,42300,-0.350128173828125,0,0,5
9455232,2022,dry,annotated,0,682305,5059635,0.05602100219726563,0.12298499755859375,1.954389479160309e-5,150.49063110351565,2.3896477222442627,0,3600,-0.110504150390625,0.07407407462596893,0,5
9032765,2022,dry,annotated,0,682545,5063565,0.05584199829101562,0.11411600341796876,1.9348166513442993e-5,58.02825164794922,20.369184494018555,900,15300,0.062103271484375,0.06451612710952759,0.0833333358168602,5
9035999,2022,dry,annotated,0,682965,5076795,0.08459500122070313,0.1933380004882813,2.153184538602829e-5,125.18820190429688,6.325963973999023,900,20700,-0.12103271484375,0,0.0833333358168602,5
9037289,2022,dry,annotated,0,683115,5076795,0.068672998046875,0.1552260009765625,2.030390551328659e-5,68.8780517578125,25.59921646118164,900,20700,-0.00714111328125,0,0,5
9034638,2022,dry,annotated,0,682755,5077425,0.06092999877929687,0.14745400390625,1.970987734794617e-5,75.87377166748047,28.946369171142575,900,2700,-0.121856689453125,0,0,5
9035093,2022,dry,annotated,0,682845,5077635,0.08314099731445312,0.187327001953125,2.0942366266250612e-5,121.14169311523438,7.429437637329102,900,23400,-0.31451416015625,0,0,5
9035743,2022,dry,annotated,0,682935,5077665,0.084802001953125,0.2023800048828125,2.0984518995285032e-5,118.42115020751952,9.684857368469238,900,23400,-0.22381591796875,0,0,5
9035839,2022,dry,annotated,0,682935,5077725,0.06733300170898437,0.18413699951171875,2.198077752351761e-5,89.37548065185547,29.403648376464844,900,23400,-0.122955322265625,0,0,5
9034651,2022,dry,annotated,0,682785,5085765,0.0966030029296875,0.201606005859375,1.0334504582881928e-5,9.76374053955078,23.323715209960938,0,75600,0.3262939453125,0,0,5
9035989,2022,glint,annotated,0,682965,5085825,0.0917260009765625,0.1957300048828125,1.4036942937374116e-5,48.691436767578125,61.05791473388672,0,75600,0.392730712890625,0,0,5
7782542,2022,dry,annotated,0,679275,5109255,0.05760800170898438,0.1226,1.6666561274528505e-5,162.52305603027344,28.649415969848633,900,3600,-0.08758544921875,0,0,5
3445412,2022,dry,annotated,0,644955,5162325,0.05465999755859375,0.1469550048828125,3.0876765019893646e-5,161.2293243408203,7.182651996612549,900,38700,-0.120635986328125,0.09756097197532654,0,5
3445526,2022,dry,annotated,0,644985,5162535,0.0872469970703125,0.2109800048828125,2.9990954360961914e-5,163.6463623046875,3.811225175857544,0,38700,-0.199676513671875,0,0,5
3445975,2022,dry,annotated,0,645105,5162475,0.065575,0.18541700439453124,2.2507362051010133e-5,109.71118927001952,121.190673828125,0,38700,-0.552398681640625,0.04651162773370743,0.21052631735801697,5
3388809,2022,dry,annotated,0,628845,5159205,0.06256699829101563,0.15933499755859376,3.507299191236496e-5,188.26792907714844,0.2556026875972748,900,18900,-0.04638671875,0,0,5
3388942,2022,dry,annotated,0,628845,5159025,0.07423900146484375,0.2025969970703125,2.4316910202503204e-5,160.15773010253906,65.93842315673828,0,18900,-0.14569091796875,0,0,5
3389191,2022,dry,annotated,0,628935,5159085,0.05938800048828125,0.155047998046875,2.648645710468292e-5,185.92445373535156,0.7107806205749512,0,18900,-0.027801513671875,0,0,5
3357254,2022,dry,annotated,0,620055,5163465,0.06635599975585937,0.136997998046875,1.272523585319519e-5,162.53314208984375,9.259952545166016,900,50400,-0.178680419921875,0,0,5
3357376,2022,dry,annotated,0,620085,5163525,0.070452001953125,0.15009300537109374,1.357362951040268e-5,189.3074188232422,0.31437933444976807,0,50400,-0.1778564453125,0,0,5
2588430,2022,dry,annotated,0,589995,5159865,0.0506239990234375,0.0670469970703125,1.8901910414695737e-5,169.3412628173828,13.85339069366455,900,4500,-0.08905029296875,0.02564102597534656,0,5
2456638,2022,shallow_viz,annotated,1,567525,5153535,0.03176300048828125,0.08958599853515625,2.108934046030045e-5,168.78858947753906,7.860753059387207,900,66600,-0.0845947265625,0.1304347813129425,0,5
2457345,2022,shallow_viz,annotated,1,567585,5153595,0.03472699890136718,0.09592899780273438,2.2512855508327483e-5,171.85646057128906,3.070597887039185,900,66600,-0.073577880859375,0.1304347813129425,0,5
2456582,2022,dry,annotated,0,567525,5153595,0.05136199951171875,0.150843994140625,1.841140163898468e-5,109.36994934082033,15.636401176452637,0,66600,-0.90936279296875,0.07407407462596893,0,5
2457524,2022,dry,annotated,0,567615,5153715,0.04452799987792968,0.12782099609375,2.045277224779129e-5,177.068359375,4.263759136199951,900,66600,-0.01849365234375,0.11538461595773696,0,5
2457812,2022,dry,annotated,0,567645,5153325,0.0593780029296875,0.15445400390625,2.13163831448555e-5,173.8096160888672,3.761388301849365,0,66600,-0.05712890625,0.1111111119389534,0,5
4996930,2022,hugo_precise,annotated,1,541365,5100015,0.05458599853515625,0.107456005859375,1.855887545466423e-5,68.7985610961914,10.84914779663086,900,3600,0.03656005859375,0.1515151560306549,0,5
4997254,2022,dry,annotated,0,541395,5100015,0.09015399780273438,0.197127001953125,1.6932495400905607e-5,80.51568603515625,17.413654327392578,0,3600,-0.4366455078125,0,0,5
5693472,2022,shallow_viz,annotated,1,542505,5056335,0.061247998046875,0.1484,2.3590818457603455e-5,124.75529479980467,5.456787586212158,900,9900,0.0509033203125,0.19354838132858276,0,5
5693459,2022,dry,annotated,0,542475,5056275,0.095677001953125,0.2349659912109375,2.7367361063957213e-5,100.82847595214844,9.69827365875244,0,9900,-0.00897216796875,0.12121212482452393,0,5
5693551,2022,dry,annotated,0,542535,5056335,0.09649099731445313,0.2200070068359375,2.515806513786316e-5,92.61322021484376,5.9261884689331055,0,9900,0.069091796875,0.16129031777381897,0,5
5693615,2022,dry,annotated,0,542565,5056275,0.07956099853515625,0.18811500244140625,2.645862008571625e-5,95.50062561035156,5.116695880889893,900,9900,-0.03363037109375,0.1875,0,5
10991470,2022,co_precise,annotated,1,557685,5009775,0.05606699829101563,0.09939299926757812,2.094384149312973e-5,20.926433563232425,1.010167956352234,900,3600,0.041534423828125,0.22499999403953552,0.04347826167941093,5
10991446,2022,dry,annotated,0,557685,5009805,0.05883099975585938,0.117156005859375,2.216774057865143e-5,45.960548400878906,10.130239486694336,900,3600,-0.047393798828125,0.10000000149011612,0,5
10991783,2022,dry,annotated,0,557745,5009745,0.07406199951171875,0.16588399658203126,2.7908074393272397e-5,114.3238754272461,6.664066314697266,0,3600,-0.19915771484375,0,0,5
10990816,2022,co_precise,annotated,1,557505,5009925,0.05498800048828125,0.08498699951171874,2.5912338670492175e-5,35.38029479980469,16.363121032714844,900,4500,-0.00103759765625,0.1538461595773697,0.0476190485060215,5
10420846,2022,dry,annotated,0,520035,5012955,0.122247998046875,0.25490400390625,1.972614480495453e-5,131.86489868164065,13.7667236328125,0,9900,-0.6177978515625,0,0,5
10347544,2022,dry,annotated,0,505845,5019225,0.07505900268554687,0.16103199462890624,2.6785755355358125e-5,150.10548400878906,11.370160102844238,0,102600,-0.357940673828125,0,0,5
10347748,2022,dry,annotated,0,505905,5019285,0.04973099975585937,0.11846400146484376,2.7618384082317355e-5,131.8336181640625,20.913475036621097,900,102600,-0.048309326171875,0,0,5
10348131,2022,dry,annotated,0,505995,5019495,0.0620760009765625,0.141672998046875,2.5352897036075595e-5,152.75201416015625,3.828000545501709,900,102600,-0.118865966796875,0,0,5
10338823,2022,co_precise,annotated,1,504165,5019855,0.059947998046875,0.11273199462890623,2.5825189061164853e-5,88.47596740722656,8.37615966796875,900,3600,-0.002349853515625,0,0,5
10338934,2022,dry,annotated,0,504195,5019825,0.07846300048828125,0.18719599609375,2.849605740070343e-5,89.93400573730469,15.995000839233398,0,3600,-0.308502197265625,0,0,5
10328036,2022,shallow_viz,annotated,1,502665,5019825,0.06529000244140624,0.12490799560546877,2.548145641922951e-5,64.79703521728516,20.01169204711914,900,9000,0.09539794921869316,0.3333333432674408,0,5
10328266,2022,shallow_viz,annotated,1,502695,5019885,0.06346199951171876,0.11273699951171876,2.5536227447986603e-5,69.996551513671875,6.899332046508789,900,9000,0.05368041992181816,0.2068965584039688,0,5
10328400,2022,dry,annotated,0,502725,5019825,0.092527001953125,0.19864200439453125,2.4343579182624817e-5,117.10208129882813,21.01586151123047,0,9000,-0.45046997070318184,0,0,5
10320360,2022,dry,annotated,0,501165,5019855,0.06368599853515625,0.15114300537109376,3.5531775162220005e-5,125.8791961669922,30.81203842163086,900,125100,0.285308837890625,0,0,5
10320497,2022,dry,annotated,0,501195,5019825,0.06001199951171875,0.1388949951171875,3.304383932590485e-5,131.69052124023438,30.7025146484375,900,125100,0.386566162109375,0,0,5
10320647,2022,dry,annotated,0,501225,5019885,0.05069500122070312,0.12051800537109376,3.6232319939136505e-5,123.04074096679688,50.9921989440918,900,125100,0.455230712890625,0.03125,0,5
10314359,2022,dry,annotated,0,500025,5019945,0.08351900024414062,0.18110999755859375,2.4248582146167754e-5,116.40140533447266,35.61117172241211,0,5400,-0.22882080078125,0,0,5
10314473,2022,terrain,annotated,0,500055,5019825,0.06413900146484375,0.16946700439453125,2.2028657150268555e-5,99.97021484375,14.259507179260254,0,5400,-0.324066162109375,0.03125,0,5
10306983,2022,shallow_viz,annotated,1,496485,5016675,0.07023200073242188,0.13258399658203124,2.0964105912446976e-5,142.2776336669922,7.846780300140381,900,3600,-0.009429931640625,0.03125,0,5
10306835,2022,dry,annotated,0,496425,5016615,0.0927239990234375,0.22429599609375,2.4745003802776336e-5,102.70077514648438,19.622596740722656,0,3600,-0.513214111328125,0,0,5
10305416,2022,shallow_viz,annotated,1,496035,5016675,0.06486300048828125,0.1023510009765625,2.096190809726715e-5,78.74320220947266,10.51089859008789,900,4500,0.080474853515625,0.1875,0.1764705926179886,5
10307309,2022,shallow_viz,annotated,1,496605,5016405,0.0663780029296875,0.114072998046875,2.2706641496419907e-5,110.22378540039064,14.703376770019531,900,9000,-0.054962158203125,0.02941176481544971,0,5
10307559,2022,shallow_viz,annotated,1,496665,5016435,0.07705800170898437,0.11293599853515623,1.982733021378517e-5,47.664337158203125,5.1833062171936035,900,9000,0.27154541015625,0.3235294222831726,0,5
10307436,2022,dry,annotated,0,496635,5016465,0.07770599975585937,0.1393989990234375,2.2242559094429016e-5,116.93736267089844,33.47953796386719,0,9000,-0.152435302734375,0,0,5
10300680,2022,dry,annotated,0,494835,5016645,0.04646199951171875,0.10535699462890626,2.491127300024033e-5,122.0467758178711,16.388444900512695,900,5400,-0.096893310546875,0.0555555559694767,0,5
10299025,2022,dry,annotated,0,494445,5016675,0.07278599853515624,0.15970999755859375,2.342972038030624e-5,143.83023071289065,16.148775100708008,0,9900,-1.014495849609375,0,0,5
10284812,2022,dry,annotated,0,491805,5016705,0.0525280029296875,0.2158909912109375,2.492042876720428e-5,117.3455047607422,3.811411142349243,900,5400,-0.0499267578125,0,0,5
10271909,2022,hugo_precise,annotated,1,489165,5016495,0.06379000244140624,0.1117300048828125,2.7215983570814133e-5,88.06983184814453,14.56478786468506,900,10800,-0.09759521484375,0.03030303120613098,0,5
10271722,2022,dry,annotated,0,489135,5016375,0.05731699829101562,0.09350499877929688,2.7978073706626898e-5,110.75669860839844,32.45426559448242,900,10800,-0.076385498046875,0,0,5
10272059,2022,dry,annotated,0,489195,5016375,0.086072998046875,0.1825989990234375,2.8732172768116e-5,138.7408447265625,20.31148910522461,0,10800,-0.83587646484375,0,0,5
10272174,2022,dry,annotated,0,489195,5016465,0.08476900024414062,0.17259000244140624,2.7628707237243653e-5,126.40705108642578,35.221858978271484,0,10800,-0.565338134765625,0,0,5
10267641,2022,dry,annotated,0,488355,5016735,0.06859099731445313,0.2408669921875,2.593300508022308e-5,120.01220703125,5.7453932762146,0,21600,-0.4376220703125568,0,0,5
10250431,2022,dry,annotated,0,484785,5016435,0.06303300170898438,0.272168994140625,2.6425084319114684e-5,107.04336547851564,5.601993560791016,0,13500,-1.456146240234375,0,0,5
10251283,2022,dry,annotated,0,484905,5016495,0.0681989990234375,0.264089990234375,2.5557559447288513e-5,98.5927734375,4.7107462882995605,0,13500,-1.240142822265625,0,0,5
10249105,2022,co_precise,annotated,1,484605,5013465,0.05843499755859375,0.08093699951171875,1.88772751891613e-5,116.15534210205078,10.750877380371094,900,7200,0.03927612304693184,0.3333333432674408,0,5
10250470,2022,dry,annotated,0,484785,5011815,0.078447998046875,0.2574340087890625,2.665912741422653e-5,112.07745361328124,11.018576622009276,0,8100,-0.48626708984375,0,0,5
10266433,2022,dry,annotated,0,488145,5010165,0.0909989990234375,0.2581489990234375,2.5542358734607697e-5,100.18590545654295,13.659170150756836,0,7200,-0.844482421875,0,0,5
10278603,2022,co_precise,annotated,1,490455,5006445,0.04783200073242187,0.1395719970703125,2.7838341062068937e-5,42.69073867797851,38.80535125732422,900,1800,0.29931640625,0.2647058963775635,0,5
10278669,2022,dry,annotated,0,490485,5006415,0.07815999755859375,0.31087099609375,3.0400689053535466e-5,97.799285888671875,7.322507381439209,0,1800,-1.376251220703125,0,0,5
10277237,2022,co_precise,annotated,1,490155,5003325,0.06010700073242187,0.1016719970703125,2.3077854645252226e-5,132.14553833007813,10.19919490814209,900,900,0,0,0,5
10278109,2022,shallow_viz,annotated,1,490365,5001945,0.04488699951171875,0.08229000244140625,3.046706439256668e-5,101.37028503417967,47.55625915527344,900,14400,-0.143035888671875,0.1034482792019844,0,5
10278585,2022,hugo_precise,annotated,1,490455,5001945,0.04431300048828125,0.05499099731445312,2.689541860103607e-5,117.40276336669922,16.467716217041016,900,14400,0.14520263671875,0.125,0.07692307978868484,5
10277881,2022,dry,annotated,0,490335,5001915,0.06173499755859375,0.14476300048828125,2.5992344558238984e-5,133.16307067871094,12.378347396850586,0,14400,-0.69427490234375,0,0,5
10278039,2022,dry,annotated,0,490335,5002005,0.06856799926757813,0.155368994140625,2.3608008444309235e-5,133.52923583984375,11.028834342956545,0,14400,-1.274688720703125,0,0,5
10278435,2022,dry,annotated,0,490425,5002065,0.06929400024414062,0.14291800537109375,2.4736369309425355e-5,125.59489440917967,54.928688049316406,0,14400,-0.7711181640625,0,0,5
10561368,2022,co_precise,annotated,1,491565,4971435,0.04286000061035156,0.15563800048828125,2.983471212387085e-5,123.9968719482422,43.26492691040039,900,900,0,0.02702702768146991,0,5
10561369,2022,dry,annotated,0,491565,4971405,0.07126599731445313,0.2355659912109375,2.589952854394913e-5,103.96155548095705,140.59783935546875,0,900,-0.8009033203125,0,0,5
10563463,2022,shallow_viz,annotated,1,492675,4971765,0.02584700012207031,0.04633599853515625,7.547039537429811e-6,67.97332763671875,112.50989532470705,900,31500,5.79833984375e-4,0.6666666865348816,0.06666667014360428,5
10563464,2022,co_precise,annotated,1,492675,4971705,0.02884100036621094,0.05163099975585937,8.079474295377731e-6,85.2927017211914,50.66764068603515,900,31500,-0.06146240234375,0.5454545617103577,0.0625,5
10563418,2022,dry,annotated,0,492645,4971855,0.07298800048828125,0.265277001953125,2.4806403930187227e-5,114.68569946289064,37.832496643066406,0,31500,-1.105560302734375,0,0,5
10563447,2022,dry,annotated,0,492675,4971585,0.07033200073242188,0.2818659912109375,3.0695798711776734e-5,128.64048767089844,18.580076217651367,0,31500,-0.87091064453125,0,0,5
10563606,2022,deep_viz,annotated,0,492735,4971825,0.02944599914550781,0.04558399963378906,6.18549459695816e-6,16.738248825073242,5.693881988525391,900,31500,0.295135498046875,1,0.5625,1
10563634,2022,dry,annotated,0,492735,4971915,0.0836469970703125,0.20021199951171875,2.4800879762172695e-5,121.6462173461914,57.539161682128906,0,31500,-0.39581298828125,0.02941176481544971,0,5
10795343,2022,shallow_viz,annotated,1,493305,4969305,0.03527000122070312,0.0676989990234375,2.4344013592004776e-5,109.57723999023438,9.578364372253418,900,34200,0.167572021484375,0.23529411852359772,0.0555555559694767,5
10795394,2022,co_precise,annotated,1,493305,4969455,0.03726099853515625,0.07314500122070312,2.4173565732240677e-5,104.20772552490234,13.252702713012695,900,34200,0.14569091796875,0.05714285746216774,0,5
10795252,2022,dry,annotated,0,493275,4969545,0.05390599975585938,0.18478499755859376,2.578409294366836e-5,100.36123657226564,24.590112686157227,0,34200,-0.052764892578125,0,0,5
10795327,2022,dry,annotated,0,493305,4969425,0.04797799987792969,0.1648949951171875,2.3790782349109647e-5,105.52749633789064,13.224512100219728,900,34200,-0.005126953125,0.02857142873108387,0,5
10795648,2022,dry,annotated,0,493425,4969575,0.05798400268554687,0.19339200439453125,2.6550996215343476e-5,118.8442611694336,26.924734115600582,900,34200,-0.303466796875,0.02702702768146991,0,5
10795147,2022,dry,annotated,0,493215,4967325,0.090522998046875,0.2258580078125,2.44777276468277e-5,130.1134490966797,31.772357940673828,0,27000,-1.1104736328125,0,0,5
10790404,2022,shallow_viz,annotated,1,491205,4942605,0.0672280029296875,0.14702700195312501,2.3353013861179353e-5,99.28948211669922,5.007530689239502,900,9000,0.0811767578125,0.05405405536293983,0,5
10790302,2022,dry,annotated,0,491145,4942605,0.10363900146484376,0.2321830078125,1.951526874542236e-5,123.35491180419922,13.522747993469238,0,9000,-0.33087158203125,0,0,5
10790483,2022,dry,annotated,0,491235,4942545,0.10391199951171876,0.2352510009765625,2.0591789798736573e-5,106.49629974365234,31.51073455810547,0,9000,-0.743255615234375,0,0,5
13422536,2022,co_precise,annotated,1,483435,4936485,0.05571199951171875,0.118425,2.3084174947738646e-5,98.0208511352539,12.422926902770996,900,900,0,0.2432432472705841,0,5
13433950,2022,dry,annotated,0,483495,4908015,0.1042949951171875,0.2584840087890625,2.659170402765274e-5,141.16473388671875,6.794322490692139,900,9000,0.0032958984375,0,0,5
14604877,2022,co_precise,annotated,1,497415,4834455,0.05010400085449219,0.09007000122070312,4.992402670383454e-6,51.94776916503906,0.5513858199119568,900,137700,-0.06396484375,0.09259258955717088,1,5
14604968,2022,dry,annotated,0,497415,4834065,0.07939000244140625,0.17768199462890624,7.91654277563095e-6,66.62687683105469,1.301632523536682,0,137700,-0.415191650390625,0,0.3888888955116272,5
14605027,2022,dry,annotated,0,497445,4834365,0.08019000244140626,0.262168994140625,1.835914458036423e-5,95.186431884765625,7.292389392852783,0,137700,-1.12786865234375,0,0,5
14605498,2022,dry,annotated,0,497535,4834035,0.1032,0.2473360107421875,1.0295650928020478e-5,77.61005401611328,2.634440660476685,0,137700,-0.432525634765625,0,0.3333333432674408,5
14680130,2022,co_precise,annotated,1,502005,4811505,0.03458299865722656,0.0685260009765625,5.359577412605286e-6,128.27320861816406,17.673677444458008,900,35100,-0.03564453125,0.04347826167941093,1,5
14680252,2022,dry,annotated,0,502095,4811535,0.0751489990234375,0.2839110107421875,7.476857104301453e-6,98.20567321777344,13.801763534545898,0,35100,-0.438018798828125,0.02083333395421505,0,5
14680463,2022,dry,annotated,0,502275,4811535,0.06608800048828126,0.1857829956054687,7.630320699214934e-6,107.31336212158205,8.892784118652344,900,35100,-0.056365966796875,0.05882352963089943,0.9444444179534912,5
14686207,2022,dry,annotated,0,513105,4813305,0.06826799926757812,0.18581700439453125,2.230637777805328e-5,76.91381072998047,13.454977989196776,0,3600,-0.22537231445318184,0,0,5
14360809,2022,shallow_viz,annotated,1,656445,4851885,0.02714299926757812,0.03500299987792969,5.376297527551651e-6,148.78697204589844,21.67935562133789,900,149400,0.010986328125,0.05000000074505806,1,5
14361082,2022,shallow_viz,annotated,1,656535,4851975,0.02869500122070312,0.04744800109863281,9.230479146242142e-6,158.75894165039065,2.5954999923706055,900,149400,0.010986328125,0.0555555559694767,1,5
14360604,2022,dry,annotated,0,656385,4851915,0.06178300170898437,0.14675999755859376,1.5799157412052152e-5,97.66112518310548,31.114805221557617,900,149400,-0.0667724609375,0,0.5,5
14361613,2022,dry,annotated,0,656715,4851645,0.05493499755859375,0.14696700439453125,1.4709619998931888e-5,106.54694366455078,29.88373565673828,900,149400,-0.00360107421875,0,0.6666666865348816,5
14361685,2022,dry,annotated,0,656715,4851915,0.03613299865722656,0.0762989990234375,1.3174383308887483e-5,144.05364990234375,10.684569358825684,900,149400,0.01055908203125,0.05000000074505806,1,5
14057999,2022,em_veg,annotated,0,657255,4922835,0.05701799926757812,0.15846099853515624,5.674082808494567e-6,65.35760498046875,9.099283218383787,900,4500,0.02789306640625,0.3333333432674408,0.4444444477558136,5
14058186,2022,em_veg,annotated,0,657255,4922895,0.05344400024414062,0.1500969970703125,5.316292498111725e-6,85.31361389160156,7.553883552551269,900,4500,0.02789306640625,0.3214285671710968,0.5555555820465088,5
14058637,2022,dry,annotated,0,657315,4922865,0.05931300048828125,0.1516949951171875,6.83622858762741e-6,87.840057373046875,8.247049331665039,900,4500,-0.111572265625,0.29629629850387573,0.5555555820465088,5
14058139,2022,em_veg,annotated,0,657255,4922775,0.04986400146484375,0.13094200439453124,5.6492743682861324e-6,81.947418212890625,8.149222373962402,900,11700,0.03985595703125,0.07407407462596893,0.27272728085517883,5
14058590,2022,terrain,annotated,0,657345,4922805,0.069802001953125,0.1301760009765625,9.208906600475313e-6,63.255313873291016,24.697717666625977,900,11700,-0.032958984375,0.4399999976158142,0.4285714328289032,5
14059088,2022,em_veg,annotated,0,657465,4922745,0.07460399780273437,0.2087010009765625,2.0720333218574523e-5,99.24085998535156,12.31389617919922,0,11700,-0.4146728515625,0,0,5
14059142,2022,dry,annotated,0,657495,4922805,0.092097998046875,0.229010009765625,2.0040131661891934e-5,100.13687133789064,17.410619735717773,0,11700,-0.45849609375,0,0,5
12362384,2022,shallow_viz,annotated,1,630195,4978635,0.04493900146484375,0.08225900268554688,1.1980585218667983e-5,96.50867462158205,9.65080738067627,900,17100,0.25396728515625,0.2340425550937653,0.1304347813129425,5
12495283,2022,em_veg,random_draw,0,666675,4989795,0.04982900085449219,0.129447998046875,2.1429457397460935e-5,93.21791076660156,10.83486557006836,0,900,-0.08856201171875,0,0.0714285746216774,5
9016872,2022,dry,annotated,0,680325,5087865,0.07847100219726562,0.2230840087890625,2.581169211149216e-5,169.12899780273438,39.75709533691406,900,900,0,0,0,5
4035403,2022,em_veg,annotated,0,680355,5126325,0.05587100219726562,0.16064300537109374,1.4176272127628326e-5,86.13953399658203,81.7739486694336,900,8100,-0.079681396484375,0.4285714328289032,0.9090909361839294,4
4035934,2022,dry,annotated,0,680415,5126385,0.05844400024414063,0.16621300048828125,1.814074298620224e-5,96.0574722290039,57.61561965942383,900,8100,-0.112823486328125,0.4285714328289032,0.6666666865348816,4
3529158,2022,dry,annotated,0,658095,5166525,0.08114199829101562,0.16993399658203126,1.8925731773376465e-5,183.2468414306641,0.7020536065101624,900,77400,-0.18377685546875,0,0,5
3529476,2022,dry,annotated,0,658125,5166465,0.07570599975585937,0.15671199951171874,1.829777965784073e-5,182.40017700195313,1.1171081066131592,900,77400,-0.166412353515625,0,0.05000000074505806,5
3531401,2022,dry,annotated,0,658365,5166525,0.0695,0.14463399658203124,1.6687139484882355e-5,183.2578125,1.0720175504684448,900,77400,-0.036041259765625,0,0,5
3517388,2022,dry,annotated,0,656625,5166375,0.08428699951171875,0.14666800537109376,2.3005925880670548e-5,93.45915985107422,23.28790855407715,900,77400,-0.3133544921875,0.09375,0,5
3518247,2022,dry,annotated,0,656685,5166615,0.1173239990234375,0.21938798828125,2.562239887595177e-5,179.40203857421875,5.841092109680176,0,77400,-0.921417236328125,0,0,5
3518693,2022,dry,annotated,0,656715,5166495,0.07361699829101563,0.1334949951171875,2.410825993657112e-5,97.683502197265625,14.73583698272705,900,77400,-0.14642333984375,0.09090909361839294,0,5
3494061,2022,dry,annotated,0,654585,5166195,0.0596739990234375,0.12713199462890626,2.4719082112312316e-5,186.3639984130859,0.575261652469635,900,1070100,-0.40765380859375,0,0,5
3494797,2022,dry,annotated,0,654675,5166165,0.06870599975585938,0.14433800048828124,2.3767480821609495e-5,184.30763244628903,5.384034633636475,900,1070100,-0.385009765625,0,0,5
3496243,2022,dry,annotated,0,654885,5166345,0.074102001953125,0.2610570068359375,2.823596873283386e-5,163.6570281982422,67.19678497314453,900,1070100,-0.58514404296875,0,0,5
3449072,2022,dry,annotated,0,645825,5162895,0.06707899780273438,0.156006005859375,2.2144762890338897e-5,128.0229949951172,11.895909309387209,0,18000,-0.1473388671875,0,0,5
3421487,2022,shallow_viz,annotated,1,637635,5159205,0.05209000244140625,0.12384300537109376,2.7276092989444735e-5,174.80804443359375,4.293443202972412,0,3600,0.0986328125,0.0882352963089943,0,5
3421420,2022,dry,annotated,0,637605,5159145,0.064975,0.3581110107421875,3.784811127185822e-5,172.1381072998047,3.7319822311401367,0,3600,-0.201446533203125,0,0,5
3421560,2022,terrain,annotated,0,637695,5159145,0.05846900024414062,0.27128798828125,3.8784281949996946e-5,182.1299591064453,1.013546586036682,0,3600,-0.093597412109375,0,0,5
3376863,2022,dry,annotated,0,625545,5159835,0.07378400268554687,0.1623030029296875,1.4964504675865173e-5,149.81829833984375,6.7742438316345215,0,32400,-0.097442626953125,0,0,5
3377016,2022,dry,annotated,0,625575,5159715,0.06531699829101563,0.1499469970703125,3.110371477127075e-5,150.20977783203125,21.180410385131836,900,32400,0.149200439453125,0.13333334028720856,0,5
3377910,2022,dry,annotated,0,625755,5159565,0.06860800170898437,0.1807949951171875,3.601533397436142e-5,161.5642547607422,2.8810503482818604,900,32400,-0.197235107421875,0.12903225421905518,0,5
1996602,2022,co_precise,annotated,1,545325,5128965,0.03984299926757812,0.05999099731445313,3.064873902082443e-5,126.9697723388672,49.479591369628906,900,16200,-0.0943603515625,0.09677419066429138,0,5
1996655,2022,dry,annotated,0,545325,5129115,0.06684199829101563,0.138402001953125,2.051545261621475e-5,95.45936584472656,41.468807220458984,0,16200,-0.52777099609375,0.03030303120613098,0,5
1944059,2022,dry,annotated,0,536745,5123985,0.062327001953125,0.1164489990234375,1.9654613516330717e-5,63.46881484985352,9.965181350708008,900,7200,-0.10870361328125,0.0882352963089943,0,5
1943153,2022,dry,annotated,0,536595,5123745,0.05925,0.113906005859375,2.2315855662822723e-5,147.01495361328125,28.181066513061523,900,6300,-0.109619140625,0.03225806355476379,0,5
1943070,2022,shallow_viz,annotated,1,536595,5122875,0.059397998046875,0.09791199951171876,1.7223033336400986e-5,60.87189865112305,25.533588409423828,900,15300,-0.28173828125,0.0882352963089943,0,5
1943786,2022,terrain,annotated,0,536685,5122875,0.0871739990234375,0.14240899658203124,2.4825325878858566e-5,137.476806640625,118.95804595947266,0,15300,-0.251983642578125,0.4193548262119293,0,5
1944275,2022,dry,annotated,0,536775,5122515,0.07243400268554688,0.1960760009765625,3.151630560874939e-5,169.81883239746094,8.509005546569824,0,5400,-0.40985107421875,0,0,5
1944506,2022,dry,annotated,0,536775,5122425,0.05916599731445313,0.12633800048828123,3.457330066442489e-5,186.65626525878903,0.5967931151390076,900,5400,-0.169769287109375,0.03225806355476379,0,5
1944213,2022,dry,annotated,0,536745,5120985,0.05873699951171875,0.13547900390625,2.2771896855831147e-5,98.986907958984375,42.81991195678711,0,8100,-0.15045166015625,0.03448275849223137,0,5
1944436,2022,dry,annotated,0,536775,5119875,0.08615800170898437,0.1670760009765625,1.5646211854219435e-5,109.01863098144533,14.687176704406738,0,10800,-0.340850830078125,0,0,5
4967454,2022,dry,annotated,0,536925,5119635,0.06529600219726563,0.12550799560546874,1.6838249468803407e-5,138.6969451904297,30.829607009887695,900,15300,-0.137237548828125,0.09677419066429138,0,5
4964902,2022,dry,annotated,0,536535,5119545,0.07280599975585937,0.1475199951171875,2.3323725864887236e-5,163.19993591308594,22.89078140258789,0,13500,-0.255340576171875,0,0.06666667014360428,5
1943264,2022,dry,annotated,0,536595,5120565,0.05827999877929688,0.12008299560546876,2.4435656571388247e-5,163.24525451660156,20.1088809967041,900,2700,-0.027740478515625,0.03448275849223137,0,5
4966436,2022,dry,annotated,0,536775,5116335,0.06470399780273438,0.19936700439453128,2.636777596950531e-5,174.9473876953125,12.642805099487305,900,42300,-0.0081787109375,0.03846153989434242,0,5
4967132,2022,glint,annotated,0,536895,5116335,0.155777001953125,0.30043701171875,2.294829117059708e-5,179.7808837890625,10.5206937789917,900,42300,-0.080169677734375,0.26923078298568726,0,5
4966437,2022,glint,annotated,0,536745,5116155,0.09693599853515623,0.1875280029296875,2.92801444208622e-5,174.37721252441406,14.83980941772461,900,1800,-0.023712158203125,0.17241379618644714,0,5
11042534,2022,shallow_viz,annotated,1,564855,5010225,0.04469200134277344,0.1000239990234375,2.4222072427272797e-5,123.20577239990234,18.75818634033203,900,45900,-0.003570556640625,0,0,5
11043503,2022,shallow_viz,annotated,1,564975,5010165,0.04361600036621094,0.0801489990234375,2.0906438411474227e-5,130.9989013671875,25.053211212158203,900,45900,-0.0128173828125,0,0,5
11042229,2022,dry,annotated,0,564795,5010255,0.06063499755859375,0.137693994140625,2.509156159162521e-5,115.90319061279295,24.290796279907227,0,45900,-0.044921875,0,0,5
11042715,2022,dry,annotated,0,564855,5010255,0.05399199829101563,0.119722998046875,2.4368681402206423e-5,121.8139190673828,17.211999893188477,900,45900,-0.01953125,0,0,5
11043937,2022,dry,annotated,0,565035,5010165,0.05939299926757813,0.12328499755859376,2.3403591237068177e-5,115.8520278930664,12.987160682678224,0,45900,-0.070037841796875,0,0,5
11035985,2022,dry,annotated,0,564105,5010225,0.0601989990234375,0.14159100341796876,1.905048907995224e-5,114.54400634765624,26.23729705810547,0,54900,-0.134002685546875,0,0,5
11036211,2022,dry,annotated,0,564135,5010075,0.0509,0.1217719970703125,1.876401049613953e-5,131.14112854003906,21.737037658691406,900,54900,-0.2132568359375,0,0,5
11036526,2022,dry,annotated,0,564165,5010165,0.06269199829101563,0.13903499755859375,1.6991665143966676e-5,101.19636535644533,19.272197723388672,0,54900,-0.149017333984375,0,0,5
10521252,2022,dry,annotated,0,546135,5010075,0.0724280029296875,0.1602530029296875,2.101343499660492e-5,118.87447357177734,10.462327003479004,900,19800,-0.16741943359375,0.02325581386685371,0,5
10520281,2022,dry,annotated,0,545745,5010225,0.07522899780273437,0.17906800537109374,1.9182490994930267e-5,107.74893188476564,8.992364883422852,0,31500,-0.177001953125,0,0,5
10520522,2022,dry,annotated,0,545835,5010195,0.06341500244140626,0.168477001953125,1.877037781715393e-5,47.03459167480469,22.656665802001953,900,31500,-0.07012939453125,0.02325581386685371,0,5
10467972,2022,dry,annotated,0,531465,5009595,0.08056099853515625,0.254531005859375,3.045551443576813e-5,111.8207015991211,5.44997501373291,900,279000,-0.05889892578125,0.02857142873108387,0,5
10468178,2022,dry,annotated,0,531495,5009355,0.083297998046875,0.2791820068359375,3.2263247680664064e-5,130.35389709472656,6.645324230194092,0,279000,-0.130828857421875,0.03030303120613098,0,5
10420347,2022,dry,annotated,0,519945,5015355,0.0753280029296875,0.2444639892578125,2.8164247937202453e-5,140.22312927246094,9.716036796569824,900,14400,-0.14849853515619316,0,0,5
10420562,2022,dry,annotated,0,519975,5015295,0.0799510009765625,0.18949300537109376,2.7632240760326388e-5,99.10243225097656,19.881406784057617,0,14400,-0.09350585937494316,0,0,5
10389904,2022,shallow_viz,annotated,1,515265,5019555,0.04409800109863281,0.085577001953125,2.6850478591918942e-5,112.41055297851564,9.680133819580078,900,8100,4.2724609375e-4,0.0833333358168602,0,5
10382782,2022,dry,annotated,0,513705,5019855,0.08878099975585937,0.216410009765625,2.5702889664173127e-5,120.42723846435548,31.786561965942383,0,18000,-0.5712890625,0,0,5
10363158,2022,dry,annotated,0,509085,5019645,0.06085999755859375,0.18669599609375,3.201321592092514e-5,122.7336883544922,28.748207092285156,900,15300,-0.28668212890625,0.02941176481544971,0,5
10363329,2022,dry,annotated,0,509115,5019585,0.05794199829101562,0.274264990234375,3.197972998142242e-5,130.49090576171875,17.192296981811523,0,15300,-0.28448486328125,0,0,5
10343777,2022,em_veg,annotated,0,505125,5019615,0.06206400146484375,0.1377719970703125,2.4930692920684813e-5,130.5817108154297,15.287871360778809,0,89100,-0.305633544921875,0,0,5
10344105,2022,dry,annotated,0,505215,5019675,0.067197998046875,0.148897998046875,2.8753539774417875e-5,95.5955047607422,13.444488525390623,900,89100,-0.048065185546875,0.3103448152542114,0,5
10344112,2022,dry,annotated,0,505215,5019285,0.0846780029296875,0.18720400390625,2.450485782384873e-5,103.4878921508789,31.552356719970703,0,89100,-0.337554931640625,0,0,5
10344125,2022,em_veg,annotated,0,505215,5019735,0.07336599731445312,0.1622760009765625,2.423774073600769e-5,118.58910369873048,16.14889907836914,0,89100,-0.52996826171875,0,0,5
10344409,2022,dry,annotated,0,505245,5019555,0.05484400024414063,0.11723800048828124,2.151533211946487e-5,125.6401596069336,13.236459732055664,900,89100,-0.208282470703125,0.03703703731298447,0,5
10344579,2022,em_veg,annotated,0,505305,5019735,0.05386699829101563,0.119881005859375,2.6571026480197907e-5,126.74362182617188,18.863849639892575,900,89100,-0.34759521484375,0,0,5
10338431,2022,dry,annotated,0,504045,5019705,0.04869100036621093,0.09686500244140624,2.3591101804971695e-5,83.85197448730469,17.014602661132813,900,15300,-0.01046752929681815,0,0,5
10375137,2022,shallow_viz,annotated,1,512055,5019675,0.04250599975585938,0.10812900390625,2.5542291195392608e-5,114.991455078125,40.68333053588867,900,10800,0.002716064453125,0,0,5
10375269,2022,shallow_viz,annotated,1,512115,5019705,0.05615700073242187,0.150852001953125,3.125214469909668e-5,124.12830352783205,56.51130294799805,900,10800,0.030120849609375,0,0,5
10375136,2022,dry,annotated,0,512055,5019765,0.04966700134277344,0.13773199462890626,2.9661313042640684e-5,128.4085693359375,16.501747131347656,900,10800,-0.056793212890625,0.0357142873108387,0,5
10375371,2022,dry,annotated,0,512145,5019765,0.059602001953125,0.16593699951171875,2.5081989941596984e-5,96.31385803222656,75.47822570800781,0,10800,-0.15081787109375,0,0,5
10375385,2022,dry,annotated,0,512145,5019675,0.07317999877929687,0.19544100341796872,2.4151079988479615e-5,118.90238189697266,77.02738952636719,0,10800,-0.4349365234375,0,0,5
10304657,2022,dry,annotated,0,495855,5016585,0.04943900146484375,0.11304100341796874,2.124606898546219e-5,118.08203125,14.962403297424316,900,12600,-0.00195312499994315,0.20000000298023224,0,5
10304728,2022,dry,annotated,0,495855,5016495,0.06522999877929687,0.12483699951171875,1.7803116313219068e-5,76.939788818359375,10.88376235961914,0,12600,-0.16748046874994316,0.02857142873108387,0,5
10271014,2022,dry,annotated,0,488985,5016555,0.07328599853515624,0.13131600341796876,2.7111729001998906e-5,96.231475830078125,44.2454948425293,900,1800,-0.06787109375,0.0625,0,5
10248562,2022,dry,annotated,0,484545,5014785,0.07269199829101562,0.1575219970703125,2.584292693376541e-5,140.34014892578125,2.9347047805786133,0,6300,-1.0655517578125,0,0,5
10249102,2022,co_precise,annotated,1,484605,5014815,0.05392100219726562,0.095702001953125,1.8676054800748827e-5,47.684471130371094,14.417288780212402,900,6300,0.069305419921875,0.3846153914928436,0,4
10249545,2022,co_precise,annotated,1,484665,5014275,0.07668099975585937,0.13930999755859377,2.295960023164749e-5,70.36817169189453,16.463342666625977,900,13500,-0.0347900390625,0.2916666567325592,0,5
10249789,2022,dry,annotated,0,484665,5014425,0.06176400146484375,0.14618699951171876,2.529488037586212e-5,116.94894409179688,42.664154052734375,900,13500,-0.328460693359375,0.1599999964237213,0,5
10249103,2022,co_precise,annotated,1,484575,5014065,0.05252000122070312,0.09450599975585935,2.135989009976387e-5,94.4960479736328,27.794748306274418,900,5400,-0.11334228515625,0.07999999821186066,0,5
10253060,2022,deep_water,random_draw,0,485145,5009775,0.0547530029296875,0.103852001953125,1.0580523824691772e-5,23.06427001953125,21.538307189941406,900,292500,-0.002655029296875,1,0.9166666865348816,3
10253081,2022,deep_water,random_draw,0,485145,5009925,0.07926699829101562,0.159256005859375,1.6271421327590943e-5,51.84759140014648,26.907958984375,900,292500,-0.361541748046875,0.04347826167941093,0.2307692319154739,5
10253257,2022,deep_water,random_draw,0,485205,5010045,0.05385599975585938,0.10210399780273438,9.323156121969225e-6,16.16816520690918,1.087207913398743,900,292500,0.007598876953125,1,1,3
10253258,2022,deep_water,random_draw,0,485205,5009685,0.06226099853515625,0.09899099731445311,9.320572636127471e-6,23.099018096923828,15.705052375793455,900,292500,-0.034088134765625,0.7777777910232544,1,4
10253820,2022,deep_water,random_draw,0,485295,5009715,0.05326199951171875,0.08085900268554687,5.629611430168152e-6,14.37520980834961,0.4155313968658447,900,292500,0.007598876953125,1,1,1
10254039,2022,deep_water,random_draw,0,485325,5009955,0.05360800170898437,0.08144299926757813,5.635902305841446e-6,14.747174263000488,0.698549747467041,900,292500,0.007598876953125,1,1,2
10254188,2022,deep_water,random_draw,0,485355,5009865,0.05208099975585938,0.08023099975585937,5.59048945903778e-6,14.626260757446287,0.6225470900535583,900,292500,0.007598876953125,1,1,2
10254565,2022,deep_water,random_draw,0,485415,5010045,0.04903900146484375,0.0937219970703125,8.032670558691024e-6,15.563604354858398,0.7659462094306946,900,292500,0.007598876953125,1,1,3
10254869,2022,deep_water,random_draw,0,485445,5009895,0.0584489990234375,0.10094500122070311,9.754494850635527e-6,16.306591033935547,1.0943316221237185,900,292500,0.007598876953125,1,1,3
10254873,2022,deep_water,random_draw,0,485445,5009715,0.0614739990234375,0.12383599853515626,9.098442879915238e-6,17.24720573425293,1.4056206941604614,900,292500,0.0030517578125,1,1,3
10564737,2022,shallow_viz,annotated,1,493365,4971225,0.06373800048828125,0.1016010009765625,2.5449668316841124e-5,73.90064239501953,8.681781768798828,900,3600,0.050506591796875,0.10810811072587968,0.06666667014360428,5
10795747,2022,shallow_viz,annotated,1,493485,4967895,0.06151599731445312,0.1145280029296875,2.2435388225317e-5,110.06549072265624,29.92192840576172,0,1800,-0.214813232421875,0.05000000074505806,0,5
10794715,2022,co_precise,annotated,1,492975,4950795,0.05878699951171875,0.11090400390625,1.949608178257942e-5,85.2845687866211,8.030718803405762,900,5400,-0.003509521484375,0.125,0,5
10794681,2022,dry,annotated,0,492915,4950825,0.0849469970703125,0.236302001953125,2.9201852135658264e-5,102.80387878417967,53.2716178894043,0,5400,-0.764190673828125,0,0,5
10794361,2022,dry,annotated,0,492825,4950525,0.10075700073242189,0.19340799560546876,2.716544114947319e-5,91.716522216796875,20.868175506591797,0,15300,-0.696044921875,0,0,5
10794431,2022,dry,annotated,0,492855,4950645,0.04822999877929687,0.1024300048828125,2.5792189991474152e-5,43.94529342651367,19.796632766723633,900,15300,-0.06732177734375,0.40625,0,5
14678969,2022,em_veg,random_draw,0,499605,4811475,0.09791799926757812,0.243631005859375,2.0357684350013732e-5,96.74158477783205,10.324965476989746,0,900,-0.027099609375,0.12280701845884325,0,5
14806629,2022,shallow_viz,annotated,1,550125,4793625,0.02940799865722656,0.06185999755859375,5.001763863563538e-6,65.34574890136719,2.5446343421936035,900,69300,3.0517578125e-5,0.11428571492433548,1,5
14806726,2022,hugo_precise,annotated,1,550215,4793565,0.03198800048828125,0.073825,5.066910736560822e-6,72.88001251220703,6.776432037353516,900,69300,3.0517578125e-5,0.1315789520740509,1,5
14806588,2022,dry,annotated,0,550095,4793505,0.04187099914550781,0.102793994140625,5.9942137360572814e-6,73.0406265258789,9.158830642700195,900,69300,3.0517578125e-5,0.10256410390138626,1,5
14806925,2022,dry,annotated,0,550395,4793595,0.066997998046875007,0.2567639892578125,2.1529452953338624e-5,99.8554458618164,11.59528350830078,0,69300,-0.549224853515625,0,0,5
14715330,2022,co_precise,annotated,1,538755,4798965,0.03455899963378906,0.07296300048828125,5.041773362159729e-6,75.9096450805664,2.2919929027557373,900,33300,5.684341886080804e-14,0.25581395626068115,1,5
14715527,2022,shallow_viz,annotated,1,538815,4799055,0.03227099914550781,0.06768499755859375,4.402921106815339e-6,75.6069107055664,2.984658479690552,900,33300,5.684341886080804e-14,0.25,1,5
14715170,2022,dry,annotated,0,538695,4799085,0.069897998046875,0.3406840087890625,1.6624646768569947e-5,106.50304412841795,3.784719944000244,0,33300,-0.16647338867181816,0,0,5
14715285,2022,dry,annotated,0,538755,4799055,0.04116499938964844,0.12403900146484376,5.8288756036758416e-6,75.56291198730469,6.341297149658203,900,33300,5.684341886080804e-14,0.1463414579629898,1,5
14715593,2022,dry,annotated,0,538845,4799085,0.04125700073242187,0.12460799560546874,4.716892910003662e-6,74.89075469970703,4.822186470031738,900,33300,5.684341886080804e-14,0.15555556118488312,1,5
14671605,2022,terrain,annotated,0,542445,4825665,0.04076099853515625,0.09735599975585936,1.3561552710533142e-5,78.968963623046875,8.543614387512207,900,9000,-6.103515625e-4,0.19565217196941376,0,5
14671635,2022,dry,annotated,0,542475,4825755,0.09258900146484376,0.33593798828125,2.7363053624629973e-5,104.44699096679688,7.531241416931152,0,9000,-0.612030029296875,0,0,5
14780136,2022,deep_water,random_draw,0,585195,4822125,0.104331005859375,0.08476099853515626,1.0424970577955246e-5,33.585479736328125,1.1533544063568115,900,251100,0.071502685546875,1,1,1
14780203,2022,deep_water,random_draw,0,585255,4822035,0.1041219970703125,0.09993599853515624,1.0402630727291106e-5,32.67477798461914,1.953346371650696,900,251100,0.070159912109375,0.9722222089767456,1,1
14780247,2022,deep_water,random_draw,0,585285,4822125,0.10250400390625,0.08397899780273438,1.0242204941511154e-5,33.54420471191406,1.2433042526245115,900,251100,0.071502685546875,1,1,1
14780301,2022,deep_water,random_draw,0,585345,4821975,0.1030469970703125,0.08675999755859375,1.0296279653310775e-5,28.63723945617676,2.2303032875061035,900,251100,0.071502685546875,0.9677419066429138,1,1
14780317,2022,deep_water,random_draw,0,585375,4822065,0.10545999755859375,0.08618599853515625,1.0537825838327408e-5,29.10820960998535,1.6759915351867676,900,251100,0.071502685546875,0.9736841917037964,1,1
14780352,2022,deep_water,random_draw,0,585435,4821945,0.11037900390625,0.1381760009765625,1.102561410665512e-5,48.918975830078125,21.656343460083008,0,251100,-0.119842529296875,0.8857142925262451,1,4
14363819,2022,dry,annotated,0,657225,4851345,0.04998599853515625,0.135106005859375,2.1747556476593016e-5,116.25506591796876,14.575987815856934,900,17100,-0.021484375,0,0,5
14368092,2022,em_veg,random_draw,0,658215,4860015,0.08089500122070313,0.258268994140625,2.9952623670101163e-5,117.57117462158205,16.72026252746582,0,9000,-0.181243896484375,0,0,5
14368540,2022,em_veg,random_draw,0,658335,4860015,0.05611400146484375,0.15666500244140624,2.4651377761363984e-5,78.9139175415039,15.332440376281738,900,9000,0.00537109375,0,0,5
14377837,2022,dry,annotated,0,661095,4865115,0.06959099731445313,0.3412389892578125,3.256110802650451e-5,76.96614837646484,2.925845146179199,0,7200,-0.84368896484375,0,0,5
14387862,2022,dry,annotated,0,664485,4869015,0.05256900024414062,0.121797998046875,1.1405875577926636e-5,105.43810272216795,11.33255100250244,900,3600,-0.0081787109375,0.190476194024086,0.1111111119389534,5
14387871,2022,em_veg,annotated,0,664485,4868955,0.05740800170898438,0.15567900390625,1.362790700674057e-5,106.90226745605467,24.295278549194336,0,3600,-0.01898193359375,0,0,5
9529061,2022,deep_water,random_draw,0,694455,5039955,0.05762899780273437,0.19711800537109375,1.732179659128189e-5,111.55176544189452,66.480316162109375,0,282600,-4.0684814453125,0.10526315867900848,0,5
9529576,2022,deep_water,random_draw,0,694545,5040135,0.05112200012207031,0.156968994140625,1.222439615726471e-5,127.94310760498048,77.97888946533203,0,282600,-3.800872802734375,0,0.10000000149011612,5
9529689,2022,deep_water,random_draw,0,694545,5040015,0.04841900024414063,0.03466700134277344,5.51073610663414e-6,11.387420654296877,0.9971341490745544,900,282600,0.434722900390625,1,1,1
9530030,2022,deep_water,random_draw,0,694605,5040315,0.05925,0.04105599975585938,5.918058653473854e-6,11.334013938903809,1.054805874824524,900,282600,0.52880859375,1,1,1
9530253,2022,deep_water,random_draw,0,694635,5040225,0.05519299926757812,0.04256400146484375,5.511593922972679e-6,13.685895919799805,4.140270233154297,900,282600,0.425537109375,1,1,1
9530320,2022,deep_water,random_draw,0,694635,5040075,0.05556400146484375,0.03834100036621094,5.549496365189553e-6,11.229700088500977,0.9629879593849182,900,282600,0.365234375,1,1,1
9530445,2022,deep_water,random_draw,0,694665,5039925,0.07109400024414063,0.08636699829101563,1.1023998979330064e-5,38.136253356933594,26.99248695373535,900,282600,-0.730438232421875,1,1,4
9531215,2022,deep_water,random_draw,0,694785,5039985,0.06240499877929687,0.08914500122070312,8.109515331983566e-6,70.68376922607422,27.472749710083008,900,282600,-1.641510009765625,0.9473684430122375,0.8999999761581421,4
9454870,2022,deep_water,random_draw,0,682245,5051265,0.03129500122070312,0.0390010009765625,3.117028093338013e-6,10.546810150146484,2.2890729904174805,900,90900,0.025604248046875,0.95652174949646,1,1
9455143,2022,deep_water,random_draw,0,682275,5051355,0.02992099914550781,0.05001499938964843,7.777805119752883e-6,34.51240539550781,20.169095993041992,900,90900,0.017303466796875,0.875,0.5833333134651184,3
9455473,2022,deep_water,random_draw,0,682335,5051175,0.03943699951171875,0.04832300109863281,4.4303664302825934e-6,12.815839767456056,2.569664716720581,900,90900,0.030517578125,0.959999978542328,1,2
9455672,2022,deep_water,random_draw,0,682365,5051325,0.04659700012207031,0.09887100219726562,1.872548670291901e-5,80.458953857421875,65.65480041503906,900,90900,-0.030120849609375,0.5,0.25,4
9456191,2022,deep_water,random_draw,0,682425,5051205,0.05130399780273437,0.1157280029296875,1.8045810480117797e-5,94.089599609375,60.491024017333984,900,90900,-0.07562255859375,0.6666666865348816,0.0833333358168602,4
9456347,2022,deep_water,random_draw,0,682455,5051325,0.02645899963378906,0.03390199890136718,3.3477814269065854e-6,9.893555641174316,1.530442714691162,900,90900,0.025054931640625,1,0.8333333134651184,1
9456737,2022,deep_water,random_draw,0,682545,5051415,0.06312999877929687,0.1603949951171875,2.4729950523376463e-5,112.02577209472656,49.72720718383789,0,90900,-0.10052490234375,0.0833333358168602,0,5
9457091,2022,deep_water,random_draw,0,682605,5051235,0.07501799926757813,0.18411500244140624,2.542171219110489e-5,97.7085952758789,35.9906120300293,0,90900,-0.294403076171875,0.0833333358168602,0,5
3473503,2022,dry,annotated,0,650655,5167245,0.06169099731445313,0.13714200439453125,1.9891520025730132e-5,166.35824584960938,15.952476501464844,900,535500,0.2144775390625,0,0,5
3473925,2022,dry,annotated,0,650715,5166345,0.0662969970703125,0.13596600341796874,1.5528695793151856e-5,154.67129516601565,57.44016647338867,900,535500,-0.3988037109375,0,0,5
3474288,2022,dry,annotated,0,650775,5166645,0.05480599975585937,0.1094489990234375,1.4609501603841784e-5,185.806640625,0.6213485598564148,900,535500,-0.14208984375,0,0,5
3467110,2022,dry,annotated,0,649845,5166945,0.06872899780273438,0.14490699462890624,1.5196989006996155e-5,163.632080078125,64.315765380859375,900,1287900,-0.037933349609375,0,0,5
3472161,2022,dry,annotated,0,650445,5167095,0.06234500122070312,0.12777099609375,1.5102505724430083e-5,137.84617614746094,150.3241729736328,900,1287900,-0.017913818359375,0,0,5
3434397,2022,dry,annotated,0,642345,5162535,0.05907899780273437,0.1296739990234375,1.3643119311332705e-5,172.80718994140625,14.662769317626951,0,15300,-0.324859619140625,0,0,5
3434398,2022,dry,annotated,0,642345,5162445,0.06343800048828124,0.14542099609375,1.5418194229602813e-5,186.3156585693359,0.9353850483894348,0,15300,-0.422332763671875,0,0,5
3434881,2022,dry,annotated,0,642495,5162505,0.07063900146484375,0.1496449951171875,1.4632108435630797e-5,182.8432159423828,1.9708809852600095,0,15300,-0.5062255859375,0,0,5
3368018,2022,dry,annotated,0,623445,5160765,0.06006699829101562,0.12466600341796875,2.1562656891345976e-5,180.9905242919922,1.8301568031311035,900,80100,-0.125946044921875,0.07407407462596893,0,5
3368495,2022,dry,annotated,0,623535,5160735,0.07653400268554687,0.15742900390625,1.975582587480545e-5,172.7590789794922,8.05726146697998,0,80100,-0.224456787109375,0,0,5
3368813,2022,dry,annotated,0,623655,5160645,0.04025299987792968,0.07185999755859375,2.24761186170578e-5,172.36251831054688,6.6592535972595215,900,80100,0.0205078125,0.06896551698446274,0,5
2139511,2022,hugo_precise,annotated,1,566475,5199495,0.05398099975585938,0.1153199951171875,1.7312425305843355e-5,145.9499053955078,17.714027404785156,900,100800,0.316192626953125,0,0,5
2140523,2022,shallow_viz,annotated,1,566685,5199675,0.04956199951171875,0.100852001953125,1.5256147253513336e-5,133.8459014892578,36.097747802734375,900,100800,0.536346435546875,0.15625,0,5
2139091,2022,dry,annotated,0,566385,5199915,0.11563499755859374,0.228152001953125,2.0139755597114565e-5,172.60015869140625,0.3364800214767456,900,100800,-3.59063720703125,0,0,5
2139096,2022,dry,annotated,0,566355,5199975,0.1052949951171875,0.2179800048828125,1.920909341335297e-5,167.37045288085938,2.604107141494751,900,100800,-3.804779052734375,0,0,5
2139268,2022,dry,annotated,0,566415,5199675,0.10079199829101562,0.2041260009765625,1.9782338054180147e-5,172.20286560058594,0.31180617213249207,900,100800,-0.79840087890625,0,0,5
2138600,2022,hugo_precise,annotated,1,566235,5198205,0.04446400146484375,0.069647998046875,1.6177251534461975e-5,119.4426727294922,7.518529891967773,900,33300,0.00592041015625,0.14705882966518402,0,5
2138710,2022,shallow_viz,annotated,1,566265,5198295,0.04825199890136719,0.08803300170898437,1.574486068725586e-5,118.9809341430664,2.8625078201293945,900,33300,0.0396728515625,0.21212121844291687,0,5
2138968,2022,dry,annotated,0,566355,5198355,0.06966500244140625,0.198672998046875,2.501485686302185e-5,184.69398498535156,5.4472455978393555,900,33300,-0.32220458984375,0,0,5
22306631,2023,co_precise,annotated,1,609405,4806045,0.055072998046875,0.065647998046875,3.872196065187454e-6,134.90618896484375,32.140174865722656,900,287100,0.004852294921875,0.6000000238418579,1,5
22305914,2023,dry,annotated,0,609135,4805955,0.07260900268554688,0.12451199951171876,4.508456077575683e-6,125.66712188720705,24.865732192993164,900,287100,0.004852294921875,0.7777777910232544,1,5
22306324,2023,deep_viz,annotated,0,609285,4805925,0.04480599975585937,0.02802799987792969,3.727902446985245e-6,26.47099876403809,0.8380841016769409,900,287100,0.004852294921875,1,1,1
22306570,2023,deep_viz,annotated,0,609375,4805955,0.04459100036621093,0.02957200012207031,3.7364550971984863e-6,26.855972290039063,0.7810094356536865,900,287100,0.004852294921875,1,1,1
22306571,2023,deep_viz,annotated,0,609375,4805865,0.0445010009765625,0.02870799865722656,3.857839386463165e-6,20.178430557250977,0.6782850027084351,900,287100,0.004852294921875,1,1,1
22306586,2023,dry,annotated,0,609405,4806105,0.063375,0.11979200439453123,4.67303988814354e-6,150.85462951660156,9.84706687927246,900,287100,0.004852294921875,0.0625,0.8666666746139526,5
22306775,2023,dry,annotated,0,609495,4806015,0.11547099609375,0.1727030029296875,4.971942058801651e-6,138.1448974609375,7.50211238861084,0,287100,0.004852294921875,0.05882352963089943,0.07692307978868484,5
22296029,2023,co_precise,annotated,1,603735,4812045,0.06474299926757812,0.09723800048828124,7.572932062149047e-6,75.6664810180664,28.390531539916992,900,18000,0,0.8333333134651184,0.8125,5
22624815,2023,shallow_viz,annotated,1,619005,4810905,0.05226400146484375,0.11763199462890624,3.707907222509384e-6,144.0502166748047,14.54909324645996,900,37800,0.01043701171875,0,0.30000001192092896,5
22624877,2023,co_precise,annotated,1,619035,4810995,0.04602200012207031,0.09641199951171876,3.329675744771957e-6,138.19676208496094,4.79046630859375,900,37800,0.01043701171875,0,0.27272728085517883,5
22624752,2023,dry,annotated,0,618975,4810965,0.07174099731445313,0.16543299560546876,4.00383031129837e-6,152.6075439453125,6.999420166015625,900,37800,0.01043701171875,0,0,5
22624798,2023,dry,annotated,0,619005,4811055,0.08347000122070312,0.1705489990234375,4.241574289798736e-6,145.71450805664065,7.989081382751465,900,37800,0.01043701171875,0,0,5
22625195,2023,dry,annotated,0,619185,4810905,0.10268199462890625,0.2763580078125,1.5911460745334623e-5,153.443115234375,4.431605339050293,900,37800,-0.427734375,0,0,5
21579250,2023,dry,annotated,0,732705,4886595,0.11996700439453124,0.23482900390625,2.2171944043636323e-5,99.2876205444336,40.12139892578125,900,181800,-1.1497802734375,0,0,5
21579407,2023,dry,annotated,0,732705,4886865,0.13663299560546874,0.275406005859375,2.632080303430557e-5,109.9787139892578,23.479291915893555,0,181800,-1.83984375,0,0,5
21579686,2023,deep_viz,annotated,0,732765,4886745,0.06659299926757813,0.0392760009765625,5.758068278431892e-6,16.811668395996094,115.14913177490234,900,181800,0.0391845703125,1,1,1
21580075,2023,dry,annotated,0,732855,4886955,0.1289739990234375,0.2575159912109375,2.540564430475235e-5,103.9660873413086,34.71855163574219,0,181800,-2.08184814453125,0,0,5
21580359,2023,deep_viz,annotated,0,732915,4886835,0.06550700073242187,0.03652900085449218,5.571302950978279e-6,22.695388793945313,292.2699279785156,900,181800,0.0391845703125,1,1,1
21581001,2023,deep_viz,annotated,0,733035,4886805,0.06606900024414063,0.03563500061035156,5.8494506072998045e-6,24.01016616821289,0.0977095663547516,900,181800,0.0391845703125,1,1,1
17975949,2023,hugo_precise,annotated,1,728955,4964985,0.03194500122070312,0.0636760009765625,2.775421326637268e-5,118.25833129882813,15.646286964416504,900,558900,0.003326416015625,0,0,5
17975888,2023,dry,annotated,0,728955,4964955,0.0526739990234375,0.11937900390625,3.0321762840747835e-5,123.38371276855467,13.602524757385254,900,558900,-0.032958984375,0,0,5
17976617,2023,dry,annotated,0,729105,4964955,0.03094400024414062,0.06881199951171875,3.092771058320999e-5,91.189697265625,15.481208801269531,900,558900,-0.049163818359375,0.21739129722118375,0,5
17979376,2023,glint,annotated,0,729435,4964745,0.12823199462890625,0.2516449951171875,1.327296924829483e-5,98.81431579589844,43.90632247924805,900,558900,0.06512451171875,0,0,5
17980993,2023,glint,annotated,0,729585,4964985,0.17488699951171874,0.294402001953125,2.5567684162855147e-5,109.88665008544922,35.551971435546875,0,558900,-5.4713134765625,0,0,5
17982621,2023,dry,annotated,0,729795,4964565,0.10370699462890624,0.2132530029296875,2.4460083174705506e-5,109.09883880615234,36.84030532836914,900,558900,0.12615966796875,0.0357142873108387,0,4
17893997,2023,shallow_viz,annotated,1,699315,4958625,0.04986000061035156,0.13245699462890623,2.4218225672245025e-5,93.22265625,12.489587783813477,900,25200,0.24566650390625,0,0,5
17894366,2023,hugo_precise,annotated,1,699405,4958685,0.05196500244140625,0.1336010009765625,2.4004340584278105e-5,139.81826782226565,31.83694648742676,900,25200,0.2314453125,0,0,5
17893721,2023,dry,annotated,0,699225,4958655,0.11006300048828126,0.2300030029296875,2.5933229329586022e-5,130.15830993652344,12.94805145263672,0,25200,-1.484893798828125,0,0,5
17894161,2023,dry,annotated,0,699375,4958745,0.092647998046875,0.2070110107421875,2.6701141583919523e-5,121.25456237792967,8.77957820892334,900,25200,-0.2198486328125,0,0,5
17894174,2023,dry,annotated,0,699375,4958805,0.08850599975585938,0.2002530029296875,2.612463559627533e-5,118.59922790527344,8.38662052154541,900,25200,-0.269500732421875,0,0,5
20872221,2023,hugo_precise,annotated,1,673035,4909305,0.07345800170898438,0.19004300537109375,3.777965858697891e-5,170.99667358398438,1.8887412548065183,900,13500,-0.080810546875,0,0,5
20870921,2023,dry,annotated,0,672915,4909185,0.07365599975585937,0.20460799560546877,3.4999963393211365e-5,175.29591369628906,0.5511724948883057,900,13500,0.10198974609375,0,0,5
20871442,2023,dry,annotated,0,672945,4909245,0.09013699951171876,0.2342159912109375,4.237525145769119e-5,173.96617126464844,0.8657602071762085,0,13500,-0.11065673828125,0,0,5
20872306,2023,dry,annotated,0,673035,4909245,0.08716599731445313,0.22797099609375,4.595158177137375e-5,174.70436096191406,0.4887729287147522,900,13500,-0.13104248046875,0,0,5
19770075,2023,co_precise,annotated,1,621735,4915515,0.06997100219726562,0.156952001953125,5.891666285991669e-6,102.25399780273438,63.27752304077149,900,246600,-0.06866455078125,0.1875,0.625,5
19766497,2023,deep_viz,annotated,0,621315,4915425,0.05345800170898437,0.04995199890136719,5.2939675402641295e-6,13.760904312133787,1.340031623840332,900,246600,0.195068359375,0.9285714030265808,1,2
19767657,2023,deep_viz,annotated,0,621465,4915335,0.05431099853515625,0.04222999877929687,4.314249714612961e-6,12.340987205505373,3.8519482612609863,900,246600,0.27001953125,0.9230769276618958,1,2
19767774,2023,dry,annotated,0,621465,4915425,0.0805280029296875,0.169247998046875,6.666596021652221e-6,120.53024291992188,46.40044021606445,900,246600,-0.18499755859375,0,0.7857142686843872,5
19768580,2023,dry,annotated,0,621555,4915095,0.10281700439453124,0.21842099609375,1.1239621193408966e-5,116.84758758544922,39.180904388427734,900,246600,-0.73956298828125,0,0.3333333432674408,5
19769337,2023,deep_viz,annotated,0,621645,4915335,0.04954800109863281,0.041675,4.9941893780231475e-6,18.537975311279297,1.1494872570037842,900,246600,0.14337158203125,0.9230769276618958,1,2
19769662,2023,dry,annotated,0,621675,4915125,0.06356699829101563,0.14183800048828124,6.070086338520049e-6,84.39459991455078,19.944721221923828,900,246600,-0.08599853515625,0,0.6666666865348816,5
15381070,2023,co_precise,annotated,1,568125,4960695,0.04036700134277343,0.08233699951171874,2.7977097339630124e-5,150.59715270996094,5.207486629486084,900,7200,0.146820068359375,0,0.1111111119389534,5
15380969,2023,dry,annotated,0,568095,4960635,0.071675,0.15923399658203125,2.9746695046424863e-5,146.4486541748047,5.313053131103516,900,7200,-0.034698486328125,0,0,5
15381193,2023,dry,annotated,0,568155,4960665,0.08601900024414062,0.20470400390625,2.9602220308780668e-5,153.57989501953125,4.972273349761963,0,7200,-0.180023193359375,0,0,5
14435022,2023,co_precise,annotated,1,543165,4969935,0.06818599853515625,0.1495530029296875,2.998246317386627e-5,111.2051010131836,93.2372055053711,900,44100,0.06829833984375,0.0416666679084301,0,5
14434866,2023,em_veg,annotated,0,543105,4969935,0.07495999755859376,0.17785,2.7998224246501924e-5,118.12051391601564,18.26356506347656,0,44100,-0.107421875,0,0,5
14434867,2023,dry,annotated,0,543135,4969785,0.08293699951171875,0.202377001953125,2.922669754743576e-5,128.3187255859375,34.61695098876953,900,44100,-0.018829345703125,0.15625,0,5
14435468,2023,dry,annotated,0,543225,4969905,0.11381500244140624,0.2283639892578125,2.9023422772884365e-5,137.666748046875,10.743732452392578,0,44100,-0.114501953125,0,0,5
14435493,2023,dry,annotated,0,543225,4969845,0.09318900146484375,0.19576500244140624,3.1644561123847965e-5,130.6248016357422,27.706275939941406,900,44100,-0.0953369140625,0,0,5
14385232,2023,co_precise,annotated,1,532545,4968015,0.06911300048828126,0.14563699951171874,2.901220144748688e-5,89.8330307006836,30.699501037597656,900,8100,0.11447143554681816,0,0,5
14384976,2023,dry,annotated,0,532485,4968015,0.124343994140625,0.234977001953125,2.8851623487472533e-5,105.82406616210938,15.332669258117676,900,8100,-0.03924560546880684,0,0,5
14385148,2023,dry,annotated,0,532515,4967985,0.0909,0.186077001953125,2.9187757961750032e-5,112.04141235351564,11.410445213317873,900,8100,0.05633544921869316,0,0,5
14385161,2023,dry,annotated,0,532515,4968045,0.09221900024414062,0.17560899658203125,3.0246344127655027e-5,119.61387634277344,40.41704177856445,900,8100,-0.08258056640630684,0.02941176481544971,0,5
14313128,2023,hugo_precise,annotated,1,519975,4968075,0.05143599853515625,0.1039300048828125,3.369038414001465e-5,119.32910919189452,31.008190155029297,900,29700,0.6973266601563068,0.11538461595773696,0,5
14312447,2023,dry,annotated,0,519825,4968075,0.10769599609375,0.230414990234375,2.654292284011841e-5,130.4044189453125,4.107394695281982,900,29700,-0.6656799316405682,0,0,5
14312747,2023,dry,annotated,0,519885,4968015,0.096775,0.1945760009765625,2.4990682160854337e-5,93.98399353027344,11.981739044189451,900,29700,0.5281066894531818,0,0,5
14313338,2023,dry,annotated,0,520005,4967955,0.081622998046875,0.171606005859375,2.9207461473941803e-5,122.25360107421876,33.30084228515625,900,29700,0.5996704101563068,0.03703703731298447,0,5
14312527,2023,shallow_viz,annotated,1,519825,4967655,0.07864500122070313,0.11606300048828123,2.9788863742351538e-5,97.62531280517578,30.996397018432617,900,5400,0.044036865234375,0.3846153914928436,0,4
14312079,2023,dry,annotated,0,519795,4967655,0.07893599853515625,0.144472998046875,2.819179406642914e-5,90.946533203125,40.495338439941406,900,5400,-0.024322509765625,0.26923078298568726,0,4
14312410,2023,dry,annotated,0,519855,4967595,0.11479599609375,0.236418994140625,2.4412247610092165e-5,121.09573364257813,5.974214553833008,0,5400,-0.381683349609375,0,0,5
13756282,2023,co_precise,annotated,1,513645,4973025,0.06113200073242187,0.14118499755859376,2.7187899408340457e-5,162.0641326904297,5.9450507164001465,900,9000,0.048919677734375,0.1818181872367859,0,4
13756448,2023,dry,annotated,0,513675,4972965,0.104118994140625,0.22898701171875,3.112848431110382e-5,162.70599365234375,1.7647897005081177,900,9000,-0.0787353515625,0.04545454680919647,0,5
13756705,2023,dry,annotated,0,513675,4973055,0.10216699829101562,0.2328169921875,3.057364577531815e-5,158.82984924316406,1.7609524726867676,0,9000,-0.22235107421875,0,0,5
13757287,2023,dry,annotated,0,513735,4972965,0.116343994140625,0.249931005859375,3.100596981763839e-5,160.31793212890625,2.193763494491577,0,9000,-0.193695068359375,0.0476190485060215,0,5
13745787,2023,hugo_precise,annotated,1,512625,4974645,0.03780799865722656,0.073847998046875,3.4384319281578066e-5,36.41172409057617,17.286802291870117,900,6300,0.12799072265625,0.7857142686843872,0,3
13745485,2023,dry,annotated,0,512595,4974645,0.082025,0.20156500244140624,3.251610100507736e-5,136.669677734375,78.28723907470703,900,6300,-0.204864501953125,0.2666666805744171,0,4
13745849,2023,dry,annotated,0,512625,4974555,0.08691799926757812,0.22261298828125,3.0623527541160585e-5,143.4405975341797,26.736793518066406,900,6300,-0.386566162109375,0.3076923191547394,0,5
13708620,2023,co_precise,annotated,1,509355,4979625,0.04673800048828125,0.09054199829101564,3.191309434175491e-5,160.6157684326172,6.978129863739014,900,8100,0.052215576171875,0,0,5
13709053,2023,dry,annotated,0,509355,4979685,0.07501599731445313,0.1916760009765625,3.2831344904899594e-5,155.38832092285156,5.705524444580078,900,8100,-0.15985107421875,0,0,5
13663783,2023,co_precise,annotated,1,505185,4979655,0.0603469970703125,0.10356600341796876,2.0551140855550765e-5,61.18221664428711,9.419463157653809,900,91800,0.263031005859375,0.7142857313156128,0.07692307978868484,4
13663553,2023,dry,annotated,0,505155,4979715,0.10588599853515623,0.235810009765625,2.3989271378517152e-5,118.06472778320313,8.120159149169922,900,91800,0.080535888671875,0.380952388048172,0.06666667014360428,4
13663957,2023,dry,annotated,0,505215,4979835,0.1437050048828125,0.25032900390625,3.1231739325523375e-5,125.3090362548828,23.74201011657715,900,91800,-0.514312744140625,0.095238097012043,0,5
13664680,2023,deep_viz,annotated,0,505275,4979715,0.05780900268554687,0.04445799865722656,1.087701508641243e-5,34.52845764160156,0.7362077832221985,900,91800,0.4698486328125,1,1,1
13664938,2023,deep_viz,annotated,0,505305,4979655,0.0576739990234375,0.044025,1.0358946754932405e-5,31.578020095825195,0.5655282735824585,900,91800,0.4698486328125,1,1,1
13665585,2023,deep_viz,annotated,0,505365,4979685,0.05739299926757812,0.04446600036621093,1.09209825527668e-5,30.0317325592041,0.8022600412368774,900,91800,0.4698486328125,1,1,1
13667721,2023,dry,annotated,0,505575,4979745,0.105218994140625,0.2434989990234375,2.6044761147499084e-5,135.4204559326172,3.472890615463257,0,91800,-1.197845458984375,0,0,5
14206539,2023,hugo_precise,annotated,1,501165,4966605,0.04464200134277343,0.0896780029296875,2.2715575563907626e-5,49.846641540527344,54.963829040527344,900,6300,-0.02264404296875,0.6666666865348816,0,3
14206656,2023,dry,annotated,0,501195,4966545,0.08846699829101562,0.1892550048828125,2.338014859914779e-5,112.53277587890624,114.55819702148438,0,6300,-0.357513427734375,0.22727273404598236,0,4
14205827,2023,dry,annotated,0,500985,4965975,0.11761300048828124,0.2450090087890625,2.058841650247574e-5,121.94732666015624,21.522863388061523,0,22500,-0.7120361328125,0.04347826167941093,0,5
14205887,2023,dry,annotated,0,501015,4966065,0.0724469970703125,0.15045899658203124,1.211137686252594e-5,72.74650573730469,38.33943939208984,900,22500,-0.1053466796875,0.3181818127632141,0,4
14206657,2023,dry,annotated,0,501165,4966065,0.07613699951171875,0.166072998046875,1.413160174369812e-5,63.475318908691406,36.146610260009766,900,22500,-0.14129638671875,0.4615384638309479,0,4
14206344,2023,hugo_precise,annotated,1,501075,4966035,0.03963500061035156,0.07889400024414063,6.995696983337403e-6,92.07286071777344,29.120580673217773,900,22500,0.078460693359375,0,0,5
14220197,2023,hugo_precise,annotated,1,504105,4957005,0.04754500122070312,0.06120999755859375,2.279861896753311e-5,89.91778564453125,4.886730670928955,900,8100,0.00775146484375,0.03703703731298447,0,5
14220019,2023,dry,annotated,0,504045,4957035,0.109572998046875,0.22568798828125,2.602221175432205e-5,105.81153106689452,3.520744562149048,0,8100,-0.298583984375,0,0,5
19128383,2023,co_precise,annotated,1,549435,4913205,0.06800499877929687,0.09308400268554688,4.966665707826615e-6,149.8876953125,9.143827438354492,900,64800,-0.056060791015625,0.1764705926179886,0.9473684430122375,5
19131170,2023,co_precise,annotated,1,549825,4913175,0.04472000122070312,0.06559400024414062,3.1493047010898593e-6,105.00530242919922,12.842694282531738,900,64800,0.023895263671875,0,0.949999988079071,5
19127429,2023,dry,annotated,0,549285,4913205,0.114552001953125,0.2368929931640625,6.403014652729035e-6,140.75070190429688,25.04741477966309,0,64800,-0.188262939453125,0,0.47058823704719543,5
19128184,2023,dry,annotated,0,549405,4913055,0.1332800048828125,0.306822998046875,6.320777776241303e-6,136.71282958984375,17.18731117248535,900,64800,-0.298431396484375,0,0,5
19130551,2023,dry,annotated,0,549705,4913205,0.0828969970703125,0.1418239990234375,6.398066456317901e-6,143.48509216308594,12.915960311889648,900,64800,-0.004150390625,0,0.8999999761581421,5
19125319,2023,hugo_precise,annotated,1,548955,4913955,0.06859000244140626,0.12924000244140624,3.2814933729171757e-6,123.84601593017578,16.166549682617188,900,310500,0.03240966796875,0,1,5
19130322,2023,hugo_precise,annotated,1,549705,4913715,0.0699530029296875,0.10626199951171876,3.837079151868821e-6,96.55626678466795,21.044790267944336,900,310500,-0.027587890625,0.05882352963089943,0.8947368264198303,5
19127063,2023,dry,annotated,0,549225,4913265,0.13026400146484374,0.303610009765625,5.2999615502357485e-6,139.75038146972656,17.342098236083984,0,310500,-0.202392578125,0,0.29411765933036804,5
19127830,2023,em_veg,annotated,0,549375,4913445,0.1365469970703125,0.27256201171875,6.124693359136582e-6,122.0065689086914,25.213647842407227,0,310500,-0.099853515625,0,0.0625,5
19128595,2023,em_veg,annotated,0,549465,4913565,0.118147998046875,0.2468320068359375,4.777733535766602e-6,132.54396057128906,21.309886932373047,900,310500,-0.103057861328125,0,0.9411764740943908,5
19129130,2023,deep_viz,annotated,0,549555,4913295,0.050375,0.04322799987792969,2.935725082159042e-6,11.258678436279297,3.0009872913360596,900,310500,0.03240966796875,1,1,3
19130293,2023,em_veg,annotated,0,549675,4913415,0.08768099975585937,0.1515530029296875,4.290337331295013e-6,141.2238006591797,25.896066665649418,900,310500,-0.075531005859375,0.04545454680919647,1,5
19130388,2023,deep_viz,annotated,0,549705,4913505,0.05092099914550781,0.04386099853515625,3.588795304298401e-6,32.350502014160156,1.141181230545044,900,310500,-0.027587890625,0.9444444179534912,1,1
19130829,2023,deep_viz,annotated,0,549765,4913565,0.05194000244140625,0.04483800048828125,3.752272309064865e-6,30.520551681518555,0.8494388461112976,900,310500,-0.027587890625,1,1,1
19131778,2023,dry,annotated,0,549915,4913655,0.15578499755859376,0.30928701171875,2.5042558197975156e-5,125.80364227294922,12.45345973968506,0,310500,-1.53387451171875,0,0,5
18495649,2023,hugo_precise,annotated,1,538515,4922925,0.032225,0.06476199951171875,3.335004903793335e-5,158.5653839111328,1.258549690246582,900,3600,0.0220947265625,0,0,5
18495676,2023,hugo_precise,annotated,1,538515,4922955,0.03503800048828125,0.0723489990234375,3.366572985887528e-5,157.36102294921875,1.2819437980651855,900,3600,-0.019805908203125,0,0,5
19428613,2023,shallow_viz,annotated,1,559845,4898955,0.0634760009765625,0.12775999755859374,5.134610815048218e-6,100.1801300048828,21.165306091308594,900,50400,0.06396484375,0.119999997317791,0,5
19428830,2023,hugo_precise,annotated,1,559935,4899015,0.06345900268554687,0.12989599609375,5.037724574804306e-6,123.73922729492188,57.316856384277344,900,50400,0.115509033203125,0.3333333432674408,0.0555555559694767,5
19428140,2023,dry,annotated,0,559635,4899075,0.0836719970703125,0.17629599609375,6.444512369632721e-6,127.52557373046876,5.2867889404296875,900,50400,-0.063720703125,0,0,5
19428818,2023,dry,annotated,0,559935,4899105,0.07711799926757812,0.16091199951171875,5.225223488807678e-6,117.55943298339844,10.851273536682127,900,50400,-0.029693603515625,0,0,5
19428984,2023,dry,annotated,0,559995,4899105,0.078897998046875,0.1645449951171875,5.927465708255768e-6,113.4333953857422,12.621384620666504,900,50400,-0.017669677734375,0.03999999910593033,0,5
19428307,2023,co_precise,annotated,1,559725,4895535,0.069547998046875,0.1376760009765625,9.761026270389556e-6,104.86241149902344,42.10541534423828,900,5400,0.09039306640625,0.5,0.21052631735801697,5
19428313,2023,dry,annotated,0,559725,4895565,0.11846099853515624,0.2336449951171875,1.2325370454788209e-5,114.3076400756836,25.5677490234375,900,5400,-0.008270263671875,0.3478260934352875,0.15789473056793213,5
19463091,2023,dry,annotated,0,570495,4887435,0.0789010009765625,0.155931005859375,2.8257273268699645e-5,120.29380798339844,12.889822006225586,0,3679200,-0.850921630859375,0,0,5
19463134,2023,dry,annotated,0,570495,4887315,0.0895780029296875,0.2172800048828125,2.654880265712738e-5,106.7777862548828,58.75545501708984,900,3679200,-1.824066162109375,0.1599999964237213,0.4736842215061188,5
19463817,2023,dry,annotated,0,570795,4887135,0.09330599975585938,0.3903080078125,4.383867476940155e-5,154.59884643554688,4.5147271156311035,0,3679200,-1.3079833984375,0,0,5
19464402,2023,co_precise,annotated,1,571065,4886985,0.04269599914550781,0.04319800109863281,2.2665239316225058e-5,101.3504867553711,3.677002906799317,900,3679200,0.97833251953125,0.5,0.5263158082962036,5
22285757,2023,hugo_precise,annotated,1,597285,4808775,0.04703800048828125,0.07416400146484375,2.186868587255478e-5,142.82301330566406,4.651325702667236,900,4707000,-0.8089294433594318,0,0,5
22285279,2023,dry,annotated,0,597105,4808955,0.06221900024414063,0.174068994140625,2.0955860023498535e-5,136.35787963867188,95.4764175415039,0,4707000,-1.6733093261719318,0.375,0.125,5
22286368,2023,dry,annotated,0,597555,4809165,0.05484299926757812,0.14428199462890626,1.8614505310058592e-5,95.36924743652344,90.0817642211914,900,4707000,-1.4994812011719318,0.7894737124443054,0.5,5
22286462,2023,dry,annotated,0,597615,4809045,0.07260499877929688,0.2695030029296875,2.8945196223258973e-5,138.2888641357422,67.94348907470703,0,4707000,-3.183013916015682,0,0,5
22710195,2023,co_precise,annotated,1,637635,4765215,0.05631599731445312,0.14363499755859374,2.0715950014591216e-5,144.00592041015625,18.44488525390625,900,50400,0.00424194335931815,0.0625,0,5
22710066,2023,dry,annotated,0,637545,4765335,0.08195900268554687,0.161122998046875,1.6361686944961548e-5,150.158935546875,6.06302547454834,900,50400,-0.06689453125005684,0,0,5
22710074,2023,em_veg,annotated,0,637545,4765215,0.09038699951171876,0.182447998046875,1.929596843481064e-5,145.78280639648438,4.91553258895874,0,50400,-0.13586425781255684,0,0,5
22710197,2023,em_veg,annotated,0,637635,4765185,0.0782,0.21379599609375,2.7133217654228207e-5,161.86972045898438,5.463313102722168,900,50400,-0.15805053710943184,0,0,5
22710236,2023,dry,annotated,0,637695,4765155,0.09573400268554688,0.234785009765625,2.9130897719860075e-5,161.06307983398438,12.29389762878418,0,50400,-0.16162109375005684,0,0,5
22710313,2023,em_veg,annotated,0,637755,4765215,0.054872998046875,0.13256099853515624,2.2376250729560853e-5,132.64024353027344,30.93926429748535,900,50400,-0.01779174804693184,0,0,5
22710373,2023,dry,annotated,0,637785,4765275,0.07390700073242187,0.1796550048828125,2.5738855135440824e-5,147.008056640625,51.154415130615234,900,50400,-0.35351562500005684,0,0,5
22450681,2023,co_precise,annotated,1,612465,4767615,0.07310800170898438,0.16915999755859376,5.26160391330719e-6,106.12340545654295,17.596677780151367,900,236700,0.008056640625,0.5555555820465088,0.8333333134651184,5
22449688,2023,dry,annotated,0,612165,4768155,0.11730799560546876,0.28597900390625,2.569334478378296e-5,129.46316528320313,24.09017562866211,900,236700,-0.61199951171875,0,0,5
22449773,2023,dry,annotated,0,612195,4767675,0.07014600219726562,0.1289719970703125,4.00105501651764e-6,110.09249114990234,62.91487884521485,900,236700,0.008056640625,0.9411764740943908,0.9473684430122375,4
22449778,2023,em_veg,annotated,0,612195,4768065,0.10141099853515624,0.25802900390625,7.676100296974182e-6,116.34024047851564,30.779861450195313,0,236700,0.007843017578125,0,0,5
22450273,2023,dry,annotated,0,612345,4767465,0.0694489990234375,0.2243010009765625,4.267860876321792e-6,129.02227783203125,25.720361709594727,900,236700,0.008056640625,0,0,5
22450477,2023,glint,annotated,0,612405,4767915,0.1169949951171875,0.196202001953125,3.467289553880692e-6,135.13665771484375,8.301488876342773,900,236700,0.008056640625,0.5,0.23529411852359772,5
22450680,2023,em_veg,annotated,0,612465,4767825,0.11150899658203126,0.27004599609375,2.029513607501984e-5,136.28878784179688,26.619657516479492,0,236700,-0.409515380859375,0,0,5
22450865,2023,em_veg,annotated,0,612525,4768155,0.0952260009765625,0.2280860107421875,2.67431621670723e-5,152.64190673828125,20.201171875,0,236700,-1.20147705078125,0,0,5
22894021,2023,co_precise,annotated,1,679335,4800375,0.03682000122070313,0.08180599975585938,9.513366196155547e-6,144.0565185546875,22.377775192260746,900,60300,0.024078369140625,0.2857142984867096,0.2857142984867096,5
22669264,2023,dry,annotated,0,679095,4800495,0.10383900146484376,0.2401570068359375,1.679547389268875e-5,104.00174713134766,19.294021606445313,0,60300,-0.125274658203125,0,0.1428571492433548,5
22669290,2023,dry,annotated,0,679125,4800435,0.0863010009765625,0.2029699951171875,1.4062738077640531e-5,110.1160659790039,29.35006332397461,900,60300,-0.062957763671875,0.1666666716337204,0.1666666716337204,5
22669358,2023,dry,annotated,0,679215,4800555,0.09795599975585938,0.22613798828125,1.754019973754883e-5,134.85186767578125,20.317785263061523,900,60300,-0.124420166015625,0,0,5
22669374,2023,em_veg,annotated,0,679185,4800345,0.06967899780273437,0.15311199951171875,1.3822256474494934e-5,118.22134399414064,40.27519607543945,900,60300,-0.0643310546875,0.1666666716337204,0.5,5
22669383,2023,em_veg,annotated,0,679215,4800285,0.0676989990234375,0.15498299560546874,1.2746621758937834e-5,121.5948257446289,50.300350189208984,900,60300,-0.028656005859375,0.2857142984867096,0.1111111119389534,5
22669470,2023,em_veg,annotated,0,679275,4800375,0.054,0.132002001953125,1.3472103867530824e-5,136.07273864746094,25.53079605102539,900,60300,0.04296875,0.1666666716337204,0,5
22685187,2023,hugo_precise,annotated,1,620385,4788765,0.06013699951171875,0.14861400146484374,2.6797550663948066e-5,147.632568359375,16.042848587036133,900,15300,-0.00634765625,0,0,5
22685065,2023,dry,annotated,0,620295,4788765,0.08191599731445312,0.3529550048828125,2.9625933146476748e-5,139.7858123779297,5.388484477996826,0,15300,-1.1025390625,0,0,5
22685276,2023,dry,annotated,0,620415,4788735,0.08316799926757812,0.322906005859375,3.367830541610718e-5,162.27186584472656,4.487438678741455,900,15300,-0.19970703125,0,0,5
22685430,2023,dry,annotated,0,620445,4788765,0.07405499877929687,0.3063389892578125,3.3430268573760986e-5,158.76187133789065,5.267442226409912,900,15300,-0.191680908203125,0,0,5
21164296,2023,co_precise,annotated,1,657105,4851435,0.02808900146484375,0.0744780029296875,2.4459629430770875e-5,161.6728973388672,3.462103366851806,900,25200,0.0380859375,0.3846153914928436,0,5
21164062,2023,dry,annotated,0,657045,4851495,0.06803400268554688,0.18774300537109376,2.896650079250336e-5,160.2242431640625,3.4158270359039307,0,25200,-0.03948974609375,0,0,5
21165005,2023,dry,annotated,0,657165,4851465,0.06079199829101563,0.14959000244140624,2.1969253401756287e-5,147.0976104736328,7.920825004577637,900,25200,0.011962890625,0,0,5
21165117,2023,dry,annotated,0,657195,4851405,0.03808999938964844,0.09591400146484376,2.0613733763694764e-5,156.04513549804688,5.629247665405273,900,25200,0.0218505859375,0.2857142984867096,0,5
20743160,2023,dry,annotated,0,650985,4901745,0.0829260009765625,0.16325999755859374,7.855927790403366e-6,150.76898193359375,31.786304473876953,900,609300,-0.2939453125,0.75,0.6666666865348816,5
20745359,2023,deep_viz,annotated,0,651135,4901595,0.05255999755859375,0.02651900024414062,4.1323019105196e-6,2,0,900,609300,0.13946533203125,1,1,1
20745607,2023,deep_viz,annotated,0,651165,4901235,0.05359000244140625,0.02931400146484375,4.825075027346611e-6,17.579147338867188,0.4580958485603333,900,609300,0.13946533203125,1,1,1
20745758,2023,dry,annotated,0,651195,4900995,0.105672998046875,0.2423739990234375,1.356013463497162e-5,157.52694702148438,66.3676986694336,900,609300,-0.66845703125,0,0,5
20746377,2023,deep_viz,annotated,0,651225,4901505,0.05006799926757813,0.02513399963378906,4.381537000536918e-6,4,0,900,609300,0.13946533203125,1,1,1
20747668,2023,dry,annotated,0,651345,4901685,0.09605,0.195225,1.743060448408127e-5,140.75357055664065,26.705551147460938,900,609300,-3.0006103515625,0.6111111044883728,0.3529411852359772,4
20422054,2023,dry,annotated,0,623055,4898055,0.150977001953125,0.3107340087890625,3.3757298119068144e-5,150.90496826171875,78.6946792602539,0,49311900,-6.030517578125,0,0,5
20426201,2023,em_veg,annotated,0,623265,4898055,0.11058599853515624,0.2539080078125,1.888355721473694e-5,131.46124267578125,81.21186828613281,900,49311900,-1.69525146484375,0.10000000149011612,0,5
20428681,2023,em_veg,annotated,0,623415,4897965,0.093422998046875,0.21313798828125,1.2778904509544372e-5,143.40126037597656,31.098669052124023,900,49311900,-1.25225830078125,0,0,5
20431366,2023,terrain,annotated,0,623565,4897905,0.13010899658203126,0.223839990234375,1.4978362686634063e-5,148.0969696044922,34.84720993041992,0,49311900,-2.056396484375,0,0,5
20432891,2023,deep_viz,annotated,0,623625,4898055,0.07785,0.05059299926757812,4.480888776779174e-6,8.853814125061035,1.158403396606445,900,49311900,0.01483154296875,1,1,1
20439459,2023,deep_viz,annotated,0,623985,4898025,0.0717969970703125,0.0445260009765625,4.432097964286804e-6,9.3893461227417,1.0709083080291748,900,49311900,0.01483154296875,1,1,1
20442899,2023,terrain,annotated,0,624195,4897935,0.08931300048828125,0.1046719970703125,8.858256578445435e-6,53.86021423339844,39.252010345458984,900,49311900,-0.46502685546875,0.625,0.8181818127632141,4
20446267,2023,deep_viz,annotated,0,624375,4897965,0.07905800170898437,0.04590899963378906,4.954142137765884e-6,5.508469104766846,0.6145256757736206,900,49311900,0.01483154296875,1,1,1
20465764,2023,em_veg,annotated,0,625425,4898085,0.09880599975585938,0.17626700439453125,5.707119644284249e-6,154.86253356933594,1.90251362323761,900,49311900,0.01483154296875,0,0.3571428656578064,5
20466666,2023,dry,annotated,0,625455,4897965,0.106577001953125,0.2479010009765625,5.106146326065064e-6,159.64501953125,2.7623040676116943,900,49311900,-0.5665283203125,0.0416666679084301,0,5
19355344,2023,hugo_precise,annotated,1,610965,4926375,0.05708300170898437,0.13388299560546876,6.1249771392345426e-6,138.24346923828125,27.528818130493164,900,2231100,-0.26507568359375,0.5333333611488342,0.6800000071525574,5
19353596,2023,dry,annotated,0,610815,4926105,0.098725,0.3280739990234375,2.986394249439239e-5,143.93661499023438,6.464353561401367,900,2231100,-2.024169921875,0,0,5
19361328,2023,deep_viz,annotated,0,611445,4926615,0.04902699890136718,0.04028500061035156,3.647242772579193e-6,56.22255325317383,0.6502331495285034,900,2231100,0.07666015625,1,1,1
19361403,2023,deep_viz,annotated,0,611415,4926435,0.04973800048828125,0.03566499938964843,3.782128061056137e-6,55.94135284423828,0.8412010073661804,900,2231100,0.07666015625,1,1,1
19363566,2023,dry,annotated,0,611655,4926525,0.10896400146484377,0.2623489990234375,2.2404286382198335e-5,143.53598022460938,36.300540924072266,0,2231100,-0.8333740234375,0,0,5
19366192,2023,dry,annotated,0,611895,4926435,0.0930030029296875,0.214197998046875,1.8681726033687593e-5,135.41357421875,49.36113739013672,900,2231100,-1.13348388671875,0.7037037014961243,0.3478260934352875,4
19367631,2023,deep_viz,annotated,0,612015,4926585,0.0472510009765625,0.03276499938964843,4.4101229906082155e-6,54.243927001953125,0.5592044591903687,900,2231100,0.07666015625,1,1,1
15081390,2023,co_precise,annotated,1,572565,4995675,0.05229299926757812,0.08703300170898437,2.4939572570323944e-5,137.5924530029297,11.52256965637207,900,2700,0.033782958984375,0.0714285746216774,0.0476190485060215,5
8701893,2023,shallow_viz,annotated,1,545925,5041665,0.04068099975585938,0.064997998046875,2.0487934045791625e-5,133.3992156982422,1.4182106256484983,900,230400,0.02239990234380684,0,0,5
8702143,2023,shallow_viz,annotated,1,545925,5041935,0.03884400024414063,0.05231400146484375,1.863025729417801e-5,138.08514404296875,2.659097909927368,900,230400,0.10543823242193184,0.0810810774564743,0,5
8701821,2023,dry,annotated,0,545895,5041155,0.11581400146484376,0.2635090087890625,2.7250500431060792e-5,128.88729858398438,83.4911117553711,900,230400,-0.4114379882811931,0,0,5
8702471,2023,dry,annotated,0,545925,5041305,0.092727001953125,0.2113159912109375,2.126750638604164e-5,152.5531005859375,2.475687026977539,900,230400,-0.08895874023431816,0,0,5
8703675,2023,dry,annotated,0,546075,5041155,0.13303599853515624,0.2613050048828125,2.3229681193828582e-5,138.043212890625,12.717432022094728,900,230400,-0.17123413085931816,0,0,5
8703769,2023,glint,annotated,0,546045,5041695,0.12128399658203123,0.224043994140625,2.215847404956818e-5,140.6946258544922,1.3172142505645752,0,230400,-0.11639404296869316,0,0,5
9410096,2023,dry,annotated,0,561765,5066265,0.08743099975585937,0.1764469970703125,1.7089569191932677e-5,153.95486450195313,1.4126183986663818,900,177300,-0.317291259765625,0,0,5
9413037,2023,dry,annotated,0,561975,5066175,0.08078900146484375,0.158531005859375,1.810123769760132e-5,139.6355438232422,2.6990878582000732,900,177300,-0.27252197265625,0,0,5
9417687,2023,dry,annotated,0,562305,5065995,0.06998800048828124,0.142218994140625,2.0676806187629705e-5,150.92837524414065,3.6180331707000737,900,177300,-0.099945068359375,0,0,5
7257024,2023,co_precise,annotated,1,528765,5094765,0.05093699951171875,0.07953400268554688,2.1477349853515625e-5,148.56625366210938,15.021756172180176,900,56700,0.116912841796875,0.10526315867900848,0,5
7255622,2023,glint,annotated,0,528615,5094735,0.17222099609375,0.287497998046875,1.954539695739746e-5,145.74740600585938,8.497737884521484,0,56700,-0.231689453125,0,0,5
7256872,2023,dry,annotated,0,528735,5094735,0.11380999755859376,0.21346201171875,2.1616710503101348e-5,143.47634887695313,11.925654411315918,900,56700,-0.1798095703125,0,0,5
7256880,2023,dry,annotated,0,528735,5094825,0.095175,0.2033030029296875,2.7275344820022584e-5,154.19676208496094,6.451884746551514,900,56700,-0.192657470703125,0,0,5
7257026,2023,glint,annotated,0,528735,5094675,0.09378599853515623,0.1606030029296875,2.270716860175133e-5,146.81951904296875,8.741795539855957,900,56700,-0.0218505859375,0.05000000074505806,0,5
7258660,2023,dry,annotated,0,528915,5094885,0.08039199829101562,0.1877119995117187,2.646333086013794e-5,151.4802703857422,3.5763063430786133,900,56700,-0.1854248046875,0,0,5
3159966,2023,shallow_viz,annotated,1,503325,5128995,0.05836199951171875,0.07716400146484376,1.310507229447365e-5,95.486114501953125,9.35519313812256,900,56700,0.0828857421875,0.1666666716337204,0,5
3160109,2023,hugo_precise,annotated,1,503325,5128875,0.05838599853515625,0.0894239990234375,1.3083581008911131e-5,94.44356536865234,4.580136299133301,900,56700,0.0648193359375,0.15789473056793213,0,5
3158158,2023,dry,annotated,0,503175,5129085,0.07045399780273437,0.2114030029296875,2.7994499678611757e-5,155.4120635986328,1.624232292175293,900,56700,-0.1903076171875,0,0,5
3159187,2023,dry,annotated,0,503265,5128845,0.06213699951171875,0.14183499755859377,2.111124662876129e-5,134.78697204589844,18.19558334350586,900,56700,-0.00299072265625,0.1666666716337204,0,5
3161375,2023,dry,annotated,0,503445,5128905,0.07831400146484375,0.14427900390625,3.405987551689148e-5,117.20714569091795,15.185019493103027,0,56700,-0.0570068359375,0.05263157933950424,0,5
1258335,2023,shallow_viz,annotated,1,477405,5153025,0.05407899780273437,0.13496600341796874,3.697569739103318e-5,173.27113342285156,1.7503875494003296,900,21600,0.0682373046875,0,0,5
1258415,2023,co_precise,annotated,1,477405,5152965,0.04770799865722656,0.0904260009765625,3.578878528952599e-5,159.23358154296875,31.720808029174805,900,21600,0.25799560546875,0.125,0,5
1258334,2023,dry,annotated,0,477405,5153115,0.06990900268554688,0.23732099609375,2.761461209774017e-5,151.8065185546875,4.795020580291748,900,21600,-0.87213134765625,0,0,5
1259284,2023,dry,annotated,0,477465,5152965,0.06687100219726562,0.15981500244140626,3.163768288850784e-5,159.68063354492188,5.825128555297852,900,21600,-0.07562255859375,0,0,5
1114288,2023,co_precise,annotated,1,466935,5167755,0.04951600036621093,0.10001799926757812,2.612181339025497e-5,171.4962921142578,9.06429386138916,900,184500,-0.291015625,0,0,5
1114734,2023,dry,annotated,0,466965,5167755,0.0762780029296875,0.1984219970703125,2.52748760342598e-5,168.90408325195313,2.372690200805664,900,184500,-0.81512451171875,0,0,5
1115305,2023,deep_viz,annotated,0,466995,5167605,0.04141099853515625,0.03784400024414063,5.224660451412201e-6,0,0,900,184500,0.16021728515625,1,1,1
1115935,2023,deep_viz,annotated,0,467055,5167935,0.04142300109863281,0.04097799987792969,4.863967583179474e-6,16.002063751220703,0.00206349208019673,900,184500,0.16021728515625,1,1,1
1116604,2023,dry,annotated,0,467115,5168055,0.071247998046875,0.18903199462890624,2.5279204180240633e-5,158.135009765625,9.719407081604004,900,184500,-1.448974609375,0.12903225421905518,0.09090909361839294,5
1119331,2023,deep_viz,annotated,0,467295,5167605,0.04168200073242188,0.03945400085449219,5.6066788512468335e-6,0.01455357205122709,0.03361855447292328,900,184500,0.16021728515625,1,1,1
1120431,2023,dry,annotated,0,467385,5167665,0.06707100219726563,0.1994260009765625,2.01147096824646e-5,155.01905822753906,30.26834297180176,900,184500,-1.90704345703125,0.27272728085517883,0.03448275849223137,4
994280,2023,co_precise,annotated,1,457785,5177505,0.05479000244140625,0.10924599609375,2.6513272860050203e-5,143.02059936523438,21.13971710205078,900,12600,-0.12298583984375,0.2307692319154739,0,5
993505,2023,dry,annotated,0,457755,5177475,0.06059000244140625,0.1288449951171875,2.7488000016212463e-5,150.46141052246094,18.797409057617188,900,12600,-0.13604736328125,0.10000000149011612,0,5
994281,2023,em_veg,annotated,0,457785,5177445,0.0643530029296875,0.11824100341796875,2.077613782644272e-5,145.62255859375,43.84210586547851,900,12600,0.1148681640625,0.0476190485060215,0,5
995019,2023,dry,annotated,0,457815,5177535,0.07669099731445313,0.185231005859375,2.69243408203125e-5,152.1728515625,16.4379940032959,900,12600,-0.23699951171875,0.06896551698446274,0,5
995137,2023,em_veg,annotated,0,457845,5177475,0.08511900024414062,0.16574599609375,1.8471848323345185e-5,113.27555847167967,347.9698486328125,900,12600,0.19757080078125,0.52173912525177,0,5
143847,2023,co_precise,annotated,1,439905,5180715,0.05905999755859375,0.138602001953125,2.6165580253601072e-5,177.33384704589844,1.3438361883163452,900,2700,0.05902099609375,0,0,5
143738,2023,dry,annotated,0,439875,5180745,0.094522998046875,0.2485580078125,2.757073818445206e-5,173.78216552734375,2.8426995277404785,0,2700,-0.5296630859375,0,0,5
5848781,2023,shallow_viz,annotated,1,470475,5096205,0.04514100036621094,0.085325,1.644086802005768e-5,167.96897888183594,33.78691101074219,900,15300,0.08709716796875,0.1764705926179886,0,5
5849445,2023,co_precise,annotated,1,470565,5096145,0.04221499938964843,0.07336900024414063,2.292463628292084e-5,171.03546142578125,5.222094535827637,900,15300,0.23883056640625,0.1764705926179886,0,5
5849024,2023,dry,annotated,0,470505,5096145,0.08152000122070313,0.15731199951171876,1.687398808121681e-5,168.87240600585938,26.115060806274418,900,15300,-0.389404296875,0,0,5
5849816,2023,dry,annotated,0,470595,5096235,0.08623499755859375,0.17192900390625,2.3002446913719175e-5,183.67462158203125,0.890678346157074,0,15300,-0.2818603515625,0,0,5
5850186,2023,dry,annotated,0,470625,5096175,0.07798200073242187,0.1788969970703125,2.2854831647872924e-5,179.03042602539065,2.063730239868164,900,15300,-0.13861083984375,0,0,5
6498841,2023,co_precise,annotated,1,449445,5044785,0.04436099853515625,0.08278699951171875,2.890049467802048e-5,144.00311279296875,24.676769256591797,900,1800,0.0985107421875,0.04545454680919647,0,5
6498793,2023,dry,annotated,0,449475,5044725,0.10110999755859376,0.23350400390625,2.7694777011871334e-5,158.14065551757813,4.834527015686035,0,1800,-0.37847900390625,0,0,5
11838038,2023,co_precise,annotated,1,449955,5021565,0.04717200012207031,0.07618300170898437,2.700913465261459e-5,140.40591430664065,22.240966796875,900,52200,0.73895263671875,0.0555555559694767,0,5
11834019,2023,glint,annotated,0,449415,5021565,0.14808599853515625,0.2529300048828125,2.9437270030975342e-5,150.82168579101565,25.527698516845703,900,52200,0.20635986328125,0,0,5
11834703,2023,dry,annotated,0,449535,5021595,0.1057989990234375,0.21621201171875,3.067223804473877e-5,148.75265502929688,12.68487548828125,0,52200,0.29217529296875,0,0,5
11835163,2023,glint,annotated,0,449595,5021565,0.19515699462890623,0.291718994140625,2.9238288168907167e-5,150.867919921875,14.30760097503662,900,52200,-0.78753662109375,0,0,5
11836662,2023,glint,annotated,0,449775,5021565,0.19825899658203125,0.2920469970703125,2.8872809448242186e-5,151.77293395996094,11.627376556396484,900,52200,0.92401123046875,0,0,5
11837121,2023,dry,annotated,0,449835,5021535,0.12464100341796874,0.237189990234375,2.9822932956218716e-5,152.6407928466797,5.041582107543945,900,52200,0.20526123046875,0,0,5
11859204,2023,co_precise,annotated,1,453435,5021805,0.04931799926757813,0.06241500244140625,9.427088837623596e-6,119.553955078125,4.10257625579834,900,12600,0.1187744140625,0.15000000596046448,0.1538461595773697,5
11859148,2023,dry,annotated,0,453405,5021865,0.09834299926757813,0.1878,2.3915432159900663e-5,131.71385192871094,18.57711410522461,0,12600,-0.685302734375,0,0,5
11859418,2023,dry,annotated,0,453465,5021715,0.09009500122070312,0.16140400390625,2.4252408657073974e-5,133.39056396484375,16.762346267700195,0,12600,-0.59588623046875,0,0,5
11859604,2023,dry,annotated,0,453495,5021805,0.0687030029296875,0.12086300048828123,1.548496306657791e-5,114.34365844726564,14.17825698852539,900,12600,-0.26068115234375,0.1428571492433548,0,5
6633858,2023,co_precise,annotated,1,468825,5032905,0.04419599914550781,0.063025,1.7530063529014585e-5,106.34281158447266,6.03188419342041,900,256500,0.52398681640625,0.13333334028720856,0.5,5
6633345,2023,dry,annotated,0,468765,5033235,0.0731219970703125,0.13850899658203125,2.0570303151607514e-5,158.3319091796875,3.6546335220336914,0,256500,0.3167724609375,0,0,5
6633409,2023,dry,annotated,0,468795,5033085,0.059775,0.09367999877929688,1.9991067221164702e-5,130.72674560546875,14.366569519042969,900,256500,0.14337158203125,0.1818181872367859,0.8461538553237915,5
6637490,2023,dry,annotated,0,469275,5033265,0.08907000122070312,0.17824599609375,1.9927427964210508e-5,168.73948669433594,0.8264601826667786,900,256500,-0.228515625,0,0,5
8125434,2023,co_precise,annotated,1,484755,5036745,0.05377000122070313,0.08806599731445312,2.7724067358970643e-5,108.05475616455078,145.61306762695313,900,40500,-0.32501220703125,0.6428571343421936,0.8461538553237915,5
8125507,2023,dry,annotated,0,484785,5036475,0.06927000122070312,0.11896300048828123,2.3307604575157165e-5,133.42283630371094,33.36725997924805,900,40500,-1.06805419921875,0,0.5714285969734192,5
8125885,2023,dry,annotated,0,484785,5036715,0.07906300048828124,0.136468994140625,2.501590528964997e-5,128.5828399658203,32.540992736816406,900,40500,-1.145263671875,0,0.7692307829856873,5
8127679,2023,dry,annotated,0,484965,5036535,0.0624780029296875,0.0988530029296875,2.162360300064087e-5,113.11876678466795,68.14186096191406,900,40500,-0.68707275390625,0.6666666865348816,0.9285714030265808,4
8125755,2023,shallow_viz,annotated,1,484785,5042115,0.04362200012207031,0.0994989990234375,3.200969133615494e-5,155.0924530029297,29.974721908569336,900,15300,0.15350341796875,0.2222222238779068,0,5
8126235,2023,co_precise,annotated,1,484845,5042175,0.04028900146484375,0.08676699829101563,3.0529401853084566e-5,149.1788787841797,72.40647888183594,900,15300,0.13092041015625,0.3529411852359772,0,5
8126360,2023,dry,annotated,0,484845,5042235,0.09441900024414064,0.2153739990234375,2.297275011062622e-5,169.03976440429688,3.5159523487091064,0,15300,-0.70294189453125,0,0,5
8126486,2023,dry,annotated,0,484875,5042115,0.07698800048828125,0.17119000244140625,2.6773228101730344e-5,166.28543090820313,9.5176420211792,0,15300,-0.50274658203125,0,0,5
8163029,2023,co_precise,annotated,1,488385,5050305,0.04061400146484375,0.0713469970703125,1.3573518064022064e-5,100.73192596435548,32.40342330932617,900,19800,0.2200927734375,0.8235294222831726,0.0625,4
8161812,2023,dry,annotated,0,488295,5050395,0.084277001953125,0.2222219970703125,2.717584056854248e-5,151.12989807128906,6.913923740386963,0,19800,-1.26318359375,0,0,5
8162897,2023,dry,annotated,0,488385,5050395,0.08004000244140624,0.20382099609375,2.671953093767166e-5,152.78330993652344,4.750256538391113,0,19800,-1.14892578125,0,0,5
8163980,2023,dry,annotated,0,488445,5050335,0.0691239990234375,0.1611800048828125,2.243485524892807e-5,137.37518310546875,8.596363067626953,900,19800,-0.31756591796875,0.4117647111415863,0,5
8328356,2023,shallow_viz,annotated,1,511995,5032755,0.02841400146484375,0.05094400024414063,2.954496675014496e-5,150.47955322265625,14.192113876342772,900,49500,0.15637207031244316,0.05882352963089943,0,5
8329932,2023,hugo_precise,annotated,1,512145,5032755,0.0541989990234375,0.1257800048828125,3.258041598320007e-5,149.7459716796875,5.781195163726807,900,49500,-0.01629638671880684,0.0555555559694767,0,5
8328415,2023,dry,annotated,0,511995,5032905,0.08435,0.178702001953125,3.038063356876373e-5,147.77255249023438,4.560095310211182,900,49500,-0.13125610351568184,0.03999999910593033,0,5
8329053,2023,dry,annotated,0,512055,5032845,0.0658760009765625,0.1552489990234375,2.630722802639008e-5,145.38442993164065,4.86196231842041,900,49500,-0.09030151367193184,0.04347826167941093,0,5
8329738,2023,dry,annotated,0,512145,5032905,0.063175,0.1501010009765625,2.8101804773807525e-5,144.95237731933594,10.47950839996338,900,49500,-0.03744506835943184,0.03999999910593033,0,5
8392957,2023,shallow_viz,annotated,1,518235,5032725,0.0531,0.09155599975585936,2.0055054578781128e-5,127.55590057373048,10.967534065246582,900,19800,0.081573486328125,0,0,5
8394246,2023,shallow_viz,annotated,1,518355,5032755,0.04564700012207031,0.08061900024414062,1.9865952842235564e-5,128.06939697265625,7.518246650695801,900,19800,0.070526123046875,0,0,5
8393410,2023,dry,annotated,0,518265,5032695,0.05603499755859375,0.10342900390625,1.9676428389549257e-5,123.10839080810548,19.183639526367188,900,19800,-0.007232666015625,0,0,5
8393548,2023,dry,annotated,0,518295,5032785,0.1095449951171875,0.2286840087890625,2.324046659231186e-5,153.8374481201172,2.790067434310913,0,19800,-0.118560791015625,0,0,5
8394705,2023,dry,annotated,0,518385,5032785,0.109081005859375,0.2311090087890625,2.0790271253585815e-5,148.9993133544922,4.112217903137207,0,19800,-0.1573486328125,0,0,5
8387882,2023,co_precise,annotated,1,517785,5034285,0.03731199951171875,0.0627219970703125,2.9184019680023192e-5,139.16893005371094,5.8741583824157715,900,54900,0.420074462890625,0.0416666679084301,0,5
8386617,2023,glint,annotated,0,517665,5034285,0.14588199462890625,0.2649739990234375,2.3283662037849425e-5,104.31428527832033,5.756697177886963,0,54900,-0.391632080078125,0,0,5
8387517,2023,dry,annotated,0,517755,5034255,0.10264300537109376,0.196068994140625,2.68009657907486e-5,122.18490600585938,27.04143714904785,0,54900,-0.189697265625,0,0,5
8388427,2023,terrain,annotated,0,517845,5034255,0.07407000122070312,0.14065999755859376,2.9531096150875092e-5,152.34080505371094,8.12895679473877,900,54900,0.1060791015625,0,0,5
8388839,2023,dry,annotated,0,517845,5034375,0.08164400024414062,0.17185699462890625,3.268277645587921e-5,156.8955535888672,7.349330425262451,900,54900,0.0482177734375,0,0.0476190485060215,5
8389664,2023,dry,annotated,0,517935,5034345,0.10423900146484374,0.2208419921875,2.5846483702659608e-5,130.23184204101565,14.750737190246582,900,54900,-0.025360107421875,0,0,5
13360140,2023,co_precise,annotated,1,536295,5029395,0.0468989990234375,0.080925,2.2913855125904083e-5,136.46543884277344,13.853087425231934,900,3600,0.32574462890625,0,0,5
13360283,2023,dry,annotated,0,536325,5029365,0.1001030029296875,0.211235009765625,2.152960223913193e-5,140.72695922851565,41.339881896972656,900,3600,-0.156402587890625,0,0,5
13352785,2023,co_precise,annotated,1,535575,5029515,0.03243500061035156,0.05072699890136718,2.5673777751922604e-5,154.5260772705078,1.708240985870361,900,20700,0.11749267578125,0,0,5
13353078,2023,co_precise,annotated,1,535635,5029425,0.05513800048828125,0.0973,2.7154293749332423e-5,156.55294799804688,1.635198950767517,900,20700,0.061981201171875,0,0,5
13352106,2023,dry,annotated,0,535545,5029545,0.04515700073242187,0.0914489990234375,2.7098676564693457e-5,157.5811767578125,4.9965009689331055,900,20700,0.1148681640625,0,0,5
13352437,2023,dry,annotated,0,535575,5029395,0.12384300537109376,0.26351298828125,2.7874259426593774e-5,152.37538146972656,12.893908500671388,0,20700,-0.761688232421875,0,0,5
13353472,2023,dry,annotated,0,535635,5029485,0.11299200439453123,0.224618994140625,2.751478796005249e-5,152.05068969726565,3.279641628265381,900,20700,-0.5186767578125,0,0,5
13300094,2023,co_precise,annotated,1,531375,5026005,0.04321900024414062,0.09574500122070312,2.920547772407532e-5,168.2367706298828,1.3507397174835205,900,64800,0.001922607421875,0,0,5
13298706,2023,dry,annotated,0,531225,5025885,0.07131500244140625,0.19511199951171876,3.149226929187775e-5,160.63290405273438,2.484635353088379,900,64800,-0.311920166015625,0,0,5
13299816,2023,dry,annotated,0,531345,5025945,0.04541799926757813,0.10646700439453124,3.118348748207092e-5,167.13320922851565,2.2600669860839844,900,64800,-0.085540771484375,0.04545454680919647,0,5
13300584,2023,dry,annotated,0,531405,5025765,0.06621500244140625,0.14265699462890624,3.230033610343933e-5,160.3744659423828,1.9036892652511597,900,64800,-0.161529541015625,0,0,5
13301901,2023,shallow_viz,annotated,1,531555,5021715,0.0978760009765625,0.1852260009765625,2.3224590573310853e-5,156.4935302734375,1.2293024063110352,900,6300,-0.051483154296875,0,0,5
13302565,2023,hugo_precise,annotated,1,531585,5021655,0.13936500244140626,0.284639990234375,2.269336895942688e-5,157.2120361328125,1.2168402671813965,900,6300,-0.133270263671875,0,0,5
13302261,2023,dry,annotated,0,531585,5021685,0.08247000122070312,0.17514100341796876,2.3200937922000887e-5,156.67237854003906,1.2544400691986084,900,6300,0.05841064453125,0,0,5
13302484,2023,dry,annotated,0,531585,5021625,0.19589300537109375,0.3681090087890625,2.20378578209877e-5,155.3160400390625,1.1002331972122192,0,6300,-0.526641845703125,0,0,5
13302741,2023,dry,annotated,0,531615,5021655,0.1118199951171875,0.2366449951171875,2.2254433948993683e-5,156.85562133789065,0.7730617523193359,900,6300,0.028106689453125,0,0,5
13231314,2023,glint,annotated,0,525195,5019765,0.1187699951171875,0.2107239990234375,1.7951419862508775e-5,128.2613067626953,11.858067512512209,900,111600,0.017669677734375,0,0,5
13232329,2023,dry,annotated,0,525285,5019885,0.06959299926757813,0.11416600341796874,8.479769413471222e-6,85.3183364868164,36.72584533691406,900,111600,0.017669677734375,1,0.9473684430122375,3
13232866,2023,glint,annotated,0,525345,5020035,0.15144300537109376,0.2641550048828125,1.7712159764766692e-5,126.1305694580078,8.327042579650879,0,111600,-0.98175048828125,0.04347826167941093,0,5
13233182,2023,dry,annotated,0,525375,5019855,0.1075219970703125,0.17746099853515626,1.3528572669029234e-5,135.8999786376953,11.713016510009766,0,111600,0.017669677734375,0.04545454680919647,0,5
13233517,2023,dry,annotated,0,525375,5019765,0.09632899780273438,0.1605699951171875,1.231436428785324e-5,122.77144622802734,18.02399444580078,0,111600,0.017669677734375,0.6470588445663452,0.05263157933950424,4
13230809,2023,deep_viz,annotated,0,525165,5019945,0.04531499938964844,0.04291700134277344,4.220360789299011e-6,6.061460494995117,0.2233184427022934,900,111600,0.017669677734375,1,1,2
13231536,2023,deep_viz,annotated,0,525225,5019855,0.04534800109863281,0.04372799987792969,4.298991994857788e-6,12.146663665771484,16.428794860839844,900,111600,0.017669677734375,1,1,2
13231839,2023,deep_viz,annotated,0,525255,5020005,0.04671300048828125,0.04493599853515625,4.14481340765953e-6,8.227210998535156,5.3960161209106445,900,111600,0.017669677734375,1,1,2
13232735,2023,co_precise,annotated,1,525315,5019825,0.04943299865722656,0.0522469970703125,4.696176037788391e-6,37.7311897277832,28.29478454589844,900,111600,0.017669677734375,1,1,3
13200803,2023,shallow_viz,annotated,1,522585,5019765,0.03227099914550781,0.0425760009765625,2.3487098275423048e-5,123.93704986572266,6.329649448394775,900,5400,0.003814697265625,0.2800000011920929,0,5
13200692,2023,dry,annotated,0,522615,5019795,0.03858999938964844,0.06380800170898437,2.225939992904663e-5,140.2567138671875,6.090183258056641,900,5400,-0.013946533203125,0.03999999910593033,0,5
13659765,2023,co_precise,annotated,1,504765,4987695,0.04183800048828125,0.09501799926757812,2.856310833454132e-5,150.59307861328125,11.85554313659668,900,60300,0.63214111328125,0,0,5
13657099,2023,dry,annotated,0,504495,4987635,0.1160719970703125,0.27757099609375,2.263224153995514e-5,152.16285705566406,13.807360649108888,0,60300,-1.900909423828125,0,0,5
13659064,2023,dry,annotated,0,504675,4987785,0.112156005859375,0.233264990234375,2.2807263762950897e-5,132.331298828125,12.2317533493042,900,60300,0.464141845703125,0,0,5
13659088,2023,dry,annotated,0,504705,4987845,0.06408599853515624,0.16071600341796874,2.531169489860535e-5,156.4070587158203,15.143446922302246,900,60300,0.648040771484375,0,0,5
13661475,2023,glint,annotated,0,504915,4987785,0.17441300048828126,0.34806201171875,2.3254521038532257e-5,132.12559509277344,2.3279786109924316,900,60300,-0.09161376953125,0,0,5
13686944,2023,shallow_viz,annotated,1,507375,4987425,0.03243200073242187,0.05943400268554687,2.0482429494857788e-5,36.08915710449219,51.607460021972656,900,27000,0.15533447265625,0.7894737124443054,0,4
13688515,2023,co_precise,annotated,1,507525,4987515,0.04081099853515625,0.0778510009765625,2.357338772535324e-5,86.8442611694336,30.83413314819336,900,27000,-0.012298583984375,0.3888888955116272,0,4
13687089,2023,dry,annotated,0,507405,4987275,0.09117000122070312,0.201325,2.2318115844726565e-5,135.11114501953125,14.71029567718506,0,27000,-0.251983642578125,0,0,5
13688279,2023,dry,annotated,0,507495,4987455,0.0536510009765625,0.109822998046875,2.482898669719696e-5,122.17951202392578,32.014129638671875,900,27000,-0.165557861328125,0.10526315867900848,0,5
13689118,2023,dry,annotated,0,507555,4987485,0.07098400268554687,0.14759300537109374,2.4603024752140046e-5,134.8711395263672,21.3734130859375,900,27000,-0.16961669921875,0,0,5
13710105,2023,co_precise,annotated,1,509445,4988715,0.0688510009765625,0.16654100341796876,3.164178227424622e-5,148.2366943359375,17.593509674072266,900,6300,-0.010498046875,0,0,5
13710024,2023,dry,annotated,0,509445,4988685,0.094652001953125,0.2160679931640625,2.933265715122223e-5,132.9103240966797,45.45354843139648,900,6300,-0.045623779296875,0,0,5
13710220,2023,dry,annotated,0,509475,4988745,0.07537100219726563,0.1847119995117187,2.949449579715729e-5,155.6737060546875,11.15283489227295,900,6300,0.00384521484375,0,0,5
13761906,2023,co_precise,annotated,1,514155,4987515,0.04567300109863281,0.099547998046875,2.706306224584579e-5,136.57479858398438,4.201983451843262,900,1800,0.02557373046880684,0,0,5
13761804,2023,dry,annotated,0,514155,4987485,0.05930800170898438,0.1334760009765625,2.6449312784671787e-5,138.9637451171875,3.9450955390930176,900,1800,-0.02560424804681815,0.04545454680919647,0,5
13761856,2023,co_precise,annotated,1,514155,4987095,0.03790899963378906,0.07198400268554687,2.8211591980457308e-5,143.23989868164065,9.77491855621338,900,38700,0.047882080078125,0,0,5
13762061,2023,co_precise,annotated,1,514155,4987305,0.04830199890136719,0.10216699829101562,2.938215499639511e-5,145.6693878173828,26.522119522094727,900,38700,-0.026702880859375,0,0,5
13761985,2023,dry,annotated,0,514155,4987215,0.13569000244140625,0.2746179931640625,3.0317642469406124e-5,125.56428527832033,36.43851089477539,0,38700,-0.240325927734375,0.09090909361839294,0,4
13762280,2023,dry,annotated,0,514185,4987275,0.09586699829101562,0.1912369995117187,3.351809610366821e-5,153.96810913085938,8.405455589294434,900,38700,-0.1109619140625,0,0,5
13763050,2023,dry,annotated,0,514245,4987155,0.07766900024414063,0.16063499755859376,3.221089522361755e-5,154.0989990234375,6.294315814971924,900,38700,-0.0340576171875,0,0,5
13763603,2023,co_precise,annotated,1,514335,4986705,0.04698699951171875,0.1028199951171875,2.85335130739212e-5,133.05426025390625,27.073326110839844,900,24300,0.090789794921875,0.3333333432674408,0,4
13765325,2023,co_precise,annotated,1,514485,4986795,0.03649700012207031,0.07968499755859375,2.729137812137604e-5,123.3541488647461,50.47761535644531,900,24300,0.286773681640625,0.0416666679084301,0,5
13764369,2023,dry,annotated,0,514395,4986765,0.04854400024414063,0.10160900268554687,2.546696083068848e-5,123.09142303466795,70.4065933227539,900,24300,0.15771484375,0.0476190485060215,0,5
13764867,2023,dry,annotated,0,514455,4986825,0.08702899780273438,0.2335800048828125,3.034547121524811e-5,162.27301025390625,5.597528457641602,900,24300,-0.059906005859375,0,0,5
13765925,2023,dry,annotated,0,514545,4986795,0.11910899658203124,0.2539989990234375,2.7526367177963256e-5,147.38055419921875,8.619677543640137,900,24300,-0.466766357421875,0,0,5
13828635,2023,co_precise,annotated,1,520425,4990065,0.036875,0.06336400146484375,2.1647313551902773e-5,130.7947235107422,7.183864116668701,900,19800,0.239837646484375,0.11538461595773696,0,5
13828800,2023,co_precise,annotated,1,520455,4990005,0.03266600036621094,0.05515599975585937,3.2393103203773496e-5,167.4466552734375,1.203930377960205,900,19800,0.322418212890625,0.07692307978868484,0,5
13828319,2023,dry,annotated,0,520395,4990005,0.08390599975585937,0.19951099853515625,2.970202364444733e-5,158.1776885986328,0.6916616559028625,900,19800,-0.4273681640625,0,0,5
13829107,2023,dry,annotated,0,520485,4989915,0.06845800170898438,0.16283900146484376,3.0427760100364687e-5,163.52993774414065,1.1859170198440552,900,19800,-0.29302978515625,0,0,5
13829257,2023,dry,annotated,0,520515,4989825,0.08360399780273438,0.19110400390625,3.038899163246155e-5,162.72581481933594,0.9080153107643129,0,19800,-0.128997802734375,0,0,5
13830941,2023,co_precise,annotated,1,520695,4991715,0.04335400085449219,0.07291099853515624,2.5287554478645324e-5,116.87677001953124,14.828055381774902,900,42300,0.176177978515625,0.07999999821186066,0.05263157933950424,4
13830528,2023,dry,annotated,0,520665,4991775,0.061877001953125,0.12395799560546876,2.6412851085662843e-5,129.79981994628906,11.046372413635254,900,42300,0.117919921875,0,0,5
13830689,2023,dry,annotated,0,520695,4991625,0.10785699462890624,0.2567409912109375,2.9447728152275086e-5,149.25506591796875,0.726264238357544,900,42300,-0.1865234375,0,0,5
13832744,2023,dry,annotated,0,520905,4991715,0.1488260009765625,0.2974679931640625,2.7925938091278073e-5,151.34910583496094,1.1992050409317017,900,42300,0.422698974609375,0,0,5
13829280,2023,shallow_viz,annotated,1,520515,4992015,0.05811799926757812,0.13223199462890625,2.7694525437355043e-5,132.76600646972656,8.034039497375488,900,15300,0.07781982421875,0,0,5
13830077,2023,co_precise,annotated,1,520605,4991925,0.04622699890136719,0.09265900268554687,2.7882529613971712e-5,139.7244415283203,10.138837814331056,900,15300,0.184967041015625,0.3333333432674408,0,4
13829729,2023,dry,annotated,0,520575,4992015,0.09082899780273436,0.19018499755859375,2.617226520776749e-5,124.13070678710938,2.0177040100097656,0,15300,-0.236968994140625,0,0,5
13829931,2023,dry,annotated,0,520605,4991865,0.0706739990234375,0.1526449951171875,2.770237293481827e-5,158.36700439453125,2.24151349067688,900,15300,0.024566650390625,0.03703703731298447,0,5
13830252,2023,dry,annotated,0,520635,4991925,0.09443800048828126,0.19743800048828125,2.7026854639053343e-5,144.9617919921875,3.3205697536468506,900,15300,-0.617767333984375,0.03999999910593033,0,5
13830842,2023,co_precise,annotated,1,520695,4992105,0.05841400146484375,0.12162900390625,2.5700031690597535e-5,137.84959411621094,5.069400310516357,900,1800,8.544921875e-4,0.03846153989434242,0,5
13830783,2023,dry,annotated,0,520695,4992045,0.118197998046875,0.243393994140625,2.470204842567444e-5,142.072509765625,2.310130834579468,0,1800,-0.15850830078125,0,0,5
13830686,2023,co_precise,annotated,1,520695,4994685,0.03828200073242188,0.082402001953125,3.174875032424927e-5,151.20994567871094,1.1289961338043213,900,9000,0.0374755859375,0.0416666679084301,0,5
13830936,2023,shallow_viz,annotated,1,520725,4994715,0.04284500122070312,0.100502001953125,2.9397199273109437e-5,146.96444702148438,2.0708811283111572,900,9000,0.021697998046875,0.0416666679084301,0,5
13830329,2023,dry,annotated,0,520635,4994685,0.06766599731445312,0.1572449951171875,2.9497595403194425e-5,144.15354919433594,3.886307001113891,0,9000,-0.390411376953125,0,0,5
13830906,2023,dry,annotated,0,520725,4994655,0.055127001953125,0.1343989990234375,3.182034445524216e-5,150.8379669189453,1.6979371309280396,900,9000,0.005645751953125,0.0416666679084301,0,5
13831477,2023,dry,annotated,0,520785,4994685,0.097777001953125,0.2971949951171875,3.3126913423538204e-5,143.24729919433594,1.9339261054992676,0,9000,-0.62615966796875,0,0,5
13830110,2023,hugo_precise,annotated,1,520635,4998465,0.03462900085449218,0.05471799926757812,2.187292370200157e-5,75.54168701171875,11.90025520324707,900,8100,0.18292236328125,0.7222222089767456,0.05882352963089943,4
13830092,2023,dry,annotated,0,520605,4998525,0.05638800048828125,0.11266800537109375,2.6099292948246e-5,132.9960479736328,8.442370414733887,900,8100,-0.5096435546875,0.10526315867900848,0,5
13830341,2023,dry,annotated,0,520665,4998405,0.08451699829101562,0.17061300048828126,1.9124806418418887e-5,117.64244842529295,5.457693099975586,0,8100,-0.191314697265625,0.05000000074505806,0,5
13830616,2023,dry,annotated,0,520695,4998495,0.11786800537109376,0.22896201171875,2.1465321991443635e-5,130.6996307373047,2.7179477214813232,0,8100,-0.368072509765625,0,0,5
13830133,2023,co_precise,annotated,1,520635,4998945,0.03440599975585937,0.05281099853515625,1.8856996345520015e-5,90.6395492553711,5.6177978515625,900,51300,0.032806396484375,0.3846153914928436,0,4
13831330,2023,dry,annotated,0,520755,4999125,0.09585599975585936,0.17663800048828124,1.8126793119907375e-5,132.96356201171875,2.6530239582061768,0,51300,-0.381988525390625,0,0,5
13831474,2023,dry,annotated,0,520785,4999185,0.0712510009765625,0.15130999755859376,1.775983862876892e-5,133.3623504638672,3.394003629684448,900,51300,-0.338653564453125,0,0.05263157933950424,5
13831829,2023,dry,annotated,0,520815,4999005,0.12151600341796875,0.2227320068359375,1.9124963827133175e-5,137.56216430664065,3.582488775253296,0,51300,-0.3839111328125,0,0.05263157933950424,5
13176640,2023,co_precise,annotated,1,520515,5000235,0.03360499877929687,0.056727001953125,1.9427553532123565e-5,127.98330688476564,2.7593460083007813,900,16200,0.103118896484375,0.11764705926179886,0.05263157933950424,5
13829438,2023,shallow_viz,annotated,1,520545,5000055,0.04422099914550781,0.08368800048828125,1.999671168327332e-5,125.07659149169922,2.989904403686523,900,16200,0.0247802734375,0.1875,0,4
13176641,2023,dry,annotated,0,520515,5000205,0.04177099914550781,0.0828780029296875,1.9638040895462036e-5,132.57945251464844,2.8508737087249756,900,16200,0.039642333984375,0,0,5
13177283,2023,dry,annotated,0,520545,5000385,0.09760900268554688,0.1960530029296875,2.1002804942131043e-5,146.59588623046875,2.470884323120117,0,16200,-0.219146728515625,0,0,5
13829800,2023,dry,annotated,0,520575,5000025,0.07911500244140625,0.13866700439453125,2.609825049877167e-5,138.31153869628906,11.340721130371094,0,16200,-0.305145263671875,0.1428571492433548,0.05263157933950424,5
13830396,2023,shallow_viz,annotated,1,520665,4999935,0.04602999877929687,0.087152001953125,2.7934594423770904e-5,126.20230102539064,2.1492764949798584,900,28800,-0.029693603515625,0.3125,0.05000000074505806,3
13830426,2023,co_precise,annotated,1,520665,5000085,0.04035199890136719,0.071622998046875,2.4912966346740723e-5,101.35179901123048,4.1694135665893555,900,28800,-0.010040283203125,0.47058823704719543,0.05000000074505806,3
13830008,2023,dry,annotated,0,520605,5000025,0.0576760009765625,0.11861500244140626,2.9007339508533475e-5,125.38943481445313,11.966435432434082,900,28800,-0.040802001953125,0.3333333432674408,0.05000000074505806,4
13830066,2023,dry,annotated,0,520605,4999905,0.105493994140625,0.2054989990234375,2.9287311582565307e-5,139.0994873046875,3.550616502761841,0,28800,-0.16455078125,0,0.05000000074505806,5
13831040,2023,dry,annotated,0,520725,5000025,0.07441199951171874,0.13319200439453124,2.521926275968552e-5,108.42826080322266,4.835270881652832,900,28800,-0.0338134765625,0.25,0.05000000074505806,4
13074345,2023,co_precise,annotated,1,510165,5000415,0.05360599975585937,0.0654510009765625,2.4092333838939663e-5,115.11983489990234,21.036849975585938,900,8100,0.08798217773431816,0.0833333358168602,0.05263157933950424,5
13074192,2023,dry,annotated,0,510135,5000355,0.05538800048828125,0.083527001953125,2.119807691812515e-5,128.55682373046875,17.526216506958008,900,8100,0.00942993164056815,0.03999999910593033,0,5
12970838,2023,co_precise,annotated,1,498315,5000325,0.06740499877929687,0.14225999755859375,2.712643935918808e-5,151.31185913085938,8.07613754272461,0,3600,-0.027099609375,0.1111111119389534,0,5
12970972,2023,shallow_viz,annotated,1,498375,5000325,0.05468099975585937,0.105368994140625,2.57836575627327e-5,141.12953186035156,3.85942268371582,900,3600,0.071380615234375,0.05000000074505806,0,5
12970856,2023,dry,annotated,0,498345,5000385,0.07964099731445312,0.13587099609375,2.610164063930511e-5,151.40943908691406,6.8114824295043945,900,3600,-0.2532958984375,0,0,5
13562893,2023,co_precise,annotated,1,489945,4998975,0.04708399963378906,0.11610899658203123,2.6792001485824583e-5,114.7204818725586,36.1585807800293,900,22500,0.6933288574218182,0,0,5
13561579,2023,dry,annotated,0,489795,4998945,0.073872998046875,0.183575,2.4366841847896576e-5,132.162353515625,6.922551155090332,900,22500,-0.3663330078125568,0,0,5
13561939,2023,dry,annotated,0,489855,4998945,0.08958300170898438,0.2092989990234375,2.4134209945201872e-5,119.17688751220705,6.860107421875,900,22500,-0.9828186035156818,0,0,5
13564144,2023,dry,annotated,0,490125,4999035,0.081002001953125,0.18618399658203125,2.5316332614421845e-5,113.3405303955078,22.963029861450195,900,22500,0.8743286132811932,0,0,5
13518384,2023,co_precise,annotated,1,485565,4998975,0.04254400024414062,0.101625,2.797946614027023e-5,131.54061889648438,12.42451286315918,900,16200,0.568389892578125,0,0,5
13518572,2023,shallow_viz,annotated,1,485625,4999035,0.04258599853515625,0.09006099853515626,2.064232700943947e-5,144.14022827148438,4.710567474365234,900,16200,0.586181640625,0.11538461595773696,0,5
13518028,2023,dry,annotated,0,485565,4999035,0.09214000244140624,0.2012699951171875,2.1656158604621885e-5,133.74453735351565,4.451072692871094,900,16200,0.18743896484375,0,0,5
13518759,2023,dry,annotated,0,485625,4999095,0.1271719970703125,0.2679409912109375,2.1667172598838807e-5,137.6645050048828,4.888031482696533,900,16200,-0.161285400390625,0,0,5
13518832,2023,dry,annotated,0,485625,4998975,0.10186300048828124,0.2172159912109375,2.5746303217411043e-5,142.17340087890625,6.940892219543457,0,16200,-0.037811279296875,0,0,5
13518052,2023,co_precise,annotated,1,485565,4998915,0.04207999877929688,0.094225,2.8768372540473937e-5,150.39651489257813,19.193235397338867,900,1800,0.03213500976568184,0,0,5
13517976,2023,dry,annotated,0,485565,4998885,0.07521400146484375,0.157768994140625,2.8459973728656767e-5,142.51809692382813,5.143951892852783,900,1800,-0.03216552734369316,0,0,5
12490369,2023,co_precise,annotated,1,480615,4998585,0.06220499877929687,0.13477099609375,2.494117208123207e-5,131.85108947753906,14.423680305480955,900,1800,-0.00286865234375,0,0,5
12490604,2023,dry,annotated,0,480675,4998585,0.09267999877929688,0.2009969970703125,2.6998721632957456e-5,132.99777221679688,6.6076860427856445,0,1800,-0.15521240234375,0,0,5
12652727,2023,dry,annotated,0,459075,4947375,0.11765400390625,0.256677001953125,2.810403787612915e-5,107.95462036132813,50.31436538696289,0,12600,-1.177001953125,0,0,5
12652957,2023,dry,annotated,0,459105,4947465,0.06815399780273437,0.151406005859375,3.0249125010967257e-5,107.59190368652344,29.647113800048828,0,12600,-0.35528564453125,0,0,5
12653532,2023,dry,annotated,0,459225,4947375,0.06213900146484375,0.14395400390625,3.385390597581863e-5,115.86481475830078,74.7757339477539,900,12600,-0.09716796875,0,0.06666667014360428,5
12653036,2023,co_precise,annotated,1,459135,4947405,0.03125400085449219,0.07016199951171875,2.905110763311386e-5,103.6668930053711,46.04654312133789,900,12600,0.108154296875,0,0,5
12642177,2023,shallow_viz,annotated,1,457605,4947075,0.0733530029296875,0.1399260009765625,2.720662580013275e-5,127.96485137939452,20.101879119873047,900,12600,-0.044189453125,0,0,5
12642417,2023,co_precise,annotated,1,457665,4947135,0.06801300048828125,0.13788800048828126,2.820440000772476e-5,131.20248413085938,17.746854782104492,900,12600,-0.0322265625,0,0,5
12642176,2023,dry,annotated,0,457635,4947135,0.10205,0.20386300048828124,2.4715316350460052e-5,130.96636962890625,14.031113624572754,0,12600,-0.3624267578125,0,0,5
12642189,2023,dry,annotated,0,457635,4947075,0.0652469970703125,0.126268994140625,2.8015217690467837e-5,113.7652359008789,21.824729919433594,900,12600,-0.0924072265625,0,0,5
12642418,2023,dry,annotated,0,457665,4947015,0.08449400024414062,0.17071800537109377,2.6848685762882235e-5,123.852294921875,39.103782653808594,900,12600,-0.16693115234375,0,0,5
12641463,2023,co_precise,annotated,1,457515,4943655,0.04589700012207031,0.079375,2.2799137501716613e-5,126.58726501464844,3.774866104125977,900,26100,0.15472412109375,0.0625,0.2666666805744171,5
12640192,2023,dry,annotated,0,457365,4943715,0.11171700439453124,0.231785009765625,2.7003367414474488e-5,147.51983642578125,3.831524133682251,0,26100,-1.22052001953125,0,0,5
12641464,2023,dry,annotated,0,457515,4943595,0.11273499755859374,0.2275800048828125,2.6172300662994386e-5,146.0744171142578,5.834721565246582,0,26100,-1.13421630859375,0,0,5
12641727,2023,dry,annotated,0,457575,4943655,0.09541500244140624,0.2096070068359375,2.5053339617252353e-5,155.03561401367188,2.4217939376831055,0,26100,-0.77911376953125,0,0,5
12642950,2023,co_precise,annotated,1,457725,4942905,0.02888900146484375,0.059247998046875,2.4212392613887783e-5,101.23786163330078,14.919271469116213,900,41400,0.01995849609375,0,0,5
12643450,2023,dry,annotated,0,457815,4943355,0.062672998046875,0.140127001953125,2.3768093638420104e-5,108.07923889160156,6.780109882354736,900,41400,-0.01043701171875,0,0,5
12643635,2023,dry,annotated,0,457815,4943115,0.0545510009765625,0.1150199951171875,2.2042074360847473e-5,108.33161163330078,16.8576602935791,0,41400,-0.09503173828125,0,0,5
12643800,2023,dry,annotated,0,457845,4942995,0.06818699951171875,0.1333800048828125,2.262691922187805e-5,127.53182983398438,18.731050491333008,0,41400,-0.10675048828125,0,0,5
21994686,2023,co_precise,annotated,1,538935,4801455,0.07255499877929687,0.10513599853515623,4.620758899450302e-6,138.51406860351565,26.729015350341797,900,36000,0.00207519531255684,0.6842105388641357,0.9230769276618958,4
21994794,2023,dry,annotated,0,538935,4801335,0.07599600219726563,0.111075,4.8661604726314545e-6,122.0152359008789,27.05765151977539,900,36000,0.00207519531255684,1,1,4
21995021,2023,dry,annotated,0,539055,4801455,0.10395899658203124,0.2386679931640625,5.463169257640839e-6,154.12184143066406,5.3287672996521,0,36000,0.00207519531255684,0,0.6190476417541504,5
21995430,2023,dry,annotated,0,539205,4801455,0.09759600219726562,0.19924300537109377,4.285183465480804e-6,146.85943603515625,2.682466506958008,900,36000,0.00207519531255684,0,0.5882353186607361,5
21994462,2023,co_precise,annotated,1,538845,4798065,0.05115799865722656,0.04429400024414062,3.741567138433456e-6,114.83876037597656,15.395577430725098,900,145800,0.004974365234375,0.523809552192688,1,5
21993135,2023,dry,annotated,0,538365,4797675,0.0737760009765625,0.14621400146484376,4.279230579137802e-6,147.01734924316406,3.1293745040893555,900,145800,0.004974365234375,0,0.625,5
21993576,2023,dry,annotated,0,538515,4797975,0.08691199951171875,0.168243994140625,4.533987365961075e-6,149.608642578125,4.687620639801025,900,145800,0.004974365234375,0,0.695652186870575,5
21993766,2023,glint,annotated,0,538605,4798035,0.15069300537109376,0.2819669921875,4.841417388916015e-6,149.95834350585938,4.806384086608887,900,145800,0.004974365234375,0,0.2083333283662796,5
21994557,2023,dry,annotated,0,538875,4798155,0.13391700439453125,0.2799659912109375,4.765950772762299e-6,159.49740600585938,5.384860038757324,900,145800,0.004974365234375,0,0,5
21988646,2023,dry,annotated,0,536835,4797495,0.09503099975585938,0.2337889892578125,1.3370175697803495e-5,149.3650360107422,48.648956298828125,0,51300,-0.28399658203125,0,0.3181818127632141,5
21988863,2023,dry,annotated,0,536895,4797675,0.07326099853515625,0.14786300048828124,7.235288598537445e-6,127.06306457519533,42.102840423583984,900,51300,-0.605499267578125,0.7083333134651184,0.95652174949646,5
21989185,2023,dry,annotated,0,537015,4797795,0.07127999877929687,0.16781700439453126,8.186955325603487e-6,162.91265869140625,15.520882606506348,900,51300,-0.835845947265625,0.07999999821186066,0.782608687877655,5
21988927,2023,co_precise,annotated,1,536925,4797765,0.04610199890136719,0.06390800170898438,5.035877885818482e-6,110.85950469970705,34.767417907714844,900,51300,-0.835845947265625,0.8947368264198303,1,4
22032409,2023,co_precise,annotated,1,535755,4789515,0.05148599853515625,0.118072998046875,6.966901729106903e-6,154.1027374267578,24.24292755126953,900,238500,-1.7086181640625,0.1428571492433548,0.8947368264198303,5
22032053,2023,dry,annotated,0,535395,4789725,0.08568200073242188,0.2332449951171875,1.2153986258506774e-5,118.0873031616211,61.933067321777344,0,238500,-2.4248046875,0.13793103396892548,0.10000000149011612,4
22032663,2023,dry,annotated,0,536025,4789575,0.08860399780273437,0.270077001953125,2.28113125371933e-5,148.23138427734375,27.955486297607425,0,238500,-3.818450927734375,0.03703703731298447,0.0476190485060215,5
22032843,2023,dry,annotated,0,536145,4789725,0.08397899780273438,0.18338900146484377,6.215346550941468e-6,143.55130004882813,52.108680725097656,900,238500,-1.943359375,0.3199999928474426,0.7727272510528564,4
22033336,2023,deep_viz,annotated,0,536535,4789695,0.04389200134277343,0.0339510009765625,4.011400276422501e-6,0,0,900,130500,0.678680419921875,1,1,3
22033402,2023,deep_viz,annotated,0,536565,4789845,0.04360199890136718,0.032825,3.4389280939102173e-6,0,0,900,130500,0.678680419921875,1,1,3
22033406,2023,dry,annotated,0,536565,4789575,0.108247998046875,0.268427001953125,2.073618194818497e-5,153.41270446777344,8.342816352844238,0,130500,-2.864898681640625,0,0,5
22033519,2023,co_precise,annotated,1,536625,4790055,0.04177099914550781,0.03827300109863281,3.2991220831871033e-6,150.43380737304688,28.525880813598633,900,130500,-0.454803466796875,0.8235294222831726,1,4
22033637,2023,deep_viz,annotated,0,536655,4789965,0.03888699951171875,0.03095400085449218,3.2096204292774203e-6,29.50825881958008,14.770816802978516,900,130500,0.16656494140625,1,1,2
22033878,2023,dry,annotated,0,536805,4790085,0.1019530029296875,0.2247239990234375,6.500446672439575e-6,153.60586547851565,15.684185028076172,900,130500,-1.24359130859375,0,0.699999988079071,5
22033881,2023,dry,annotated,0,536835,4789905,0.10350999755859376,0.2113669921875,1.4432931497097016e-5,156.26821899414065,22.202566146850582,0,130500,-1.533203125,0,0.42105263471603394,5
