spc_id,year,spc_type,selected_by,test_col,x,y,P.Sgreen,P.Snir,P.Snir.rg,N_savg,N_ctr,ovlp.area,spc.pa,dswe.area,elev.abv,postOcc,preOcc,dsweSept7
1168520,2021,dry,annotated,0,546957.8077,5136615.871,0.0634405578613281,0.108466430664063,0.05056643066,94.05725861,149.4221497,549,7.396551724,1800,0,0.2351114,0.475524515,5
1168512,2021,dry,annotated,0,546939.7979,5135955.798,0.0785914916992188,0.138491491699219,0.05934042969,157.3390656,89.09711456,378,2.82,9900,4.27e-4,0.372340411,0.297872335,5
1168574,2021,dry,annotated,0,546998.8636,5135912.7,0.0784763610839844,0.144180004882812,0.0337345459,151.9535828,27.25288963,234,2.75,9900,0.008026123,0.07692308,0.169696972,5
1168967,2021,dry,annotated,0,547175.2059,5134826.059,0.1108,0.230151953125,0.04171177979,122.6858597,31.69828987,414,6.954545455,63900,-0.621337891,0,0,5
1169054,2021,em_veg,annotated,0,547217.2434,5134775.031,0.0815973449707031,0.165535400390625,0.0824362793,117.9437408,79.44291687,1017,3.684782609,63900,0.190460205,0.149262533,0.625368714,4.92920351
1169210,2021,em_veg,annotated,0,547277.8953,5134889.756,0.0669596923828125,0.13399921875,0.08794807129,130.8668518,141.5609283,1161,4.8375,63900,0.196868896,0.486695379,0.971576214,4.937984467
1168742,2021,em_veg,random_draw,0,547082.6351,5134447.257,0.0656824340820313,0.121859460449219,0.03657027588,150.9373474,108.3227997,351,5.045454545,65700,0.03692627,0.052972972,0.054054055,5
1168909,2021,em_veg,random_draw,0,547149.3919,5134319.041,0.0750198181152344,0.143135131835938,0.0256189209,96.66007996,31.74214745,342,6.66,65700,-0.501953125,0,0.264264256,5
1169102,2021,em_veg,random_draw,0,547237.5822,5134378.973,0.0495410949707031,0.0696636962890625,0.03183630371,157.8971252,13.10520363,1314,7.551724138,65700,0.04083252,0.11753425,0.792237461,5
1169186,2021,em_veg,random_draw,0,547266.3333,5134259.2,0.0805488891601562,0.143974438476562,0.0181722168,109.546669,31.70673752,684,5.192307692,65700,-0.365600586,0.022222223,0.444444448,5
1169346,2021,em_veg,random_draw,0,547325.1364,5134047.273,0.0752681823730469,0.14469697265625,0.05585606079,123.8998642,98.96364594,468,4.5,65700,-0.020843506,0,0.787878811,5
1169444,2021,em_veg,random_draw,0,547386.7025,5134296.854,0.0623303771972656,0.112762023925781,0.04690252686,139.0072327,72.61730194,252,4.74,65700,0.027038574,0.029211296,0.198312238,5
1169526,2021,em_veg,random_draw,0,547412.6053,5134197.395,0.0541947387695313,0.0800710510253906,0.03910658569,155.62277220000001,36.86584473,684,5.181818182,65700,0.040710449,0.187185362,0.456140339,5
1169544,2021,em_veg,random_draw,0,547411.3125,5134074,0.0595854187011719,0.104895837402344,0.0514937561,138.964798,49.69603348,432,3.272727273,65700,0.039825439,0.016666666,0.819444418,5
1163197,2021,deep_viz,annotated,0,544390.6515,5124777.803,0.0424909088134766,0.0311787872314453,0.01585858765,17.46547318,1.978646755,891,6.456521739,694800,0.019958496,1,1,1
1163205,2021,dry,annotated,0,544393.4464,5124259.5,0.0634696411132813,0.105075,0.01154464111,43.22557449,112.1093826,450,3.230769231,694800,-0.047698975,0.900246263,0.916666687,3.910714388
1163318,2021,dry,annotated,0,544432.0234,5124172.696,0.0835168212890625,0.210927099609375,0.04016915283,149.4950256,83.17752075,432,4.585714286,694800,-0.445983887,0.321946502,0.448598117,4.31775713
1164429,2021,em_veg,annotated,0,544699.1186,5124952.856,0.0944186462402344,0.215572045898438,0.1135339111,131.7724609,156.7948151,810,5.53125,694800,-0.194335938,0.438708156,0.762711883,4.94915247
1164583,2021,deep_viz,annotated,0,544720.1283,5124207.412,0.0436053100585937,0.0312530975341797,0.02241946716,16.09418488,2.297587156,1017,7.0625,694800,0.019958496,1,1,1
1164591,2021,deep_viz,annotated,0,544715.6942,5123757.743,0.0430320373535156,0.0310631072998047,0.01799320374,17.31657791,2.739863634,927,7.022727273,694800,0.019958496,1,1,1
1164709,2021,glint,annotated,0,544753.3154,5123401.5,0.135404614257813,0.222238452148437,0.09074614258,130.9033966,30.0901947,306,3.482142857,694800,-0.334777832,0.033566434,0.689743578,5
1164948,2021,dry,annotated,0,544793.8421,5124118.816,0.0763210510253906,0.132121057128906,0.04163947754,129.6736908,145.1356964,180,2.47826087,694800,-0.376251221,1,1,3
1165175,2021,deep_water,random_draw,0,544862.2,5123257.1,0.0839533325195313,0.184276672363281,0.067822229,123.4568024,100.0458298,504,5.192307692,126000,-0.134979248,0.258031398,0.12222223,5
1165313,2021,deep_water,random_draw,0,544895.4375,5123130.15,0.0593474975585937,0.108567504882812,0.03062625732,56.89298248,163.8787537,585,5.454545455,126000,0.05682373,0.463903964,0.404166669,5
1165677,2021,deep_water,random_draw,0,545019.2857,5122832.286,0.0577261901855469,0.11001904296875,0.03349523315,45.45460892,169.9524689,729,3.5,126000,0.047485352,0.572687387,0.416666657,5
1165724,2021,deep_water,random_draw,0,545036.3571,5123305.929,0.0729184875488281,0.156338659667969,0.0557899231,171.0285492,40.76423264,1071,6.611111111,126000,-0.271362305,0.187563017,0.40056023,5
1165767,2021,deep_water,random_draw,0,545047.6389,5123136.194,0.0961777770996094,0.20367685546875,0.07102407227,114.322403,163.4121246,126,6,126000,-0.135406494,0.11148148,0.086419754,5
1165797,2021,deep_water,random_draw,0,545068.9488,5122975.878,0.0920039367675781,0.192335437011719,0.06746300049,105.2914505,99.7006073,612,6.568965517,126000,-0.178955078,0.206474185,0,5
1165929,2021,deep_water,random_draw,0,545167.9412,5123318.868,0.108172790527344,0.241933081054687,0.1731051392,146.1128235,15.98237896,378,6.181818182,126000,-0.110931396,0,0.053921569,5
1165957,2021,deep_water,random_draw,0,545201.9831,5123433.725,0.0612415710449219,0.125358422851563,0.08756741028,154.7233124,17.34652328,801,4.944444444,126000,-0.002868652,0.052134831,0.018726591,5
1165569,2021,deep_water,random_draw,0,544981.9404,5123123.078,0.03296238403320312,0.03691376037597656,0.01517614746,1.671852827,1.933309317,981,6.8125,126000,0.064849854,0.99376148,1,3.706422091
1165576,2021,deep_water,random_draw,0,544989.3175,5123033.814,0.0375642333984375,0.04951970825195313,0.00123576660199999,1.663774252,5.299078465,1233,7.086206897,126000,0.064849854,0.879841805,0.958637476,4.744525433
1164644,2021,dry,annotated,0,544724.9854,5122382.345,0.0772067932128906,0.167222326660156,0.03350290527,109.3000107,296.7344971,927,4.983870968,49500,-0.057006836,0.681105316,0.390776694,3.980582476
2416684,2021,em_veg,random_draw,0,544787.549,5116514.591,0.0736524475097656,0.147997900390625,0.07718251343,62.37433243,79.66775513,1125,7.15,15300,0.064575195,0.039297659,0,5
2416703,2021,em_veg,random_draw,0,544804.5769,5116636.654,0.0597282043457031,0.119124353027344,0.0547269165,53.27215958,81.99555969,522,4.333333333,15300,0.08694458,0.096415192,0,5
2416540,2021,dry,annotated,0,544634.3534,5110425.207,0.100938793945312,0.220778442382812,0.02466292725,131.0506744,106.2917175,144,4.702702703,3600,-1.477478027,0.056913853,0.336206883,5
2416792,2021,dry,annotated,0,544865.9118,5110511.588,0.102399017333984,0.273571557617187,0.0535637207,152.9425049,119.5511475,360,5.666666667,15300,-2.263580322,0.042232282,0.026143791,5
2421622,2021,deep_water,random_draw,0,547124.4091,5110060.682,0.0714242431640625,0.136881823730469,0.04294849243,60.56938934,214.2843018,225,2.152173913,38700,0.002593994,0.483471096,0.689393938,5
2421675,2021,deep_water,random_draw,0,547149.9124,5109834.077,0.0944690734863281,0.21441650390625,0.02331650391,125.2603378,89.25953674,180,4.693548387,38700,-0.477508545,0.11782033,0.15463917,4.793814659
2421836,2021,deep_water,random_draw,0,547188.3321,5109947.805,0.0487190826416016,0.0576946594238281,0.008712976074,20.31652832,24.70783424,972,7.557692308,38700,0.024475098,0.842817485,0.868320584,3.351145029
2421861,2021,deep_water,random_draw,0,547186.26,5110127.14,0.0522840026855469,0.0800373352050781,0.01356533813,41.98301697,74.46401978,675,4.166666667,38700,0.003601074,0.838181794,1,3.853333235
2421148,2021,deep_water,random_draw,0,546966.5089,5109591.08,0.0715866088867188,0.148786608886719,0.03084821777,110.2652969,51.9887619,540,7,49500,0.649108887,0.034902599,0,5
2421483,2021,deep_water,random_draw,0,547097.0204,5109531.643,0.0876530639648437,0.231869384765625,0.03237142334,107.7260361,31.27133179,855,5.653846154,49500,-1.544952393,0,0,5
2421837,2021,deep_water,random_draw,0,547178.3625,5109441.975,0.0428037506103516,0.0756362487792969,0.01062374878,28.65565872,63.92636108,648,5,49500,0.642669678,0.722727299,0.474999994,3.200000048
2422014,2021,deep_water,random_draw,0,547226.7574,5109532.125,0.0372492645263672,0.0556360290527344,0.00141691284199999,27.40698814,12.81438255,1224,7.555555556,49500,0.644042969,0.943277299,0.77267158,3.154411793
2422028,2021,deep_water,random_draw,0,547233,5109346.765,0.0352375,0.0439698516845703,0.01604411621,16.34169006,2.036703587,1224,7.285714286,49500,0.644042969,1,1,3
2422335,2021,deep_water,random_draw,0,547304.5099,5109437.688,0.0582752502441406,0.11316435546875,0.05035742188,123.1369705,129.6871033,675,4.094594595,49500,0.623443604,0.668646932,0.712871313,4.257425785
2603107,2021,dry,annotated,0,549198.6683,5108802.787,0.0879623779296875,0.191048510742188,0.1248178223,126.7217789,63.2291832,729,3.884615385,193500,-0.172973633,0.33920446,0.799504936,4.891088963
2604489,2021,deep_water,random_draw,0,549604.0714,5108472.881,0.0711206359863281,0.162142858886719,0.04316826172,100.4644165,214.0768433,351,4.295454545,2700,-0.125518799,0.116099782,0.666666687,5
2604195,2021,dry,annotated,0,549493.875,5107931.859,0.091534375,0.2053796875,0.1225640625,131.945343,66.82575989,108,3,1800,-0.026000977,0.206770837,0.619791687,5
2603353,2021,em_veg,annotated,0,549247.9853,5107526.868,0.0605911743164063,0.127752941894531,0.1087558716,130.7353668,189.0581207,540,2.833333333,28800,0.010559082,0.456550807,0.661764681,4.544117451
2603384,2021,dry,annotated,0,549281.3738,5107460.607,0.105314562988281,0.234610668945312,0.107929126,132.3943024,60.82865524,306,4.681818182,28800,-0.182159424,0.26372847,0.676375449,4.815533638
2603649,2021,em_veg,annotated,0,549338.9375,5107604,0.0535760437011719,0.109736462402344,0.1118895813,141.8994904,155.0843964,657,4.114285714,28800,0.047180176,0.586567998,0.920138896,4.28125
2603784,2021,em_veg,annotated,0,549366.1615,5107520.331,0.0498369232177734,0.0998123046875,0.0820230835,124.4057083,211.8890533,558,3.362068966,28800,0.018890381,0.621093094,0.938461542,4.415384769
2603925,2021,dry,annotated,0,549422.6563,5107598.875,0.10759375,0.239919799804688,0.10365625,134.4152069,55.04520035,162,4.965517241,28800,-0.087890625,0.175328955,0.333333343,5
2604461,2021,dry,annotated,0,549590.3878,5105928.429,0.0731755126953125,0.152110205078125,0.003757141113,124.4150314,42.04262161,243,6.391304348,577800,-0.601501465,0.004676871,0.084183671,5
2604471,2021,dry,annotated,0,549600.3629,5106078.75,0.0620459655761719,0.120225,0.07862015991,123.1584702,181.7440643,981,4.133333333,577800,0.053741455,0.539798915,0.680107534,4.967741966
2605300,2021,dry,annotated,0,549799.6778,5106021.878,0.0736,0.149031115722656,0.03491704102,97.83518219,64.29689026,297,6.532258065,577800,-0.303436279,0.010758378,0.037037037,5
2604836,2021,dry,annotated,0,549694.452,5105236.572,0.0597159973144531,0.126690405273438,0.07513840332,122.2099762,50.38747406,936,3.75,4500,0.012664795,0.027827432,0.639999986,5
2605039,2021,em_veg,annotated,0,549733.3393,5104736.196,0.0710803588867188,0.150553576660156,0.05235178833,138.2674103,105.453537,279,2.8,15300,0.027557373,0.27879563,0.59523809,5
2605302,2021,em_veg,annotated,0,549795.7689,5104670.735,0.0506747894287109,0.0905470581054688,0.03705882568,102.8614502,152.4347992,1071,5.758064516,15300,0.064941406,0.440476179,0.333333373,4.932773113
2603918,2021,dry,annotated,0,549411.5471,5103712.924,0.0834729431152344,0.170196472167969,0.1373352966,153.7668152,114.1653976,765,5.1,14400,0.065063477,0.295294136,0.535294116,5
2604816,2021,em_veg,annotated,0,549689.6209,5101343.753,0.0459780212402344,0.0892384643554688,0.00695164794899999,140.1236267,41.01182175,594,4.403225806,27900,0.10333252,0.751551867,0.9313187,3.967032909
2605317,2021,em_veg,annotated,0,549797.5588,5101305.971,0.0723794128417969,0.156970593261719,0.03691470947,126.4323425,206.8553772,297,2.04,27900,0.070129395,0.525445104,0.727941155,3.882352829
2605627,2021,em_veg,annotated,0,549876.7174,5101308.717,0.037022607421875,0.0595095642089844,0.02391825867,26.07095528,28.36254692,1035,6.160714286,27900,0.103363037,0.913291931,0.608695626,3.156521797
2604381,2021,dry,annotated,0,549569.5345,5100901.733,0.100937933349609,0.235376733398438,0.04583103027,125.6668091,80.74901581,432,5.4375,4500,-0.309356689,0.141379297,0.297413796,5
2604474,2021,dry,annotated,0,549601.55,5100962,0.0781533325195312,0.169494995117187,0.07528833008,133.025177,114.1841202,468,2.903225806,4500,-0.031738281,0.30455476,0.449999988,5
2604536,2021,deep_water,random_draw,0,549626.1667,5100293.625,0.0671388916015625,0.135918054199219,0.053175,100.5826874,301.2935791,648,3,17100,-0.008056641,0.730676293,0.754629612,3.569444418
2604968,2021,deep_water,random_draw,0,549728.8548,5100318.113,0.0798247314453125,0.167172045898438,0.1086193481,126.5903244,231.9654388,639,3.985714286,17100,-0.0206604,0.485407084,0.384408593,4.913978577
2603945,2021,em_veg,annotated,0,549423.7692,5100105.731,0.0850358947753906,0.186707690429687,0.09927051392,120.0585785,171.0868835,702,4.034482759,7200,-0.015991211,0.207459211,0.391025633,5
2604146,2021,em_veg,annotated,0,549485.9545,5100071.455,0.0927348510742188,0.21575,0.09661970215,129.0158539,133.3825073,333,3.413793103,7200,-0.033905029,0.124775425,0.140151516,5
2604857,2021,deep_water,random_draw,0,549694.6053,5099507.816,0.0408052642822266,0.0689938598632813,0.01171929321,21.56985664,20.7786274,1026,5.896551724,19800,0.039642334,0.826754391,0.852192998,3.394736767
2604940,2021,deep_water,random_draw,0,549721.4167,5099632.417,0.0937,0.223763891601562,0.0889833252,134.4757385,76.35497284,153,2.16,19800,-0.083953857,0.583918154,0.118055552,4.527777672
2604791,2021,deep_water,random_draw,0,549664.0833,5099236.667,0.0833277770996094,0.176738891601563,0.0445,118.6482773,88.35201263,180,2,220500,-0.019775391,0.514550269,0.533333361,3.694444418
2604881,2021,deep_water,random_draw,0,549698.8846,5099361.346,0.0871692321777344,0.196961535644531,0.076948718260000007,105.8396683,148.874054,189,1.828125,220500,-0.024658203,0.345543355,0.215384617,4.923077106
2605371,2021,deep_water,random_draw,0,549810.0135,5099359.095,0.0459423431396484,0.044618017578125,0.01730360413,11.31182194,7.49122858,999,6.66,220500,0.058746338,1,0.980180204,3
2605373,2021,deep_water,random_draw,0,549812.2826,5099241.815,0.0506163055419922,0.0663554321289063,0.0244206543,53.22320938,30.23794937,828,5.75,220500,0.058776855,1,1,3.423913002
2605845,2021,deep_water,random_draw,0,549932.4894,5099481.255,0.0502840423583984,0.0788712768554688,0.01808404541,46.20550537,46.65885162,549,5.222222222,220500,0.057373047,0.74873358,0.808510661,3.382978678
2605874,2021,deep_water,random_draw,0,549936.3722,5099324.177,0.0436909759521484,0.0448503753662109,0.01676315613,14.77330685,12.82892513,1197,7.98,220500,0.058776855,1,1,2.413533926
2606045,2021,deep_water,random_draw,0,549961.9118,5099666.971,0.0616784301757813,0.115186279296875,0.005666662598,70.10800171,104.3732605,261,2.833333333,220500,0.025878906,0.525880098,0.30392158,4.215686321
2606270,2021,deep_water,random_draw,0,550020.1337,5099538.401,0.042553466796875,0.0399514862060547,0.02122970276,14.32811069,7.433506966,909,6.886363636,220500,0.058776855,1,1,1.425742626
2606398,2021,deep_water,random_draw,0,550062,5099419.588,0.0865676452636719,0.175555883789063,0.01298236084,111.8939743,77.35334015,288,1.821428571,220500,0.017791748,0.567736208,0.623529434,4.735294342
2606414,2021,deep_water,random_draw,0,550057.5,5099657.439,0.114059997558594,0.243532177734375,0.04213913574,150.65448,39.29711151,342,6.388888889,220500,0.058776855,0.771777272,0.899999976,4.008695602
2604161,2021,dry,annotated,0,549492.4655,5097267.672,0.103026721191406,0.224828442382812,0.02151379395,118.0743256,53.37085724,252,6,162000,-0.608184814,0.167725354,0.314655185,4.63793087
2604411,2021,dry,annotated,0,549577.7673,5097936.104,0.102484155273438,0.232305932617187,0.09780692139,125.644989,34.78773499,108,5.611111111,162000,-0.376403809,0.005657709,0.170792073,5
2605081,2021,dry,annotated,0,549745.8974,5097418.063,0.0919245056152344,0.217284765625,0.06936489258,146.5642853,50.89376831,1359,7.55,162000,0.029571533,0.274135381,1,4.834436893
2604562,2021,em_veg,annotated,0,549619.98,5095954.38,0.0791080017089844,0.140171997070312,0.08734133301,144.2574921,121.5740356,612,3.040540541,8100,0.012023926,0.238187149,0.703333318,4.413333416
2604648,2021,dry,annotated,0,549650.4565,5096005.152,0.109311596679687,0.248930444335938,0.1158913086,120.4581528,88.14242554,423,3.833333333,8100,-0.13394165,0.092615604,0.445652187,4.86956501
2602718,2021,em_veg,annotated,0,549097.2065,5095888.533,0.0556260864257812,0.111925,0.05767608643,136.9656677,119.4839172,657,4.181818182,5400,0.053405762,0.558626652,0.570652187,4.206521511
2602609,2021,em_veg,annotated,0,549074.8388,5095417.897,0.0527842956542969,0.0916165283203125,0.0920413208,110.5927505,165.7640686,1089,4.5375,351900,0.036712646,0.857438028,1,3.471074343
2602772,2021,dry,annotated,0,549122.0172,5095344.741,0.118451721191406,0.279340234375,0.09900230713,130.5886383,41.46131516,180,3.182926829,351900,-0.234161377,0.091954023,0.844827592,5
2602840,2021,em_veg,annotated,0,549124.0052,5095520.459,0.0426608245849609,0.0564958740234375,0.04540927429,48.82910156,87.85593414,873,5.82,351900,0.040100098,0.972999454,1,3.10309267
2603369,2021,dry,annotated,0,549264.5625,5095475.25,0.10185,0.223741259765625,0.04645373535,130.3398438,57.57396317,126,5.454545455,351900,-0.312103271,0.119155839,0.125,5
2603567,2021,em_veg,annotated,0,549313.3824,5095376.088,0.0620411743164063,0.127654907226563,0.1124823486,118.5150909,136.1919861,459,2.55,351900,0.022613525,0.560606062,0.576470613,4.372549057
9283807,2021,dry,annotated,0,548892.2432,5095423.297,0.117489184570313,0.26640810546875,0.0301567627,150.8188019,52.34223175,153,4.269230769,351900,-0.40234375,0.103129447,0.05810811,5
2605940,2021,deep_water,random_draw,0,549960.3832,5095323.296,0.118164965820312,0.247294897460937,0.1372642334,104.959404,30.002231599999998,432,5.554054054,23400,-0.121826172,0.082438812,0.481751829,5
2606356,2021,deep_water,random_draw,0,550040.5615,5095230.577,0.102770764160156,0.190423071289062,0.0806215332,105.6298294,102.9725113,225,2.785714286,23400,-0.005493164,0.331749082,0.733333349,4.430769444
2606382,2021,deep_water,random_draw,0,550043.0753,5095376.199,0.100921917724609,0.212512329101563,0.1285890259,123.8923645,64.46839905,252,3.318181818,23400,-0.052520752,0.285540342,0.441780835,5
2607059,2021,deep_water,random_draw,0,550138.9348,5095280.587,0.0785913024902344,0.144930432128906,0.1103521667,109.1267929,119.975769,585,3.568965517,23400,0.009124756,0.375258803,0.541062772,4.217391491
2607609,2021,deep_water,random_draw,0,550231.3286,5095226.957,0.0794357116699219,0.182595715332031,0.09219572754,103.6673203,80.48685455,144,3,23400,-0.030975342,0.034693878,0.698809505,5
2606274,2021,deep_water,random_draw,0,550020,5095056.662,0.0953176452636719,0.179708825683594,0.07722794189,113.9380875,206.5414581,225,3.090909091,34200,0.051849365,0.14136906,0.627451003,5
2606680,2021,deep_water,random_draw,0,550086.8824,5095173.971,0.101307354736328,0.193358825683594,0.1063970459,112.7173309,129.4655151,144,3.642857143,34200,0.035461426,0.087009802,0.665441155,5
2607303,2021,deep_water,random_draw,0,550185.3879,5095141.034,0.070147412109375,0.177683618164063,0.1311905273,106.7480927,56.86982346,801,4.046511628,34200,-0.061737061,0.288104922,0.491379321,4.75
2607637,2021,deep_water,random_draw,0,550231.8529,5095033.029,0.05215,0.118432348632813,0.06203137817,75.01007843,146.4786987,288,3.923076923,34200,0.114898682,0.515196085,0.423856229,4.029411793
2608434,2021,deep_water,random_draw,0,550326.14,5095094.02,0.0334239990234375,0.0924013305664062,0.01999066772,57.67197418,69.75585175,207,3.879310345,34200,0.105010986,0.428070158,0.474666655,4.599999905
2622333,2021,em_veg,annotated,0,552430.2714,5094801.957,0.0798609497070313,0.1772923828125,0.1365476135,158.1118164,7.738134384,351,5.25,56700,-0.127227783,0.056892235,0.318095237,4.980952263
2622580,2021,em_veg,annotated,0,552475.7376,5094968.926,0.0916613891601562,0.205539599609375,0.113308905,152.9304504,22.86339951,630,5.611111111,56700,-0.174957275,0.181188121,0.655445516,5
2622737,2021,dry,annotated,0,552505.4204,5094800.509,0.110177880859375,0.21467255859375,0.0720362793,141.1025543,58.37586975,135,4.708333333,56700,-0.590026855,0,0.132743359,5
2624715,2021,dry,annotated,0,552780.6176,5094935.735,0.0770441162109375,0.141611767578125,0.06093823853,102.0847092,174.57589720000001,135,1.75862069,134100,0.045501709,0.462566853,0.718137264,4.117647171
2625172,2021,dry,annotated,0,552857.9357,5095150.993,0.1182228515625,0.255230004882813,0.1284878662,121.4916687,122.4972229,432,6.5625,134100,-0.300018311,0.187585041,0.342857152,4.657142639
2626636,2021,dry,annotated,0,553068.4024,5094990,0.0877048767089844,0.247113403320313,0.09842438965,151.2661743,83.10482025,297,4.24137931,134100,-1.609985352,0.424057662,0.414634138,4.597560883
2635722,2021,deep_water,random_draw,0,554527.0301,5094938.476,0.058459033203125,0.1482072265625,0.07730603027,107.331337,195.714798,207,3.458333333,1800,0.087249756,0.115796521,0.204819277,5
2635752,2021,em_veg,random_draw,0,554525.6163,5094774.872,0.0526790710449219,0.109709301757813,0.04685813599,74.51722717,238.8339691,342,2.6875,118800,0.037445068,0.856478333,0.758139491,3.23255825
2635954,2021,em_veg,random_draw,0,554543.8077,5094523.269,0.06651025390625,0.164266662597656,0.06694873047,123.3537903,195.5623932,333,2.34,118800,-0.045623779,0.631688952,0.643589795,4.384615421
2636083,2021,em_veg,random_draw,0,554552.7,5094684.15,0.0412049987792969,0.0780883361816406,0.04557166138,79.09473419,283.0798035,540,3.214285714,118800,0.041107178,1,1,3.183333397
2636659,2021,em_veg,random_draw,0,554622.1429,5094621.5,0.0565309509277344,0.139204760742187,0.04715952148,111.1805344,250.155304,378,2.52,118800,0.010192871,0.826826394,0.710317433,3.761904716
2637195,2021,em_veg,random_draw,0,554672.7761,5094948.515,0.0275798492431641,0.0482223876953125,0.02738432617,41.24832535,29.6736412,1206,6.931034483,118800,0.041137695,0.99651736,1,2.395522356
2637196,2021,em_veg,random_draw,0,554672.0814,5094833.314,0.0262953491210937,0.0379542633056641,0.02165891418,37.64544678,8.555763245,1161,8.0625,118800,0.041137695,1,1,1.325581431
2637497,2021,em_veg,random_draw,0,554704.372,5095087.299,0.0338073181152344,0.0675786560058594,0.02771463623,42.66257858,37.83761597,1467,7.935483871,118800,0.040039063,0.832318485,0.436585397,2.804877996
2637553,2021,em_veg,random_draw,0,554702.9242,5094711.712,0.0280292938232422,0.0540141418457031,0.02035656738,44.80407715,56.26980591,891,5.5,118800,0.039459229,0.974450409,1,3.01010108
2638767,2021,em_veg,random_draw,0,554820.1154,5094824.833,0.0276957275390625,0.0469521362304687,0.02554700928,40.57556534,20.36882591,1053,7.02,118800,0.041137695,0.940705121,0.974358976,2.153846264
2639131,2021,em_veg,random_draw,0,554848.875,5094920.475,0.0277533325195312,0.0400758331298828,0.02170333557,36.33050537,0.89256835,1080,7.826086957,118800,0.041107178,1,1,1
2636454,2021,dry,annotated,0,554592.2436,5094086.372,0.0867649597167969,0.203038464355469,0.1255179443,122.5191727,48.86603928,414,2.830645161,10800,-0.041168213,0.112010799,0.144159541,4.803418636
2634960,2021,deep_water,random_draw,0,554429.7222,5093007.667,0.0518888916015625,0.103485180664062,0.0316111145,87.14360046,132.6986237,486,2.314285714,56700,0.061218262,0.818703711,1,3.888888836
2635725,2021,deep_water,random_draw,0,554516.4122,5093183.676,0.0307648651123047,0.0531560791015625,0.02600202637,39.35834122,8.683442116,1332,8.222222222,56700,0.072021484,0.859407425,0.945945919,3.189189196
2636252,2021,deep_water,random_draw,0,554575.9884,5092953.105,0.06013720703125,0.149709301757812,0.01833720703,132.7609863,124.6352768,387,2.15,56700,0.040222168,0.28398928,0.586378753,4.348837376
2636456,2021,deep_water,random_draw,0,554585.2009,5093061.182,0.0246915893554688,0.0351261688232422,0.0286037384,31.32324028,1.575795531,963,7.295454545,56700,0.073669434,1,1,1
2636800,2021,deep_water,random_draw,0,554630.6875,5093144.875,0.05113125,0.103652087402344,0.1114645874,137.2056274,98.24695587,315,2.666666667,56700,0.006256104,0.671602547,0.580357134,3.5625
2636128,2021,deep_water,random_draw,0,554554.4779,5091835.368,0.0322632354736328,0.0814551452636719,0.02444631958,69.17922974,41.14186478,279,6.181818182,900,0.028167725,0.161038131,0.244747907,5
2900125,2021,em_veg,random_draw,0,554009.4375,5089170.75,0.0451524993896484,0.100277502441406,0.08395875244,150.3912048,80.697433470000007,522,4.615384615,35100,0.021453857,0.207211539,0.725818455,5
2900249,2021,em_veg,random_draw,0,554051.1471,5089061.265,0.114492150878906,0.24602353515625,0.08984902344,147.1876221,20.90114212,351,2.732142857,35100,-0.237640381,0,0.483193278,5
2900716,2021,em_veg,random_draw,0,554136.5882,5089262.853,0.11605,0.2199470703125,0.1039764648,130.5333099,40.62229538,126,5.1,35100,-0.216247559,0,0.108776852,5
2900767,2021,em_veg,random_draw,0,554137.1604,5089154.462,0.0170349060058594,0.0352858489990234,0.01570566101,116.4812622,100.971199,954,6.913043478,35100,0.021392822,0.35680595,0.666666687,5
2901264,2021,em_veg,random_draw,0,554222.0676,5089102.946,0.0847337829589844,0.194671618652344,0.07765406494,146.9708099,28.71669197,216,3.264705882,35100,-0.063812256,0,0.312741309,5
2900732,2021,em_veg,random_draw,0,554136.2746,5088529.627,0.0825915466308594,0.187316906738281,0.09212674561,131.726532,86.84221649,486,3.55,29700,-0.370788574,0.268514305,0.787055671,4.859154701
2900902,2021,em_veg,random_draw,0,554160.0152,5088645.197,0.0322343444824219,0.0687414123535156,0.008808081055,75.48788452,32.10267639,891,5.303571429,29700,0.070495605,0.935209215,0.932178974,3.464646578
2901451,2021,em_veg,random_draw,0,554262.5516,5088771.977,0.0353419342041016,0.0722206481933594,0.008089031982,74.43772888,49.43666077,1026,5.406976744,29700,0.064544678,0.709199488,0.568049192,3.52903223
2901585,2021,em_veg,random_draw,0,554259.7979,5088671.394,0.0335457458496094,0.0842287231445313,0.0285329834,102.7059021,61.34877777,747,5.222222222,29700,0.070739746,0.861308157,0.806990921,4
2900203,2021,em_veg,annotated,0,554016.0455,5087235.455,0.0584878784179687,0.127962121582031,0.03575151367,135.720932,147.959259,423,3.535714286,7200,0.020294189,0.342873186,0.222222224,4.424242496
2900405,2021,em_veg,annotated,0,554073.5769,5087268.169,0.0335976318359375,0.0654656799316406,0.004895855713,76.62863159,97.35246277,1332,8.177419355,7200,0.010742188,0.586025536,0.250690341,3.869822502
2900680,2021,dry,annotated,0,554115.9469,5087239.232,0.117136315917969,0.248857543945313,0.09681955566,155.2382202,45.22733307,153,8.136363636,7200,-0.164794922,0.058762673,0.037988827,4.905027866
2897378,2021,dry,annotated,0,553247.2253,5086865.984,0.0799769226074219,0.195384619140625,0.09592416992,130.9670715,38.27696228,234,4.706896552,55800,0.062774658,0.105820104,0.285714298,4.999999523
2897745,2021,co_precise,annotated,1,553345.542,5086303.773,0.0372510498046875,0.070897900390625,0.06682307129,74.1233902,11.09387875,1170,6.919354839,12600,0.041870117,0.208320618,0.854145885,4.958042145
2896605,2021,em_veg,annotated,0,553053.1991,5083334.96,0.0551849548339844,0.125576989746094,0.09941858521,122.8856201,80.10237122,936,5.296875,21600,-0.143829346,0.151486918,0.815634191,4.964601994
2896612,2021,em_veg,annotated,0,553057.4011,5083431.709,0.0425362640380859,0.0920054931640625,0.1535988953,117.7811966,156.915741,819,4.706896552,21600,0.045898438,0.562808633,0.925824165,4.879120827
2897013,2021,em_veg,annotated,0,553152.1786,5083334.929,0.0655690490722656,0.146834521484375,0.0595,129.7713165,65.71949768,162,3.5,21600,-0.223724365,0.027568923,0.289021164,5
2898746,2021,dry,annotated,0,553707.4615,5083163.827,0.0780961547851562,0.181467309570313,0.03161057129,156.8261261,51.46823883,144,5.379310345,6300,-0.40914917,0,0.204326928,5
2898886,2021,dry,annotated,0,553739.2826,5083247.239,0.0535536254882812,0.121378259277344,0.02526522217,144.9559479,92.1634903,306,3.980769231,6300,0.031677246,0,0.581780553,5
2897288,2021,hugo_precise,annotated,1,553233.9419,5082552.942,0.0445085266113281,0.10283720703125,0.04418294678,151.3457947,80.42948151,1161,6.45,108900,0.042144775,0,0.763427496,5
2897168,2021,dry,annotated,0,553209.375,5082545.938,0.0771270812988281,0.175189587402344,0.0553520874,163.2646637,55.29508591,432,2.057142857,108900,0.057617188,0,0.889880896,5
2897270,2021,em_veg,annotated,0,553211.1867,5082761.404,0.0519144592285156,0.118957836914063,0.04338554688,93.14064026,129.0275726,720,4.98,108900,0.058563232,0.934647679,0.862951815,3.879518032
2897356,2021,dry,annotated,0,553239.1714,5082594.386,0.05775,0.120894287109375,0.1259042725,130.3713837,116.0293884,630,3.5,108900,0.037872314,0.167215019,0.629251719,4.67142868
2897547,2021,glint,annotated,0,553298.2273,5082940.364,0.0965893920898438,0.168475756835937,0.05383181152,120.0442963,37.39941406,387,3.535714286,108900,-0.562805176,0.002392344,0,5
2897613,2021,em_veg,annotated,0,553312.9286,5082603.279,0.0499871429443359,0.117342858886719,0.05794785767,113.802803,129.530838,1242,6.363636364,108900,0.058166504,0.578016996,0.75,4.2071428299999996
2897895,2021,dry,annotated,0,553391.7816,5082456.335,0.0871038818359375,0.257568920898438,0.04409418945,182.164978,3.470605373,558,5.15,108900,-0.655181885,0,0,5
2898102,2021,em_veg,annotated,0,553427.5,5082548.423,0.0702820495605469,0.151925646972656,0.04566923828,86.1471405,128.1071014,351,2.925,108900,0.047790527,0.720779955,0.15457876,4
2896719,2021,em_veg,annotated,0,553079.0693,5081885.726,0.0307795623779297,0.0622985412597656,0.01897737427,32.83033371,89.11268616,1233,7.086206897,45000,0.031433105,0.678164959,0.611922145,3.868613243
2897071,2021,em_veg,annotated,0,553179.15,5081861.25,0.0372916656494141,0.0795383361816406,0.02528000488,40.49692154,82.67098236,540,3.214285714,45000,0.031433105,0.527514517,0.678472221,4.816666603
2897420,2021,em_veg,annotated,0,553268.8385,5082021.115,0.0394692321777344,0.085690771484375,0.03357076416,75.14328766,166.5751953,549,3.482142857,45000,0.031433105,0.761290371,0.833333313,4.061538696
2897964,2021,em_veg,annotated,0,553403.0077,5080949.515,0.0568138488769531,0.125984619140625,0.05297385254,144.2164001,147.2555237,288,2.5,1800,-0.130279541,0.050102632,0.357967049,5
2898974,2021,dry,annotated,0,553777.9592,5079855.949,0.0871734680175781,0.177333679199219,0.1865295837,77.46927643,5.647818565,333,4.9,13500,-6.1e-4,0,0.760204077,5
2899047,2021,dry,annotated,0,553789.5833,5079922.375,0.078775,0.158918054199219,0.1285583374,96.64050293,19.84370041,450,4.695652174,13500,3.66e-4,0,0.675154328,5
2896340,2021,deep_water,random_draw,0,552965.2667,5080062.333,0.0233888885498047,0.0248233337402344,0.008845556641,19.94189644,0.565699399,810,6.428571429,435600,-0.086456299,1,1,1
2896409,2021,deep_water,random_draw,0,552993.4597,5079888.798,0.0253717742919922,0.0313306457519531,0.007554837036,21.00890923,2.843675375,1116,7.153846154,435600,-0.104400635,0.963709652,0.93778801,1.532258034
2896411,2021,deep_water,random_draw,0,552991.4381,5079432.077,0.0310340209960938,0.0526329895019531,0.04978247681,70.88549805,37.40322876,873,6.0625,435600,0.063598633,1,1,3.525773287
2896532,2021,deep_water,random_draw,0,553022.625,5079674.438,0.023996875,0.025303125,0.01185416565,20.32361031,1.179599643,864,7.2,435600,0.063568115,1,1,1
2896559,2021,deep_water,random_draw,0,553027.3349,5079521.931,0.0250642196655273,0.0289504577636719,0.006937615967,19.21692085,0.471556127,981,7.431818182,435600,0.063568115,1,1,1.146788955
2896712,2021,deep_water,random_draw,0,553081.1557,5079393.566,0.0797852478027344,0.185590161132812,0.06788359375,85.06480408,7.982554436,540,3.155172414,435600,0.061889648,0.426478863,0.533957839,4.426229477
2896782,2021,deep_water,random_draw,0,553092.5526,5080031.921,0.0261187957763672,0.0319172943115234,0.00743383483899999,19.05315781,0.442369878,1197,7.98,435600,-0.086456299,1,1,1
2896807,2021,deep_water,random_draw,0,553092.2288,5079916.703,0.103442370605469,0.2159,0.04112712402,103.5213318,23.71742058,126,2.95,435600,-0.28326416,0.227725193,0.48184019300000003,4.762712002
2896963,2021,deep_water,random_draw,0,553139.4718,5079581.134,0.111322534179688,0.237981689453125,0.05302675781,114.5016022,30.51021194,135,3.672413793,435600,-2.132324219,0.192061469,0.253521144,4.788732529
2897247,2021,deep_water,random_draw,0,553209.2586,5079975.388,0.134963793945312,0.247213793945313,0.08275258789,78.23394775,20.60097504,126,4.35,435600,-0.520050049,0.006896552,0.149425283,5
2898531,2021,em_veg,annotated,0,553617.9265,5079344.603,0.124882348632813,0.25285146484375,0.1133852905,65.74154663,10.48974323,333,3.090909091,105300,-0.053955078,0.014805247,0.477591008,5
2898853,2021,em_veg,annotated,0,553737.5,5079430.786,0.061640478515625,0.145966662597656,0.08564761353,62.96992874,3.541994333,252,2.52,105300,0.174194336,0.037866868,0.237244904,5
2898923,2021,em_veg,annotated,0,553764.3511,5079275.394,0.0664765930175781,0.156927661132813,0.1070702148,55.92714691,8.133077621,207,2.274193548,105300,0.174194336,0.047061805,0.665653527,5
2898574,2021,dry,annotated,0,553623.7636,5078238.164,0.0510272735595703,0.114713635253906,0.01590635986,102.0846481,8.691973686,477,6.875,45900,-1.303131104,0.076308541,0.051136363,4.981818199
2898604,2021,dry,annotated,0,553653.9545,5078291.973,0.0803472717285156,0.1361763671875,0.0399690918,71.96954346,14.22958279,495,3.173076923,45900,0.028656006,0.337741017,0.406060606,4.4909091
2898715,2021,dry,annotated,0,553685.3774,5078352.311,0.0538273559570313,0.121472644042969,0.02194245605,119.897789,14.61702061,297,6.913043478,45900,-1.202148438,0.210120082,0.213836491,4.688679218
2896471,2021,deep_water,random_draw,0,553002.42,5077692.63,0.0324010009765625,0.0692140014648437,0.04354800415,38.03098297,27.87082672,900,6,73800,1.22e-4,0.945924342,1,3.069999933
2896593,2021,deep_water,random_draw,0,553053.7333,5077817.133,0.0684722229003906,0.143094445800781,0.08250667725,109.6464157,19.53549957,315,4.21875,73800,3.66e-4,0.200466841,0.166666672,5
2897051,2021,deep_water,random_draw,0,553165.9242,5077625.106,0.0381292938232422,0.0817474731445312,0.1027494995,72.0588913,45.27883911,612,4.790322581,73800,1.22e-4,0.764969766,0.940836906,3.98989892
2897180,2021,deep_water,random_draw,0,553201.6485,5077740.282,0.0296584167480469,0.0585792053222656,0.08593069458,56.0115509,29.62116432,909,5.611111111,73800,1.22e-4,0.524431646,0.550212145,4.108911037
2897476,2021,deep_water,random_draw,0,553269.3529,5077662.353,0.0314480377197266,0.0653509826660156,0.07254313354,68.76721191,41.80406952,918,6.375,73800,1.22e-4,1,1,3.735294104
2897568,2021,deep_water,random_draw,0,553298.5435,5077765.239,0.0431449279785156,0.0875275390625,0.1353014404,92.77877045,22.88716316,450,3.980769231,73800,1.22e-4,0.305386186,0.66770184,4.956521511
2897928,2021,deep_water,random_draw,0,553393.1331,5077695.917,0.0329791381835937,0.0628496398925781,0.1454179871,81.27397919,26.41500473,1251,7.722222222,73800,1.22e-4,0.344018489,0.514260054,4.978417397
2897742,2021,em_veg,annotated,0,553336.8529,5077214.441,0.0472333343505859,0.103884313964844,0.1293980469,86.54220581,41.26111603,828,5.275862069,34200,5.19e-4,0.315607667,0.679271758,4.274509907
2897899,2021,dry,annotated,0,553389.9956,5077293.836,0.0768849548339844,0.187569909667969,0.1618876221,82.70734406,30.10501671,270,5.844827586,34200,5.19e-4,0.134756759,0.631268442,4.734513283
2897901,2021,em_veg,annotated,0,553388.6584,5077118.124,0.0529544555664063,0.122248510742187,0.1686871216,80.77600098,37.81503677,738,5.826923077,34200,5.19e-4,0.473331243,0.652876019,4.188118935
2898155,2021,dry,annotated,0,553451.4412,5077011.676,0.0730784301757813,0.173182348632813,0.1515019531,130.4495697,14.34459496,351,2.25,34200,5.19e-4,0.010695187,0.424836606,5
2898274,2021,em_veg,annotated,0,553489.7892,5077101.705,0.0581951782226562,0.128226501464844,0.1030723022,75.53037262,39.44065475,747,4.611111111,34200,5.19e-4,0.77121067,0.62449801,3.746988058
2896854,2021,deep_water,random_draw,0,553111.7571,5076524.357,0.0217104766845703,0.0284314300537109,0.007864761353,10.1140871,0.32578361,945,7.5,221400,0.024719238,1,1,1.876190424
2896887,2021,deep_water,random_draw,0,553115.0769,5076435.087,0.0212336532592773,0.0272269226074219,0.009275,9.74817276,0.273588926,936,7.428571429,221400,0.024719238,1,1,1
2897093,2021,deep_water,random_draw,0,553173.1061,5076675.076,0.0191979797363281,0.0258434356689453,0.008576766968,7.787079334,0.435584128,891,7.071428571,221400,0.024719238,1,1,1
2897249,2021,deep_water,random_draw,0,553205.8458,5076767.369,0.0198336441040039,0.0286411224365234,0.008753271484,7.392948151,0.512249589,963,7.295454545,221400,0.024719238,0.995166004,0.995994687,1.495327115
2897279,2021,deep_water,random_draw,0,553229.5,5076402.063,0.0770166687011719,0.180983337402344,0.0613333252,110.3453903,28.52366066,432,2.769230769,221400,0.024719238,0.216666669,0.400000006,5
2897349,2021,deep_water,random_draw,0,553232.5857,5076522.757,0.0200733337402344,0.0226866668701172,0.01010952454,8.111292839,0.39869377,945,7.159090909,221400,0.024719238,1,1,1
2897375,2021,deep_water,random_draw,0,553259.6942,5076879.568,0.0927922302246094,0.196641748046875,0.07816989746,101.3805313,18.92607307,216,4.175675676,221400,0.024719238,0.148676872,0.640776694,5
2897578,2021,deep_water,random_draw,0,553296.2188,5076614.313,0.019355207824707,0.024463542175293,0.009878123474,6.845739365,0.555718303,864,6.857142857,221400,0.024719238,1,1,1
2897916,2021,deep_water,random_draw,0,553384.5,5076791.285,0.0288663543701172,0.0561719604492188,0.09748878174,39.53077698,18.25184441,963,6.42,221400,0.024719238,0.577096462,0.819314659,4.345794201
2898036,2021,deep_water,random_draw,0,553419.9964,5076525.164,0.0229708023071289,0.0446255462646484,0.007042337036,9.238923073,1.43240118,1215,7.903846154,221400,0.024719238,0.937728524,0.984489024,2.627737284
2897918,2021,dry,annotated,0,553392.7941,5075945.603,0.0826911743164063,0.196860290527344,0.1661279419,89.53720856,18.53261375,315,3.517241379,2700,0.005279541,0,0.367647052,5
2899059,2021,dry,annotated,0,553797.9231,5062481.5,0.0865987182617187,0.202621789550781,0.09288717041,36.0321579,36.57217407,279,4.875,12711600,-2.287414551,0.503205121,0.573260069,3.628205061
2899345,2021,dry,annotated,0,553865.7537,5061674.843,0.0932089538574219,0.183861193847656,0.14494776,41.55247498,30.26094246,306,3.045454545,12711600,-1.266265869,0.607367933,0.643923223,3.671641827
2899768,2021,deep_viz,annotated,0,553943.0385,5061524.423,0.0540606811523437,0.0676025634765625,0.03709572449,10.47207928,0.399391413,1053,7.630434783,12711600,-0.030975342,0.958041966,1,1
2899902,2021,dry,annotated,0,553960.7381,5061401.881,0.0842428588867187,0.156768249511719,0.1258761871,11.9256382,3.459920645,567,3.25862069,12711600,-0.056304932,0.805986166,1,1.158730149
2900740,2021,deep_viz,annotated,0,554131.9138,5061224.716,0.0567810363769531,0.0604887939453125,0.03168276062,10.74953175,0.452139348,1035,7.25,12711600,-0.058990479,0.999640822,1,1.017241359
2902362,2021,deep_viz,annotated,0,554437.1336,5061455.508,0.0519938903808594,0.0629503845214844,0.03566565247,10.05091381,1.455547452,1179,7.277777778,12711600,-0.050018311,1,1,1.458015323
3109591,2021,dry,annotated,0,553863.3387,5059682.468,0.0713956970214844,0.144941931152344,0.1187989197,32.8948555,4.639018059,612,5.58,97200,-0.472167969,0.962523639,0.967741907,3.731182814
3109858,2021,dry,annotated,0,553953.0946,5059682.176,0.048954052734375,0.0875288269042969,0.06184774475,4.954650402,0.497467905,999,6.66,97200,0.198730469,0.940797925,0.833333254,3
3110226,2021,dry,annotated,0,554075.8291,5059595.829,0.0656303771972656,0.131078479003906,0.1050278473,3.646794081,0.406923413,711,5.152173913,97200,0.198730469,0.951492667,0.944303811,3
3109280,2021,em_veg,annotated,0,553735.5779,5048438.903,0.0725636352539062,0.175840258789063,0.09724675293,87.96395874,43.82446289,486,2.566666667,3600,0.039642334,0.298900098,0.610698819,4.66233778
5168828,2021,dry,annotated,0,569874.1915,5010177.287,0.0784180847167969,0.204547875976562,0.07454787598,87.69971466,32.65093994,369,5.222222222,3600,-0.06640625,0.122983865,0,4.255319118
5164785,2021,dry,annotated,0,561393.7653,5009881.99,0.0808578247070312,0.178971423339844,0.1093299255,124.7046432,27.85731125,549,6.681818182,11700,-0.016571045,0.237391517,0.160714284,4.013605595
5160460,2021,deep_water,random_draw,0,555123.5811,5010091.095,0.132031530761719,0.252340551757813,0.2022225342,116.7385025,21.64539719,486,5.370967742,22500,-0.021636963,0.072735533,0,5
5160576,2021,deep_water,random_draw,0,555172.1757,5010226.703,0.167445947265625,0.278010815429687,0.236201355,90.80144501,33.87653351,612,4.269230769,22500,0.003295898,0.083676137,0,5
5160691,2021,deep_water,random_draw,0,555242.3864,5010154.091,0.118345458984375,0.24699658203125,0.1713181702,146.889267,0.948200643,198,5.739130435,22500,-0.119476318,0.006756756,0,5
5160764,2021,deep_water,random_draw,0,555303.4655,5010265.345,0.115975,0.249307763671875,0.1873500061,139.8627777,9.135378838,243,6.444444444,22500,-0.097503662,0.027958995,0,5
4972469,2021,terrain,annotated,0,547789.3681,5009989.566,0.120084619140625,0.224774731445312,0.224589131879807,88.78676605,70.58444977,108,3.174418605,1800,0.090911865,0.227351338,0.65070647,4.835165024
4972486,2021,deep_viz,annotated,0,547785.8684,5010058.237,0.0776368408203125,0.151162280273438,0.150942453861237,40.3470726,56.52310181,540,5.896551724,1800,-0.049804688,0.671303272,0.356516302,4.035087585
4968024,2021,hugo_precise,annotated,1,542740.4565,5010085.826,0.0318963775634766,0.0574485534667969,0.01935000305,23.42380142,0.785159409,1197,8.28,75600,0.066589355,0.122607887,0.975845397,5
4967984,2021,dry,annotated,0,542716.3554,5010255.416,0.0625060241699219,0.154924096679688,0.03442409668,81.76864624,110.394928,747,5.413043478,75600,0.066589355,0.089156628,0.658634603,5
4968070,2021,dry,annotated,0,542756.1786,5010234.107,0.0650833312988281,0.158657141113281,0.02392857666,80.30643463,91.59385681,756,5.04,75600,0.066558838,0.1996997,0.573767006,5
4968071,2021,dry,annotated,0,542756.1696,5010005.545,0.0975508911132812,0.262236596679688,0.04239287109,75.48707581,46.99092865,378,6.222222222,75600,-0.790802002,7.05e-4,0.242063493,5
4958355,2021,em_veg,annotated,0,535173.8226,5010384.169,0.0770895141601562,0.167457263183594,0.0654137146,90.64607239,16.60428619,729,5.314285714,346500,0.00177002,0.192848057,0.602150559,5
4958386,2021,em_veg,annotated,0,535179.883,5010276.479,0.0765290771484375,0.176601416015625,0.07467233887,88.38606262,9.939253807,999,6.220588235,346500,0.00177002,0.131887093,0.185579211,5
4958946,2021,em_veg,annotated,0,535236.8628,5010159.465,0.0896610595703125,0.199801770019531,0.09432211914,92.53439331,11.32820415,1017,5.136363636,346500,0.00177002,0.086337976,0.320059001,5
4959676,2021,dry,annotated,0,535316.9237,5010110.161,0.0697610168457031,0.140220336914062,0.04908982544,85.533035279999993,32.98406601,216,3.277777778,346500,0.00177002,0.344753832,0.434463263,4.423728943
4960230,2021,dry,annotated,0,535420.8529,5010045.044,0.0676691162109375,0.14724853515625,0.07976176758,70.54433441,31.95259666,612,3,346500,0.00177002,0.499904513,0.604370892,4.735294342
4960524,2021,dry,annotated,0,535443.931,5010165.983,0.055672412109375,0.118656896972656,0.05269483032,62.76618958,37.53691101,153,3.346153846,346500,0.001739502,0.333527833,0.758620679,4.724137783
4951971,2021,dry,annotated,0,531672.3947,5009924.632,0.100998248291016,0.24824912109375,0.1397938599,104.6610641,30.17903137,387,3.053571429,900,-0.104400635,0,0.278822064,5
4950412,2021,dry,annotated,0,527913.5806,5009674.452,0.0833596801757813,0.19824677734375,0.1429032227,82.18280029,7.691862106,270,3.72,23400,0.007141113,0.060483869,0.221198171,5
4950427,2021,em_veg,annotated,0,527937.1337,5009653.916,0.0579712890625,0.121896044921875,0.05289208984,82.91061401,14.98753643,378,4.887096774,23400,0.007354736,0.103960395,0.417256027,5
4950451,2021,em_veg,annotated,0,527952.5667,5009753,0.0745755554199219,0.169327783203125,0.1233644409,81.4580307,9.241871834,558,3.552631579,23400,0.007354736,0.126277775,0.111111112,4.999999523
4950626,2021,em_veg,annotated,0,528086,5009676.389,0.060524072265625,0.141279626464844,0.07622407837,89.65569305,15.6383934,126,2.314285714,23400,0.007324219,0.079441756,0.126984119,5
4937512,2021,em_veg,annotated,0,521271.4193,5010102.14,0.0604298156738281,0.121186340332031,0.07347142334,113.0401459,39.98805618,1044,6.708333333,41400,0.093963623,0.358272165,0.928364456,4.807453632
4937630,2021,em_veg,annotated,0,521341.9811,5010209.575,0.0638613220214844,0.126017919921875,0.07003114014,122.4492645,41.60455322,234,5.678571429,41400,-0.144012451,0.232157499,0.245283008,4.754716873
4937755,2021,em_veg,annotated,0,521407.9286,5010152.483,0.0572941162109375,0.124949584960937,0.0688260498,105.2912979,43.95964813,783,5.95,41400,-0.079803467,0.407745689,0.631932735,4.714285851
4934785,2021,deep_viz,annotated,0,520330.0676,5011193.851,0.0459135131835937,0.0347432434082031,0.01948468323,28.79058647,8.522789001,999,7.239130435,5101200,0.061401367,1,1,1
4935107,2021,deep_viz,annotated,0,520416.7059,5011347.529,0.0466813720703125,0.0318588226318359,0.02332745056,29.80366325,7.696099758,918,6.954545455,5101200,0.061401367,1,1,1
4935151,2021,deep_viz,annotated,0,520426.1364,5011794.894,0.0507101013183594,0.0730020202636719,0.02204545593,31.48610115,8.473731995,873,6.456521739,5101200,0.061004639,0.979797959,0.984848499,1.080808043
4935282,2021,dry,annotated,0,520471.5,5011539.026,0.0791701782226562,0.23684560546875,0.08546490479,54.79368973,19.05702019,423,5.7,5101200,-2.264160156,0.381180227,0.412280709,4.517543793
4935470,2021,dry,annotated,0,520543.625,5011256.375,0.0617013916015625,0.119154162597656,0.0844833374,121.9250641,11.00164413,648,4,83700,-0.42590332,0.281565666,0.919444442,5
4935570,2021,deep_viz,annotated,0,520596.0726,5011076.444,0.0384072570800781,0.0375935485839844,0.053,8.688242912,0.455396652,1116,8.086956522,83700,0.223052979,1,1,2.548387051
4935648,2021,dry,annotated,0,520631.6471,5011523.559,0.0683147033691406,0.144264709472656,0.1137514771,96.11550903,20.14640808,531,4.636363636,83700,-1.557159424,0.499360591,0.325735301,5
4935651,2021,deep_viz,annotated,0,520627.3469,5011406.786,0.0382673461914063,0.0340653076171875,0.01913469238,5.885318279,0.113486238,882,7,83700,0.223052979,1,1,1.53061223
4935652,2021,deep_viz,annotated,0,520628.3317,5011254.757,0.0376990112304688,0.0325554443359375,0.02071089172,6.516624451,0.545652092,909,6.586956522,83700,0.223052979,1,1,3.000000238
4935833,2021,dry,annotated,0,520703.1117,5011442.985,0.0740543701171875,0.155537866210937,0.08169902344,83.89367676,14.22215748,747,4.828125,83700,-1.092254639,0.676464975,0.673786461,5
4932323,2021,dry,annotated,0,519811.2692,5013160.731,0.0751673095703125,0.151357690429687,0.08666730957,125.7043076,9.378107071,297,2.6,73800,-0.666107178,0.127926424,0.846153855,4.884615421
4934051,2021,dry,annotated,0,520136.7115,5013949.962,0.0708128234863281,0.167821789550781,0.02428846436,119.4866943,22.22902489,540,5.85,2700,-0.121398926,0.008547009,0.134188041,5
4934377,2021,co_precise,annotated,1,520226.6949,5015037.025,0.0337338989257812,0.077735595703125,0.07942711182,141.8108521,2.584960222,1062,6.807692308,54000,-0.213470459,0.066175066,0.716949165,5
4934597,2021,dry,annotated,0,520281.2538,5014997.008,0.0992007690429688,0.2428130859375,0.05830153809,91.07366943,8.037484169,261,6.964285714,54000,-1.243133545,0.008741259,0.308974355,5
4935168,2021,dry,annotated,0,520437.3235,5014977.206,0.0954294128417969,0.277031372070312,0.03303823242,91.90563965,3.630015135,306,4.78125,54000,-1.384094238,0.026292335,0.207516342,5
4931724,2021,co_precise,annotated,1,519761.74,5015636.74,0.0323980010986328,0.0758539978027344,0.02395666504,155.97995,1.853367686,1314,8.333333333,7200,0.015533447,0.175555557,0.628666699,5
4934264,2021,dry,annotated,0,520199.4533,5015813.93,0.0806719604492187,0.27447197265625,0.0476486084,70.96221161,1.883208275,135,6.173076923,5400,-1.825195313,0,0.151401877,5
4934280,2021,hugo_precise,annotated,1,520204.2345,5016203.296,0.0244681411743164,0.0552761047363281,0.0352858429,80.66179657,8.746746063,639,7.0625,69300,0.160491943,0.081878826,1,5
4934375,2021,dry,annotated,0,520231.753,5016111.633,0.0763915649414063,0.239675903320312,0.1230433716,94.6024704,9.036887169,459,4.611111111,69300,-0.297698975,9.64e-4,0.38072288,5
4934813,2021,dry,annotated,0,520341.8276,5016137.793,0.0820181030273437,0.25246982421875,0.1467103516,94.78814697,3.283498287,1044,6.444444444,69300,-0.423370361,0.008275862,0.603448272,5
4935117,2021,dry,annotated,0,520418.15,5016171.55,0.0788216674804687,0.250221655273437,0.1740233276,98.96710968,7.622457027,441,3.6,69300,-0.087402344,0.006250001,0.204166666,5
4934288,2021,dry,annotated,0,520207.5763,5019304.551,0.0735771179199219,0.247201684570312,0.07735168457,75.05404663,2.381225586,162,7.08,27000,-3.858337402,0.006101695,0.02542373,5
4934704,2021,dry,annotated,0,520321.6714,5019475.329,0.0683285705566406,0.147640002441406,0.1458257202,148.3361816,6.262814999,279,2.1,27000,-0.612426758,0.29740262,0.661904752,5
4934730,2021,dry,annotated,0,520335.8306,5019381.508,0.0811842956542969,0.231557861328125,0.04889501953,96.66265106,16.70631599,297,5.338235294,27000,-1.911834717,0.176371157,0.315427005,4.834710598
4927030,2021,dry,annotated,0,519241.3977,5019419.455,0.0854613647460938,0.248298852539063,0.04952841797,70.079216,3.547625542,144,4.888888889,52200,-3.625549316,0.118881106,0.090909094,4.818181992
4928571,2021,dry,annotated,0,519412.428,5019421.14,0.0733127990722656,0.22937919921875,0.021752807620000002,70.76330566,5.028873444,387,5.859375,52200,-1.851593018,0.328363627,0.275200009,4.656000137
4928579,2021,dry,annotated,0,519426.18,5019534.98,0.0880506652832031,0.225917333984375,0.07561333008,128.5485687,14.46821785,342,3.308823529,52200,-1.053039551,0.092057973,0.298666686,5
4925375,2021,hugo_precise,annotated,1,519068.5413,5019686.442,0.0220487609863281,0.0547595031738281,0.08579586792,73.66449738,4.198256016,1089,7.5625,32400,0.274505615,0.07757096,0.986776829,4.561983585
4923977,2021,dry,annotated,0,518914.6698,5019597.425,0.0669811340332031,0.147554711914062,0.1808566162,90.40881348,3.004425526,288,2.564516129,32400,-0.208770752,0.020440252,0.920754671,5
4924760,2021,dry,annotated,0,519009.0918,5019571.347,0.0838775512695313,0.248117358398437,0.07899387207,91.42854309,3.253924608,594,5.88,32400,-0.324401855,0.009230769,0.646938741,5
4926208,2021,dry,annotated,0,519155.8895,5019666.174,0.0832031555175781,0.255161059570312,0.05462314453,91.69829559,3.190665483,738,5.9375,32400,-0.276031494,0.037473682,0.805263162,5
4917428,2021,co_precise,annotated,1,516396.839,5019624.89,0.0417805084228516,0.0544906799316406,0.01947627258,86.66039276,6.72475338,1062,7.375,45900,0.110290527,0.339458972,1,4.237287998
4917521,2021,dry,annotated,0,516443.2647,5019650.147,0.0886333312988281,0.181145092773437,0.1038058777,107.320015,12.65426826,180,2.637931034,45900,-0.182830811,0,0.345098048,5
4911174,2021,dry,annotated,0,510304.7596,5019590.221,0.0705269226074219,0.176845190429687,0.03939519043,138.3671875,12.53298473,369,4.875,5400,-0.263519287,0,0.278846145,5
4909986,2021,dry,annotated,0,509836.7288,5019233.161,0.0693601684570312,0.151475427246094,0.02264830322,128.8210297,9.078870773,270,4.11627907,14400,0.053466797,0,0.690677941,5
4910127,2021,dry,annotated,0,509885.82,5019270.15,0.107898999023437,0.23546201171875,0.03550998535,121.1878586,22.10048676,243,5.555555556,14400,-0.55078125,0,0.079999998,5
4910177,2021,dry,annotated,0,509897.7203,5019327.992,0.060735595703125,0.135433898925781,0.04634745483,149.3910522,2.927015066,468,2.765625,14400,-0.112243652,0,0.881355941,5
4905501,2021,co_precise,annotated,1,507692.5068,5019726,0.042171917724609403,0.0784513671875,0.0390630188,127.0024872,24.29620743,1314,7.821428571,31500,-0.099182129,0.163059354,0.646118701,5
4905223,2021,em_veg,annotated,0,507516.8382,5019687.772,0.0827720581054688,0.178285290527344,0.05709632568,108.6907349,31.66458321,504,5.666666667,31500,-0.178649902,0.043158565,0.54411763,5
4905271,2021,dry,annotated,0,507547.6429,5019640.786,0.0992580932617188,0.217640942382813,0.05521999512,91.340065,17.88405418,108,6.3,31500,-0.328704834,0,0.245238096,5
4905295,2021,em_veg,annotated,0,507554.4718,5019734.134,0.0730253540039063,0.155028173828125,0.05569155273,113.2052536,47.29265213,639,4.840909091,31500,0.137969971,0.13822858,0.035211269,5
4905342,2021,em_veg,annotated,0,507602.3507,5019666.896,0.0942701477050781,0.204170153808594,0.04517536621,101.8209076,21.1235733,657,6.931034483,31500,-0.006408691,0.083035909,0.356343269,5
4905446,2021,dry,annotated,0,507656.9348,5019614.804,0.100328259277344,0.201717395019531,0.05489782715,63.21615601,30.61522675,189,2.379310345,31500,-0.572113037,0,0.505434811,5
4905566,2021,dry,annotated,0,507725.3906,5019711.844,0.1027296875,0.2155734375,0.0684296875,90.3303299,45.34120178,144,3.428571429,31500,-0.643432617,0.01,0.0625,5
4902283,2021,co_precise,annotated,1,503321.5244,5019710.183,0.0430016265869141,0.0742032531738281,0.1113276428,101.0976639,25.75945663,1107,6.833333333,12600,0.193969727,0.360310435,0.991869926,5
4902165,2021,dry,annotated,0,503238.8824,5019685.765,0.102277941894531,0.206158813476563,0.01442647705,133.5841217,6.747852325,135,2.914285714,12600,-0.594940186,0,0.455882341,5
4902308,2021,dry,annotated,0,503346.0133,5019663.518,0.116712390136719,0.218952221679688,0.05384691162,111.7601166,19.97214127,234,5.136363636,12600,-0.955780029,0.010458568,0.230088487,5
4899399,2021,em_veg,annotated,0,494079.1364,5016503.045,0.0606454528808594,0.128627270507813,0.05172364502,141.7314148,7.523278713,495,3.75,85500,-0.267700195,0.245218411,0.668181837,4.999999523
4899496,2021,em_veg,annotated,0,494193.5847,5016284.949,0.100366101074219,0.25932373046875,0.03378305664,92.57759857,5.240507603,369,5.057142857,85500,-1.614746094,0.038849238,0.24011299,4.974576473
4899504,2021,em_veg,annotated,0,494199.1579,5016508.184,0.0733815795898437,0.160736840820313,0.03557631836,128.2730408,16.03011513,243,2.035714286,85500,-0.30166626,0.277984381,0.361842096,5
4899085,2021,dry,annotated,0,493739.5862,5016303.828,0.0712362060546875,0.158017236328125,0.06555516968,155.0947876,6.867643356,225,2.636363636,9000,-0.230224609,0,0,5
4899128,2021,dry,annotated,0,493783.3442,5016206.513,0.0687428588867187,0.156442858886719,0.08669610596,148.7812805,14.75145245,531,4.125,9000,-0.013031006,0.007083825,0.346320361,5
4899135,2021,dry,annotated,0,493781.3614,5016172.678,0.105445544433594,0.232004956054687,0.0690901001,125.603508,17.37352371,207,6.06,9000,-1.12878418,0,0.113861389,5
4897903,2021,dry,annotated,0,492646.1747,5016528.416,0.0782987976074219,0.23153251953125,0.02486989746,92.25942993,5.679603577,747,4.611111111,11700,-1.104187012,0.091790237,0.149397597,4.915662766
4897532,2021,dry,annotated,0,492168.3482,5016404.196,0.0964964294433594,0.261503564453125,0.0277875,103.1112747,3.740430832,180,6,10800,-0.950134277,0.008585165,0.089285716,5
4896624,2021,terrain,annotated,0,491441.9483,5016684.714,0.0489406890869141,0.0791572387695312,0.02776965332,28.38218689,4.137853146,1305,7.767857143,7200,0.338775635,0.702265561,0.842758656,4.289655209
4896721,2021,dry,annotated,0,491498.0727,5016687.109,0.0983645446777344,0.276360009765625,0.03512910156,78.46038055,2.09781909,117,6.346153846,7200,-3.377105713,0,0.047272727,5
4896382,2021,dry,annotated,0,491079.7174,5016723.717,0.0739492736816406,0.144246374511719,0.02752753906,110.6116714,74.79083252,360,3.234375,16200,-0.681854248,0.374133587,0.229468599,5
4896386,2021,dry,annotated,0,491088.6111,5016631.222,0.0678296325683594,0.14765185546875,0.005770361328,106.5217361,62.94220352,126,2.892857143,16200,-0.729980469,0.305555552,0.609567881,4.481481552
4895426,2021,dry,annotated,0,490304.9231,5016642.308,0.0663871765136719,0.144380773925781,0.04015897217,120.4121475,38.05774689,567,3.545454545,7200,-0.330566406,0.20063965,0.517094016,4.923077106
4895617,2021,dry,annotated,0,490435.2462,5016634.5,0.0675384643554687,0.133915380859375,0.03557537842,108.5210037,43.77245331,450,5.416666667,7200,-0.045135498,0.171906352,0.423076928,4.753846169
4892691,2021,dry,annotated,0,488774.7414,5016739.345,0.0609327575683594,0.11645,0.03378448486,125.3398972,27.37353134,513,3,27900,-0.512023926,0.204845309,0.931034505,4.741379261
4892798,2021,dry,annotated,0,488845.3125,5016695.7,0.0928099975585938,0.195573754882813,0.0559875,100.0988922,39.07501984,234,4.137931034,27900,-1.360168457,0,0.886458337,5
4892841,2021,dry,annotated,0,488865.8571,5016810.107,0.0623660705566406,0.120032141113281,0.036875,70.5096283,40.19219971,459,2.625,27900,0.073516846,0.308035702,0.449404776,4.964285851
4890689,2021,dry,annotated,0,487858.8853,5015997.812,0.0739660522460937,0.158357800292969,0.04501375732,114.4576569,65.6701889,450,4.418918919,816300,-0.817626953,0.233896673,0.819571853,4.706421852
4890929,2021,dry,annotated,0,488014.0227,5016031.943,0.0635465881347656,0.145730676269531,0.06370001221,137.012619,73.47744751,792,6,816300,-1.243591309,0.551435411,1,4.272727489
4891011,2021,deep_viz,annotated,0,488052.3571,5015904.786,0.0411600006103516,0.0431561889648438,0.05103809814,24.2080307,0.356661588,945,7.5,816300,0.133636475,1,1,2
4891446,2021,deep_viz,annotated,0,488229.1364,5016146.864,0.0419272735595703,0.0450313140869141,0.0507858551,26.91531944,0.515176535,891,7.425,816300,0.133636475,1,1,2
4891563,2021,dry,annotated,0,488288.5263,5016357.079,0.086823681640625,0.188705261230469,0.05842368164,134.359024,10.46701241,243,2.47826087,816300,-0.987457275,0.080200501,0.692982435,5
4891822,2021,deep_viz,annotated,0,488382,5016177,0.0423709991455078,0.0460510009765625,0.0499710022,27.97927475,0.281956851,900,7.5,816300,0.133636475,1,1,2
4885673,2021,shallow_viz,annotated,1,484605.9545,5015697.384,0.0519165283203125,0.0839942138671875,0.03911900635,148.5283813,3.913868904,990,7.26,1800,0.015899658,0.096563719,0.933884263,5
4885629,2021,hugo_precise,annotated,1,484602.7195,5015459.5,0.0462951232910156,0.0748243896484375,0.034857724,155.0730438,0.626821339,558,7.096153846,4500,0.13760376,0.026722293,0.696476936,5
4885594,2021,dry,annotated,0,484603.9426,5015405.779,0.08587705078125,0.187326232910156,0.1175983643,136.5256348,19.4646244,387,3.267857143,4500,-0.412445068,0.050000001,0.868852437,5
4884165,2021,em_veg,random_draw,0,484155.6429,5012849.755,0.0713387756347656,0.131278576660156,0.0425755127,92.52365875,21.38884354,450,5.25,60300,0.049285889,0.206449255,0.333333343,4.489795685
4884323,2021,em_veg,random_draw,0,484211.7132,5012751.375,0.05785,0.0707838256835937,0.01647720947,129.3319092,1.633800507,1224,7.555555556,60300,0.097808838,1,0.852941155,3.102941275
4884781,2021,em_veg,random_draw,0,484362.5727,5012704.227,0.0824663635253906,0.113283630371094,0.03482181396,90.4068985,21.74623871,990,5.689655172,60300,0.516998291,0.864024878,1,4.127272606
4885243,2021,em_veg,random_draw,0,484506.7192,5012631.185,0.0829561645507813,0.120827392578125,0.02771643066,87.70518494,29.28236389,648,4.055555556,60300,0.541320801,0.986923993,0.990867555,3.643835545
4885246,2021,em_veg,random_draw,0,484512.2368,5012793.184,0.12189912109375001,0.288458764648438,0.04777016602,101.4541168,13.77552509,315,5.34375,60300,-1.074798584,0.177746996,0.102339178,4.692982674
4885731,2021,em_veg,random_draw,0,484626.0135,5012730.149,0.0538945922851563,0.117730627441406,0.05031711426,105.6699371,5.80629015,171,5.203125,60300,0.609069824,0.116991997,0.723723769,5
4886640,2021,co_precise,annotated,1,484908.3896,5010143.844,0.0496525970458984,0.101545452880859,0.04774091187,105.597229,17.27231789,1386,7.965517241,325800,-0.140594482,0.137485757,0.601731598,5
4886334,2021,dry,annotated,0,484812.4385,5009789.7,0.075859228515625,0.248025390625,0.03849460449,72.01257324,2.960741997,549,7.222222222,325800,-2.369720459,0.001538462,0.015384615,5
4886446,2021,em_veg,annotated,0,484839.3,5009844.531,0.0493446166992188,0.0839138488769531,0.05214615479,104.6084747,13.07316017,585,4.875,325800,-0.109619141,0.27346155,1,5
4886515,2021,em_veg,annotated,0,484867.9667,5010159.767,0.0666788879394531,0.138161108398438,0.0254611084,108.6294937,24.76990891,810,4.821428571,325800,-0.142120361,0.014814815,0.06666667,4.999999523
4886626,2021,dry,annotated,0,484902.1442,5009817.837,0.0664086547851562,0.145936535644531,0.05518942261,98.86624146,4.523394108,909,6,325800,-0.144683838,0.160897449,0.605769217,5
4886746,2021,dry,annotated,0,484927.1163,5009976.907,0.0632081420898438,0.134311633300781,0.1277383728,98.56105804,6.905340195,774,4.607142857,325800,-0.298034668,0.091427274,0.666666687,5
4886819,2021,em_veg,annotated,0,484941.1512,5009752.523,0.0742232543945312,0.169078295898438,0.09528139648,98.50849915,3.346668482,1161,7.166666667,325800,-0.212432861,0.191989675,0.524547815,5
4888581,2021,deep_water,random_draw,0,485581.9554,5009819.25,0.05723125,0.113571423339844,0.03323571167,37.11540604,82.94254303,783,3.906976744,7200,0.028900146,0.660714269,0.610119045,3.928571463
4895375,2021,deep_viz,annotated,0,490245.06,5008917.132,0.0609888000488281,0.121159204101563,0.04744720459,130.0387878,18.95353699,423,6.944444444,3600,-0.115264893,0.056400001,0.738666654,5
4895379,2021,deep_viz,annotated,0,490247.8279,5009013.148,0.0587827880859375,0.0986901611328125,0.03537130737,115.2581863,26.38528061,981,7.32,3600,0.265533447,0.13153787,0.920081973,5
4895568,2021,shallow_viz,annotated,1,490392.4241,5005826.659,0.0560751708984375,0.130109655761719,0.07140827637,165.3822021,0.938378692,459,7.5,1800,0.009613037,0,0.940229893,5
4895291,2021,hugo_precise,annotated,1,490142.6333,5002684.656,0.0524985168457031,0.0981407409667969,0.1180207397,147.8265991,4.069596291,918,7.788461538,274500,-0.109741211,0.074579127,0.938888907,5
4894651,2021,dry,annotated,0,489777.9407,5002317.483,0.129433056640625,0.260150854492187,0.2080330566,110.4721527,6.792126179,693,6.555555556,274500,-0.522827148,0,0.826271176,5
4895094,2021,dry,annotated,0,490026.9063,5002503.281,0.0771583312988281,0.174073962402344,0.1017489624,118.6489639,34.81745529,864,5.538461538,274500,-1.637664795,0.396726221,1,4.739583492
4895248,2021,dry,annotated,0,490120.6475,5002219.795,0.082588525390625,0.225950830078125,0.1090786987,114.7863159,38.89115143,549,3.97826087,274500,-0.790710449,0,0.715847015,5
4895502,2021,co_precise,annotated,1,490361.2273,5002697.682,0.0571818176269531,0.125886364746094,0.05898485107,163.431015,0.74844569,963,5.5,4500,0.140106201,0,0.74747473,5
4895521,2021,dry,annotated,0,490366.1538,5002739.365,0.0823807678222656,0.186432690429687,0.07338269043,158.3865051,2.830861568,252,2.785714286,4500,-0.137237549,0,0.139423072,5
4895575,2021,dry,annotated,0,490398.84,5002712.76,0.0775299987792969,0.164642004394531,0.07839000244,160.9276123,0.700710595,378,2.34375,4500,-0.042449951,0,0.519999981,5
4895552,2021,co_precise,annotated,1,490389.1739,5002193.348,0.0499152160644531,0.115770288085938,0.03770290527,158.9928741,2.826408625,1197,7.392857143,45900,0.092834473,0.053623188,0.451690823,5
4895522,2021,dry,annotated,0,490361.8571,5002200.964,0.0844678588867187,0.2567380859375,0.03524643555,140.129364,10.13346958,369,4.5,45900,-0.253356934,0,0,5
4895808,2021,dry,annotated,0,490536.3837,5002466.163,0.0813488342285156,0.184061633300781,0.05674766846,147.0550995,5.749342442,342,3.486486486,45900,-0.118835449,4.84e-4,0.152131796,5
4895943,2021,dry,annotated,0,490630.0833,5002394,0.0823814819335938,0.187093518066406,0.053252771,104.1894073,39.88161087,243,5.785714286,45900,-1.107818604,0,0.113425933,5
4895461,2021,co_precise,annotated,1,490334.988,5001691.092,0.0439407989501953,0.0622848022460937,0.008592004395,84.83804321,12.67056179,1098,6.944444444,45900,0.314483643,0.263531715,0.763999999,4.544000149
4895597,2021,dry,annotated,0,490419.3148,5001723.463,0.0820777770996094,0.187872839355469,0.01965926514,91.05805969,16.70869446,414,4.189655172,45900,-1.131866455,0.025813693,0.42592594,5
4895833,2021,dry,annotated,0,490551.9815,5001742.833,0.0811962951660156,0.198138269042969,0.03334073486,108.6048203,23.17004585,621,4.339285714,45900,-1.016235352,0.304259241,0.42592594,5
4895857,2021,terrain,annotated,0,490570.212,5001715.62,0.0523591979980469,0.0963200012207031,0.009947198486,38.58198166,42.21535873,1125,6.465517241,45900,0.789886475,0.661960006,0.5,4.487999916
4895863,2021,dry,annotated,0,490568.5385,5001633.375,0.0893115356445312,0.193426928710938,0.05731730957,89.47590637,7.280835152,180,6.24,45900,-1.501495361,0.012204141,0.144230768,5
4894945,2021,co_precise,annotated,1,489949.2,5001743.49,0.0560859985351563,0.126525,0.08155799866,160.3648071,0.830962896,657,5.555555556,3600,-0.006103516,0.014545455,0.680000007,5
4894865,2021,dry,annotated,0,489919.0082,5001742.648,0.080065576171875,0.18067705078125,0.07721967773,145.5848236,8.286227226,144,2.859375,3600,-0.337158203,0,0.188524589,5
4986031,2021,hugo_precise,annotated,1,492672.0989,4971670.78,0.048057144165039103,0.0965483520507812,0.04957417603,143.9844208,5.274503231,1026,8.53125,42300,0.056427002,0.033490319,0.795604467,5
4986025,2021,dry,annotated,0,492669.3529,4971950.941,0.0794676452636719,0.167462744140625,0.1123607849,83.72718811,7.4771595,792,5.884615385,42300,-0.099761963,0,0.308823526,5
4986088,2021,dry,annotated,0,492725.8659,4971652.915,0.111639831542969,0.28272275390625,0.0562512207,115.073616,44.05947876,279,6.15,42300,-0.818969727,0.005420054,0.123577237,5
4986112,2021,dry,annotated,0,492742.0636,4971882.9,0.0780745483398437,0.179898181152344,0.08216363525,132.84729,27.66074753,378,2.75,42300,-0.04309082,0.065289259,0.560606062,5
5050778,2021,co_precise,annotated,1,493094.0172,4967352.724,0.0345827575683594,0.0869043090820313,0.03743016968,152.6260681,4.138053417,1044,6.692307692,30600,0.035247803,0.006269592,0.857142806,5
5050759,2021,dry,annotated,0,493058.1563,4967192.766,0.1077125,0.28033125,0.127140625,134.056366,14.07175636,576,4.173913043,30600,-0.366577148,0,0.479166657,5
5050773,2021,dry,annotated,0,493086.8721,4967436.872,0.0784232543945313,0.209876733398437,0.1282348755,141.4223938,7.910079479,243,2.224137931,30600,-0.156463623,0,0.698089659,5
5050851,2021,dry,annotated,0,493196.8676,4967362.147,0.0835955871582031,0.190497058105469,0.09057794189,116.3755493,27.81233978,126,3.090909091,30600,-0.139007568,0,0.395220578,5
5050729,2021,hugo_precise,annotated,1,492945.2176,4962609.126,0.0379083984375,0.0562442749023438,0.02168091431,134.3804932,20.70918274,1035,7.86,57600,0.031707764,0.24836423999999999,1,5
5050561,2021,dry,annotated,0,492770.3421,4962400.184,0.106196496582031,0.283678076171875,0.03743771973,93.40388489,12.63635635,198,6.333333333,57600,-1.261749268,0.009649122,0.123903506,5
5050594,2021,dry,annotated,0,492791.5667,4962528.367,0.07179111328125,0.174262219238281,0.1268977722,119.120224,24.5018959,252,2.177419355,57600,-0.260772705,0,0.291666657,5
5050615,2021,dry,annotated,0,492813.8265,4962680.051,0.0738367370605469,0.190104077148437,0.1123857056,93.56721497,16.37776756,126,2.296875,57600,-0.271270752,0,0.178571433,5
5050419,2021,dry,annotated,0,492513.0789,4957425.947,0.0835105285644531,0.22015263671875,0.1562710571,109.9990234,59.93858719,288,2.111111111,11700,-0.523956299,0.023507386,0.554511249,5
5050451,2021,dry,annotated,0,492572.3478,4957467.457,0.0749978271484375,0.169504345703125,0.1188782471,142.3293915,16.67334175,414,2.225806452,11700,-0.338470459,0.190611213,0.630434811,5
5050796,2021,hugo_precise,annotated,1,493116.3643,4950821.786,0.0437314300537109,0.0828414306640625,0.08220428772,130.6036987,25.00389862,1224,8.076923077,16200,0.014221191,0,0.835204124,5
5050775,2021,dry,annotated,0,493081.6622,4950839.676,0.104677026367187,0.229960815429687,0.1030567627,116.7353668,30.52216721,198,4.44,16200,-0.387878418,0,0.305019319,5
5050856,2021,dry,annotated,0,493199.0938,4950782.469,0.0852572937011719,0.177119787597656,0.0269208374,112.3288879,33.8361702,558,5.76,16200,-0.803100586,0,0.458333343,5
5050905,2021,dry,annotated,0,493274.0821,4950724.903,0.0794074645996094,0.181297009277344,0.1260089478,122.1168289,36.08864594,243,3.045454545,16200,-0.116027832,0,0.594882727,5
5050542,2021,co_precise,annotated,1,492737.8636,4949501.381,0.0317874114990234,0.0521307678222656,0.01822796936,80.59966278,7.83944273,1287,7.944444444,39600,0.17855835,0.20951584,0.994006038,5
5050527,2021,dry,annotated,0,492704.9839,4949409.048,0.0869129028320312,0.241217211914063,0.0178612793,114.2229996,4.17675209,648,4.5,39600,-1.316101074,0.011947432,0.267281145,5
5050581,2021,dry,annotated,0,492798.4643,4949559.607,0.0646702392578125,0.147236901855469,0.0834333313,135.5885925,3.286713123,756,3.6,39600,-0.209136963,0,0.6853742,5
5050619,2021,dry,annotated,0,492816.3358,4949530.007,0.0927492553710938,0.205023876953125,0.05750297852,125.5577774,10.1536026,504,3.140625,39600,-0.333557129,0,0.637526631,5
5050800,2021,hugo_precise,annotated,1,493115.0182,4947426.491,0.0540645446777344,0.126678186035156,0.05721273193,136.4939423,24.7199192,990,6.346153846,9900,-0.00100708,0,0.982954562,5
5050780,2021,dry,annotated,0,493091.7,4947458.045,0.0942854553222656,0.192581823730469,0.08557636719,131.3322906,34.06051636,153,3.055555556,9900,-0.08895874,0,1,5
5050786,2021,dry,annotated,0,493096.3667,4947397.167,0.0786599975585937,0.176233337402344,0.05036000977,121.865654,42.40405655,297,2.596153846,9900,-0.101226807,0,0.719444454,5
5050843,2021,dry,annotated,0,493184.1667,4947430.167,0.0712222229003906,0.147584130859375,0.0442888916,151.3196564,7.164953232,144,2.953125,9900,-0.068786621,0,0.670351505,5
5048913,2021,shallow_viz,annotated,1,491149.7477,4943654.436,0.0566963317871094,0.120068811035156,0.07130733643,86.3840332,2.603401184,747,5.839285714,4500,0.0675354,0,0.933158576,5
5048929,2021,hugo_precise,annotated,1,491169.8143,4943552.871,0.0570847595214844,0.113418090820312,0.07624190674,93.30278778,17.14500427,450,6.3,4500,-0.01373291,0,0.965986431,5
5048881,2021,dry,annotated,0,491121.5795,4943621.318,0.0936227294921875,0.201021594238281,0.03802613525,132.273819,6.022721767,171,4.4,4500,-0.207397461,0,0.730519474,5
5048960,2021,dry,annotated,0,491193,4943608.154,0.0783607666015625,0.1691376953125,0.0381053833,123.3681793,14.65189934,504,5.735294118,4500,-0.32409668,0,0.569230795,5
5049218,2021,hugo_precise,annotated,1,491424.8273,4942712.573,0.059127880859375,0.134134545898438,0.03081151123,147.1556549,4.382927895,1242,7.734375,3600,0.067626953,0,1,5
5049189,2021,dry,annotated,0,491392.9286,4942723.886,0.0828428588867187,0.185702856445313,0.03231000977,149.799408,2.531423569,162,4.038461538,3600,-0.07244873,0,1,5
5049261,2021,dry,annotated,0,491469.9958,4942692.618,0.102205883789062,0.2446193359375,0.01242185059,134.3982391,12.63759613,180,6.375,3600,-0.340026855,0,0.375750303,5
5044585,2021,deep_water,random_draw,0,487986.9356,4941190.797,0.0298910888671875,0.0469603973388672,0.01229505005,35.56942749,31.088504790000002,909,6.586956522,550800,0.077697754,1,1,3
5045284,2021,deep_water,random_draw,0,488592.1931,4941225.342,0.0329425750732422,0.0480475250244141,0.01867128906,12.33026695,0.555369556,909,6.3125,550800,0.175384521,0.998957753,0.997171164,2.861386061
5045470,2021,deep_water,random_draw,0,488710.6339,4941101.063,0.0280151794433594,0.0461991058349609,0.01159910583,13.28461742,1.08728826,1008,7.304347826,550800,0.135772705,1,1,1.589285731
5046135,2021,deep_water,random_draw,0,489095.3609,4941011.465,0.0310921752929687,0.04488173828125,0.009927825928,12.90747261,0.586548924,1035,6.9,550800,0.175384521,0.997711658,0.993788779,1.860869527
5046227,2021,deep_water,random_draw,0,489155.0327,4941159.939,0.0308214965820312,0.0362850463867187,0.01128598328,11.63066006,0.557684541,963,6.42,550800,0.175384521,1,1,1
5046419,2021,deep_water,random_draw,0,489251.85,4941129.6,0.0293940002441406,0.0341239990234375,0.01099599915,11.92184925,0.617989182,900,6.818181818,550800,0.175384521,1,1,1
5046479,2021,deep_water,random_draw,0,489281.6563,4941039.156,0.02803125,0.03341875,0.01185416565,11.86136723,0.619332433,864,6.545454545,550800,0.175384521,1,1,1
5046531,2021,deep_water,random_draw,0,489313.1107,4940885.233,0.0307366424560547,0.0458427490234375,0.01005725403,12.32000923,0.628503919,1179,8.1875,550800,0.175384521,1,1,1.656488538
5046564,2021,deep_water,random_draw,0,489339.4091,4941185.284,0.0363363647460938,0.0695272705078125,0.01393863525,21.72225571,24.14936447,792,5.739130435,550800,0.10357666,0.875598073,0.728896081,4.181818008
5046761,2021,deep_water,random_draw,0,489432.1286,4941130.186,0.0319180938720703,0.0410295227050781,0.01727333374,13.1068964,0.555660665,945,6.5625,550800,0.175384521,1,1,1.304761887
7042778,2021,dry,annotated,0,486751.3966,4939631.328,0.10820517578125,0.239227587890625,0.05114482422,76.48447418,10.34541225,459,3.625,15300,-0.741027832,0.470210731,0.255747139,4.448276043
7024037,2021,dry,annotated,0,483008.9828,4926002.19,0.0803,0.259431030273438,0.129225293,117.6420975,36.8927536,216,4.078125,4500,-0.340454102,0.029038111,0.211822659,5
7024180,2021,co_precise,annotated,1,483108.1721,4924979.852,0.0330795074462891,0.0816975402832031,0.1974188416,138.9731598,11.54583931,441,6.777777778,259200,0.077392578,0.237865657,0.640983641,5
7023765,2021,terrain,annotated,0,482768.7581,4924809.677,0.0506,0.126169360351563,0.08577097168,101.9351959,95.31519318,558,2.735294118,259200,-0.431213379,0.776209652,0.895161271,3.85483861
7024062,2021,terrain,annotated,0,483009.4884,4924589.651,0.0391906982421875,0.0827069763183594,0.05985930786,74.81018829,43.55566788,774,5.375,259200,0.216796875,0.581548333,0.93521589,4.5
7024085,2021,dry,annotated,0,483039.5909,4925339.75,0.0800287902832031,0.32017802734375,0.05074924316,142.6175385,5.432404995,585,7.333333333,259200,-1.306091309,0,0.011363637,5
7024188,2021,dry,annotated,0,483110.1563,4924916.125,0.08329375,0.25558125,0.0531927002,134.4248962,14.81028843,747,5.333333333,259200,-0.674743652,0.088465072,0.050347224,5
7024200,2021,dry,annotated,0,483135.1667,4925222.985,0.0789979797363281,0.317418188476563,0.07714543457,138.7341309,9.179477692,360,6.75,259200,-1.600280762,0.001063264,0,5
7037928,2021,dry,annotated,0,483729.7308,4921762.679,0.0766333312988281,0.24975556640625,0.05389230957,117.0614853,29.20471573,414,6.75,501300,-4.598999023,0.191697195,0.247863248,4.743589878
7038116,2021,em_veg,annotated,0,483877,4922545.765,0.0585137268066406,0.106689221191406,0.1541107788,99.02842712,13.1571188,918,4.5,501300,-0.916381836,0.202147529,0.988795519,5
7038163,2021,dry,annotated,0,483906.7963,4921858.722,0.0725864196777344,0.227460498046875,0.05484074707,110.2429581,28.65074539,459,4.339285714,501300,-1.799926758,0.35061729,0.419753075,4.358024597
7038448,2021,dry,annotated,0,484113.0217,4922126.935,0.069895654296875,0.19546376953125,0.0489333252,96.52902222,65.0305481,441,4.5,501300,-1.928833008,0.579710126,0.56935817,4.246376991
7038490,2021,em_veg,annotated,0,484130.5882,4922279.794,0.065562744140625,0.153682348632812,0.08080097656,91.15034485,23.49774742,855,4.5,501300,-0.623352051,0.560448885,0.837534964,4.0686273570000004
7024307,2021,em_veg,random_draw,0,483371.4333,4919763.1,0.0651255554199219,0.15844111328125,0.020777771,94.8563385,54.82719803,765,4.21875,14400,-0.083190918,0,0.008888889,5
7024426,2021,em_veg,random_draw,0,483464.777,4919697.264,0.0616966186523438,0.160212158203125,0.08270878906,92.220870970000007,49.11394501,1152,6.9375,14400,0.065551758,0.031081082,0.103603601,5
7024476,2021,em_veg,random_draw,0,483490.1075,4919802.659,0.0854962646484375,0.228414013671875,0.03540935059,93.18065643,47.66580582,252,5.35,14400,0.044311523,0,0,5
7024482,2021,dry,annotated,0,483487.6685,4919311.938,0.0717067443847656,0.249207861328125,0.07736516113,117.9726334,109.2491531,198,4.767857143,9000,-0.921142578,0.143110588,0.290262163,5
7024483,2021,terrain,annotated,0,483491.277,4919279.126,0.0385374114990234,0.108543884277344,0.0257848877,66.10727692,64.80810547,1035,6.318181818,9000,0.108215332,0.400814116,0.654676259,4.568345547
7024560,2021,terrain,annotated,0,483552.8014,4919291.527,0.0311342468261719,0.08429931640625,0.01549725952,93.17504883,42.89514542,1314,7.3,9000,0.276489258,0.346070647,0.520547926,4.8904109
7024587,2021,dry,annotated,0,483561.4375,4919326.938,0.07,0.234625,0.0507510498,132.873291,94.25074005,765,4.8,9000,-0.536437988,0,0.147569448,5
7024516,2021,dry,annotated,0,483525.1341,4913141.988,0.107653662109375,0.285410571289062,0.1887878052,130.4407196,9.499560356,126,5.271428571,2700,-0.129699707,0.001626016,0.102206737,5
7024478,2021,dry,annotated,0,483488.8263,4912602.363,0.0677536865234375,0.180021057128906,0.09038632813,99.5411377,131.5040741,855,5.480769231,17100,-1.159301758,0.233173832,0.882706761,4.947368622
7035843,2021,co_precise,annotated,1,483435.6429,4909980.051,0.0442639465332031,0.0992619018554688,0.1965863892,142.2568359,26.28767967,1116,6.485294118,55800,-0.379760742,0.096209913,0.290208936,5
7035735,2021,dry,annotated,0,483317.6667,4909800.083,0.0896027770996094,0.251654174804687,0.03776804199,109.194313,21.88794136,234,3.724137931,55800,-1.001525879,0.015277777,0.224206358,4.972222328
7035792,2021,dry,annotated,0,483373.6071,4909708.125,0.0749767883300781,0.222975,0.04663571777,108.6708755,16.99245834,252,3,55800,-1.335266113,0.100000001,0.392857134,4.625
7035925,2021,dry,annotated,0,483584.4643,4909760.946,0.0575410705566406,0.162725,0.098325,109.5336685,52.43875122,504,2.896551724,55800,-0.543334961,0.206632659,0.589285731,4.875
7140723,2021,dry,annotated,0,483755.7115,4909016.481,0.0818519226074219,0.212082690429687,0.05414230957,132.7457733,12.71822548,351,2.4375,10800,-0.048095703,0.015886288,0.060897436,5
7140739,2021,terrain,annotated,0,483785.3609,4907649.743,0.0464921752929688,0.119553918457031,0.04417130127,59.20637894,42.09397888,315,7.1875,900,0.074279785,0,0.447826087,5
7140805,2021,dry,annotated,0,483936.1395,4906979.581,0.0845174438476562,0.353510473632813,0.03920231934,120.7890549,10.40522957,198,4.961538462,517500,-2.065551758,0.024363235,0.127906978,5
7140820,2021,dry,annotated,0,483954.7857,4906804.786,0.0760142883300781,0.205388891601563,0.1009222168,112.6346283,19.07997704,549,3.048387097,517500,-0.462646484,0.115566708,0.878306866,5
7141324,2021,dry,annotated,0,484293.8667,4907341.867,0.0794555541992188,0.207342211914062,0.1422589111,105.9130936,8.543399811,324,5.625,517500,-0.333129883,0,0.111111112,5
7035852,2021,dry,annotated,0,483436.1,4902560.75,0.0758775024414062,0.215774169921875,0.1229533203,132.2109375,14.28030777,1080,6.923076923,23400,-0.039916992,0,0.547222197,5
7035879,2021,dry,annotated,0,483483.7437,4902502.273,0.0921831909179688,0.235381518554688,0.1037747803,139.8042603,11.89336872,225,6.375,23400,-0.068481445,0,0.215126052,5
7035914,2021,dry,annotated,0,483558.0545,4902654.164,0.100918182373047,0.246160009765625,0.03866181641,106.1342392,39.2297554,657,5.689655172,23400,-0.019042969,0,0.354545444,5
7035881,2021,dry,annotated,0,483484.4211,4896533.789,0.0793464904785156,0.2889447265625,0.09009296875,100.6581573,25.11269188,171,5.516129032,900,-1.953918457,0.023809524,0.071428567,5
7035726,2021,terrain,annotated,0,483280.3889,4894850.567,0.0578066650390625,0.1244,0.1248940918,45.96868896,20.07500267,720,6.532258065,1800,0.19329834,0.032510288,0.617989421,5
8656049,2021,hugo_precise,annotated,1,493565.9786,4814348.957,0.0552714294433594,0.107819287109375,0.1581200073,68.77323151,9.359101295,954,7.24137931,7200,0.028259277,0,0.560714304,5
8656017,2021,dry,annotated,0,493504.0781,4814292.281,0.0954078125,0.201528125,0.1160171875,73.82583618,12.53601646,360,3.692307692,7200,0.028259277,0,0.853515625,5
8656026,2021,dry,annotated,0,493534.7202,4814351.601,0.0641944946289063,0.136799084472656,0.1533220093,79.67167664,9.219065666,162,5.109375,7200,0.028289795,0,0.698394477,5
8656087,2021,dry,annotated,0,493625.105,4814320.828,0.090615966796875,0.285942846679688,0.03501933594,110.5042114,6.648484707,297,5.95,7200,-1.268188477,0,0.055462185,5
8657729,2021,dry,annotated,0,495344.9262,4811918.533,0.0786377075195313,0.214421313476562,0.09887868652,110.1056976,14.67014503,504,3.97826087,729000,-1.354522705,0.327868849,0.540983617,4.8852458
8658320,2021,dry,annotated,0,495612.1622,4811732.635,0.0565945922851563,0.101754052734375,0.1899716309,68.0091095,19.8288002,666,4.826086957,729000,-0.423522949,0.696821809,0.755255282,3.635135174
8658574,2021,dry,annotated,0,495718.6406,4811948.672,0.1036875,0.3063390625,0.0386859375,115.1255722,4.664744854,900,7.111111111,729000,-3.281158447,0,0,5
8657834,2021,hugo_precise,annotated,1,495397.8885,4811672.147,0.04438129577636719,0.06296978149414062,0.2331669128,38.24959564,2.227958202,1251,7.722222222,729000,-0.304321289,0.548910618,0.972022355,4.25179863
8663517,2021,dry,annotated,0,498360.1842,4811084.816,0.0497140350341797,0.140680700683594,0.1958491333,117.9013672,55.00143051,288,2.671875,121500,-0.321228027,0.29728508,0.340510339,5
8664340,2021,em_veg,annotated,0,498608.3797,4810982.222,0.0454789459228516,0.113087963867188,0.2473992432,115.082634,46.25561523,1197,6.435483871,121500,0.38482666,0.372443408,0.876775265,5
8664601,2021,dry,annotated,0,498721.2619,4811118.738,0.08350634765625,0.232247607421875,0.06618730469,75.03886414,10.34126377,297,2.7,121500,-0.655761719,0.012400794,0.487301558,5
8664605,2021,dry,annotated,0,498719.8065,4810976.903,0.083373388671875,0.290864526367188,0.07081291504,125.4864655,10.33881283,450,5.314285714,121500,-1.093505859,0.104080506,0.2887097,5
8665118,2021,em_veg,annotated,0,498938.8,4811370.3,0.0759811096191406,0.2147,0.07168222656,100.4186935,25.09124374,243,4.655172414,8100,-0.172851563,0,0,5
8665242,2021,em_veg,annotated,0,499008.7294,4811363.546,0.0490862396240234,0.133022021484375,0.1120963379,116.5678864,34.60640717,693,6.8125,8100,0.050109863,0.068195723,0.086264014,5
8665243,2021,em_veg,annotated,0,499015.9248,4811296.314,0.0502327423095703,0.150678759765625,0.1033177002,98.73913574,25.29864883,1017,5.844827586,8100,0.096069336,0.177553445,0.32546705,5
8665319,2021,dry,annotated,0,499061.3158,4811353.684,0.0838526306152344,0.2093447265625,0.0478473877,70.09960175,14.96848583,126,5.029411765,8100,-0.43536377,0.008187135,0.165692002,5
8665848,2021,co_precise,annotated,1,499268.2263,4811352.363,0.0418178955078125,0.0888599975585938,0.1448189575,82.69515991,12.79885006,684,5.089285714,16200,-0.237792969,0.02829764,0.199883029,5
8665774,2021,dry,annotated,0,499229.5882,4811318.853,0.0617039245605469,0.1378990234375,0.1028696045,69.24007416,8.552563667,360,5.1,16200,-0.613342285,0.002614379,0.279411763,5
8665842,2021,dry,annotated,0,499269.7683,4811227.354,0.0807073181152344,0.173378051757813,0.05016096191,66.82347107,21.87849045,180,2.120689655,16200,-0.602966309,0.048780486,0.546341479,5
8665955,2021,dry,annotated,0,499319.4184,4811358.643,0.0603142883300781,0.142804077148438,0.1066897949,70.9122467,11.33910847,198,2.826923077,16200,-0.663513184,0.03096411,0.244671211,5
8666540,2021,em_veg,random_draw,0,499539.51,4811466.84,0.0642359985351563,0.166075,0.09121298828,89.51108551,47.84896851,702,4.411764706,9000,0.028076172,0.192129612,0.294444442,5
8666791,2021,em_veg,random_draw,0,499676.9272,4811435.694,0.0863640747070313,0.246740771484375,0.03525825195,103.3215714,44.97458267,144,4.065789474,9000,-0.210327148,0.00554785,0,5
8670859,2021,dry,annotated,0,501811.1111,4811613.889,0.0692814819335937,0.160253698730469,0.157577771,121.6144333,37.78280258,387,2.892857143,118800,-0.207000732,0.18965517,0.397530884,4.925925732
8671696,2021,dry,annotated,0,502092.9793,4811677.723,0.0688090881347656,0.17582314453125,0.1227462891,92.89527893,32.59333801,1071,6.722222222,118800,-0.42288208,0.01146361,0.535123944,5
8672181,2021,dry,annotated,0,502260.3228,4811559.968,0.0606113952636719,0.124588610839844,0.159992395,91.38827515,53.6502533,711,5.152173913,118800,-0.589599609,0.980318546,1,3.949367046
8671858,2021,co_precise,annotated,1,502148.7857,4811525.214,0.04618381042480469,0.05101142883300781,0.2314723846,58.93112946,5.977528095,945,7.5,118800,0.162261963,0.736672163,1,4.400000095
8675193,2021,dry,annotated,0,505749.25,4811447.95,0.0901866638183594,0.30409833984375,0.02614831543,91.87671661,15.46893883,495,4.5,2700,-1.433044434,0,0.229166672,5
8575117,2021,co_precise,annotated,1,511902.4381,4821127.819,0.0604336303710937,0.103630090332031,0.1905336304,131.6511383,7.512893677,990,6.277777778,8127900,-1.058258057,0.270868152,0.91592919800000006,5
8573823,2021,deep_viz,annotated,0,511481.5606,4821188.924,0.0549393920898437,0.04526767578125,0.03937474976,15.89316177,0.618066192,891,7.071428571,8127900,0.095947266,1,1,1
8575104,2021,dry,annotated,0,511894.7,4821453.267,0.0701299987792969,0.132821105957031,0.143115564,109.1008453,4.792636871,810,4.5,8127900,-1.300720215,0.007246377,1,5
8575137,2021,dry,annotated,0,511908.7192,4821541.87,0.0668863037109375,0.135128771972656,0.1287739624,100.3879776,8.425616264,657,4.38,8127900,-1.287506104,0,0.90867579,5
8681359,2021,deep_viz,annotated,0,511208.8689,4820194.879,0.0532427185058594,0.0411242706298828,0.1938747528,108.6235657,16.69945908,927,6.4375,8127900,-0.953643799,0.521780491,1,4.660194397
8681727,2021,deep_viz,annotated,0,511362.1333,4819179.3,0.0653033325195312,0.0469177764892578,0.03278888855,22.87729836,0.603138804,810,5.869565217,8127900,0.09677124,1,1,1
8682472,2021,dry,annotated,0,511776.178,4819478.186,0.0906110168457031,0.293938989257812,0.06365593262,79.06005859,10.56927204,153,5.9,8127900,-1.757110596,0,0.304237306,5
8682651,2021,dry,annotated,0,511990.2521,4819895.442,0.0768768615722656,0.159386779785156,0.07916529541,83.70885468,17.85578346,837,6.482142857,12600,-0.012329102,0,0.985537171,5
8682707,2021,dry,annotated,0,512049.0109,4819834.697,0.0720832092285156,0.15229853515625,0.130127002,145.6955719,2.09728694,1224,5.708333333,12600,-0.042114258,0,0.99562043,5
8682734,2021,dry,annotated,0,512079.25,4819929.775,0.0786375,0.161309167480469,0.09763416748,126.4432068,20.41700172,918,6.428571429,12600,-0.043731689,0,0.939999938,5
8597160,2021,co_precise,annotated,1,522819.734,4824606.479,0.0499638305664062,0.127411706542969,0.1536840454,100.6510162,7.220631599,846,5.875,27000,0.232116699,0.007092198,0.815602839,5
8597077,2021,dry,annotated,0,522724.9432,4824606.068,0.0611306823730469,0.19535,0.11685,86.3822937,5.529131413,540,5.739130435,27000,-0.200805664,0,0.662878811,5
8597135,2021,dry,annotated,0,522789.6089,4824667.649,0.0588405944824219,0.190741589355469,0.1003415894,80.08547211,8.308383942,216,5.826923077,27000,-0.201477051,0.001365654,0.232123211,5
8597141,2021,dry,annotated,0,522792.1774,4824602.403,0.0575795715332031,0.163438708496094,0.09945269775,83.56440735,13.71825123,837,6.065217391,27000,-0.417022705,0.232648626,1,5
8598745,2021,hugo_precise,annotated,1,523929.6163,4825959.756,0.0573472839355469,0.115063562011719,0.2033434204,104.1260071,7.044688702,1161,6.672413793,16200,0.132110596,0.029938519,0.995155036,5
8598573,2021,dry,annotated,0,523829.7994,4825999.328,0.0806038208007813,0.21223056640625,0.1397987305,103.8397141,15.90361595,1251,6.197368421,16200,-0.099456787,0,0.651387632,5
8598755,2021,dry,annotated,0,523954.6111,4825901.722,0.0745296325683594,0.21600556640625,0.1224092529,111.3643646,19.91059303,486,3.375,16200,-0.113586426,0.020987656,0.342592597,5
8598835,2021,dry,annotated,0,524018.0607,4825935.322,0.0892364501953125,0.275651391601562,0.07185703125,120.0800247,29.60639763,162,4.863636364,16200,-0.394165039,0.023203352,0.160213619,5
8599515,2021,dry,annotated,0,524406.2069,4826080.655,0.0589862060546875,0.166334484863281,0.2220155151,136.197403,31.88876534,441,3.222222222,52200,-0.216278076,0.027767695,0.721674919,5
8599587,2021,dry,annotated,0,524491.7124,4825956.438,0.0843238952636719,0.332021240234375,0.1883247803,95.798660279999993,27.46257591,270,5.844827586,52200,-0.96081543,0.042182893,0.176991165,5
8599627,2021,dry,annotated,0,524523.2603,4826315.938,0.0961628112792969,0.28150166015625,0.09177353516,131.9168243,12.54249096,351,6.482142857,52200,-0.236480713,0.023074001,0.513577342,5
8601518,2021,shallow_viz,annotated,1,525838.9074,4826169.667,0.04936728515625,0.150074694824219,0.1573685181,101.6265335,9.606343269,1458,8.379310345,18900,0.042755127,0,0.784832478,5
8601504,2021,dry,annotated,0,525817.125,4826099.906,0.0672421875,0.19530625,0.1302484375,99.60334015,3.591894627,144,3.692307692,18900,-0.038970947,0,0.5,5
8601603,2021,dry,annotated,0,525874.4,4826199.967,0.0842555541992187,0.257037768554688,0.06209333496,101.0279694,6.40093708,261,4.655172414,18900,-0.369995117,0,0.046031743,5
8601673,2021,dry,annotated,0,525903.4756,4826113.098,0.0610073181152344,0.220939013671875,0.08867438965,107.303772,7.111263275,306,4.92,18900,0.03012085,0,0.630662024,5
8602096,2021,shallow_viz,annotated,1,526226.6518,4825925.25,0.0403866058349609,0.113238391113281,0.2097544556,116.5075912,21.89035606,1008,6.461538462,9000,0.119903564,0,0.502380967,5
8602034,2021,dry,annotated,0,526175.4688,4825924.156,0.112838537597656,0.279348950195312,0.046378125,105.1645737,4.503612995,216,4,9000,-0.302215576,0,0.166666672,5
8602104,2021,dry,annotated,0,526235.5625,4825986.688,0.0814020812988281,0.203285412597656,0.1261604126,99.17317963,8.880122185,144,2.322580645,9000,0.006134033,0.009523809,0.351190507,5
8602125,2021,dry,annotated,0,526259.4857,4825887.257,0.0570014282226562,0.1449271484375,0.1649699951,117.5266342,12.65802479,270,3.888888889,9000,0.131072998,0.023448087,0.376428574,5
8620661,2021,dry,annotated,0,534924.0146,4826161.908,0.0825864074707031,0.23324853515625,0.1656912598,113.6233521,9.732533455,117,5.942307692,11700,-0.083435059,0,0.5,5
8620840,2021,dry,annotated,0,534978.0254,4826075.593,0.0979203369140625,0.227934741210938,0.1637847412,115.0456009,7.642177582,756,6.321428571,11700,-0.018920898,0,1,5
8620962,2021,dry,annotated,0,535033.082,4826056.131,0.082711474609375,0.211982788085938,0.2094508057,114.367981,5.608640194,234,5.903225806,11700,-0.062438965,0,0.683401644,5
8628334,2021,deep_viz,annotated,0,536796,4826289,0.0471410003662109,0.0653169982910156,0.08387800293,17.20156288,0.770445764,900,7.5,7924500,-0.291748047,0.967586219,1,1
8629500,2021,dry,annotated,0,537069.4191,4826611.919,0.0691816162109375,0.159519848632812,0.1437183838,115.6667862,7.353889465,1224,7.846153846,7924500,-1.45324707,0,0.924019635,5
8630503,2021,deep_viz,annotated,0,537278.5755,4826343.425,0.0602783020019531,0.0850245300292969,0.211777356,22.37266159,10.79711914,954,6.913043478,7924500,-0.499053955,1,1,2.113207579
8630932,2021,deep_viz,annotated,0,537368.4278,4826105.428,0.054263916015625,0.0761350524902344,0.05968556519,14.3490181,1.498872399,873,6.928571429,7924500,-0.700653076,1,1,2.257731915
8631052,2021,dry,annotated,0,537417.398,4826610.673,0.087219384765625,0.203765307617188,0.1389908203,99.29079437,10.26547432,189,4.741935484,7924500,-1.684509277,0,0.408163279,5
8632965,2021,dry,annotated,0,537809.8486,4826495.326,0.0834183471679688,0.202373388671875,0.08386972656,100.6365509,13.49319553,252,5.839285714,7924500,-1.998352051,0,0.374617726,5
8632588,2021,dry,annotated,0,537732.3103,4825754.069,0.079227587890625,0.210841381835938,0.1395517334,120.4259109,25.55213165,432,2.9,70200,-0.213867188,0.463687897,0.856321812,4.758620739
8634145,2021,dry,annotated,0,538012.5,4825708.944,0.0722222229003906,0.226183325195313,0.1431277832,142.2094574,12.62251568,486,3,70200,-0.316040039,0.265656561,0.290123463,4.759259224
8634013,2021,hugo_precise,annotated,1,537995.6006,4825953.204,0.050375146484375,0.120778698730469,0.1595727905,102.0884018,5.551926136,1521,7.921875,9900,0.043731689,0,0.94970417,5
8633994,2021,dry,annotated,0,537974.7805,4825949.378,0.061748779296875,0.163732922363281,0.1600402466,112.4765625,2.521253824,738,3.514285714,9900,-0.051300049,0,0.83739835,5
8634325,2021,dry,annotated,0,538055.7,4825920.023,0.0691261535644531,0.184547692871094,0.1076123169,110.390152,10.35971642,279,3.75,9900,-0.241760254,0.041083939,0.635897458,5
8634621,2021,dry,annotated,0,538110,4825971.689,0.0800162170410156,0.251422973632813,0.07183647461,123.2994766,3.465862751,108,3.7,9900,-0.266723633,0,0.081081077,5
8639513,2021,hugo_precise,annotated,1,539374.8721,4825982.105,0.0565883728027344,0.094831005859375,0.2207116211,97.50241089,7.727178097,1161,7.74,171900,0.063934326,0.368984491,0.937984467,4.348837376
8639342,2021,dry,annotated,0,539325.5137,4825959.884,0.0764301391601562,0.235719189453125,0.1050205322,105.2940292,37.48166275,450,3.318181818,171900,-0.211578369,0,0.310502321,5
8640137,2021,dry,annotated,0,539525.8966,4826233.086,0.0719948303222656,0.199643103027344,0.1332465454,97.18165588,43.92442703,513,3.107142857,171900,-0.213867188,0.03275862,0.366584539,5
8641560,2021,dry,annotated,0,539852.9531,4826258.789,0.0946359375,0.32139453125,0.03041171875,105.8073578,6.335252285,333,6.620689655,171900,-1.113067627,0.0115625,0.123883933,5
8645816,2021,co_precise,annotated,1,542076.5565,4826228.105,0.0525838684082031,0.1014,0.1458766113,114.786438,4.163488865,1116,7.44,50400,0.09185791,0.186995968,0.861751199,5
8645806,2021,dry,annotated,0,542069.6333,4826326.967,0.0864822204589844,0.21525,0.09760778809,82.06057739,6.804641247,810,5.869565217,50400,-0.040863037,0.001149425,0.139682546,5
8645817,2021,dry,annotated,0,542076.6959,4826135.985,0.075426806640625,0.201729895019531,0.09270308838,88.75435638,8.215935707,369,3.6375,50400,0.008789063,0.015193716,0.305596501,5
8645948,2021,glint,annotated,0,542123.9227,4826373.634,0.119020617675781,0.254452587890625,0.04646081543,83.55426788,10.26471233,873,4.546875,50400,-0.030761719,0.024008431,0.422680408,5
8646063,2021,dry,annotated,0,542155.2,4826210.588,0.0929325012207031,0.246488745117187,0.04552751465,88.55418396,7.483693123,504,4.615384615,50400,-0.158111572,0.00703125,0.142857149,5
8646156,2021,glint,annotated,0,542185.3624,4826310.784,0.117512841796875,0.304542211914062,0.04230185547,84.61898041,4.177549362,396,5.274193548,50400,-1.468139648,0.061291344,0.115334213,5
8646703,2021,dry,annotated,0,542379.0283,4825745.009,0.100254718017578,0.2441830078125,0.07783583984,95.86075592,6.418295383,234,2.271428571,15300,-0.004119873,0.012172854,0.471698105,5
8649279,2021,dry,annotated,0,543748.8611,4826131.361,0.0837601867675781,0.32635,0.01919074707,71.80245209,11.8509531,405,5.586206897,2700,-0.781646729,0.056712963,0.129629627,5
8649300,2021,terrain,annotated,0,543765.0968,4826108.226,0.0728870971679687,0.182604028320313,0.0549887085,49.43516922,11.85497761,1053,6.642857143,2700,0.458557129,0.314264119,0.794354856,5
8650374,2021,terrain,annotated,0,544809.9,4826076.035,0.05392529296875,0.138742358398437,0.04143647461,25.1781044,27.67131233,1332,8.793103448,3600,0.22555542,0.66662699,0.263445377,3.84117651
8829765,2021,dry,annotated,0,551672.6563,4826189.313,0.0815135437011719,0.276733325195313,0.05345209961,85.89887238,6.589296818,126,6.260869565,3600,-1.301116943,0,0.084821425,5
8852828,2021,dry,annotated,0,580278.8774,4821685.896,0.0935669799804688,0.2247943359375,0.04380754395,95.78672791,28.83979797,522,4.076923077,5400,-0.593902588,0.115384609,0.129979029,5
8853714,2021,em_veg,random_draw,0,580683.0547,4821725.595,0.0805094909667969,0.434505126953125,0.1206073242,78.5535202,8.865959167,162,6.629032258,5400,-0.060943604,0,0,5
8866423,2021,dry,annotated,0,588966.5286,4822385.014,0.0749133361816406,0.175137145996094,0.09527332764,115.3076935,9.587284088,198,5.833333333,259200,-1.322143555,0,0.116402127,5
8866598,2021,dry,annotated,0,589056.9063,4822112,0.0795875,0.166464587402344,0.0846104126,117.2892761,22.94384003,333,3.789473684,259200,-0.439178467,0.014274692,0.432436347,5
8867377,2021,dry,annotated,0,589442.25,4822092.808,0.0648653869628906,0.117590380859375,0.195458667,125.8011017,15.80782127,936,4.588235294,259200,-0.096343994,0.105224356,0.980021358,4.990384579
9206776,2021,terrain,annotated,0,689916.5,4848194.608,0.0465756744384766,0.148932434082031,0.03025135498,44.08969116,13.12223434,810,6.403846154,1800,0.473449707,0.504504561,0,4.117116928
9206802,2021,dry,annotated,0,689951.6074,4848185.205,0.0741859069824219,0.353291284179688,0.01269194336,88.67843628,11.33839989,135,7.706896552,1800,-2.235198975,0.073825508,0,4.899328709
9203693,2021,dry,annotated,0,685368,4848341.738,0.0697690490722656,0.324678564453125,0.06695712891,119.8028946,9.72533226,918,6.517241379,50400,-0.53604126,0,0,5
9199046,2021,deep_water,random_draw,0,681684.66,4847847.252,0.0600544006347656,0.335048803710937,0.08166401367,91.01190186,84.84643555,288,5.681818182,482400,-0.477783203,0.104727268,0.068000004,4.728000164
9199601,2021,deep_water,random_draw,0,681833.8059,4847956.112,0.046810589599609403,0.365170581054688,0.1510552979,91.037277220000007,97.54192352,540,5.1,482400,-0.674072266,0.087581702,0.004705882,4.988235474
9199774,2021,deep_water,random_draw,0,681896.1637,4848044.801,0.0551822998046875,0.383616821289062,0.1697026611,91.16300201,87.65864563,675,6.519230769,482400,-0.302520752,0.253740937,0.021238938,4.380530834
9200007,2021,deep_water,random_draw,0,682009.1323,4848274.074,0.0688858093261719,0.267951611328125,0.01881289063,87.99537659,107.5173645,162,6.458333333,482400,-0.482208252,0.144086018,0.198709682,4.767742157
9200049,2021,deep_water,random_draw,0,682014.1311,4848153.218,0.0537776672363281,0.36338251953125,0.1370213623,88.51266479,68.86579132,333,4.983870968,482400,-1.445129395,0.079827398,0,5
9200239,2021,deep_water,random_draw,0,682113.2333,4848215.1,0.0520488891601563,0.309604443359375,0.07748591309,76.72441101,58.28157806,342,7.5,482400,-2.740386963,0.070370369,0,4.718518734
8286608,2021,em_veg,annotated,0,660115.6511,4850605.155,0.087413671875,0.219632373046875,0.03818272705,111.2180557,14.61364174,783,6.95,1800,0.041351318,0,0,5
9096102,2021,dry,annotated,0,656273.4259,4850383.352,0.0569555541992188,0.15961357421875,0.07770495605,83.66390228,16.10288811,729,5.785714286,30600,-0.08215332,0.266975313,0.379835397,4.716049194
9096203,2021,dry,annotated,0,656311,4850345.786,0.0508904754638672,0.11598095703125,0.09199643555,73.91432953,16.15499878,441,5.04,30600,-0.084716797,0.601785719,0.652777791,4.214285851
9080940,2021,dry,annotated,0,650303.8636,4850240.591,0.104759851074219,0.209718188476563,0.20949393696785,73.7822113,8.87577343,180,6,1800000,-0.820800781,0.13636364,0.306060612,4.727272511
9076018,2021,dry,annotated,0,647682.125,4850201.313,0.052590625,0.131046875,0.0193729126,94.11023712,29.78894806,711,6.545454545,2700,0.312316895,0.054861117,0,5
9068176,2021,em_veg,annotated,0,636292.8084,4850046.855,0.0534841125488281,0.139118688964844,0.1466130859,92.38980103,10.65437412,810,6.173076923,23400,-0.071563721,0,0.288607061,5
9068204,2021,em_veg,annotated,0,636360.3505,4849965.322,0.0598214965820313,0.148153271484375,0.1193214844,92.53016663,14.04915428,513,5.944444444,23400,-0.082733154,0,0.406542093,5
9068228,2021,em_veg,annotated,0,636417.3984,4849956.68,0.0656828125,0.1594875,0.0707640625,86.10316467,18.29803848,1152,6.620689655,23400,-0.09286499,0,0.438802063,5
9067283,2021,dry,annotated,0,634919.6719,4849539.703,0.1029359375,0.228434375,0.1019546875,82.63471222,8.324069023,108,3.692307692,9000,-1.604034424,0.0625,0.140625,4.8125
9067346,2021,dry,annotated,0,635012.599,4849573.678,0.0785772277832031,0.212622778320313,0.06781782227,71.53153229,6.900586605,270,5.224137931,9000,-2.138702393,0.171964571,0.259901017,4.702970505
8205268,2021,dry,annotated,0,623795.7222,4851463.722,0.0812527770996094,0.246536108398438,0.1197814819,94.1375885,6.449137211,585,4.764705882,33300,-0.189056396,0,0,5
8205434,2021,em_veg,annotated,0,623912.2703,4851645.081,0.0694148620605469,0.164732434082031,0.1408567505,79.85890961,6.980043888,666,3.827586207,33300,-0.054321289,0,0.813513517,5
8205599,2021,dry,annotated,0,624003.0698,4851522.698,0.120279064941406,0.266669775390625,0.04097790527,91.62619019,3.962139368,279,3.794117647,33300,-1.5859375,0,0,5
8205612,2021,em_veg,annotated,0,624005.4344,4851593.828,0.0755295104980469,0.1967541015625,0.1282688599,94.80535889,2.628684521,549,2.859375,33300,-0.02947998,0,0.422716618,5
8201981,2021,dry,annotated,0,619438.9021,4851526.129,0.0644103088378906,0.278932983398437,0.06949897461,71.97253418,5.933760643,423,5.596153846,4500,-1.307281494,0.001718213,0.198821798,5
8201997,2021,dry,annotated,0,619494.0319,4851474.638,0.075485107421875,0.261404248046875,0.1436351074,80.26886749,5.709989071,144,5.423076923,4500,0.180847168,0,0.02431611,5
8201365,2021,dry,annotated,0,617640.6,4851398.94,0.0701799987792969,0.166678002929688,0.1387460083,77.58229828,7.955127716,540,5.357142857,11700,0.24911499,0.094705887,0.042857144,4.900000095
8201398,2021,dry,annotated,0,617760.6765,4851378.353,0.0701980407714844,0.266820581054687,0.05305097656,76.18955994,3.280729055,486,6.954545455,11700,-1.454589844,0.046955623,0.014005603,5
7649122,2021,em_veg,annotated,0,612821.7857,4851194.279,0.0560207763671875,0.139137658691406,0.1405350708,77.00813293,22.01597786,693,5.02173913,36900,0.05255127,0.211558998,0.387012959,4.922078133
7649245,2021,dry,annotated,0,612880.4556,4851108.011,0.0890200012207031,0.233221484375,0.08369926758,82.57644653,6.984852791,198,5.955882353,36900,-0.368041992,0.032003801,0.055714283,4.859259129
7649277,2021,em_veg,annotated,0,612899.1486,4851168.311,0.0593792785644531,0.120900903320313,0.1263648682,71.01488495,15.46150494,999,6.9375,36900,0.02142334,0.284520894,0.340840846,4
7649490,2021,em_veg,annotated,0,613014.3587,4851098.543,0.0669,0.163754345703125,0.09468803711,76.87863159,17.40266609,477,4.75862069,36900,-0.015197754,0.166925475,0.292119563,5
7647601,2021,hugo_precise,annotated,1,611969.8514,4850892.311,0.0538072082519531,0.075354052734375,0.1554216309,45.47669601,5.775948524,990,6.403846154,165600,0.036437988,0.57432431,0.990990996,3.918918848
7647559,2021,dry,annotated,0,611953.572,4850982.972,0.0841935974121094,0.193096801757812,0.1233176025,113.5173798,14.60236263,801,3.75,165600,-0.324188232,0.167999998,0.743142843,4.912000179
7647727,2021,deep_viz,annotated,0,612003.0577,4850958.346,0.0596192321777344,0.0583432678222656,0.01728942261,36.82078171,2.008248329,936,6.24,165600,0.041625977,1,1,1.807692289
7647955,2021,em_veg,annotated,0,612086.82,4850713.2,0.0725919982910156,0.169671997070312,0.16915,130.658905,11.66121006,153,2.678571429,165600,-0.117156982,0,0.153333336,5
7648350,2021,em_veg,annotated,0,612236.1947,4850739.174,0.0627326293945313,0.122280004882813,0.1594294678,82.95419312,19.2842598,855,4.191176471,165600,-0.153564453,0.826315761,0.936842084,3.757894754
7648390,2021,deep_viz,annotated,0,612239.4897,4850865.727,0.0536536071777344,0.04940927734375,0.02144123535,33.48080063,1.746954799,873,6.928571429,165600,0.041564941,1,1,1
7648590,2021,em_veg,annotated,0,612347.3571,4850705.5,0.0730301574707031,0.154358728027344,0.1257333374,74.61177063,38.54350662,486,3.634615385,165600,0.037322998,0.828664839,0.841269851,3.523809433
7648616,2021,deep_viz,annotated,0,612361.3598,4850928.098,0.0584672912597656,0.0567121520996094,0.02051495361,33.83578873,1.246826172,963,7.642857143,165600,0.041595459,1,1,1.056074739
7648672,2021,dry,annotated,0,612428.9308,4850738.054,0.102569226074219,0.252664624023437,0.09432922363,129.1070251,13.89409351,549,3.362068966,165600,-0.494415283,0.154751137,0.295054942,4.923077106
7648691,2021,dry,annotated,0,612450.8208,4850957.292,0.0871490539550781,0.197737731933594,0.1042641479,117.564537,13.13840771,189,2.65,165600,-0.608032227,0.366434962,0.246630728,4.603773594
7643502,2021,dry,annotated,0,610802.4623,4851490.896,0.0679981140136719,0.196630187988281,0.146777356,130.9396973,6.233641624,306,3.18,54000,-0.51071167,0.083250582,0.649895191,5
7643868,2021,dry,annotated,0,610889.625,4851348.577,0.0657125,0.149095190429687,0.08139326172,107.97995,9.769172668,126,6.782608696,54000,-0.692810059,0.002530364,0.117307693,5
7644248,2021,dry,annotated,0,610989.766,4851377.649,0.0705255310058594,0.170057446289062,0.1046223389,95.77524567,6.980762959,135,5.222222222,54000,-0.651702881,0,0.202611238,5
7643982,2021,co_precise,annotated,1,610919.0625,4851377.469,0.05533645629882813,0.10251146240234375,0.15568853759999998,133.3816528,13.7840414,864,6,54000,0.092834473,0.05394737,1,5
7643365,2021,deep_water,random_draw,0,610791.2405,4850715.584,0.0598091613769531,0.0706725219726562,0.02513129272,23.10331535,0.775902033,1152,7.557692308,105300,0.066925049,0.908361018,0.994910955,2.503816843
7643506,2021,deep_water,random_draw,0,610800.4853,4850871.882,0.0838014709472656,0.195905883789063,0.08192792969,107.1200943,10.86197281,306,3.642857143,105300,-0.531494141,0.48552534,0.533088207,4.455882549
7643812,2021,deep_water,random_draw,0,610893.14,4850648.3,0.0777080017089844,0.1526306640625,0.1195573242,100.7304001,10.05593204,594,3.515625,105300,-0.164031982,0.646429479,0.822222233,4.133333206
7643900,2021,deep_water,random_draw,0,610891.5504,4850901.466,0.0587949584960938,0.0565008422851562,0.009776470947,20.49649048,0.30632773,1071,7.760869565,105300,0.066925049,1,1,3.420168161
7643986,2021,deep_water,random_draw,0,610919.9362,4850747.617,0.0584904235839844,0.0563531921386719,0.01327553101,19.96369743,0.077188343,846,6.409090909,105300,0.066925049,1,1,1
7644250,2021,deep_water,random_draw,0,610982.4375,4850898.375,0.0559354187011719,0.0582364562988281,0.0161239624,22.27550507,1.005406022,864,7.2,105300,0.066925049,1,1,3.375
7644305,2021,deep_water,random_draw,0,611011.3266,4850595.13,0.05499306640625,0.0831705200195312,0.1564739868,42.29053497,17.59196663,1458,7.414285714,105300,0.063995361,0.497577369,0.564306378,4.080924988
7644628,2021,deep_water,random_draw,0,611078.88,4850863.23,0.0923309997558594,0.229578002929687,0.07030200195,109.988678,5.214414597,216,5.172413793,105300,-0.78314209,0.208181813,0.400000006,4.760000229
7645210,2021,deep_water,random_draw,0,611226.0172,4850621.707,0.0744264343261719,0.169636779785156,0.09153104248,83.45478821,9.863980293,540,4.833333333,105300,-0.151641846,0.066228792,0.489144325,4.977011681
9296262,2021,deep_water,random_draw,0,611120.913,4850550.304,0.0534514465332031,0.0779717407226563,0.0478710083,25.93841171,7.600367546,1242,7.392857143,105300,0.063171387,0.882000268,0.811594188,3.492753506
7636485,2021,deep_water,random_draw,0,608999.1446,4850626.674,0.0382082641601562,0.0636198364257813,0.1039305786,46.59251404,22.17671967,1089,6.980769231,49500,0.04699707,0.594780385,0.787485242,4.570248127
7636520,2021,deep_water,random_draw,0,609003.8505,4850718.789,0.0313649475097656,0.0518649475097656,0.1563886658,90.50084686,38.98523712,873,6.928571429,49500,0.04699707,0.469587654,0.993127167,4.907216549
7636543,2021,deep_water,random_draw,0,609031.1154,4850824.654,0.0691076904296875,0.303282055664063,0.1210948486,126.5207062,5.797460556,108,3.65625,49500,-0.507080078,0.021978023,0.102564104,5
7636770,2021,deep_water,random_draw,0,609093.4884,4850580.453,0.0773220947265625,0.200755810546875,0.118087207,101.6534195,38.62231064,387,5.375,49500,-0.948150635,0.067124732,0.141472861,4.930232525
7636912,2021,deep_water,random_draw,0,609120.3462,4850719.005,0.0264802185058594,0.0427373626708984,0.04048461609,64.02413177,9.985970497,819,6.825,49500,0.04699707,0.925693393,1,4
7636937,2021,deep_water,random_draw,0,609144.0395,4850807.921,0.0615421081542969,0.252651318359375,0.1506486816,134.9358368,34.78783798,450,4.222222222,49500,-0.552581787,0.006578947,0.337719291,5
7637219,2021,deep_water,random_draw,0,609219.487,4850663.435,0.0656883117675781,0.21218701171875,0.1120597412,113.2332458,22.30126572,324,3.609375,49500,-0.50604248,0.070129871,0.333951771,5
7627215,2021,hugo_precise,annotated,1,603902.5333,4851141.967,0.0511966674804687,0.095,0.210748877,76.86611176,3.992968798,810,6.428571429,193500,0.130767822,0.217663825,0.773333371,5
7626643,2021,dry,annotated,0,603746.7135,4851035.174,0.0804629211425781,0.205855053710938,0.1007572998,91.99491882,4.447390079,549,4.45,193500,-0.505645752,0.05493458,0.38202247,5
7626769,2021,dry,annotated,0,603781.0143,4851102.3,0.0634047607421875,0.146093334960937,0.1600895264,96.45207977,5.331744671,504,4.5,193500,-0.040740967,0.089377292,0.535238087,5
7626794,2021,deep_viz,annotated,0,603782.3182,4851018.607,0.0427041320800781,0.0565702453613281,0.07352892456,72.08532715,0.744260311,1089,7.5625,193500,0.138092041,0.85161531,0.971074402,2.942148685
7626962,2021,deep_viz,annotated,0,603840.3,4851017.88,0.0392160003662109,0.0451440002441406,0.0631999939,63.83877563,0.973542273,900,6,193500,0.138092041,1,1,1
7627067,2021,deep_viz,annotated,0,603870.1854,4850957.815,0.0437460662841797,0.0484471923828125,0.06091347656,68.29966736,0.520997047,801,6.675,193500,0.138092041,1,1,1
7627467,2021,dry,annotated,0,603970.2342,4850954.316,0.065500634765625,0.231558862304688,0.1128443115,83.27807617,40.41673279,225,7.9,193500,-1.284393311,0.22073707,0.310126573,4.810126781
7617314,2021,dry,annotated,0,599905.9154,4851136.846,0.111247692871094,0.282348461914062,0.08272460938,107.827034,11.4431982,423,6.724137931,154800,-0.965576172,0,0.005128205,5
7618075,2021,dry,annotated,0,600296.2664,4851044.573,0.085799267578125,0.266076635742187,0.11378396,78.39844513,22.75411797,117,6.85,154800,-1.061218262,0.004105839,0.053527988,5
7614864,2021,shallow_viz,annotated,1,599372.6842,4850725.079,0.0599350891113281,0.137605261230469,0.08064737549,115.6834641,17.48791122,396,6.576923077,4500,0.096221924,0,0.513227582,5
7615013,2021,dry,annotated,0,599399.7105,4850688.763,0.0624947387695313,0.155460522460938,0.09495351563,120.2304993,6.149610996,171,7.125,4500,-0.376068115,0,0.13401559,5
7615262,2021,dry,annotated,0,599435.1176,4850717.912,0.0624460754394531,0.147112744140625,0.09885490723,118.5725708,6.878844738,918,6.12,4500,0.009246826,0,0.45168066,4.999999523
7613864,2021,dry,annotated,0,599165.2105,4851155.092,0.093648681640625,0.263688159179688,0.1097565674,103.426651,15.22617054,288,3.677419355,10800,-0.644683838,0,0.173976615,5
7613906,2021,deep_viz,annotated,0,599188.4615,4851175.212,0.0705589721679687,0.151741662597656,0.1469320435,61.59891891,42.479911800000004,1026,6.5,10800,0.087615967,0.048534796,0.306980044,5
7572176,2021,dry,annotated,0,583111.7348,4850882.517,0.0859,0.299839990234375,0.03718261719,88.72403717,11.14426231,162,6.160714286,8100,-0.240966797,0.00447205,0.062608697,5
7572203,2021,dry,annotated,0,583169.5833,4850807.271,0.0776083312988281,0.347704174804688,0.0226784668,94.84915161,6.702060223,216,7.2,8100,-0.441650391,0.009144561,0.100000001,5
7565508,2021,terrain,annotated,0,579936.5902,4850751.59,0.0560434448242187,0.0954868835449219,0.07741066284,36.58417892,32.55685806,558,6.777777778,2700,0.332763672,0.206454918,0.634660482,5
7565509,2021,dry,annotated,0,579930.2182,4850684.373,0.0842518188476563,0.291203637695312,0.1382336426,61.9483223,28.71962166,108,5.322580645,2700,-2.32144165,0.059893049,0.12676768,4.890909195
7562557,2021,deep_water,random_draw,0,578669.069,4850687.069,0.0817370666503906,0.134347412109375,0.09737155151,113.2828979,41.93617249,666,5.612903226,161100,-0.084259033,0.624957442,0.996551752,4
7563267,2021,deep_water,random_draw,0,578912.7,4850757.982,0.104212731933594,0.17633544921875,0.1456281769,128.3009796,8.284333229,261,4.583333333,161100,-0.302368164,0.042521991,0.925252497,5
7563765,2021,deep_water,random_draw,0,579062.8034,4850741.886,0.0756006896972656,0.144713098144531,0.1380662018,130.0563354,8.651927948,162,7.25,161100,-1.004425049,0.102351107,0.331206888,4.875862122
7564168,2021,deep_water,random_draw,0,579213.75,4850706,0.0718260009765625,0.13890400390625,0.1364260071,99.53528595,11.3773098,243,5.769230769,161100,-1.44644165,0.342352927,0.323333323,4.25
7564368,2021,deep_water,random_draw,0,579292.1389,4850982.833,0.0809583312988281,0.165237036132812,0.1280018524,122.9811935,14.0024538,171,6.75,161100,-1.096923828,0.110781014,0.187037036,4.824074268
7564472,2021,deep_water,random_draw,0,579337.6895,4851079.468,0.0831473693847656,0.21412841796875,0.05983684082,124.1461487,32.39410782,198,4.75,161100,-1.905151367,0.252852052,0.283157915,4.610526085
7564546,2021,deep_water,random_draw,0,579369.5442,4850924.456,0.0662955749511719,0.3124982421875,0.04316726074,87.130867,55.77442169,144,6.78,161100,-4.038208008,0.13198483,0.151327431,4.858407021
7615456,2021,em_veg,random_draw,0,599466.2931,4859264.914,0.074187353515625,0.2251494140625,0.1025586426,78.65570831,6.037054539,576,5.22,61200,-0.443725586,0.034857195,0.17369093,5
7615841,2021,em_veg,random_draw,0,599549.6154,4859413.154,0.0455807678222656,0.115937182617187,0.1931243652,67.73723602,25.5048275,702,4.68,61200,0.274932861,0,0.133190885,5
7616150,2021,em_veg,random_draw,0,599598.3,4859162.488,0.0913329406738281,0.244687060546875,0.05978352051,82.63995361,14.54388905,477,5.3125,61200,-0.52331543,0.016813725,0.299346417,5
7616242,2021,em_veg,random_draw,0,599612.5746,4859262.582,0.0763470153808594,0.265564184570313,0.0542201416,51.42953873,1.689667344,126,7.730769231,61200,-1.505889893,0,0,5
7616410,2021,em_veg,random_draw,0,599659.3571,4859402.107,0.0529821411132812,0.130908337402344,0.2019190552,114.0499878,18.18810272,756,3.315789474,61200,0.218322754,0.079875775,0.346825421,5
7616782,2021,em_veg,random_draw,0,599733.439,4859273.634,0.0686170715332031,0.230875610351563,0.1015597656,69.48538971,9.746221542,189,5.347826087,61200,-0.849060059,0.04720692,0.114329271,5
7616839,2021,em_veg,random_draw,0,599755.1691,4859453.824,0.0543323547363281,0.128716906738281,0.1912235229,123.4509888,12.80813026,1224,6.375,61200,0.236785889,0.045379236,0.368790835,5
7617017,2021,em_veg,random_draw,0,599793.9848,4859355.682,0.0705343444824219,0.259537377929688,0.07340402832,53.73617554,2.745538235,243,5.711538462,61200,-1.667236328,0.031468533,0.06818182,5
7617059,2021,em_veg,random_draw,0,599814.5952,4859540.595,0.055309521484375,0.144760314941406,0.2090730103,127.2457123,6.855862617,351,3.5,61200,0.168304443,0.018749475,0.298941791,5
7604849,2021,dry,annotated,0,597217.7143,4860141.643,0.0870119018554688,0.274223803710938,0.02247619629,49.81848145,13.87047577,297,3.705882353,2700,-0.199737549,0.097338945,0,5
7604980,2021,terrain,annotated,0,597243.0662,4860112.213,0.0667213256835937,0.1964625,0.03928455811,33.63485718,6.563990593,1008,7.285714286,2700,0.094818115,0.20794341,0.05882353,4.705882549
7605063,2021,hugo_precise,annotated,1,597263.0943,4863737.236,0.0372122650146484,0.0626433959960938,0.1986603882,46.29854584,7.086894512,954,6.913043478,314100,0.091064453,0.192411363,1,5
7604660,2021,glint,annotated,0,597182.8516,4863677.885,0.147735168457031,0.28246923828125,0.04768791504,66.06828308,4.908968925,819,4.875,314100,-0.102844238,0,0.384215772,5
7604734,2021,glint,annotated,0,597203.6416,4863498.889,0.131924780273437,0.276420361328125,0.01143361816,63.34084702,2.361491203,684,5.844827586,314100,-0.268859863,0,0,5
7605890,2021,dry,annotated,0,597392.2786,4863818.76,0.0595206115722656,0.135996948242187,0.1249030518,81.24134064,18.39458466,1179,6.338709677,314100,-0.095733643,0.170182034,0.591178954,5
7606113,2021,dry,annotated,0,597446.9434,4863228.113,0.096170751953125,0.204924536132813,0.07513395996,90.95570374,11.34847832,549,4.96875,314100,-0.305908203,0.007912355,0.024528302,5
7606438,2021,dry,annotated,0,597512.5833,4863538.167,0.0928138916015625,0.21885693359375,0.062875,86.34933472,5.409639359,540,3.857142857,314100,-0.429901123,0.075824991,0.022222221,4.944444656
7603113,2021,dry,annotated,0,596697.708,4862880.372,0.112728796386719,0.289993603515625,0.02356320801,84.23932648,10.40488815,243,5.859375,332100,-1.497436523,0.030217011,0.048000004,5
7603447,2021,em_veg,annotated,0,596796.4263,4863022.026,0.0514684204101563,0.113594738769531,0.1433526245,73.21409607,23.95750618,855,4.75,332100,-0.08770752,0.252785087,0.467836261,4.705263138
7603462,2021,em_veg,annotated,0,596809.9821,4863105.991,0.0695839294433594,0.172316076660156,0.1197473267,78.07246399,26.36403847,864,5.25,332100,-0.145782471,0.181881845,0.171428576,5
7603559,2021,dry,annotated,0,596845.3824,4863068.892,0.109372546386719,0.279813720703125,0.0269111084,80.32875061,2.510541201,180,7.65,332100,-1.763366699,0,0,5
7603579,2021,em_veg,annotated,0,596852.0275,4862828.357,0.0604945068359375,0.154016479492187,0.1116230713,80.13790131,41.64939117,684,4.875,332100,-0.089447021,0.429126114,0.413919419,4.164834976
7603955,2021,dry,annotated,0,597000.9545,4863049.227,0.0982493530273438,0.271228564453125,0.02920388184,79.06010437,22.21628761,306,3.609375,332100,-0.587371826,0,0.235209242,5
7603829,2021,em_veg,random_draw,0,596962.2794,4863856.765,0.0715044128417969,0.199854406738281,0.1107911743,88.24234009,13.47917557,324,2.615384615,3600,-0.009643555,0,0.096256688000000007,5
7604278,2021,hugo_precise,annotated,1,597096.1154,4866678.445,0.0477593414306641,0.115187915039063,0.3073010986,96.93496704,5.250228405,819,5.46,16200,0.085540771,0,0.980219781,5
7604395,2021,dry,annotated,0,597123.3539,4866586.635,0.0623494384765625,0.165275280761719,0.1956910034,90.24637604,6.136314869,567,4.603448276,16200,-0.058441162,0,0.8820225,5
7604670,2021,dry,annotated,0,597186.1364,4866617.795,0.0676761352539063,0.282744311523437,0.05030795898,69.3270874,9.459379196,198,5.28,16200,-0.422210693,0,0.26363638,5
7604774,2021,dry,annotated,0,597210.1329,4866669.551,0.0687696228027344,0.202120251464844,0.1500607544,91.03170776,15.15633297,342,4.9375,16200,-0.110198975,0,0.577215195,5
7603036,2021,dry,annotated,0,596665.9524,4869351.262,0.0796666687011719,0.285077783203125,0.05343015137,71.42687988,5.3668437,378,6.517241379,17100,-1.064361572,0,0.149029985,5
7603389,2021,em_veg,annotated,0,596789.2241,4870431.224,0.0666528747558594,0.169977014160156,0.1535402222,81.35688019,15.115592,225,4.078125,7200,-0.012878418,0.008979885,0.187807888,5
7603664,2021,em_veg,annotated,0,596895.0536,4870476.393,0.0629255981445312,0.156189282226563,0.1569821533,71.95760345,17.01179314,1197,7.2,7200,-0.022949219,0.023765756,0.037414968,5
7605747,2021,dry,annotated,0,597370.8204,4870975.121,0.0744038818359375,0.301194165039062,0.02445534668,71.76448059,5.9244771,540,6.18,91800,-0.618286133,0,0.29126215,5
7605992,2021,dry,annotated,0,597420.398,4870726.776,0.0694316345214844,0.282660205078125,0.03876938477,76.51909637,6.000429153,450,6.125,91800,-0.772399902,0.020089285,0.244897962,5
7604288,2021,terrain,annotated,0,597095.3276,4871389.086,0.0380482757568359,0.108491381835937,0.2656155029,75.76979065,4.390659332,522,3.48,22500,0.263549805,0.111234702,0.517241359,5
7604322,2021,terrain,annotated,0,597123.1667,4871327.792,0.0422347229003906,0.161934716796875,0.2404513916,67.66364288,4.326145172,648,4.5,22500,0.224700928,0.062941238,0.320833325,5
7604333,2021,dry,annotated,0,597121.65,4871478.7,0.0562116638183594,0.158756665039062,0.1466283447,63.76734543,14.72406101,540,3.6,22500,-0.345733643,0.11397849,0.516666651,5
7604392,2021,terrain,annotated,0,597128.7857,4871507.843,0.0499799987792969,0.1168076171875,0.06978286133,25.44350815,3.531838179,684,5.625,22500,0.272064209,0.047311824,0.07904762,5
7604393,2021,dry,annotated,0,597123.012,4871301.156,0.0619703979492187,0.38954560546875,0.08829040527,64.81729889,6.884303093,279,7.211538462,22500,-0.761535645,0.015562072,0.0832,5
7604828,2021,dry,annotated,0,597219.7286,4871472.514,0.077194287109375,0.234045703125,0.08559001465,77.37422943,10.6685133,126,3.620689655,22500,-0.098205566,0,0.213333353,5
7603530,2021,co_precise,annotated,1,596828.6136,4871385.818,0.0481212127685547,0.0712537902832031,0.2751863708,72.45837402,5.074493885,1188,7.615384615,63900,0.125,0.025496343,0.966498375,5
7602817,2021,dry,annotated,0,596588.9789,4871535.359,0.0582464782714844,0.176867602539063,0.1788760498,87.13674927,7.816357136,153,3.227272727,63900,-0.011260986,0,0.465101749,5
7603290,2021,dry,annotated,0,596759.1446,4871264.169,0.0756231384277344,0.294314868164062,0.03350661621,82.12503815,3.797708273,513,5.338235294,63900,-0.867675781,0.017968541,0.154545456,5
7603381,2021,dry,annotated,0,596771.7188,4871394,0.0680953125,0.1504515625,0.170584375,92.2345047,10.09005165,576,5.052631579,63900,0.125,0.008854168,0.973437548,5
7603229,2021,hugo_precise,annotated,1,596729.1818,4872402.927,0.0398318176269531,0.082562725830078093,0.1646427185,139.216217,2.050041199,990,6.875,12600,0.045166016,0,0.889772713,5
7603388,2021,hugo_precise,annotated,1,596787.3919,4872428.797,0.0546909912109375,0.119345947265625,0.1268531494,127.6000519,7.818332195,954,5.946428571,12600,0.042236328,0,0.289414406,5
7603031,2021,dry,annotated,0,596669.686,4872441.14,0.0653069763183594,0.158643017578125,0.09641279297,129.0083618,8.06769371,270,4.777777778,12600,-0.189819336,0,0.188953489,5
7603271,2021,dry,annotated,0,596734.1087,4872462.326,0.064904345703125,0.147952172851563,0.09297971191,107.2314529,22.79840279,234,4.5,12600,-0.233917236,0,0.2789855,5
7603295,2021,dry,annotated,0,596753.7527,4872378.346,0.0719428588867188,0.166834069824219,0.06123297119,108.7573547,7.042010784,675,5.25,12600,-0.113250732,0,0.274725288,5
7604018,2021,dry,annotated,0,597042.867,4874582.931,0.0976064208984375,0.274791748046875,0.02415412598,73.48100281,8.537589073,306,4.671428571,412200,-1.568023682,0.016750069,0.283384293,5
7604190,2021,dry,annotated,0,597083.4252,4873974.715,0.098840185546875,0.262672900390625,0.01067382813,85.34525299,18.50834846,207,4.337837838,412200,-0.801513672,0.022803737,0.138629287,5
7604095,2021,dry,annotated,0,597047.5157,4875618.154,0.0640417297363281,0.154931494140625,0.1037858398,87.62311554,28.21484184,729,5.602941176,20700,-0.028747559,0.004845548,0.140638664,5
7604182,2021,dry,annotated,0,597078.266,4875680.947,0.0625340454101563,0.125208508300781,0.1162808472,100.632515,43.3644371,981,6.609375,20700,-0.009490967,0.068652481,0,5
7604346,2021,em_veg,annotated,0,597125.7188,4875578.203,0.0543,0.1274421875,0.1210625,72.16321564,20.72579002,576,3.428571429,20700,0.016540527,0.164695516,0.3125,5
7604420,2021,em_veg,annotated,0,597152.2364,4875653.645,0.0497418182373047,0.116334545898438,0.121045459,82.48517609,23.60572624,990,5.15625,20700,-0.022857666,0.120282821,0,5
7604742,2021,dry,annotated,0,597207.3462,4875608.221,0.094015386962890607,0.260620190429687,0.01484038086,85.19042206,16.5281868,126,6,20700,-1.063415527,0.011217949,0.014957265,5
7603310,2021,co_precise,annotated,1,596760.3806,4876609.836,0.044155224609375,0.0790044799804688,0.1687813354,65.65663147,9.568079948,1206,7.444444444,60300,0.044372559,0.098027758,0.890191913,5
7603204,2021,em_veg,annotated,0,596724.25,4876753.6,0.0589241638183594,0.134673327636719,0.1198641724,93.45267487,28.44283676,1062,6.428571429,60300,0.036560059,0.027272729,0.175000012,5
7603293,2021,dry,annotated,0,596748.6818,4876323.409,0.0622363647460938,0.161262341308594,0.1408636353,116.2280426,5.425563812,675,4.125,60300,0.053619385,0.015673982,0.129870132,5
7603312,2021,em_veg,annotated,0,596759.8163,4876519.806,0.0648663269042969,0.129586730957031,0.1217316284,89.74258423,35.01005173,882,4.741935484,60300,0.030517578,0.021161694,0.310819566,5
7603387,2021,dry,annotated,0,596792.6068,4876249.238,0.0712378662109375,0.188490295410156,0.1376203735,112.5799255,12.84808731,459,4.291666667,60300,0.035552979,0,0.098300971,5
7603510,2021,dry,annotated,0,596824.1582,4876568.563,0.115053161621094,0.292281005859375,0.03091394043,108.5324631,10.65607262,639,5.642857143,60300,-0.148864746,0.011785247,0.075949371,5
7603565,2021,em_veg,annotated,0,596835.2288,4876737.636,0.0657864379882813,0.160454235839844,0.09213221436,80.04792786,25.2597599,531,3.6875,60300,-0.063964844,0.05720339,0.306967974,5
7603182,2021,dry,annotated,0,596704.6974,4878017.25,0.064751318359375,0.280553955078125,0.05983024902,74.73757935,4.135822296,135,5.428571429,10800,-0.801635742,0,0.121345043,5
7494952,2021,deep_water,random_draw,0,602937.9684,4892005.158,0.0665594909667969,0.212160766601562,0.06681896973,71.26004028,37.10639954,153,3.291666667,10800,-0.321075439,0,0.002812939,5
7495049,2021,deep_water,random_draw,0,603033.2143,4891921.41,0.0414142852783203,0.0824,0.07668721924,44.99281693,25.03004074,999,7.125,10800,0.204467773,0.258496523,0.333333373,5
7495153,2021,deep_water,random_draw,0,603129.1098,4891908.659,0.0725780517578125,0.245235375976563,0.03957802734,78.41954803,25.29872894,189,5.590909091,10800,-1.705810547,0.049138706,0.035230353,5
7495007,2021,deep_water,random_draw,0,602973.3871,4892236.306,0.074401611328125,0.212308056640625,0.0426112793,56.98761749,22.66739655,360,3.321428571,1003500,-0.750061035,0.611755431,0.746774137,4.354838848
7495057,2021,deep_water,random_draw,0,603032.7273,4892335.227,0.0519254516601562,0.0374381805419922,0.006765457153,18.1353054,0.426039398,990,7.5,1003500,0.202728271,0.990584373,1,1
7495060,2021,deep_water,random_draw,0,603030.8182,4892127.6,0.0806418151855469,0.256441821289063,0.01976455078,59.06529999,11.47078609,495,6.346153846,1003500,-1.053863525,0.147983283,0.25181818,4.854545593
7495099,2021,deep_water,random_draw,0,603089.7059,4892607.294,0.0515735290527344,0.0352549011230469,0.006972549438,20.19469643,0.75323087,918,6.954545455,1003500,0.202728271,1,1,1
7495181,2021,deep_water,random_draw,0,603153.3396,4892364.934,0.0547858520507813,0.0371415100097656,0.006815093994,18.51000786,0.556434751,954,7.571428571,1003500,0.202728271,1,1,1
7495210,2021,deep_water,random_draw,0,603182.066,4892154.17,0.0489773590087891,0.0350669799804688,0.008446228027,23.8150177,0.752645075,954,7.227272727,1003500,0.202728271,1,1,1
7495261,2021,deep_water,random_draw,0,603243.7941,4892608.706,0.0502431365966797,0.0330137268066406,0.007971566772,16.99011803,0.43684285899999997,918,6.652173913,1003500,0.202728271,1,1,1
7495292,2021,deep_water,random_draw,0,603267.5882,4892424.206,0.0597401977539063,0.0624960754394531,0.01157548828,44.73345184,8.049681664,918,6.12,1003500,0.195465088,1,1,2.215686321
7495357,2021,deep_water,random_draw,0,603304.1044,4892156.588,0.0659516479492187,0.0573560424804688,0.01427142639,20.3106575,0.260421425,819,6.204545455,1003500,0.202728271,1,1,1
7495474,2021,deep_water,random_draw,0,603392.1,4892038.7,0.0739876220703125,0.279109521484375,0.01748476563,54.91289902,3.795903206,180,4.772727273,1003500,-5.211791992,0.043010753,0,5
7494989,2021,co_precise,annotated,1,602967.7788,4895278.183,0.0610278869628906,0.137476928710938,0.1589076904,64.81483459,3.702022076,288,5.777777778,1800,0.509216309,0.009615385,0.092307694,5
7494924,2021,dry,annotated,0,602905.4605,4895255.526,0.0742815795898437,0.323535522460937,0.04886184082,71.71899414,4.261601925,144,4.384615385,1800,-0.266296387,0,0.021052631,5
7494895,2021,dry,annotated,0,602800.8621,4897561.81,0.0796310363769531,0.294953442382813,0.04927587891,76.9943161,6.937832355,297,3.625,3600,-0.506866455,0.101358414,0.284482747,5
7494933,2021,dry,annotated,0,602918.9016,4898489.336,0.0781827880859375,0.333159008789063,0.03725327148,67.23957062,2.240406275,126,6.535714286,2700,-1.111968994,0,0.009562842,5
7494744,2021,dry,annotated,0,602405.7903,4901661.177,0.0831914001464844,0.2704021484375,0.07209892578,73.3432312,2.185053825,270,4.810344828,4500,-0.993499756,0.071214996,0.254480273,5
7346589,2021,dry,annotated,0,602526.3571,4912408.071,0.110625720214844,0.31098095703125,0.002280957031,93.73933411,3.505377769,153,4.921875,5400,-0.939575195,0.031204905,0.055952381,5
7346256,2021,terrain,annotated,0,602183.4808,4929029.596,0.070819873046875,0.163690380859375,0.02424039307,63.48666763,13.92268562,999,8.068965517,1800,0.475311279,0.042267628,0.106837608,5
7346049,2021,shallow_viz,annotated,1,601977.6262,4930914.073,0.0413135925292969,0.125592236328125,0.197658252,136.0284882,3.891950607,675,5.327586207,24300,0.171569824,0.025367992,0.074895978,5
7346078,2021,shallow_viz,annotated,1,601995.7105,4930710.846,0.0347330841064453,0.0872428588867187,0.2287015015,147.9837952,1.594222665,1125,7.673076923,24300,0.158569336,0.080937631,0.578947365,5
7346077,2021,dry,annotated,0,601981.6277,4930772.266,0.0679531921386719,0.256534033203125,0.06748937988,116.8666458,17.79699898,306,2.82,24300,-0.562316895,0.079518594,0.451536655,5
7346132,2021,dry,annotated,0,602046.0833,4930648.833,0.0820148132324219,0.31909814453125,0.036575,80.74810028,3.857487917,252,6.230769231,24300,-1.378295898,0.019429749,0.096707828,5
7346139,2021,dry,annotated,0,602058.9,4930845.375,0.0681400024414062,0.182230004882812,0.1188824951,125.9992905,10.10593414,261,2.222222222,24300,-0.196685791,0.067555144,0.322222233,5
7346174,2021,dry,annotated,0,602097.18,4936026.63,0.0820760009765625,0.306673999023438,0.06839399414,81.89825439,3.023107052,351,5.769230769,1800,-2.164001465,0.022941176,0,5
7346258,2021,shallow_viz,annotated,1,602188.0263,4937647.026,0.0454285705566406,0.147587963867188,0.03426467285,104.7447815,12.20128918,531,7.388888889,9000,0.037414551,0.01334888,0,5
7346275,2021,dry,annotated,0,602226.0263,4937600.421,0.0565973693847656,0.156327197265625,0.06117807617,93.23655701,19.55770493,729,5.896551724,9000,0.149963379,0.064105161,0,5
7346299,2021,dry,annotated,0,602281.813,4937586.691,0.0590991333007813,0.160305212402344,0.08953653564,95.89190674,14.43930531,639,6.9,9000,0.062744141,0.043105286,0.020289855,5
7346395,2021,dry,annotated,0,602367.622,4937557.28,0.0977890258789062,0.262093896484375,0.02393659668,103.567337,4.972316265,351,5.857142857,9000,-0.612182617,0,0,5
7346144,2021,em_veg,annotated,0,602069.9348,4938300.091,0.0548217407226562,0.145664343261719,0.04203651123,93.96747589,6.011667252,1035,6.634615385,17100,0.072387695,0.054658387,0.157763988,5
7346214,2021,dry,annotated,0,602133.2037,4938351.13,0.0690975280761719,0.300862963867188,0.05097531738,106.3170776,7.097250938,189,4.673076923,17100,-0.127502441,0.007407408,0,5
7346165,2021,dry,annotated,0,602080.75,4938799.5,0.0672722229003906,0.201833337402344,0.1399416626,63.25133514,15.35516548,252,2.076923077,27000,-0.420776367,0.092069894,0.516666651,4.916666508
7346187,2021,deep_viz,annotated,0,602100.6389,4938660.222,0.0297953704833984,0.0500398162841797,0.02665833435,23.57341766,6.532165051,972,7.043478261,27000,0.536254883,0.785220861,0.596296251,3.222222328
7346230,2021,dry,annotated,0,602160.3947,4938663.184,0.077273681640625,0.284221044921875,0.02446491699,87.70655823,4.63672781,486,6.576923077,27000,-1.914855957,0.199690402,0.028070174,5
7345968,2021,terrain,annotated,0,601889.9423,4939117.788,0.0540153869628906,0.119492309570312,0.03949230957,31.80882072,13.03696346,936,6.24,31500,0.727478027,0.086538464,0.272542745,5
7345985,2021,dry,annotated,0,601899.5842,4939195.753,0.07579052734375,0.277641064453125,0.02666313477,95.03185272,11.1351862,279,5.480769231,31500,-1.597961426,0,0,5
7345990,2021,dry,annotated,0,601924.1389,4939050.472,0.0641055541992187,0.162025927734375,0.04131296387,79.22705078,5.880595684,891,5.225806452,31500,0.004821777,0.046604313,0.212139919,5
7346000,2021,terrain,annotated,0,601922.4394,4939269.136,0.0385040405273437,0.0888757568359375,0.01546060791,50.38560486,64.3737793,891,6.75,31500,1.084838867,0.210773647,0.469696969,5
7346008,2021,dry,annotated,0,601931.3125,4939349.531,0.101564581298828,0.277679174804688,0.022290625,107.450325,9.333856583,603,4.965517241,31500,-0.69317627,0.022691995,0.036458336,5.000000477
7345834,2021,dry,annotated,0,601658.175,4939630.65,0.0697799987792969,0.236839990234375,0.03904249268,84.01087189,41.28626633,261,2.608695652,3600,0.120544434,0,0,5
9295053,2021,dry,annotated,0,601698.06,4940316,0.0583006652832031,0.138756005859375,0.02593133545,29.97850609,8.587594032,1269,7.5,3600,1.156921387,0.157551825,0.150666669,5
5656402,2021,em_veg,random_draw,0,601924.7951,4940532.197,0.0639254089355469,0.157807373046875,0.1236500122,86.60290527,10.11769867,342,6.535714286,7200,0.212890625,0.043560151,0,5
5656493,2021,dry,annotated,0,601947.3553,4941943.184,0.0991197387695312,0.269380932617187,0.0178,98.92623901,13.20037174,531,7.862068966,21600,-1.362487793,0.003947369,0.029605264,5
5656772,2021,dry,annotated,0,601976.0778,4941728.3,0.0810599975585937,0.167175561523437,0.08707630615,132.2368011,9.735464096,378,6.75,21600,-1.324829102,0,0.202222213,5
5657777,2021,dry,annotated,0,602067.1134,4941845.433,0.0873445373535156,0.188355456542969,0.05535377197,140.0611267,3.253261328,171,6.611111111,21600,-1.591491699,0.021772346,0.047899164,5
5643975,2021,em_veg,annotated,0,600295.6927,4947701.161,0.0465440368652344,0.110931188964844,0.08321834717,123.3661423,39.46118927,981,6.288461538,657900,-0.012268066,0.598657429,0.60570848,4.954128265
5644115,2021,dry,annotated,0,600306.2411,4947155.786,0.0884678588867188,0.29485,0.00968659668,86.37586975,4.54894495,468,5.793103448,657900,-1.721313477,0,0.210714281,5
5644198,2021,em_veg,annotated,0,600330,4947548.382,0.0231647064208984,0.0328509796142578,0.008212747192,24.24311066,29.8835907,918,6.954545455,657900,0.358276367,1,0.912854016,3
5644636,2021,em_veg,annotated,0,600389.4044,4947612.596,0.0246183822631836,0.0424433837890625,0.02622131958,56.34455109,72.33660889,1224,7.285714286,657900,0.14276123,0.915586293,0.949019611,4.014705658
5645047,2021,deep_viz,annotated,0,600422.6827,4947187.731,0.0250971160888672,0.0338086547851563,0.01103461304,4.526746273,1.145147681,936,7.090909091,657900,0.358276367,0.950410962,1,3
5645078,2021,dry,annotated,0,600450.8906,4947366.094,0.0678046875,0.180925,0.0525640625,75.84586334,44.90625381,405,2.594594595,657900,-0.758056641,0.265885949,0.267187476,5
5645855,2021,dry,annotated,0,600539.7128,4947263.649,0.0568595764160156,0.139404260253906,0.06457658691,42.61824799,55.7598114,405,2.711538462,657900,-0.250183105,0.711050093,0.382978737,5
5646451,2021,deep_viz,annotated,0,600599.8486,4947128.986,0.0286935791015625,0.0344504577636719,0.007210092163,2.942353487,0.571435392,981,7.431818182,657900,0.358276367,1,1,3
5647193,2021,deep_viz,annotated,0,600689.7203,4947037.525,0.0289457641601563,0.0366593231201172,0.004325421143,3.199433565,0.598179042,1062,7.695652174,657900,0.358276367,0.988244951,1,2.745762825
5647022,2021,hugo_precise,annotated,1,600662.656,4946558.436,0.03533853149414062,0.06438623657226562,0.03699816895,14.55946541,7.329114437,900,6.8125,657900,0.064453125,0.676189303,0.739449561,4.412844181
5644488,2021,dry,annotated,0,600363.1744,4949768.221,0.0874899230957031,0.330972094726563,0.05777907715,95.4442749,3.889577627,504,7.166666667,55800,-1.358032227,0,0.241171405,5
5644858,2021,dry,annotated,0,600417.8292,4949957.04,0.112267077636719,0.271496899414063,0.02200246582,103.3523483,3.315275431,819,7.790322581,55800,-0.43762207,0.029264215,0.201518282,5
5644928,2021,dry,annotated,0,600422.3605,4950000.965,0.0646744201660156,0.147942639160156,0.1324402954,74.60773468,9.128651619,1161,6.45,55800,-0.143920898,0.066473581,0.193152457,5
5644666,2021,terrain,annotated,0,600390.2273,4950767.682,0.0340590911865234,0.0430075744628906,0.008323486328,7.809967041,0.406138211,1017,7.92,247500,0.247680664,0.913618386,1,2.833333254
5644926,2021,deep_viz,annotated,0,600419.0143,4950582.243,0.0289657135009766,0.0304876190185547,0.006258096313,8.68637085,0.649531126,945,7.159090909,247500,0.247680664,0.998357952,1,1
5645831,2021,terrain,annotated,0,600519.566,4950639.877,0.0317018859863281,0.0451905670166016,0.05537452698,27.73589325,11.36817551,954,6.625,247500,-0.060058594,0.975741267,1,2.584905624
5645996,2021,deep_viz,annotated,0,600539.6053,4950549.711,0.0286989471435547,0.0309873687744141,0.006852630615,10.11795235,1.556515694,855,7.125,247500,0.247680664,1,1,1
5646143,2021,dry,annotated,0,600569.4,4950726.975,0.0673674987792969,0.157702502441406,0.07074998779,121.45784,63.25785065,360,2,247500,-0.862487793,0.237931043,0.720000029,4.550000191
5646355,2021,dry,annotated,0,600594.1705,4950313.67,0.0642011352539062,0.138219323730469,0.08488182373,119.8521729,29.01830864,270,4.714285714,247500,-1.217041016,0.346212149,0.734090924,5
5646367,2021,dry,annotated,0,600599.475,4950620.85,0.068775,0.164919995117187,0.07705,132.0621643,64.68840027,360,2.5,247500,-0.977844238,0.597906411,0.400000006,4
5648208,2021,deep_viz,annotated,0,600810.5882,4950486.235,0.0300764709472656,0.0314656860351563,0.007979412842,9.537866592,0.569458425,918,6.652173913,247500,0.247680664,0.972622812,1,1
5648523,2021,terrain,annotated,0,600858.9569,4950551.716,0.0364982757568359,0.0544215515136719,0.018625,14.03864956,5.186635017,918,6.444444444,247500,0.172119141,0.918687463,0.935344815,3.215517282
5641993,2021,deep_viz,annotated,0,599728.8893,4951619.027,0.0368893127441406,0.0891557250976562,0.01829694824,23.19565773,29.12715912,1179,7.017857143,34200,0.691894531,0.29056713,0.090754874,4.458015442
5642075,2021,dry,annotated,0,599764.4262,4951571.754,0.054288525390625,0.127892626953125,0.06622458496,99.45256805,18.07472992,1098,5.903225806,34200,0.004943848,0.115292035,0.421675801,4.991803169
5642286,2021,dry,annotated,0,599839.8587,4951559.12,0.057270654296875,0.123573913574219,0.06355543213,75.31794739,16.2658844,828,5.111111111,34200,0.308898926,0.172379538,0.274154603,5
5642401,2021,deep_viz,annotated,0,599882.5476,4951540.238,0.0315476196289063,0.0682992065429688,0.01049920654,78.18614197,20.71841049,1134,7.269230769,34200,0.54296875,0.276555985,0.715167522,5
5642431,2021,dry,annotated,0,599901.375,4951475.45,0.0569224975585938,0.148047497558594,0.1002825073,100.467308,23.06866646,1053,4.736842105,34200,-0.071838379,0.109852925,0.222222239,5
5643507,2021,em_veg,random_draw,0,600203.3774,4952347.868,0.102534899902344,0.284254711914062,0.03241037598,102.5922241,17.21575165,234,5.129032258,20700,-1.609191895,0.00174703,0.035377357,5
5643752,2021,em_veg,random_draw,0,600250.2214,4952231.293,0.109070715332031,0.2464728515625,0.04793928223,85.56481934,10.99018955,126,5.526315789,20700,-0.925720215,0.042224109,0.172222227,4.935714245
5644251,2021,em_veg,random_draw,0,600331.4318,4952277,0.1160625,0.272268188476562,0.0290625,94.1365509,16.2680645,117,4.258064516,20700,-0.865356445,0.087542079,0.084415577,4.852272511
5644838,2021,em_veg,random_draw,0,600425.8295,4952175.75,0.0728477294921875,0.157847729492188,0.1091022705,86.51065826,18.83982849,684,3.666666667,20700,-0.127319336,0.027480027,0.137626275,5
5642723,2021,dry,annotated,0,599975.0294,4952691.794,0.0553156860351562,0.0954568603515625,0.1035254883,60.93530655,18.00308037,459,2.942307692,44100,-0.338256836,0.448366016,0.533769071,3.882352829
5642802,2021,em_veg,annotated,0,600001.275,4952841.488,0.0473112487792969,0.0880099975585937,0.0726875,74.21334076,35.99080658,405,4.615384615,44100,-0.136474609,0.320362896,0.436111122,4.137499809
5643075,2021,em_veg,annotated,0,600090.8889,4952752.361,0.037625,0.0672342590332031,0.03002963257,34.50118256,18.133564,972,6.230769231,44100,-0.004760742,0.527213693,0.616255164,3.564814806
5643133,2021,dry,annotated,0,600108.7642,4952791.387,0.0688698120117188,0.143603771972656,0.08729622803,86.88991547,32.36406708,477,2.944444444,44100,-0.790344238,0.408500731,0.557651997,4.01886797
5643147,2021,em_veg,annotated,0,600120.325,4952589.325,0.0416533325195313,0.0754424987792969,0.0653166687,50.97985458,23.07094574,927,6.206896552,44100,-0.182189941,0.324704289,0.57407409,4.275000095
5643490,2021,terrain,annotated,0,600206.573,4953102.011,0.0370897796630859,0.0535197082519531,0.002368615723,36.83436584,28.95850945,1233,7.903846154,156600,1.253417969,0.953239024,1,3.583941698
5643539,2021,terrain,annotated,0,600205.8669,4952915.277,0.0416115112304688,0.0658266174316406,0.005075543213,55.09068298,35.63869476,1251,6.95,156600,1.15838623,0.763679743,1,3.676259041
5643750,2021,em_veg,annotated,0,600246.7326,4953159.849,0.0386341094970703,0.0557263549804687,0.004662792969,34.61598969,52.74263763,1161,8.0625,156600,1.26776123,0.969036281,0.963178277,3.550387621
5643946,2021,em_veg,annotated,0,600280.8684,4952966.237,0.0622421081542969,0.126380700683594,0.04656140137,80.62404633,12.24344254,306,3.053571429,156600,0.878417969,0.342407733,0.236842111,4.368421078
5643982,2021,dry,annotated,0,600291.4904,4953218.481,0.110603845214844,0.266470190429688,0.04939038086,124.1891937,18.01885796,702,6.24,156600,0.076171875,0,0,5
5643901,2021,dry,annotated,0,600271.8837,4955320.256,0.0983930236816406,0.2206744140625,0.1810906982,127.9897232,5.579369545,432,3.685714286,27000,-0.349975586,0.003771213,0.382170528,5
5643917,2021,dry,annotated,0,600282.6852,4955410.685,0.0637629638671875,0.155495056152344,0.1531913696,130.009079,5.823264122,108,4.86,27000,-0.16607666,0,0.363511652,4.999999523
5643981,2021,dry,annotated,0,600302.4545,4955262.909,0.0720863647460938,0.2002060546875,0.08810606689,117.5081024,11.35813522,324,3.3,27000,-0.398071289,0,0.399724513,5
5643389,2021,hugo_precise,annotated,1,600180.2895,4955232.895,0.03942807006835937,0.06475438842773437,0.03245175171,72.80508423,6.876934052,972,6.576923077,27000,0.135070801,0.079594828,0.935486436,5
5643871,2021,dry,annotated,0,600275.5488,4957548.354,0.0553292663574219,0.0937373962402344,0.03366911011,56.81403732,61.80953217,972,6.833333333,10800,0.216796875,0.687688708,0.637398422,4.121951103
5643950,2021,dry,annotated,0,600297.1988,4957482.488,0.0686771057128906,0.14568193359375,0.04986866455,101.9388275,31.21957397,351,3.890625,10800,-0.130859375,0.377181143,0.469879508,4.530120373
5644282,2021,dry,annotated,0,600335.5636,4958163.464,0.0877363647460938,0.206530004882813,0.08641455078,120.9490585,35.37005997,189,6.6,9900,-0.851074219,0.005614974,0.12727274,5.000000477
5645158,2021,dry,annotated,0,600448.5612,4958115.398,0.0721877563476563,0.154310205078125,0.08077143555,89.64365387,63.46412659,234,3.675,9900,-0.403747559,0.015606242,0.523809552,5
5642423,2021,dry,annotated,0,599892,4959992.25,0.0731069458007813,0.130816662597656,0.1192111206,105.55896,23.88043594,180,3.085714286,17100,-0.078918457,0.008680556,0.550505102,5
5642721,2021,dry,annotated,0,600002.8816,4959787.737,0.0603934204101563,0.124578942871094,0.1341934204,99.07663727,23.52317047,207,3.166666667,17100,-0.23626709,0.029323308,0.387200952,5
5643127,2021,terrain,annotated,0,600113.4153,4961612.771,0.0435237274169922,0.0473991516113281,0.008084747314,11.74136829,2.67267251,1062,6.555555556,417600,0.160644531,0.97895968,0.969491482,2.076271296
5643228,2021,terrain,annotated,0,600147.0158,4961921.921,0.0481410522460938,0.0889789489746094,0.06068104858,32.08456421,48.62480927,855,5.480769231,417600,-0.084228516,0.838896751,0.592105269,3.557894707
5643388,2021,dry,annotated,0,600179.4449,4961587.689,0.0545133850097656,0.117727563476563,0.08727480469,79.98513031,28.11046982,1026,6.568965517,417600,-0.313415527,0.707536519,0.670166254,4.023622036
5643757,2021,deep_viz,annotated,0,600246.1154,4961679.288,0.0399115386962891,0.0264653839111328,0.0159365387,9.945871353,0.545330286,936,7.090909091,417600,0.163513184,1,1,1
5643770,2021,dry,annotated,0,600269.7353,4961520.235,0.0702980407714844,0.165437255859375,0.008827453613,85.81493378,43.0490036,918,5.1,417600,-0.264282227,0.536153734,0.560011864,4
5644277,2021,deep_viz,annotated,0,600332.6887,4961920.783,0.0384613220214844,0.0246773590087891,0.02476981201,9.013731003,0.592161834,954,7.227272727,417600,0.163513184,1,1,1
5645218,2021,deep_viz,annotated,0,600452.4091,4961771.864,0.0424585845947266,0.0279454559326172,0.01758989868,9.426074028,0.500765979,891,7.071428571,417600,0.163513184,1,1,1
5645492,2021,terrain,annotated,0,600481.8068,4961648.386,0.0493465911865234,0.0628488647460937,0.01569431763,12.53075027,4.74530983,792,5.28,417600,0.158325195,0.965909064,0.965909064,2.454545498
5646897,2021,dry,annotated,0,600657.9661,4961757.203,0.0534559326171875,0.122414404296875,0.08379831543,71.75341034,21.00094604,1062,6.807692308,417600,-0.225646973,0.460907578,0.649152577,4.457627296
5642369,2021,shallow_viz,annotated,1,599878.4084,4962224.027,0.0382061065673828,0.0860694641113281,0.1505686951,136.7771149,5.029753685,1062,7.017857143,4500,0.288452148,0,0.519777954,5
5642198,2021,dry,annotated,0,599811.3713,4962195.728,0.100837622070312,0.284059399414062,0.0341901123,107.1523895,13.49882793,180,4.734375,4500,-0.732177734,0,0.090009004,5
5642255,2021,dry,annotated,0,599824.0172,4962243.052,0.0864057495117188,0.30262529296875,0.01759309082,91.28521729,7.74542284,180,5.22,4500,-1.888977051,0,0.083594576,5
5642383,2021,dry,annotated,0,599881.6765,4962185.08,0.0754789916992187,0.256597485351563,0.0382739502,95.25812531,15.13240242,297,6.155172414,4500,-1.989929199,0,0.268907577,5
5642000,2021,deep_water,random_draw,0,599728.8034,4964443.062,0.0849370788574219,0.315903369140625,0.01280561523,124.5358582,6.479253769,333,5.5625,34200,-1.02722168,0.027777778,0.092384517,5
5642029,2021,deep_water,random_draw,0,599733.9079,4964592,0.0447539459228516,0.1186,0.04884473877,51.98373795,29.5958252,513,5.181818182,34200,0.034973145,0.558270693,0.269005835,4.302631378
5642253,2021,deep_water,random_draw,0,599822.7174,4964495.761,0.0485971008300781,0.132521740722656,0.05412463379,65.84584808,26.83274651,585,4.3125,34200,-0.151855469,0.662830353,0.530434787,4.10144949
5642345,2021,deep_water,random_draw,0,599858.133,4964651.959,0.0355724761962891,0.0743568786621094,0.02297614746,11.30989647,5.003836155,981,7.431818182,34200,0.327636719,1,0.977981687,3.752293587
5642294,2021,dry,annotated,0,599847.5562,4965099.421,0.0873797729492188,0.258246069335938,0.0342831543,85.94119263,25.25162888,369,5.5625,6300,-0.591552734,0.089575529,0.115168542,5
5642458,2021,deep_water,random_draw,0,599906.4167,4964919.389,0.0522212951660156,0.0520833312988281,0.01481203613,9.645131111,2.554273605,378,6.48,13677300,0.088989258,0.959150255,1,2.333333254
5642533,2021,deep_water,random_draw,0,599937.3462,4965133.474,0.0488239318847656,0.0452743591308594,0.01071965942,8.992085457,0.697009921,1044,6.75,13677300,0.094482422,0.976556838,0.993352354,2.076923132
5642764,2021,deep_water,random_draw,0,599999.37,4964834.19,0.0494470001220703,0.0585280029296875,0.01708299561,12.13175678,5.589591503,882,6.52173913,13677300,0.067443848,0.981764674,0.98888886,3.039999962
5643088,2021,deep_water,random_draw,0,600093.3416,4965195.015,0.0459772277832031,0.0271118804931641,0.02158713074,9.148041725,0.681833088,909,6.886363636,13677300,0.094482422,1,1,1
5643227,2021,deep_water,random_draw,0,600144.0333,4965615.856,0.0488214813232422,0.100138519287109,0.1653273987,37.51348495,24.21006393,1215,6.982758621,13677300,-0.282104492,0.922916651,0.994238675,3.585185289
5643376,2021,deep_water,random_draw,0,600180.5294,4965516.059,0.0363137268066406,0.0273254913330078,0.3068960663,10.0330801,0.558235705,918,6.652173913,13677300,0.094482422,1,1,1
5644296,2021,deep_water,random_draw,0,600339.2143,4965817.952,0.0667547607421875,0.171522216796875,0.1867658813,139.0056152,16.59547234,234,6.517241379,13677300,-2.059753418,0.036414564,0.123809516,5
5644950,2021,deep_water,random_draw,0,600427.5226,4966124.944,0.0528157897949219,0.130587219238281,0.04475413818,63.11576462,57.77806854,828,6.234375,13677300,-0.432006836,0.438209176,0.168755218,4.3157897
5644970,2021,deep_water,random_draw,0,600419.7261,4964825.152,0.0494747833251953,0.0334495666503906,0.00747304077099999,10.66080379,0.727107048,1035,7.5,13677300,0.094482422,1,1,1
5645452,2021,deep_water,random_draw,0,600482.6604,4965607.047,0.0434792449951172,0.0244283020019531,0.02307735901,9.27850914,0.966461658,954,6.913043478,13677300,0.094482422,1,1,1
5642725,2021,deep_water,random_draw,0,599992.9576,4967710.958,0.0384127105712891,0.0362237274169922,0.01239491577,22.92528534,0.462861717,1062,7.375,297900,0.185302734,1,1,2.423728704
5642893,2021,deep_water,random_draw,0,600032.25,4967892.875,0.0440895843505859,0.0436364593505859,0.01062499695,23.67414284,0.26269272,864,6.545454545,297900,0.185302734,1,1,1
5643160,2021,deep_water,random_draw,0,600122.4375,4967735.438,0.0362791656494141,0.03109375,0.01898958435,23.56728172,0.327169091,864,6.545454545,297900,0.185302734,1,1,1
5643552,2021,deep_water,random_draw,0,600210.4063,4967859.656,0.0366083343505859,0.030856250000000002,0.0239145813,23.18226051,0.448337793,864,6.260869565,297900,0.185302734,1,1,1
5643959,2021,deep_water,random_draw,0,600293.413,4967950.065,0.0503304351806641,0.0834391296386719,0.036362323,47.56858063,14.9045887,621,4.14,297900,-0.14630127,0.548487544,1,3.376811504
5643989,2021,deep_water,random_draw,0,600306.3082,4967727.945,0.0908027404785156,0.226978076171875,0.05004040527,87.24319458,18.48742676,819,7.551724138,297900,-0.474609375,0.435242802,0.505327225,4.465753555
5644206,2021,deep_water,random_draw,0,600333.2561,4968132.817,0.0402829254150391,0.0518032531738281,0.00583739624,28.91977501,11.79062366,1107,7.096153846,297900,0.039794922,0.990145385,1,2.796747923
5644399,2021,deep_water,random_draw,0,600358.6475,4968287.877,0.0663360656738281,0.131285241699219,0.04853934326,78.90663147,20.90533066,549,3.267857143,297900,-0.176513672,0.46865961,0.397085607,4.639344215
5644842,2021,deep_water,random_draw,0,600417.6151,4968063.982,0.0570604309082031,0.103145324707031,0.02256690674,58.41165924,21.83174324,1251,6.95,297900,-0.167053223,0.703522682,0.972122312,4.381294727
5645070,2021,deep_water,random_draw,0,600433.2128,4967919.223,0.0491425537109375,0.0860085083007812,0.01342127686,33.82030869,12.04162216,846,5.222222222,297900,0.060302734,0.994197309,0.90661937,3.808510542
4098944,2021,dry,annotated,0,633896.6667,5034781.762,0.0939515869140625,0.2342880859375,0.05580476074,93.1299057,2.404057264,423,6.517241379,65700,-1.341918945,0.285714298,0.335714281,4.626984119
4099465,2021,deep_viz,annotated,0,633958.9571,5034719.957,0.0410285705566406,0.0532428588867188,0.02717333374,8.98683548,0.593376219,945,7.159090909,65700,0.310424805,0.992559552,1,3
4099532,2021,dry,annotated,0,633961.9592,5034576.735,0.101141839599609,0.246204077148438,0.01716530762,95.5737381,1.954273343,639,5.25,65700,-2.245727539,0.022133853,0.172541752,5
4099617,2021,deep_viz,annotated,0,633986.6628,5034846.221,0.0453790710449219,0.0663023254394531,0.03436123962,10.36580372,0.615974307,1161,7.442307692,65700,0.310424805,0.990552306,1,3
4099939,2021,deep_viz,annotated,0,634019.6282,5034656.833,0.0495606842041016,0.0654658142089844,0.02532393494,14.8691473,3.630476475,1053,7.3125,65700,0.310424805,0.987446606,1,3
4100063,2021,dry,annotated,0,634044.2619,5034597.095,0.0993714294433594,0.236250805664063,0.02875556641,100.115448,2.923189402,720,7.269230769,65700,-0.763366699,0.349454373,0.577200592,4.682539463
4096816,2021,deep_viz,annotated,0,633598.2757,5034660.435,0.0546364501953125,0.0784046752929688,0.015343927,21.02837372,7.768420696,963,6.173076923,246600,0.221740723,0.928171933,0.915887833,2.336448669
4097311,2021,dry,annotated,0,633657.0913,5034633.196,0.0801965209960938,0.23989912109375,0.07075131836,89.07980347,1.749657154,630,7.1875,246600,-3.634521484,0,0,5
4097593,2021,deep_viz,annotated,0,633694.2442,5034905.221,0.0513069763183594,0.0665379821777344,0.02715193481,20.35695839,16.60637283,720,6.910714286,246600,0.236877441,0.881545365,0.842377245,2.697674513
4097659,2021,dry,annotated,0,633719.7973,5034723.419,0.0730531555175781,0.243173876953125,0.01488828125,104.3559723,9.000184059,576,5.203125,246600,-0.991027832,0.211793438,0.234034032,4.594594479
4097807,2021,deep_viz,annotated,0,633722.8826,5034782.674,0.052704345703125,0.070686083984375,0.01749564819,21.17269707,8.644069672,1035,7.1875,246600,0.225646973,0.979492784,0.94975847,2.37391305
4098022,2021,dry,annotated,0,633759.5551,5034785.398,0.0768212585449219,0.186547241210937,0.01827008057,102.4076157,18.61243439,864,5.013157895,246600,-0.561340332,0.528765559,0.205599293,4.64566946
4098403,2021,dry,annotated,0,633808.5345,5034966.155,0.0863839050292969,0.235413793945313,0.0289574707,89.50785828,6.501075268,135,4.660714286,18900,-1.604919434,0.118534483,0.095402308,4.827586174
4098455,2021,terrain,annotated,0,633833.7,5034996.3,0.0396450012207031,0.0693191650390625,0.01833166504,16.70578766,1.170630813,1080,6.923076923,18900,0.516601563,0.889062524,0.793333352,3.2750000950000002
4098718,2021,terrain,annotated,0,633866.7,5035058.868,0.0434432006835938,0.0752616027832031,0.03709440308,24.77751541,3.384267807,1125,7.5,18900,0.500610352,0.831272721,0.567200005,4.487999916
4099074,2021,dry,annotated,0,633903.4143,5034963.871,0.0903571411132812,0.233618090820313,0.02295620117,90.00543213,1.939114571,558,6.057692308,18900,-3.701660156,0.139484122,0.194285721,4.809523582
4099292,2021,terrain,annotated,0,633931.3661,5035023.321,0.0469883941650391,0.0867857116699219,0.02191607056,21.99673462,4.51152277,1008,6.72,18900,0.493713379,0.627889156,0.601785719,4.160714149
4099325,2021,dry,annotated,0,633951.9,5035087.116,0.0904296020507812,0.247402392578125,0.04849440918,94.4683609,4.351737022,288,6.25,18900,-1.758544922,0.136749998,0.175377786,5
4098717,2021,deep_viz,annotated,0,633868.8145,5035648.597,0.0436854827880859,0.0644758056640625,0.008454034424,18.12414551,8.346169472,1116,7.75,49500,0.316467285,1,0.946774185,2.064516068
4098942,2021,dry,annotated,0,633897.8647,5035616.382,0.0557729431152344,0.145782348632813,0.01527529297,74.73292542,67.05955505,531,5.543478261,49500,-1.521484375,0.448529422,0.517647088,4.235294342
4099235,2021,deep_viz,annotated,0,633929.066,5035716.057,0.0465396240234375,0.0490358489990234,0.01875377502,14.75275612,0.492561281,954,7.227272727,49500,0.32043457,1,0.899999976,1
4099571,2021,dry,annotated,0,633986.2647,5035900.676,0.0936156860351562,0.233180395507812,0.06380195313,105.9336777,17.40947723,117,4.026315789,49500,-1.28112793,0.112002373,0.038235292,4.872549057
4099700,2021,deep_viz,annotated,0,633990.4541,5035772.931,0.0478660552978516,0.0599990844726562,0.01565780029,18.34472466,2.900732756,981,7.108695652,49500,0.32043457,1,0.948623836,2.220183372
4099789,2021,dry,annotated,0,633996.5722,5035652.428,0.0523329895019531,0.151264953613281,0.01934227295,88.13910675,47.13489151,216,5.82,49500,-3.054382324,0.409793824,0.318556696,4.628866196
4098879,2021,dry,annotated,0,633891.05,5036163.5,0.0722316650390625,0.206893334960938,0.08540666504,86.4048996,5.872570515,126,3.214285714,11700,-0.921081543,0.091397844,0.094242431,5
4098889,2021,dry,annotated,0,633893.3571,5036076.214,0.06225,0.137273803710938,0.05713094482,74.30036163,5.171098709,378,2.863636364,11700,0.25567627,0.800614476,0.815873027,4.047618866
4096096,2021,deep_viz,annotated,0,633512.665,5036226.743,0.03848349609375,0.0950951477050781,0.02165728149,33.30797195,25.90558434,720,6.18,53100,-0.840148926,0.602419794,0.390507013,3.592232943
4096284,2021,deep_viz,annotated,0,633539.0943,5036162.858,0.0349660369873047,0.05669716796875,0.01407924194,9.861903191,0.388871938,954,7.227272727,53100,-0.79296875,0.965694726,0.825995862,3.188679218
4096285,2021,dry,annotated,0,633537.2143,5036103.686,0.0707728576660156,0.222587133789063,0.01822570801,94.13137817,57.67165375,423,4.772727273,53100,-2.212097168,0.305264622,0.217619061,4.657142639
4096555,2021,deep_viz,annotated,0,633571.208,5036254.314,0.0381407073974609,0.0627407104492188,0.01816460571,13.56919575,1.818852901,1017,7.0625,53100,-0.79296875,1,0.811160266,2.840708017
4097048,2021,dry,annotated,0,633633.5225,5036253.185,0.0707146057128906,0.242742700195312,0.04848427734,104.2530594,6.36100626,270,5.34,53100,-2.325561523,0.136938214,0.030643515,5
4095564,2021,em_veg,annotated,0,633453.6158,5036466.332,0.0429694732666016,0.0816831604003906,0.009688421631,35.62783813,35.0255661,657,5.9375,21600,0.369934082,0.746570945,0.650292397,4.34736824
4095666,2021,dry,annotated,0,633479.7857,5036523.412,0.0844087890625,0.220136254882812,0.0439197998,105.165802,23.31713295,405,5.25,21600,-1.86907959,0.232767239,0.186813191,4.736263752
4095889,2021,em_veg,annotated,0,633507.6951,5036408.012,0.0446536590576172,0.112340246582031,0.01964390259,38.15456009,31.14484406,675,4.92,21600,0.273620605,0.888719499,0.822154462,4.085365772
4096119,2021,deep_viz,annotated,0,633517.2317,5036463.841,0.0359560974121094,0.0518666687011719,0.01003821411,16.81700516,1.389988899,1107,7.38,21600,0.383117676,1,1,3
4096172,2021,em_veg,annotated,0,633542.1939,5036560.296,0.0470612243652344,0.0888482971191406,0.01350339966,41.09205627,14.83673763,1323,6.890625,21600,0.355957031,0.521748066,0.303099006,4.761904716
4096657,2021,dry,annotated,0,633576.4773,5036428.977,0.0869068176269531,0.236177270507813,0.01439658203,86.9414978,4.571622849,117,5.28,21600,-2.464111328,0.08984375,0.02020202,5
4096940,2021,dry,annotated,0,633622.7022,5036823.691,0.105474157714844,0.24748427734375,0.03681235352,110.4779587,16.97554588,117,3.814285714,3600,-1.353027344,0.025776602,0.078651682,5
4098659,2021,dry,annotated,0,633862.3732,5037385.923,0.0623422546386719,0.158764782714844,0.05633942871,80.97207642,8.285197258,513,3.132352941,7200,0.029724121,0.190060809,0.508607209,5
4098432,2021,em_veg,random_draw,0,633830.2636,5037627.573,0.0904872741699219,0.208416357421875,0.115130896,106.9804153,10.26240635,306,3.3,7200,-0.207275391,0.211786851,0.137373731,4.872727394
4098658,2021,em_veg,random_draw,0,633862.6739,5037541.63,0.0706898559570313,0.174553625488281,0.1036884033,118.9755325,15.64326668,333,3.568965517,7200,-0.340759277,0.238429174,0.259259254,5
4096618,2021,dry,annotated,0,633573.959,5040092.73,0.0739327880859375,0.239499169921875,0.02908032227,109.7714539,7.923399448,261,6.535714286,13500,-0.42010498,0.038339499,0.049749546,5
4093069,2021,dry,annotated,0,633157.3154,5041483.108,0.0989323059082031,0.237701538085937,0.04496152344,112.6601944,7.13866806,171,5.416666667,900,-0.637145996,0.088319093,0.017008547,4.853846073
4055250,2021,em_veg,annotated,0,629519.28,5041965.06,0.0713200012207031,0.152497998046875,0.1021959961,104.151886,15.94375706,171,2.678571429,132300,-0.290405273,0.144615397,0.379999995,4.840000153
4055251,2021,deep_viz,annotated,0,629521.7784,5041892.861,0.0444319580078125,0.0771134033203125,0.07873401489,93.72970581,28.67826462,495,5.196428571,132300,-0.038208008,0.491276741,0.625773191,4.432989597
4056502,2021,deep_viz,annotated,0,629639.5957,5041994.283,0.0377356536865234,0.0482069580078125,0.01174087219,52.27736664,15.80986691,1035,7.1875,132300,0.067810059,0.907625377,0.994202912,3.982608795
4056506,2021,em_veg,annotated,0,629640.4024,5041855.89,0.0444341461181641,0.06310244140625,0.02298292847,48.93369675,11.55138016,1107,7.38,132300,0.036071777,0.522826791,0.749209583,4.235772133
4057769,2021,dry,annotated,0,629745.525,5041830.338,0.111876245117187,0.251111254882812,0.0458,121.3267975,15.32058144,288,5,132300,-1.300170898,0,0.085416667,5
4058776,2021,em_veg,annotated,0,629832.8077,5041832.423,0.0975269226074219,0.228576928710937,0.1223346191,127.176384,11.67344284,207,3,132300,-0.762695313,7.4e-4,0.260531127,5
4059218,2021,deep_viz,annotated,0,629877.5698,5041921.686,0.0422155029296875,0.0645596923828125,0.02146899414,64.87877655,16.43318748,1017,6.241935484,132300,0.058349609,0.797483623,0.81782943,3.844961166
4059853,2021,dry,annotated,0,629938.2391,5041909.935,0.087131884765625,0.203526086425781,0.106455072,114.839592,14.85422993,477,3.044117647,132300,-0.521606445,0.243672326,0.669082105,4.956521511
4050953,2021,em_veg,random_draw,0,629192.28,5041436.64,0.084947998046875,0.19237900390625,0.1135619934,77.43357086,13.29196739,144,4.054054054,4500,-0.073120117,0.12041872,0.147678584,4.840000153
4052067,2021,em_veg,random_draw,0,629280.0542,5041487.476,0.0869783142089844,0.196804821777344,0.09744578857,81.675354,12.00872612,180,3.661764706,4500,-0.16204834,0.13710013,0.160546958,4.975903511
4049818,2021,em_veg,random_draw,0,629100.0474,5041693.753,0.0627368408203125,0.143273681640625,0.09031894531,123.5741959,38.27970123,243,3.5625,1800,-0.024353027,0.047800053,0.267105252,5
4036931,2021,dry,annotated,0,628102.0278,5041598.056,0.12054814453125,0.265318530273437,0.07873149414,95.45169067,11.29697132,153,5.586206897,12600,-0.612426758,0.277421653,0.216049388,4.379629612
4036932,2021,em_veg,annotated,0,628098.9783,5041505.543,0.0815695678710937,0.158945654296875,0.06856522217,72.72471619,60.37862396,261,2.379310345,12600,-0.150756836,0.741502225,0.893719792,3.978260756
4037250,2021,deep_viz,annotated,0,628124.6582,5041562.867,0.0413215179443359,0.0694240478515625,0.02440379333,22.57767105,2.956461191,1269,7.9,12600,0.013793945,0.89484036,0.947169483,3.107594967
4037334,2021,em_veg,annotated,0,628124.3108,5041637.149,0.0694486511230469,0.156472973632813,0.08252702637,62.35266495,44.80603409,243,2.22,12600,0.012512207,0.586278617,0.588588655,3.810810804
4037940,2021,em_veg,annotated,0,628174.7,5041578.5,0.0685733337402344,0.132793334960938,0.0691,78.48612976,37.56301117,198,2.327586207,12600,0.001708984,0.755325139,0.526913583,3.511111021
4033220,2021,em_veg,annotated,0,627836.5645,5041423.016,0.0628881713867187,0.13399892578125,0.06416559448,138.3596802,25.15781403,477,4.65,900,0.034240723,0.062698893,0.389486253,5
4018227,2021,terrain,annotated,0,626905.5659,5041433.06,0.0474670318603516,0.0904813171386719,0.03672527466,44.33723831,23.16868591,657,5.055555556,18900,0.29296875,0.677394032,0.716727734,3.791208744
4018622,2021,dry,annotated,0,626941.2838,5041375.77,0.104832434082031,0.199910815429687,0.1034774902,119.8337784,20.36608696,324,5.74137931,18900,-1.167724609,0.207157701,0.28828829500000003,4.675675869
4019095,2021,terrain,annotated,0,626967.0616,5041445.445,0.0470027404785156,0.0719821899414062,0.01736712036,34.57727432,15.22688007,657,4.977272727,18900,0.290283203,0.848963797,0.776255727,3.643835545
4021012,2021,terrain,annotated,0,627092,5041447.529,0.0487274505615234,0.0794598022460938,0.01740195923,41.51448441,11.80025387,126,5.275862069,18900,0.287414551,0.707334757,0.520697176,3.784313679
4014430,2021,em_veg,annotated,0,626639.46,5041531.8,0.0678419982910156,0.169540002441406,0.1058060059,120.4227905,32.32069778,441,2.272727273,9900,-0.03918457,0.075527065,0.480555564,4.920000076
4014827,2021,em_veg,annotated,0,626663.6932,5041593.239,0.0475090911865234,0.109076135253906,0.07153864136,131.3569946,28.9919014,504,4.714285714,9900,0.082519531,0.27068764,0.469381303,4.681818008
4015247,2021,dry,annotated,0,626700.3113,5041530.085,0.0686056579589844,0.168245288085937,0.1103151001,107.2845764,18.2036705,450,2.564516129,9900,-0.113220215,0.134845778,0.461740047,4.962264061
4015697,2021,em_veg,annotated,0,626725.7055,5041576.952,0.0563917785644531,0.122767126464844,0.09828082275,118.6323166,30.17946434,315,3.318181818,9900,0.036560059,0.143147066,0.373363793,5
4010228,2021,deep_viz,annotated,0,626332.8684,5041806.211,0.0314008758544922,0.0407140350341797,0.00561842041,14.62859726,0.607097685,1026,7.125,84600,0.156616211,0.974310815,1,1.438596487
4010677,2021,dry,annotated,0,626371.9,5041694.05,0.0685849975585937,0.175209997558594,0.08192832031,125.3522949,21.850914,540,2.8125,84600,-0.270446777,0.248148143,0.838888884,4.449999809
4011152,2021,deep_viz,annotated,0,626398.9444,5041863.222,0.0308583343505859,0.0357333343505859,0.002494445801,14.48117542,0.709913909,972,7.043478261,84600,0.156616211,1,1,1
4011960,2021,deep_viz,annotated,0,626460,5041806.444,0.0317972229003906,0.0357611114501953,0.0010527771,15.36777115,0.897118151,972,7.363636364,84600,0.156616211,0.981481493,1,1
4014394,2021,dry,annotated,0,626618.2559,5041704.437,0.0688543334960938,0.171042517089844,0.09869212646,97.12776947,25.61369324,927,6.35,84600,-0.031433105,0.163896188,0.077755906,5
3999146,2021,deep_viz,annotated,0,625523.8481,5041749.209,0.0332943023681641,0.0523,0.004280380249,66.09243011,22.45802307,1422,7.181818182,13500,0.096618652,0.631694257,0.897063971,3.683544397
3999593,2021,dry,annotated,0,625548.7,5041776.25,0.0839700012207031,0.194321667480469,0.04105,143.5489655,20.78853226,198,2.368421053,13500,-0.625610352,0.086769231,0.320833325,4.900000095
3983009,2021,dry,annotated,0,624300.9962,5041321.042,0.076316796875,0.24187099609375,0.00599465331999999,101.8696594,11.50035095,189,6.55,86400,-1.56640625,0.160305336,0.160305336,4.679389477
3983945,2021,terrain,annotated,0,624383.0806,5041368.194,0.0525096801757812,0.0842201599121094,0.01753145142,21.57698059,6.520222187,945,7.153846154,86400,0.09753418,0.969042599,0.980286717,2.669354916
3984992,2021,dry,annotated,0,624478.425,5041112.325,0.090775,0.191255004882812,0.0111125,101.7829895,8.869688034,207,5,86400,-4.092285156,0.257956982,0.49444443,4.412499905
3986093,2021,dry,annotated,0,624568.7449,5041139.48,0.0671653076171875,0.120724487304688,0.0203163269,74.63078308,94.80442047,225,2.625,86400,-0.052734375,0.590520024,0.829365075,3.959183693
3986651,2021,terrain,annotated,0,624599.9872,5041358.038,0.0497410247802734,0.0627239318847656,0.006723077393,32.54256058,24.07566261,1053,6.5,86400,0.092956543,0.93934381,0.858974338,3.119658232
3973716,2021,dry,annotated,0,623544.7885,5041324.231,0.104430126953125,0.249300634765625,0.03513525391,101.5562744,5.92385149,108,6.685714286,54000,-1.057250977,0.123474792,0.245192304,4.923077106
3975092,2021,terrain,annotated,0,623640.5,5041227.244,0.0480294586181641,0.069650390625,0.006162792969,21.76383781,6.165828228,1161,7.166666667,54000,0.140441895,0.900026739,0.920930207,3.062015533
3975206,2021,terrain,annotated,0,623644.8113,5041353.198,0.0450933959960938,0.0510603759765625,0.00915660095199999,14.93629646,3.500980377,351,6.625,54000,0.144775391,1,1,3
3975945,2021,dry,annotated,0,623703.5388,5041237.063,0.0998572814941406,0.22654951171875,0.02780582275,109.1651917,7.738926411,288,5.15,54000,-0.809204102,0.823078573,0.852427185,4
3976206,2021,terrain,annotated,0,623724.3049,5041353.72,0.0453601623535156,0.0513211364746094,0.009417883301,19.35477448,4.793056965,396,7.38,54000,0.144775391,0.984610856,1,3
3961543,2021,deep_viz,annotated,0,622617.0573,5041570.683,0.0361122131347656,0.0498236633300781,0.006906106567,29.12559509,7.690105438,1179,7.557692308,13426200,0.021789551,0.99312979,1,2.58015275
3961773,2021,deep_viz,annotated,0,622620.7277,5040995.183,0.0412901000976562,0.0757782165527344,0.00539306640599999,32.31511307,17.60632896,909,5.826923077,13426200,0.029602051,0.910561025,0.867043793,2.920792103
3961844,2021,dry,annotated,0,622632.4065,5041320.967,0.0833037353515625,0.198026171875,0.01840374756,117.621788,20.8657856,963,5.732142857,13426200,0.131774902,0.97445482,1,3.766355038
3963030,2021,dry,annotated,0,622713.2143,5041202.878,0.0811183654785156,0.2454224609375,0.02399389648,84.4645462,13.98625946,531,6.125,13426200,-2.057617188,0.465646267,0.479591876,4.397959232
3963072,2021,deep_viz,annotated,0,622716.9884,5041500.593,0.0386325592041016,0.0535209289550781,0.005578292847,30.01747131,8.029387474,1161,7.166666667,13426200,0.004089355,0.855555534,1,3.023255825
3963073,2021,dry,annotated,0,622716.5769,5041472.654,0.0674634643554688,0.136573071289062,0.04423654785,135.0079803,22.45150566,459,2.516129032,13426200,-0.550415039,0.645579159,0.96875,4
3965672,2021,em_veg,annotated,0,622917.9205,5042136.068,0.0400829559326172,0.0746113647460938,0.01712613525,23.69686317,6.526631355,792,6,22500,0.19140625,0.91098487399999994,0.87752527,3.227272749
3965964,2021,dry,annotated,0,622940.0926,5042114.759,0.0943111083984375,0.2106037109375,0.03483950195,97.75514221,15.09424305,729,5.282608696,22500,-0.825805664,0.483499289,0.533607662,4
3966775,2021,em_veg,annotated,0,622986.0652,5042220.848,0.0672673889160156,0.158973913574219,0.1016695557,125.892952,5.900275707,117,2.379310345,22500,-0.623413086,0.075362317,0.67632848,5
3957610,2021,dry,annotated,0,622298.8077,5042456.244,0.0770623901367188,0.18732392578125,0.05232052002,93.45510101,15.37469864,1053,7.02,63000,-0.386108398,0.827391565,0.900854707,3.615384579
3959268,2021,em_veg,annotated,0,622437.2944,5042425.921,0.03899345703125,0.0608158874511719,0.01438971863,18.44949722,2.496520758,963,7.642857143,63000,0.251464844,1,1,3
3960313,2021,em_veg,annotated,0,622522.9021,5042529.634,0.0441835052490234,0.0864556701660156,0.01909793701,40.35333633,9.345978737,756,6.0625,63000,0.195800781,0.644652069,0.426804125,3.969072104
3960650,2021,em_veg,annotated,0,622533.7677,5042462.114,0.042918896484375,0.0769748046875,0.0145897644,29.91182327,5.267206192,1143,7.055555556,63000,0.227478027,0.913877964,0.551968455,3.606299162
3964021,2021,terrain,annotated,0,622792.2568,5043302.595,0.110235131835937,0.194578381347656,0.194412965679169,57.47151566,13.70444679,153,3,41400,-1.913269043,0.236679539,0.383783787,4.418919086
3964807,2021,deep_viz,annotated,0,622855.7609,5043244.674,0.0761123168945313,0.0522586975097656,0.009618841553,13.34529209,0.432616979,1242,7.392857143,41400,0.287963867,1,1,1
3964962,2021,deep_viz,annotated,0,622858.6641,5043369.023,0.07435234375,0.06582734375,0.01124140625,14.16725254,1.218671083,1152,7.68,41400,0.286865234,1,0.917187452,2.515625
3965209,2021,deep_viz,annotated,0,622885.6008,5043306.315,0.0754907592773437,0.0478873962402344,0.007805044556,12.9059391,0.510398388,1071,7.760869565,41400,0.287963867,1,1,1
3966085,2021,terrain,annotated,0,622947.537,5043234.981,0.071743212890625,0.115043212890625,0.01964815063,47.34740829,20.79275322,729,4.339285714,41400,0.114685059,0.83732748,0.865569293,3.987654209
3966801,2021,terrain,annotated,0,623010.1176,5043248.382,0.0695098022460938,0.116879406738281,0.02251567993,23.2113018,6.944880962,864,5.275862069,41400,0.239440918,0.845938385,0.843137264,3.313725471
3963526,2021,dry,annotated,0,622770.8425,5044579.048,0.0902383544921875,0.190324658203125,0.19012645483017,102.8163834,21.91052055,333,2.959459459,31500,-1.187438965,0.700125992,0.98904109,4.520547867
3958237,2021,deep_water,random_draw,0,622350.3333,5044902.042,0.0794625,0.26424443359375,0.0305458252,64.00833893,5.205210686,351,5.142857143,23400,-2.760559082,0.224945545,0.206060618,4.458333492
3958857,2021,deep_water,random_draw,0,622412.5179,5045012.813,0.0372178558349609,0.05374375,0.01107946472,25.66868401,7.274088383,1008,7,23400,0.343566895,1,1,2.178571463
3959265,2021,deep_water,random_draw,0,622439.8929,5044899,0.0504678558349609,0.11436904296875,0.0117833252,46.33586884,15.52687454,747,5.25,23400,0.164855957,0.665266156,0.610606074,3.6071429250000002
3962383,2021,dry,annotated,0,622679.1111,5045612.972,0.0735518493652344,0.280109252929688,0.02701760254,87.22166443,3.526942968,180,7.043478261,138600,-5.648254395,0.025720166,0.041152265,5
3963574,2021,deep_viz,annotated,0,622768.1289,5045612.119,0.0457463928222656,0.0759216491699219,0.01931340332,14.20333385,5.757212639,873,6.0625,138600,0.258605957,0.845485806,0.814432979,3.546391726
3964018,2021,dry,annotated,0,622805.7545,5045074.991,0.0892599975585937,0.2504708984375,0.02648725586,108.6899033,6.016656399,198,5,138600,-0.670837402,0.026097877,0.109090917,5
3964127,2021,dry,annotated,0,622799.1462,5045665.431,0.0788769226074219,0.270726147460937,0.03845844727,85.92602539,2.778428316,342,7.5,138600,-2.745788574,0.025054945,0.097435899,5
3964657,2021,deep_viz,annotated,0,622834.225,5045373.425,0.0428916656494141,0.0514016662597656,0.01311833191,10.29678154,1.600022793,1080,7.2,138600,0.265625,1,1,2.266666651
3964658,2021,deep_viz,annotated,0,622833.2717,5045311.925,0.0461692901611328,0.0597921264648437,0.01594015808,12.05795193,2.305948973,1143,7.9375,138600,0.265258789,1,0.973753273,2.795275688
3956603,2021,dry,annotated,0,622229.6901,5045553.012,0.0908239685058594,0.213981811523438,0.01752645264,110.7017365,17.79936409,180,6.25862069,6300,-2.976013184,0.044077139,0.135987982,5
3963713,2021,dry,annotated,0,622772.6714,5046747.214,0.0951599975585938,0.2678771484375,0.01875715332,117.8172607,15.45283985,360,5.625,25200,-1.295654297,0.183278993,0.38031745,4.819047451
3963953,2021,dry,annotated,0,622792.8364,5046967.276,0.0918728942871094,0.259942065429688,0.0209364502,99.16745758,13.48846722,243,6.42,25200,-1.755554199,0.166889191,0.158878505,4.841121674
3963954,2021,em_veg,annotated,0,622796.9516,5046939.387,0.0605693542480469,0.132887097167969,0.06531613159,87.3223114,41.41040421,558,3.576923077,25200,0.210388184,0.718433201,0.661290348,4.403225899
3964436,2021,em_veg,annotated,0,622823.0556,5046779.361,0.0427453704833984,0.0705777770996094,0.0119416687,15.44783688,3.482637644,972,6.48,25200,0.30657959,0.907993734,0.866666615,3.620370388
3964545,2021,em_veg,annotated,0,622825.5918,5046876.765,0.0428724487304687,0.0743734680175781,0.01381020508,21.36164284,15.05538654,882,6.391304348,25200,0.305236816,0.861944795,0.7505669,3.510204077
3965127,2021,dry,annotated,0,622863.75,5046821.79,0.0871960021972656,0.245596997070312,0.00147800293,119.942627,22.75437546,342,5.555555556,25200,-1.094848633,0.387930751,0.367999971,4.6199998859999996
3963847,2021,dry,annotated,0,622777.5469,5047106.625,0.07288984375,0.175928125,0.087846875,85.03172302,15.62896633,1017,6.193548387,4500,0.259216309,0.210142583,0.11328125,4.75
3963290,2021,em_veg,annotated,0,622744.4268,5047567.793,0.0592060974121094,0.109756701660156,0.04982316284,34.39900208,8.727040291,1413,6.833333333,40500,0.316589355,0.746275842,0.576219499,3.841463327
3963523,2021,em_veg,annotated,0,622757.6136,5047352.295,0.0463106048583984,0.0644666687011719,0.01915530396,12.6802578,0.852040231,1143,7.615384615,40500,0.317932129,0.955538034,0.966329992,2.954545498
3963539,2021,dry,annotated,0,622760.196,5047262.028,0.0870783996582031,0.275035205078125,0.03574082031,80.1954422,1.268545628,180,6.696428571,40500,-2.977722168,0.004571429,0.035555556,5
3963950,2021,em_veg,annotated,0,622780.4492,5047453.297,0.0665203369140625,0.122,0.0228288147,69.94001007,25.328022,531,3.54,40500,0.26965332,0.789628327,0.678672314,4
3964313,2021,dry,annotated,0,622803.5192,5047448.971,0.1149875,0.239074047851562,0.04310482178,109.02668,16.22947502,324,6.24,40500,-1.491455078,0.276897579,0.24172008,4.653846264
3959881,2021,glint,annotated,0,622490.7375,5047630.313,0.0843112487792969,0.106298754882812,0.0233437561,61.31047821,17.45697021,720,4.8,25200,0.008483887,0.798467696,0.836111128,3.262500048
3961110,2021,glint,annotated,0,622581.6031,5047695.572,0.203580407714844,0.3101927734375,0.2768700928,32.22215652,3.207482338,873,4.409090909,25200,0.078430176,1,1,1.835051537
3959088,2021,em_veg,annotated,0,622440.3228,5048076.854,0.0601050659179687,0.153348095703125,0.01792531738,79.25679016,16.46629524,549,4.086206897,78300,-0.203918457,0.689501107,0.745428979,4.215189934
3959550,2021,deep_viz,annotated,0,622466.0816,5048043.184,0.0325571441650391,0.0438510192871094,0.0085540802,12.28894711,1.268217087,882,7,78300,0.198852539,1,1,2.877551079
3959783,2021,deep_viz,annotated,0,622473.3425,5047953.555,0.0346889770507813,0.0437377960205078,0.006821261597,11.768861770000001,1.013061881,1143,7.9375,78300,0.198852539,1,1,3
3960059,2021,dry,annotated,0,622506.0904,5048145.452,0.0924361450195312,0.256168676757813,0.02193974609,102.2259521,10.80379963,486,4.98,78300,-0.76751709,0.019715225,0.216867492,5
3960358,2021,em_veg,annotated,0,622536.3434,5047894.283,0.0607277099609375,0.144021691894531,0.02022169189,88.56599426,21.96112061,747,3.890625,78300,-0.169311523,0.302759409,0.402945161,4.493976116
3960755,2021,em_veg,annotated,0,622554.9878,5048189.72,0.0565845520019531,0.135273168945312,0.05947235107,89.79603577,20.49674988,1107,6.15,78300,-0.23059082,0.483862996,0.845867217,4.016260147
3961163,2021,deep_viz,annotated,0,622587.1607,5048098.875,0.0349464294433594,0.0382178558349609,0.006353570557,10.54486942,0.583119094,1008,7,78300,0.198852539,1,1,1.276785731
3961385,2021,dry,annotated,0,622599.0517,5048011.086,0.0775965515136719,0.26321953125,0.03052758789,107.769455,8.815268517,423,5.22,78300,-1.620910645,0.167004734,0.330779105,4.87356329
3961757,2021,dry,annotated,0,622627.4651,5048326.186,0.0810418579101563,0.261296508789063,0.01694069824,104.2595825,28.16201782,513,4.03125,78300,-1.151062012,0.174324647,0.248837218,5
3965477,2021,em_veg,annotated,0,622883.4767,5049124.36,0.0747930236816406,0.175976745605469,0.1105558167,68.47806549,32.508564,189,2.388888889,23400,0.012268066,0.567275703,0.780730903,4
3966584,2021,em_veg,annotated,0,622993.0532,5049056.074,0.0831212768554687,0.192614892578125,0.0776829834,86.17276764,26.02024269,198,2.711538462,23400,-0.121032715,0.350720644,0.65721041,4.40425539
3967658,2021,em_veg,annotated,0,623088.5357,5049187.25,0.0951880981445312,0.211934521484375,0.1058511841,96.74281311,21.72729492,108,2.571428571,23400,-0.137695313,0.147465438,0.376984119,4.857142925
3968112,2021,em_veg,annotated,0,623109.1612,5050275.211,0.0938636352539062,0.224972729492187,0.1131917358,92.46172333,19.44844437,774,5.671875,193500,-0.475219727,0.068248466,0.470434874,4.917355537
3968485,2021,terrain,annotated,0,623138.5741,5050288.056,0.0772604919433594,0.108206176757812,0.0771444458,75.90866089,29.77090645,729,4.673076923,193500,-0.074523926,0.527678192,0.814153373,3.740740776
3968694,2021,terrain,annotated,0,623153.0902,5050413.516,0.0798672119140625,0.100380328369141,0.06129508667,66.87332916,27.488657,135,4.159090909,193500,-0.044006348,0.46833688,0.42388761,4.508196831
3969789,2021,terrain,annotated,0,623244.7373,5050293.28,0.0819016967773438,0.106303393554688,0.05871016235,65.61325836,40.03102493,423,3.403846154,193500,-0.061645508,0.824494243,0.898002446,3.305084705
3970557,2021,em_veg,annotated,0,623309.3571,5050476.31,0.100003967285156,0.224650805664063,0.1329246155,81.02042389,16.40466881,315,5.558823529,193500,-0.526306152,0.182891697,0.179138333,4.722222328
3971594,2021,em_veg,annotated,0,623368.7609,5050567.37,0.0825717407226562,0.173126086425781,0.1181239136,92.76895905,23.94089127,171,2.555555556,193500,-0.390625,0.387228251,0.684782624,4.195652008
3969803,2021,em_veg,annotated,0,623237.3961,5052975.253,0.0551753234863281,0.136319482421875,0.0314324707,63.02691269,64.6248703,693,3.85,9900,0.081726074,0.714326799,0.650974035,3.246753216
3969962,2021,em_veg,annotated,0,623250.8256,5052992.337,0.0417604644775391,0.0818449584960937,0.0219883667,57.79633331,71.50553894,1161,6.910714286,9900,0.094848633,0.728488743,0.736618698,3.23255825
3970813,2021,em_veg,annotated,0,623304.5833,5053016.542,0.06775,0.138002783203125,0.0444722168,110.6292572,39.60048294,549,4.5,9900,0.058227539,0.487847209,0.464037716,4.486111164
3972452,2021,dry,annotated,0,623450.508,5053541.364,0.103313598632813,0.2788248046875,0.06129279785,113.7625275,16.17788887,153,5.208333333,3600,-0.543823242,0.024499999,0.083777778,4.975999832
3973051,2021,em_veg,annotated,0,623483.6077,5053591.154,0.058196923828125,0.128102307128906,0.03920076904,49.37562561,24.58298874,918,5.735294118,3600,0.429321289,0.411431551,0.574587941,4.392307758
3974127,2021,terrain,annotated,0,623572.2619,5053953.262,0.0600872985839844,0.0567325378417969,0.01159682312,19.04787064,0.714245379,261,6.75,63900,0.133422852,0.960317433,1,2.539682627
3974367,2021,terrain,annotated,0,623577.994,5054102.584,0.0626867492675781,0.0620084350585937,0.01921445923,19.18308258,0.698239386,279,4.98,63900,0.13293457,0.702334344,0.956325293,3.228915691
3974516,2021,deep_viz,annotated,0,623603.2358,5054236.33,0.0594672973632812,0.0534610046386719,0.0120050293,20.49793243,0.812877893,1215,7.95,63900,0.133422852,0.895698905,0.874213815,1.584905624
3974542,2021,dry,annotated,0,623604.1333,5053907.167,0.0943599975585938,0.208297778320312,0.03100111084,106.1213684,18.398883819999998,612,5.192307692,63900,-0.598693848,0.756272435,0.619444489,4.133333206
3975630,2021,deep_viz,annotated,0,623670.0849,5054013.934,0.0566990539550781,0.0398226409912109,0.004929244995,17.83059502,0.199094743,954,6.913043478,63900,0.133422852,0.967741966,1,1
3976153,2021,dry,annotated,0,623719.5796,5053955.456,0.0709707946777344,0.161267260742188,0.0861637207,74.08098602,17.9831295,558,5.844827586,63900,-1.830993652,0.115713634,0.222345129,4.946902752
3976194,2021,dry,annotated,0,623720.75,5054223.583,0.0834305541992188,0.230111108398438,0.0298652832,104.871109,26.85624313,540,3.483870968,63900,-0.697631836,0.375,0.290123463,4.555555344
3976473,2021,deep_viz,annotated,0,623730.7574,5054164.441,0.05926435546875,0.0602415832519531,0.009177227783,27.90465164,7.092717171,909,6.886363636,63900,0.133178711,1,0.920792103,2.346534729
3977853,2021,deep_viz,annotated,0,623846.0593,5056745.136,0.0485152557373047,0.0618169494628906,0.009655932617,13.11925316,6.74749279,1062,6.807692308,3044700,0.076965332,0.92937851,0.961479187,2.932203293
3978189,2021,dry,annotated,0,623877.68,5056623.2,0.06606533203125,0.200014001464844,0.02147532959,75.34692383,50.20631027,612,7.5,3044700,-2.411804199,0.435402304,0.528484821,4.266666889
3978519,2021,dry,annotated,0,623903.6168,5057151.471,0.0981313842773438,0.271709497070313,0.03930439453,97.74701691,14.08735752,594,6.629032258,3044700,-1.45690918,0.097601674,0.175182492,5
3979846,2021,dry,annotated,0,624021.3584,5055964.792,0.0913238952636719,0.253453979492188,0.02226726074,90.2012558,6.206361294,162,6.053571429,3044700,-1.644470215,0.170501485,0.35752213,4.840707779
3981056,2021,deep_viz,annotated,0,624124.4,5056022.85,0.0460066680908203,0.0519575012207031,0.008401669312,12.53823471,4.700654507,1080,7.5,3044700,0.078613281,1,1,2.266666651
3982501,2021,deep_viz,annotated,0,624264.36,5057042.91,0.0491,0.0621460021972656,0.009510003662,10.38060665,3.762822628,900,6.25,3044700,0.079833984,0.926571429,0.712727249,2.7699999809999998
3650100,2021,dry,annotated,0,624079.7673,5060230.886,0.0605574279785156,0.161647521972656,0.08058118286,136.6545563,4.790467262,774,5.410714286,56700,-0.300354004,0.102970295,0.572277248,5
3650112,2021,em_veg,annotated,0,624077.3,5060417.071,0.050094287109375,0.124137145996094,0.0697647644,80.67681122,12.26980686,945,6.5625,56700,0.032104492,0.705532253,0.970370352,3.980952263
3650720,2021,dry,annotated,0,624203.4355,5060554.242,0.0877881713867188,0.23270751953125,0.06246988525,131.0896759,6.086327553,162,5.166666667,56700,-0.718994141,0.034953885,0.094384708,5
3650766,2021,em_veg,annotated,0,624203.006,5060325.199,0.0568373474121094,0.141965063476562,0.08181687012,117.8851318,10.14182663,621,5.659090909,56700,-0.11895752,0.74470675,0.826506078,4.168674469
3650787,2021,em_veg,annotated,0,624203.4505,5060385.757,0.0451603973388672,0.100354455566406,0.05922772217,79.76766968,14.13070965,909,6.3125,56700,0.123596191,0.811315417,1,3.48514843
3650896,2021,dry,annotated,0,624234.5973,5060351.774,0.0848840698242188,0.257369018554688,0.08609290771,103.3164291,4.972484589,603,7.369565217,56700,-1.297912598,0.069844581,0.059292037,5
3648353,2021,deep_viz,annotated,0,623729.6016,5060842.172,0.03947734375,0.06307421875,0.019475,14.05767345,4.043212891,1008,7.384615385,9992700,-0.146606445,0.848404646,0.830468714,3.3984375
3648707,2021,deep_viz,annotated,0,623788.7211,5060594.921,0.04909052734375,0.0919978942871094,0.02381262817,69.3694458,35.28373337,504,5.9375,9992700,-0.348266602,0.861954868,0.743859649,3.884210587
3648891,2021,deep_viz,annotated,0,623813.6786,5060652.75,0.0478678558349609,0.0923226196289062,0.01468571777,66.86647034,41.79927826,585,5.25,9992700,-0.375183105,0.802380979,0.798941791,3.452380896
3649230,2021,dry,annotated,0,623884.792,5060745.942,0.0800194702148437,0.2810150390625,0.02006816406,78.56147003,71.6827774,270,4.2375,9992700,-5.176391602,0.073763438,0.111504436,5
3650122,2021,dry,annotated,0,624080.0926,5061076.907,0.0552962951660156,0.144308642578125,0.04042839355,87.66607666,42.83131027,729,3.796875,24300,0.094848633,0.786855459,0.845678985,3.888888836
3650454,2021,dry,annotated,0,624153.2344,5061273.375,0.0578375,0.18675625,0.0579890625,142.3007355,22.36144257,189,2.909090909,24300,-0.201293945,0.208274156,0.309374988,4.859375
3650513,2021,em_veg,random_draw,0,624153.7273,5062454.932,0.0439333343505859,0.0770916687011719,0.02020758057,64.05170441,15.15455627,1152,7.071428571,201600,0.177429199,0.668304622,0.816666603,4.022727489
3650515,2021,em_veg,random_draw,0,624149.5385,5062357.8,0.0458223083496094,0.0853661560058594,0.02486538696,64.3659668,17.08107185,1080,7.222222222,201600,0.168640137,0.753846169,0.911111116,3.884615421
3650999,2021,em_veg,random_draw,0,624247.5612,5062305.031,0.0797846923828125,0.239095922851563,0.02872756348,91.32389069,10.08967304,648,5.25,201600,-2.466430664,0.464254826,0.714285731,4.204081535
3651290,2021,em_veg,random_draw,0,624320.0294,5062211.962,0.0491714294433594,0.061620166015625,0.01245377808,20.27137375,2.748137474,1071,7.14,201600,0.189025879,0.994747877,1,1.957983136
3651318,2021,em_veg,random_draw,0,624329.3438,5062480.063,0.0514166687011719,0.078003125,0.0197854187,30.73280907,23.77375031,477,6.260869565,201600,0.180908203,0.923214316,0.900462985,3.291666746
3651319,2021,em_veg,random_draw,0,624325.9513,5062098.385,0.0476380523681641,0.0827955749511719,0.02527344971,49.70282745,24.87367821,936,6.519230769,201600,0.162780762,0.71327436,0.964601755,3.433628321
3651437,2021,em_veg,random_draw,0,624353.9135,5062005.087,0.0486461547851562,0.0747942321777344,0.01458173218,27.51332283,9.783606529,927,6.24,201600,0.181335449,0.920814514,0.983173072,2.740384579
3652032,2021,em_veg,random_draw,0,624449.8776,5062090.745,0.0475724487304688,0.0640142883300781,0.006353063965,34.58220291,25.58405685,882,6.681818182,201600,0.067199707,0.967930019,0.96938777,2.193877459
3648034,2021,terrain,annotated,0,623682.3542,5062656.042,0.0606569458007813,0.118352087402344,0.0583069397,79.64715576,29.14762688,1098,6.967741935,1800,0.043151855,0.325862825,0.059027776,5
3651145,2021,terrain,annotated,0,624287.388,5063144.604,0.0350743988037109,0.0664471984863281,0.02253199768,69.16644287,14.00806046,1125,7.5,10800,0.37487793,0.282066077,0.984400094,4.872000217
3651221,2021,dry,annotated,0,624301.3548,5063061.774,0.0619177429199219,0.155458068847656,0.05837097168,137.5201569,20.63913727,360,2.657142857,10800,-0.194702148,0.015596241,0.561290324,5
3647026,2021,deep_viz,annotated,0,623489.3491,5062964.802,0.0397886779785156,0.0419150939941406,0.01041792297,11.13255882,0.465583116,954,6.36,90000,0.237670898,1,1,1
3647205,2021,deep_viz,annotated,0,623520.4626,5062901.229,0.0402981323242187,0.0427,0.0112878479,11.66001129,0.431501836,963,7.295454545,90000,0.237670898,1,1,1
3647448,2021,deep_viz,annotated,0,623576.7617,5062967.762,0.0398943939208984,0.0402915893554687,0.00954766540499999,10.95423412,0.465907097,963,6.97826087,90000,0.237670898,1,1,1
3647449,2021,dry,annotated,0,623582.1881,5062835.739,0.0777376159667969,0.241882568359375,0.03460183105,83.49946594,5.67262125,702,5.839285714,90000,-1.600952148,0.514945269,0.532110095,4.284403801
3647715,2021,dry,annotated,0,623634.6,5063096.88,0.0816400024414062,0.27361201171875,0.00535,83.06083679,4.535831451,342,5.555555556,90000,-3.290405273,0.039142858,0,5
3647969,2021,terrain,annotated,0,623669.2091,5063061.327,0.0437527282714844,0.077507275390625,0.01229182129,25.47143364,5.250698566,783,6.875,90000,0.225952148,0.749388814,0.755454481,3.418181896
3648021,2021,terrain,annotated,0,623673.2865,5062875.792,0.0480797760009766,0.0651044921875,0.02088763733,30.24204445,5.992455006,801,6.068181818,90000,0.196533203,0.999297738,1,2.235955
3648350,2021,terrain,annotated,0,623724.8736,5062995.115,0.0488516479492188,0.0970241760253906,0.02370549316,41.24677658,10.25952911,630,5.46,90000,0.177185059,0.789638937,0.760439575,3.461538553
3648352,2021,dry,annotated,0,623729.64,5062905.15,0.0797400024414062,0.249026000976562,0.01273898926,95.628685,3.4906106,441,6,90000,-1.274780273,0.347647071,0.20099999,4.510000229
3649553,2021,deep_water,random_draw,0,623969.1161,5064281.92,0.0770071411132812,0.262428564453125,0.006241064453,80.19509125,22.36927605,432,6.461538462,34200,-4.705444336,0.306752712,0.311065048,4.571428776
3649816,2021,deep_water,random_draw,0,624027.5,5064372.393,0.0448630950927734,0.0904523803710938,0.02112142944,28.84661484,46.27140427,756,5.727272727,34200,0.27166748,0.842447579,0.485119045,3.559523821
3650057,2021,deep_water,random_draw,0,624061,5064196.5,0.0858,0.238795825195313,0.006966674805,97.69071198,30.17421532,234,2.88,34200,-2.504333496,0.430063426,0.625,4.458333492
3650329,2021,deep_water,random_draw,0,624116.4278,5064281.397,0.0384463928222656,0.0532154663085938,0.01151443481,21.94976997,8.376101494,873,6.613636364,34200,0.350097656,1,1,1.742267966
3650629,2021,deep_water,random_draw,0,624178.1932,5064407.966,0.0627840881347656,0.190415905761719,0.05674885254,132.3794556,50.17556381,432,5.28,34200,-2.442016602,0.314419091,0.405216962,4.454545498
3654208,2021,deep_water,random_draw,0,625182.1931,5064053.718,0.0972386108398438,0.255165356445313,0.02675644531,106.2524643,16.71151733,162,5.224137931,69300,-0.937744141,0.12595816,0.223322332,4.821782112
3654617,2021,deep_water,random_draw,0,625319.9324,5064044.419,0.0417693695068359,0.0432225219726562,0.005009909058,9.220142365,0.493644893,999,7.239130435,69300,0.232055664,1,1,1.072072029
3654863,2021,deep_water,random_draw,0,625409.3571,5064151.83,0.0935219787597656,0.249238452148438,0.02439121094,86.05684662,11.82510948,324,5.25,69300,-2.308044434,0.290452421,0.17582418,4.60439539
3655053,2021,deep_water,random_draw,0,625439.9336,5064011.27,0.0413495574951172,0.0404964599609375,0.006670797729,9.662741661,0.282714516,1017,7.369565217,69300,0.232055664,1,1,1
3655176,2021,deep_water,random_draw,0,625475.5645,5063901.21,0.0842387084960937,0.311259130859375,0.07504621582,93.22173309,7.749691486,108,5.8125,69300,-2.346374512,0.12077263,0.112903222,4.870967865
3655411,2021,deep_water,random_draw,0,625529.436,5064079.332,0.0416888000488281,0.0476951995849609,0.00841759948699999,8.978063583,0.63274157,1125,7.5,69300,0.232055664,0.990249991,0.976888895,1.503999949
3655749,2021,deep_water,random_draw,0,625615.524,5063982.084,0.0817736022949219,0.267243994140625,0.01276479492,82.39887238,21.27863884,585,6.25,69300,-2.494873047,0.17840001,0.215000004,4.93599987
3654277,2021,terrain,annotated,0,625202.9178,5064308.753,0.0638417785644531,0.2212513671875,0.1849801331,112.9517593,5.072119236,1314,7.3,13500,0.033569336,0,0,5
3654278,2021,dry,annotated,0,625199.5885,5064263.084,0.096921240234375,0.296080541992187,0.2573460297,98.81352234,2.131522417,702,6.78,13500,-0.106079102,0,0,5
3654877,2021,deep_water,random_draw,0,625406.3447,5064458.286,0.0895728149414062,0.27458447265625,0.04481845703,90.03057098,4.022032738,135,4.983870968,26100,-1.081970215,0.018203884,0.032038834,5
3654880,2021,deep_water,random_draw,0,625405.8652,5064281.987,0.0360278259277344,0.0480695648193359,0.01198260803,14.23596191,0.641294122,1035,6.9,26100,0.099975586,1,1,1.226086974
3655273,2021,deep_water,random_draw,0,625496.5345,5064314.586,0.0409862060546875,0.067427587890625,0.01578448486,18.71567917,9.983478546,1035,6.444444444,26100,0.098327637,0.812957108,0.797413766,3.155172348
3653733,2021,em_veg,annotated,0,624959.2059,5064733.522,0.0430808837890625,0.0835823547363281,0.03021912231,61.94743729,19.77306557,1089,6.375,13500,0.196899414,0.592993617,0.67892158,3.757352829
3653767,2021,em_veg,annotated,0,625000.2209,5064665.267,0.0640232543945313,0.137953491210938,0.03870465088,104.727684,25.28356361,684,3.146341463,13500,-0.096923828,0.469593972,0.698352754,4.616279125
3653853,2021,em_veg,annotated,0,625059.4765,5064728.559,0.0670658813476562,0.140682348632813,0.04752353516,118.8855591,19.62048912,729,3.642857143,13500,-0.121582031,0.407002807,0.534640551,4.517647266
3654734,2021,em_veg,annotated,0,625357.5612,5064658.745,0.0504693878173828,0.113436730957031,0.02529591675,50.65470886,61.10418701,738,5.653846154,20700,-0.006591797,0.669862807,0.380385488,4.102040768
3654856,2021,dry,annotated,0,625400.5192,5064671.769,0.0833730773925781,0.198883972167969,0.05438974609,98.91307831,29.94699287,252,7.548387097,20700,-0.15057373,0.45001474,0.07852564,4.615384579
3654972,2021,em_veg,annotated,0,625437.4924,5064619.569,0.0457,0.0855908386230469,0.01606717529,27.65063858,20.23068619,1179,6.775862069,20700,0.152526855,0.886596084,0.660305321,3.122137308
3655065,2021,em_veg,annotated,0,625449.5217,5064678.391,0.061395654296875,0.134282604980469,0.04127717896,53.75902939,73.2936554,657,5.307692308,20700,0.059082031,0.777211428,0.370018125,4
3654160,2021,dry,annotated,0,625166.4545,5065422.682,0.0930609069824219,0.301405444335938,0.08745544434,90.70114899,8.680782318,360,5.15625,1268100,-4.167114258,0.263085395,0.363636374,4.627272606
3654210,2021,deep_viz,annotated,0,625172.449,5065362.031,0.0545,0.09192041015625,0.03934387817,17.62179756,11.29596329,630,6.125,1268100,0.257751465,0.827284336,0.920918345,3.346938848
3654292,2021,deep_viz,annotated,0,625199.9674,5065450.989,0.05425,0.0749032592773437,0.02930978088,11.94699383,8.252285957,828,6.272727273,1268100,0.263977051,0.905797124,1,2.467391253
3654440,2021,dry,annotated,0,625257.1429,5065181.5,0.0709857116699219,0.213927392578125,0.04823334961,87.92024231,64.12325287,684,5.04,1268100,-4.254577637,0.28929925,0.54232806,5
3654540,2021,deep_viz,annotated,0,625286.6284,5065208.849,0.0515018371582031,0.0690568786621094,0.01484770508,13.55022621,12.01718807,981,7.108695652,1268100,0.241699219,0.91313076,0.949031591,1.844036698
3653965,2021,terrain,annotated,0,625085.6321,5068542.198,0.0749811340332031,0.19615849609375,0.04189812012,69.81295776,42.55886841,414,3.057692308,140400,-0.80859375,0.867924511,0.867924511,3.396226406
3653975,2021,dry,annotated,0,625100.7941,5068696.294,0.112789221191406,0.284739208984375,0.03766274414,90.67300415,2.327884197,180,4.25,140400,-2.423583984,0.031120025,0.039215688,5
3654011,2021,dry,annotated,0,625107.0957,5068366.404,0.06617021484375,0.346547875976563,0.04894680176,89.615242,4.645531178,846,5.875,140400,-2.884033203,0,0.21808511,5
3654037,2021,terrain,annotated,0,625113.593,5068415.791,0.051131396484375,0.1088744140625,0.02871627197,17.29537392,4.761878014,774,5.608695652,140400,0.524475098,0.805849195,0.945736408,3.395348787
3654358,2021,dry,annotated,0,625242.3511,5068335.447,0.103086169433594,0.311543627929687,0.03245744629,130.3746948,16.08880234,162,4.7,140400,-0.960083008,0.049749687,0.301740825,4.936170101
3654603,2021,terrain,annotated,0,625317.8438,5068426.031,0.0478833343505859,0.0739697937011719,0.0148552124,28.25806427,13.12465763,864,6.545454545,140400,0.513549805,0.975866616,0.959375024,3.4375
3653117,2021,em_veg,annotated,0,624686.7857,5069324.969,0.05227958984375,0.0659346923828125,0.01650203857,23.03301048,11.27419949,882,7,674100,0.257446289,1,1,2.163265228
3653140,2021,deep_viz,annotated,0,624693.2105,5069174.816,0.0530894714355469,0.0882719299316406,0.02978859863,40.5141983,9.170176506,1026,7.125,674100,0.20135498,0.973101079,0.903508782,2.815789461
3653164,2021,dry,annotated,0,624698.9338,5069579.074,0.0918676452636719,0.229832348632812,0.03822794189,119.6028519,38.92137146,756,5.513513514,674100,-0.698913574,0.570683122,0.573529422,4.132352829
3653252,2021,em_veg,annotated,0,624725.7703,5069443.338,0.0455270263671875,0.0675054077148437,0.008417120361,56.59964371,16.445858,999,6.9375,674100,0.163391113,0.994768918,1,2.45045042
3653382,2021,dry,annotated,0,624777.7041,5069446.99,0.0619530639648437,0.22015,0.03032142334,110.5273743,52.90395355,522,6.681818182,674100,-5.711547852,0.039233811,0.133219957,5.000000477
3653518,2021,deep_viz,annotated,0,624841.5566,5069802.594,0.0505160369873047,0.0645377380371094,0.01665566406,19.69786263,11.98068047,954,7.227272727,674100,0.245727539,1,1,2.603773594
3653632,2021,deep_viz,annotated,0,624897.6466,5069918.819,0.0527491394042969,0.0845534484863281,0.01244310303,56.73033524,29.06619453,972,6.444444444,674100,0.053771973,0.903343797,0.865900397,2.603448391
3653643,2021,em_veg,annotated,0,624903.2244,5069651.35,0.0522503967285156,0.0906,0.01919448853,52.42658615,18.06146049,1143,6.803571429,674100,0.107543945,0.972059906,0.922834575,3.023622036
3653789,2021,em_veg,annotated,0,625010.3727,5070185.482,0.0591890930175781,0.17343818359375,0.04879818115,78.32121277,31.23521614,243,2.946428571,66600,-0.010253906,0.311363637,0.347474754,4.70909071
3653791,2021,em_veg,annotated,0,625010.5169,5070071.873,0.0455474578857422,0.0736194885253906,0.02006610107,30.54143333,8.994632721,1062,7.08,66600,0.247375488,0.940677941,0.972033918,2.72033906
3653796,2021,em_veg,annotated,0,625010.1947,5069957.984,0.0483305267333984,0.0902052612304688,0.02457473755,62.62339783,10.69223595,855,5.9375,66600,0.143005371,0.922910154,1,3.789473772
3653876,2021,deep_viz,annotated,0,625046.8663,5070134.837,0.0428207916259766,0.0470405944824219,0.01228811951,24.22639275,3.860802412,909,7.214285714,66600,0.280639648,1,1,1
3653887,2021,dry,annotated,0,625053.6273,5069926.282,0.0779799987792969,0.2445,0.07425272217,80.54653931,38.25802994,495,4.583333333,66600,-0.196044922,0.112499997,0.777777791,5
3653914,2021,dry,annotated,0,625081.0862,5070194.379,0.0664948303222656,0.18405,0.03493620605,95.50946808,31.24265289,252,3.222222222,66600,-0.812683105,0.227370694,0.160919547,5
3653926,2021,deep_viz,annotated,0,625074.4263,5070011.953,0.0403589477539062,0.0448126312255859,0.009621051025,47.33385086,9.22833252,855,7.125,66600,0.280639648,1,1,1
3654006,2021,deep_viz,annotated,0,625108.7872,5070074.043,0.0411223419189453,0.0426606384277344,0.01027659607,19.96883011,4.500620842,846,6.409090909,66600,0.280639648,1,1,1
3653815,2021,em_veg,annotated,0,625018.8333,5070348.367,0.0664511108398437,0.149015551757813,0.0887333374,97.79507446,27.8347168,144,2.596153846,1800,-0.216247559,0.182561725,0.236408547,4.888888836
3653816,2021,dry,annotated,0,625020.7921,5070316.904,0.0877224731445312,0.222867407226563,0.03834044189,91.37374115,10.95378685,324,4.045454545,1800,-1.357727051,0.224719122,0.220633313,4.595505714
3653667,2021,dry,annotated,0,624902.8077,5070352.577,0.0957256408691406,0.243284619140625,0.08200767822,110.1972885,14.85765076,126,2.4375,1800,-0.620117188,0.1435287,0.11965812,5
3653678,2021,em_veg,annotated,0,624913.4577,5070315.317,0.0656225341796875,0.150619714355469,0.07258309326,94.5499115,26.9210701,540,2.958333333,1800,-0.234069824,0.305157691,0.330516428,4.267605782
3653683,2021,dry,annotated,0,624924.8077,5070747.865,0.0727884643554687,0.176255773925781,0.03903461914,117.8046417,24.45002174,279,2.516129032,13500,-0.257995605,0.068673514,0.111111112,5
3653684,2021,dry,annotated,0,624923.8333,5070656.31,0.0646301574707031,0.138939685058594,0.02989206543,120.3090057,53.15846634,378,3.15,13500,0.126525879,0.22023809,0.264550269,4.809523582
3653759,2021,em_veg,annotated,0,624993.2355,5071246.723,0.0409371887207031,0.0743718994140625,0.01750578613,23.31161499,10.21487331,1089,6.25862069,11700,0.255065918,0.69046694,0.77016449,3.595041275
3653809,2021,em_veg,annotated,0,625016.7917,5071274.792,0.0483861114501953,0.104513891601563,0.0433625,86.82402802,30.31736183,648,4.32,11700,0.12713623,0.334141374,0.335493833,5
3653836,2021,em_veg,annotated,0,625044.5315,5071206.531,0.0521929138183594,0.108833862304688,0.03633464966,40.25520325,31.34124947,1143,6.14516129,11700,0.219482422,0.381508768,0.527230978,4.535433292
3653637,2021,dry,annotated,0,624909.12,5071281.36,0.0782099975585937,0.198581994628906,0.0798960083,97.87252808,15.36171627,135,5.357142857,9900,-0.686035156,0.00483871,0,5
3652213,2021,dry,annotated,0,624499.9435,5071650.091,0.0862373901367187,0.27983564453125,0.02823391113,72.61462402,3.004939795,468,5.75,13500,-1.919372559,0,0.129644275,5
3653835,2021,dry,annotated,0,625035.45,5072042.738,0.0821887512207031,0.297730004882812,0.03413000488,82.85667419,14.70191479,414,5.454545455,900,-0.520385742,0,0,5
3653044,2021,em_veg,annotated,0,624681.4518,5072505.813,0.0768156616210938,0.154819274902344,0.03689277344,69.62742615,45.82170486,666,3.557142857,17100,-0.088134766,0.469464034,0.52409637,4.012048244
3653290,2021,em_veg,annotated,0,624753.913,5072564.087,0.0706304321289063,0.143756518554687,0.07895435181,95.50441742,56.77161026,153,2.3,17100,-0.073425293,0.557828248,0.364130437,3.717391253
3653322,2021,dry,annotated,0,624771.4481,5072485.188,0.102481823730469,0.227051953125,0.04384416504,104.7839737,19.00267029,144,3.397058824,17100,-0.462463379,0.189559206,0.162337661,4.766233921
3653532,2021,em_veg,annotated,0,624867.6549,5072522.894,0.0792436645507812,0.180452111816406,0.03397042236,94.7538147,39.15359497,270,3.132352941,17100,-0.407775879,0.12336085,0.07394366,4.943662167
3653533,2021,dry,annotated,0,624859.4022,5072489.543,0.110843481445313,0.28055,0.03816848145,108.3818283,10.26213264,342,4.451612903,17100,-1.111206055,0.060344826,0.051630434,5
3653937,2021,dry,annotated,0,625075.0161,5072901.29,0.0726306457519531,0.216,0.06487902832,82.37555695,15.99481964,558,3.72,9900,-0.764160156,0.067637868,0.203629032,5
3653964,2021,em_veg,annotated,0,625104.0811,5072854.297,0.06149189453125,0.15400810546875,0.06437837524,80.85257721,5.96397543,657,3.964285714,9900,0.28918457,0.142045453,0.128716215,5
3653968,2021,em_veg,annotated,0,625099.5488,5072922.671,0.0482861785888672,0.113801623535156,0.02593739624,40.9050827,7.594155788,1071,7.38,9900,0.654846191,0.181032196,0.232610658,5
3653465,2021,dry,annotated,0,624811.6304,5075081.413,0.0959985534667969,0.23229130859375,0.232024011039734,88.5062027,11.64202881,243,4.5,4500,-1.935241699,0.074030556,0,5
3652545,2021,glint,annotated,0,624564.4888,5076081.961,0.125071911621094,0.274094384765625,0.1875696655,132.6339417,19.0056076,162,3.814285714,9900,-0.142150879,0.042485956,0.516853929,5
3652601,2021,em_veg,annotated,0,624571.82,5076007.46,0.0580146667480469,0.149838671875,0.0846000061,144.3369598,5.406215191,612,4.166666667,9900,0.085083008,0.073382355,0.749444425,5
3652776,2021,dry,annotated,0,624627.3913,5075999.935,0.0833097839355469,0.269810864257812,0.06098586426,105.9612579,12.87061501,288,3.833333333,9900,-1.683959961,0.069565214,0.296618372,5
3652812,2021,em_veg,annotated,0,624626.2188,5076081.719,0.0519427062988281,0.10196875,0.0404770813,139.4272308,7.465192318,594,5.142857143,9900,0.106384277,0.187959567,0.430989593,5
3652885,2021,em_veg,annotated,0,624641.1977,5076025.221,0.0981709289550781,0.258902319335937,0.09148022461,115.0096283,11.36912537,333,4.777777778,9900,-0.74395752,0.06969697,0.312758386,5
3653547,2021,em_veg,random_draw,0,624860.3276,5076467.069,0.0615232788085937,0.145976721191406,0.04196120605,79.27043915,34.89275742,909,6.444444444,6300,-0.055603027,0.232182577,0.12715517,4.939655304
3653462,2021,dry,annotated,0,624818.5403,5077035.024,0.0565564514160156,0.151579028320313,0.03621854248,61.1819191,44.33047485,900,6.2,12600,0.20513916,0.198773503,0.84346199,5
3653555,2021,dry,annotated,0,624871.8514,5076968.446,0.0614135131835937,0.179589184570313,0.01117747803,67.11245728,50.46749115,801,6.403846154,12600,-0.446105957,0.228671059,0.419419408,5
3653609,2021,terrain,annotated,0,624890.9754,5077035.246,0.0433401641845703,0.105487707519531,0.0701704834,111.2979507,52.27187347,1089,7.038461538,12600,0.292724609,0.090652578,0.416276366,5
3653700,2021,dry,annotated,0,624930.3403,5077032.139,0.0872394958496094,0.270441186523438,0.00662939453099999,73.61862946,26.5252533,531,5.578125,12600,-2.087280273,0.021428104,0.009453782,5
3666445,2021,dry,annotated,0,627576.8478,5087678.778,0.0923069580078125,0.194660864257813,0.07932868652,163.3113403,3.396595716,1035,6.634615385,45900,0.068603516,0.062705316,0,5
3665972,2021,em_veg,annotated,0,627540.0126,5088668.735,0.0652890747070313,0.164005883789063,0.05912941895,131.7608032,147.6170959,189,4.056818182,2700,-0.057861328,0.019837847,0.099039622,5
3665982,2021,dry,annotated,0,627540.3367,5088600.214,0.0910448974609375,0.217343872070312,0.07994489746,131.8575592,94.56994629,252,4.2,2700,-0.241790771,0.036178108,0.122448981,5
3413336,2021,em_veg,random_draw,0,627360.2632,5092891.132,0.100205261230469,0.207109643554688,0.06686928711,142.1949158,16.60316467,567,6.576923077,16200,0.049499512,0.036842108,0,5
3413505,2021,em_veg,random_draw,0,627418.9839,5093000.5,0.083149462890625,0.205280639648438,0.05523547363,145.4063873,20.10871124,315,5.166666667,16200,-0.118133545,0.028488444,0,5
3407550,2021,deep_water,random_draw,0,625976.9483,5096247.078,0.0594818969726562,0.0668586181640625,0.01381206665,20.14805222,61.02334976,1044,6.444444444,4751100,0.063995361,0.977511227,0.92610836,1.896551728
3408028,2021,deep_water,random_draw,0,626096.1356,5096148.559,0.0500822021484375,0.0447737274169922,0.01076779785,11.9834547,0.036850322,1062,7.375,4751100,0.078765869,1,1,1
3408166,2021,deep_water,random_draw,0,626123.6892,5095350.203,0.0910261291503906,0.292179272460938,0.01868017578,153.8991699,45.60864639,216,5.55,4751100,-0.54574585,0.271021008,0.321750343,4.702702522
3408216,2021,deep_water,random_draw,0,626129.8187,5095556.654,0.0895461547851562,0.2156263671875,0.1166395752,144.3484497,49.98556137,504,3.9,4751100,-0.225585938,0.425574452,0.2904239,4.593406677
3408662,2021,deep_water,random_draw,0,626220,5095281,0.0446640014648437,0.03525,0.006587002563,12.67946815,0.36242497,900,7.5,4751100,0.078765869,1,1,1
3408700,2021,deep_water,random_draw,0,626247.4615,5095469.308,0.106176928710937,0.177888464355469,0.05107692871,132.7380981,118.3051834,162,1.95,4751100,-0.768249512,0.515050173,0.263736278,4.346153736
3408786,2021,deep_water,random_draw,0,626252.3125,5096448.75,0.044909375,0.040296875,0.009995834351,13.07571507,0.469599962,864,6.260869565,4751100,0.078765869,1,1,1
3408959,2021,deep_water,random_draw,0,626307.178,5095662.153,0.0553330505371094,0.0598211853027344,0.01288898315,14.33402061,20.57583046,1062,7.08,4751100,0.077972412,0.98352164,0.949152529,1.355932236
3410015,2021,deep_water,random_draw,0,626549.3804,5094767.022,0.0566869567871094,0.0623782592773438,0.007864129639,16.40171432,32.71541214,828,6,4751100,0.076568604,1,1,1
3414139,2021,deep_water,random_draw,0,627569.5,5094503.14,0.0499866668701172,0.0700053344726562,0.02065733337,30.89780617,72.82969666,675,5.357142857,4751100,0.072387695,1,1,2.680000067
3407505,2021,dry,annotated,0,625968.3871,5094703.887,0.0822080627441406,0.139662902832031,0.01565483398,107.1262817,151.7288666,513,3.206896552,53100,0.049468994,0.691667974,0.603686631,4.080645084
3407592,2021,deep_viz,annotated,0,625979.875,5094620.781,0.0797479187011719,0.0456385406494141,0.010975,13.99572468,0.008036618,864,6.545454545,53100,0.075561523,1,1,1
3407715,2021,deep_viz,annotated,0,626009.4873,5094561.095,0.0784974670410156,0.0448632904052734,0.01023291016,13.94261169,0.056290187,711,5.925,53100,0.075561523,1,1,1
3407805,2021,dry,annotated,0,626036.46,5094469.68,0.0702440002441406,0.142693994140625,0.01950700684,109.3222198,92.57936859,117,6.25,53100,-1.286743164,0.116153844,0.102222219,4.75
3408143,2021,dry,annotated,0,626120.7188,5094498.234,0.0624953125,0.13169296875,0.023865625,118.2818527,72.86485291,126,6.620689655,53100,-1.149475098,0.054153312,0.041666668,4.890625
3407568,2021,dry,annotated,0,625979.4832,5095251.996,0.0717058837890625,0.23238486328125,0.03091175537,122.0774155,281.1944275,549,6.375,20700,-1.631958008,0.51462245,0.344537854,4
3406642,2021,dry,annotated,0,625691.6786,5096864.17,0.102532141113281,0.277517846679687,0.06920356445,148.7253265,17.42039108,207,5.793103448,6300,-0.077148438,0.001322751,0.025988521,5
3406768,2021,terrain,annotated,0,625735.8927,5096840.992,0.0442073303222656,0.0883712036132813,0.02148586426,38.22426224,39.1062851,1566,9.55,6300,0.1534729,0.29050222,0.315445065,4.251308918
3406812,2021,dry,annotated,0,625746.2143,5096761.243,0.1025728515625,0.276694995117187,0.05772927246,148.75222779999999,23.68219566,315,6.5625,6300,-0.264678955,0.011813187,0.0625,5
3407317,2021,em_veg,annotated,0,625918.0145,5096837.731,0.0439011566162109,0.0810150268554688,0.01991676025,17.8732872,38.1288681,1440,7.863636364,4500,0.027679443,0.373410374,0.428571463,3.578034639
3407608,2021,em_veg,annotated,0,625984.208,5097088.898,0.0514619445800781,0.108703540039063,0.04306725464,90.63130951,156.4870148,1017,6.78,4500,0.12121582,0.304043561,0.32427305,4.690265656
3407609,2021,dry,annotated,0,625996.5865,5097039.865,0.104556726074219,0.277153857421875,0.08355001221,149.2354126,8.68807888,432,4.333333333,4500,-0.089630127,0,0,5
3403393,2021,deep_water,random_draw,0,624863.0641,5098310.038,0.0458957275390625,0.0385760681152344,0.01021880493,10.03392887,0.077520862,1053,7.02,549900,0.085235596,1,1,1
3403767,2021,deep_water,random_draw,0,624962.6066,5098369.697,0.0956557373046875,0.256606567382813,0.03320656738,137.5458832,88.61511993,315,6.1,549900,-1.431488037,0.300150961,0.143442616,4.713114738
3404335,2021,deep_water,random_draw,0,625110.12,5098665.54,0.0684840026855469,0.151593994140625,0.02767399902,55.12412643,165.8754272,225,2.586206897,549900,0.007598877,0.528800011,0.675714254,4.1199998859999996
3404339,2021,deep_water,random_draw,0,625126.5242,5098488.968,0.0486532257080078,0.0518491943359375,0.00841048583999999,10.1825037,0.24924095,1116,6.888888889,549900,0.085235596,0.998655915,0.995967746,1.354838729
3404755,2021,deep_water,random_draw,0,625229.5313,5097803.906,0.0452104156494141,0.0359822906494141,0.01083541565,12.1158371,0.723636091,864,6,549900,0.085235596,1,1,1
3405056,2021,deep_water,random_draw,0,625314.9653,5098310.629,0.0457613861083984,0.0388029693603516,0.009261386108,10.02428246,0.063753583,909,6.3125,549900,0.085266113,1,1,1
3405078,2021,deep_water,random_draw,0,625319.85,5098140.675,0.0470758331298828,0.0471808319091797,0.00814166564899999,11.84768105,10.89169216,1080,7.2,549900,0.084197998,1,0.955555558,2.066666603
3406248,2021,deep_water,random_draw,0,625586.6667,5097804.5,0.0759518493652344,0.19310185546875,0.02861296387,98.23642731,206.8215637,324,3.115384615,549900,-1.712524414,0.666666687,0.407407403,4.333333492
3406544,2021,deep_water,random_draw,0,625671.975,5098043.85,0.0769474975585937,0.155080004882813,0.02424750977,131.4719849,230.0953064,225,2.142857143,549900,-0.048156738,0.71875,0.6875,4.375
3406742,2021,deep_water,random_draw,0,625716.6,5097530.333,0.0984444458007812,0.255902221679688,0.03764111328,146.4005432,66.31607056,198,4.35483871,549900,-0.513366699,0.289743602,0.637037039,4.633333206
3407750,2021,deep_water,random_draw,0,626032.9821,5097849.268,0.0613232116699219,0.137941076660156,0.06994821777,92.57054138,183.4826965,414,2.896551724,20700,-0.103240967,0.530714333,0.652210891,4.035714149
3407850,2021,deep_water,random_draw,0,626062.0962,5097924.635,0.0638096130371094,0.138011535644531,0.07115769043,65.65896606,169.068512,351,2.689655172,20700,0.063323975,0.13846153,0.125,5
3408545,2021,deep_water,random_draw,0,626209.8158,5097854.921,0.0698157897949219,0.154054382324219,0.07602280884,88.7675705,168.8019867,513,2.514705882,20700,-0.068359375,0.6375916,0.868421137,4.017543793
3406266,2021,dry,annotated,0,625591.5822,5098405.911,0.100515069580078,0.254690405273438,0.04522739258,145.2722931,36.49523163,171,3.775862069,75600,-0.609710693,0.255532146,0.369863003,4.739726067
3406288,2021,dry,annotated,0,625610.4167,5098238.722,0.0879944458007813,0.255882397460937,0.02816296387,144.4251099,21.49769402,792,5.0625,75600,-1.766204834,0.223379627,0.368827164,4.805555344
3406448,2021,deep_viz,annotated,0,625646.7589,5098398.429,0.0520151794433594,0.0497330352783203,0.01209017944,16.17219353,0.74850136,1008,7,75600,0.162536621,0.996565938,1,1.285714269
3406463,2021,deep_viz,annotated,0,625647,5098308,0.0510910003662109,0.0447450012207031,0.01198000183,15.52744102,0.638694823,900,7.5,75600,0.162536621,1,1,1
3406696,2021,dry,annotated,0,625708.4159,5098161.07,0.0927943908691406,0.266243920898438,0.02973925781,150.2938843,17.39804649,405,5.944444444,75600,-1.993225098,0.220100224,0.373831779,4.523364544
3406810,2021,deep_viz,annotated,0,625738.783,5098214.943,0.0509,0.0467783020019531,0.012821698,16.767299650000002,0.669742286,954,7.227272727,75600,0.162506104,0.974842787,1,1
3404235,2021,deep_viz,annotated,0,625099.6316,5109647.658,0.0323280700683594,0.0462263153076172,0.02142456055,83.7640686,56.52655411,1026,7.125,47700,0.052307129,0.881214499,1,2.833333254
3404243,2021,deep_viz,annotated,0,625106.0948,5109767.819,0.0312603454589844,0.0399327575683594,0.01504741516,21.64302635,1.093046546,1044,7.565217391,47700,0.052307129,0.950617671,1,2.646551609
3404394,2021,deep_viz,annotated,0,625136.6212,5109709.348,0.0308525238037109,0.0378636352539062,0.0179747467,28.28161812,14.82833576,891,6.75,47700,0.052307129,1,1,2.060606003
3404430,2021,em_veg,annotated,0,625139.8125,5109798.563,0.041975,0.0790174987792969,0.04006749878,57.7686882,101.54879,720,4.615384615,47700,0.049713135,0.595934749,0.887499988,3.987499952
3404545,2021,em_veg,annotated,0,625174.378,5109614.061,0.0363113830566406,0.0603260192871094,0.02536179199,60.3938179,80.76576233,1089,6.589285714,47700,0.052307129,0.855609715,0.986991823,3.089430809
3404661,2021,dry,annotated,0,625217.5701,5109609.373,0.0902076416015625,0.2209732421875,0.1007267456,131.2554932,56.94639969,783,6.364864865,47700,-0.356262207,0.124341011,0.364331245,4.929936409
3404806,2021,em_veg,annotated,0,625250.97,5109721.02,0.040307000732421903,0.070647998046875,0.02756399841,53.37046432,96.45583344,900,5.555555556,47700,0.052307129,0.536369205,0.941333354,4.21999979
3401787,2021,dry,annotated,0,624387.1789,5116039.83,0.0970082580566406,0.228102758789062,0.1591082642,125.2946243,135.6414337,162,5.45,1609200,-0.227081299,0.124362886,0.4825688,4.834862232
3401876,2021,em_veg,annotated,0,624424.0135,5116278.811,0.0988513488769531,0.191417565917969,0.06755540771,118.3191147,233.5172119,252,3.46875,1609200,-0.089141846,0.71189189,0.546332061,3.756756783
3402008,2021,deep_viz,annotated,0,624449.5526,5116121.342,0.0834842102050781,0.0496912292480469,0.02324035339,29.37348557,0.817959607,1026,6.333333333,1609200,0.075866699,1,1,1.157894731
3402279,2021,dry,annotated,0,624530.7,5116282.991,0.0902709106445312,0.201695458984375,0.08222454834,137.4151917,121.647728,747,5.5,1609200,-0.144378662,0.564090908,0.477922082,4.245454311
3402333,2021,deep_viz,annotated,0,624538.1667,5116228.095,0.0831690490722656,0.0519547607421875,0.01935158997,29.15011406,0.688041329,1134,7,1609200,0.075897217,1,1,1
3402334,2021,em_veg,annotated,0,624543.5769,5116133.885,0.0876230773925781,0.134184619140625,0.04121795044,85.85247803,343.8075256,243,2.017241379,1609200,-0.036071777,0.794871807,0.912087917,3.307692289
3402426,2021,em_veg,annotated,0,624577.8333,5116275.556,0.080124072265625,0.119090734863281,0.0393833252,82.80142212,254.5100555,486,3.115384615,1609200,0.034240723,0.958333313,0.955026448,3.314814806
3402588,2021,dry,annotated,0,624620.9884,5116104.477,0.0958806213378906,0.23303876953125,0.1429565796,128.9544067,92.92624664,342,5.691176471,1609200,-0.333709717,0.071602061,0.30564785,4.875968933
3402614,2021,deep_viz,annotated,0,624626.8388,5116216.302,0.0752256225585937,0.0548173583984375,0.0202603302,46.3984375,2.671053648,1089,6.722222222,1609200,0.075897217,1,1,1.446280956
1715711,2021,em_veg,random_draw,0,624390.45,5120191.35,0.0754625,0.158569165039062,0.04098083496,121.4838638,78.71903992,522,7.2,12600,0.076873779,0,0,5
1715718,2021,em_veg,random_draw,0,624390.1071,5120097,0.0762607116699219,0.143709521484375,0.01425594482,131.1064606,40.11386108,108,5.727272727,12600,-0.326416016,0,0,5
1715891,2021,em_veg,random_draw,0,624548.7353,5120100.29,0.0673428588867187,0.132087390136719,0.01750671387,125.3133011,38.75457382,261,6.611111111,12600,0.247314453,0.016456584,0,5
1720737,2021,glint,annotated,0,648973.5508,5138462.619,0.140922033691406,0.236184741210937,0.1243474487,128.1225433,19.06507874,531,4.916666667,32400,-0.038909912,0,0.002421307,5
1706688,2021,glint,annotated,0,615803.1328,5144089.898,0.15000234375,0.33973984375,0.2519898438,160.5437775,6.877930641,153,6.620689655,82800,-1.058319092,0.132524475,0.189062506,4.6953125
1706928,2021,dry,annotated,0,615878.75,5144143.125,0.0687474975585937,0.27592333984375,0.06050251465,138.6657562,178.0255737,216,6.923076923,82800,-2.938018799,0.200000003,0.120000005,4.800000191
1595978,2021,dry,annotated,0,612480.6818,5143899.955,0.0860979797363281,0.197019189453125,0.01522524414,137.6473541,105.1949997,297,5.120689655,72900,-0.703491211,0.280192733,0.25000003,4.666666508
1591916,2021,em_veg,annotated,0,609593.7353,5143681.632,0.0900044128417969,0.218088232421875,0.08724263916,146.0486298,77.59267426,171,2.684210526,1800,-0.056762695,0.128063723,0.129411772,4.720588207
1592110,2021,em_veg,annotated,0,609660.0536,5143673.143,0.0813607116699219,0.178808923339844,0.0685625,145.4415436,60.71067429,108,3,1800,-0.021697998,0.167701855,0.235714272,4.571428776
1586690,2021,em_veg,random_draw,0,607828.3033,5143886.385,0.0951278686523438,0.2241541015625,0.1657622986,159.7825623,59.08343506,333,3.66,6300,-0.056060791,0.020350482,0,5
1586747,2021,em_veg,random_draw,0,607860.0652,5143998.652,0.0974967407226562,0.226227172851562,0.1566858704,159.4336853,84.84822845,351,4.75862069,6300,0.039550781,7.25e-4,0,5
1582573,2021,deep_water,random_draw,0,606657.4355,5144304.306,0.0987752685546875,0.235859130859375,0.079674182130000007,156.2646942,29.65050316,234,4.65,162000,-0.319488525,0.010752688,0.172043011,5
1582776,2021,deep_water,random_draw,0,606776.1977,5144276.895,0.0995589172363281,0.285859692382813,0.06455891113,117.5737686,10.97742462,414,6.046875,162000,-2.499420166,0.045937408,0.059431523,5
1582861,2021,deep_water,random_draw,0,606810.2089,5144382.93,0.07756708984375,0.186451904296875,0.08294683838,142.0811462,74.96043396,387,4.232142857,162000,-0.154815674,0.448446184,0.362869203,4.455696106
1582927,2021,deep_water,random_draw,0,606829.7784,5144517.387,0.0386515472412109,0.0793979370117188,0.03397525635,2.774565697,19.73962402,873,5.596153846,162000,0.145202637,0.79559195,0.384879738,3.835051537
1583012,2021,deep_water,random_draw,0,606866.5147,5144613.529,0.0345830871582031,0.063299267578125,0.02230882568,3.602017641,21.00719261,1224,7.555555556,162000,0.145355225,0.987576067,0.859068632,3
1583015,2021,deep_water,random_draw,0,606863.6622,5144183.176,0.0447747741699219,0.0823612609863281,0.03652973022,59.74327087,143.8353577,999,6.403846154,162000,0.109985352,0.897969365,0.581081092,3.441441536
1583307,2021,deep_water,random_draw,0,606936.5,5144369.716,0.0301009002685547,0.0447720733642578,0.00776216125499999,1.670896888,0.040906422,999,6.9375,162000,0.145355225,1,0.782282293,2.882882833
1583397,2021,deep_water,random_draw,0,606959.6798,5144251.129,0.0376202239990234,0.0639044921875,0.02274831238,35.6823349,63.88170242,801,5.804347826,162000,0.114746094,0.941495538,0.621722817,3.213483095
1583493,2021,deep_water,random_draw,0,606990.5816,5144636.449,0.0308948974609375,0.0488142852783203,0.01139387817,0,0,882,6.681818182,162000,0.145355225,1,0.950680256,3
1583558,2021,deep_water,random_draw,0,607014.6818,5144523.409,0.0763826416015625,0.210918188476562,0.02336033936,121.7125092,39.85331345,720,5.338235294,162000,-1.671966553,0.214662299,0.070247933,5
1583094,2021,deep_water,random_draw,0,606876.4592,5144067.092,0.0742265319824219,0.180575512695312,0.0957836731,120.7502518,178.9842682,432,2.826923077,8100,0.034515381,0.644289732,0.391836733,3.632652998
1583456,2021,deep_water,random_draw,0,606990.9211,5144093.132,0.0806447387695313,0.181759643554687,0.07348684082,144.6437225,50.03672028,369,4.75,8100,0.021972656,0.187969923,0.119883038,4.859649181
1582037,2021,dry,annotated,0,606424.5545,5143795.609,0.0955400024414062,0.216127270507812,0.1067745483,143.6742401,103.799324,738,6.6,9000,0.015136719,0.380745918,0.380000025,4
1577932,2021,deep_water,random_draw,0,604829.1429,5143885.688,0.0525151794433594,0.0737616088867187,0.02803928833,52.63011551,104.0297394,1008,6.222222222,298800,0.136077881,0.871492326,0.958333313,3.25
1577997,2021,deep_water,random_draw,0,604860.9681,5144020.202,0.0501730499267578,0.0825539001464844,0.03885957336,44.06970215,48.13842773,1269,7.833333333,298800,0.136108398,0.914640367,1,2.886524677
1578277,2021,deep_water,random_draw,0,604983.875,5143853.958,0.0580013916015625,0.100848608398437,0.0420486084,86.86148071,168.3721924,648,4.695652174,298800,0.137939453,0.654142916,0.888888896,3.875
1578297,2021,deep_water,random_draw,0,604982.4932,5143988.554,0.12128310546875,0.29248310546875,0.1461567505,143.5453949,24.32266235,117,6.727272727,298800,-0.549591064,0.075647071,0.091216214,5
1578633,2021,deep_water,random_draw,0,605093.9268,5143718.78,0.07525244140625,0.174839025878906,0.05968292236,114.0251999,92.00424194,684,4.1,298800,-0.008544922,0.281116903,0.682926834,4.609755993
1578682,2021,deep_water,random_draw,0,605103.2935,5143829.38,0.0538239135742187,0.0810880432128906,0.02506521606,43.98197174,99.50034332,657,5.52,298800,0.115936279,0.63126868,0.637681186,3.793478251
1578924,2021,deep_water,random_draw,0,605219.1471,5143739.294,0.0494401947021484,0.0488470581054688,0.01826960754,10.03915882,7.294448376,918,6.954545455,298800,0.138214111,0.912602663,1,3
1579078,2021,deep_water,random_draw,0,605280.2879,5143649.561,0.0488494964599609,0.0432181823730469,0.0113222229,25.40798569,35.32564545,891,7.071428571,298800,0.138214111,1,1,2
1579701,2021,deep_water,random_draw,0,605492.5714,5143624.262,0.0500976196289062,0.055109521484375,0.016539678960000002,19.31695175,37.40700531,1134,7.875,298800,0.137817383,0.879818618,0.597883582,3.952380896
1579972,2021,deep_water,random_draw,0,605609.7955,5143704.955,0.0720363647460937,0.142363635253906,0.05597045288,123.7240524,199.7988892,288,2.357142857,298800,0.023834229,0.301948071,0.246212125,4.590909004
1577700,2021,dry,annotated,0,604655.0581,5143952.477,0.0692860473632813,0.158115112304687,0.03330930176,124.3661194,63.2303772,675,5.608695652,8100,-0.038452148,0.051087428,0,5
1577470,2021,em_veg,annotated,0,604529.5116,5144004.262,0.0532575561523438,0.09853720703125,0.03253371582,90.15406036,107.4194107,1548,8.6,3600,0.009887695,0.422695965,0.446511626,4
1577522,2021,dry,annotated,0,604558.0094,5144049.519,0.0955918212890625,0.2409830078125,0.02174526367,135.544342,57.9585228,180,6.814285714,3600,-0.279968262,0.065092012,0.075471707,4.874213696
1577560,2021,dry,annotated,0,604563.5645,5143982.79,0.0941795715332031,0.22970107421875,0.0358666626,142.8468781,64.23307037,126,5.8125,3600,-0.156219482,0.082319118,0.030107528,4.849462509
1575922,2021,em_veg,random_draw,0,603716.3304,5143856.518,0.0684991088867187,0.155486608886719,0.1117348236,118.1229248,18.24418068,882,5.793103448,26100,0.003173828,0.134359598,0.579166651,5
1575951,2021,em_veg,random_draw,0,603721.6636,5143682.973,0.0650054565429688,0.137627270507813,0.09868908997,110.5334702,38.25556946,495,3.4375,26100,0.018188477,0.284848481,0.600000024,5
1576115,2021,em_veg,random_draw,0,603810.3,5143767.159,0.0741588256835937,0.155194116210938,0.06697764282,108.277977,3.20025301,225,4.553571429,26100,-0.20993042,0,0.103529409,5
1560013,2021,dry,annotated,0,589782.26,5143894.38,0.065917333984375,0.157717333984375,0.05716000366,132.390274,144.2110291,423,4.5,182700,-0.054290771,0.40157634,0.904000044,5
1560022,2021,dry,annotated,0,589794.2661,5143970.492,0.0728830627441406,0.173027416992187,0.08927177124,130.6530457,198.3382416,927,6.413793103,182700,-0.046051025,0.39488396,0.72177422,4.693548203
1560071,2021,em_veg,annotated,0,589828.8429,5143916.9,0.0439971435546875,0.0782838073730469,0.03469237976,78.14801788,365.7946167,945,6.3,182700,-0.047271729,0.900239348,1,3.133333445
1560102,2021,dry,annotated,0,589852.4286,5143840.714,0.0649071411132812,0.158302380371094,0.04147380371,124.7702179,201.122818,378,2.739130435,182700,-0.063201904,0.5625,0.428571433,4.071428776
1560119,2021,em_veg,annotated,0,589857.1967,5144078.926,0.0601532775878906,0.132645080566406,0.06865081787,128.2944031,243.6376648,639,6.310344828,182700,-0.012481689,0.610410511,0.860655725,4.418032646
1560171,2021,em_veg,annotated,0,589886.536,5144011.371,0.0463870513916016,0.0958870483398438,0.05786402588,115.6089783,318.0130005,1251,7.446428571,182700,-0.034179688,0.916907489,0.942446053,3.633093596
1560172,2021,deep_viz,annotated,0,589890.084,5143883.604,0.0357279998779297,0.0430536010742188,0.01266719971,10.40496349,1.000961781,1125,7.211538462,182700,0.031799316,0.795439541,1,3
1560427,2021,deep_viz,annotated,0,590015.0405,5143916.149,0.0377135131835937,0.0418909912109375,0.01439009094,8.356019974,0.673068702,999,7.568181818,182700,0.031799316,0.866151869,1,3
1560466,2021,deep_viz,annotated,0,590042.5737,5144069.511,0.035054736328125,0.0420442108154297,0.01167579041,18.20146751,5.075582027,855,6.785714286,182700,0.031799316,0.834482729,1,2.578947306
1560103,2021,em_veg,annotated,0,589848.2632,5143758.895,0.0573368408203125,0.122418420410156,0.0537333313,79.38861084,213.6268158,918,5.516129032,32400,0.024047852,0.135682777,0.728070199,4.771929741
1560162,2021,em_veg,annotated,0,589891.6829,5143731.878,0.0553914611816406,0.120141467285156,0.05426829834,69.94223022,249.7789154,738,4.1,32400,0.025848389,0.312495172,1,4.939024448
1560189,2021,dry,annotated,0,589893.3716,5143768.06,0.0719165161132812,0.162319262695312,0.07831192627,111.3056488,293.0489807,981,6.055555556,32400,0.00579834,0.25528872,0.816513777,4.807339668
1560269,2021,dry,annotated,0,589947.7185,5143792.45,0.0595932800292969,0.131213439941406,0.06729327393,109.02491,267.6873169,864,6.611111111,32400,0.027435303,0.217777789,0.806722701,5
1560334,2021,em_veg,annotated,0,589983.0581,5143779.64,0.0432085266113281,0.0908232543945312,0.03675426025,48.03846359,167.5549774,1161,7.166666667,32400,0.03616333,0.299943835,0.866666675,5
1560378,2021,dry,annotated,0,590004.5085,5143690.805,0.0742254211425781,0.189736437988281,0.08074237061,142.7464447,59.14101028,504,5.709677419,32400,-0.202362061,0.138418078,0.284745783,5
1556399,2021,dry,annotated,0,585994.797,5143947.104,0.0930980224609375,0.245263354492188,0.007880200195,159.0192413,33.3568573,207,5.611111111,7200,-0.238464355,0.090309031,0.045544557,5
1551719,2021,co_precise,annotated,1,582334.3269,5145663.721,0.0391134613037109,0.0775509643554688,0.1832269287,157.1964417,27.47751617,936,6.24,26100,0.036987305,0.183985412,0.932692289,5
1551626,2021,dry,annotated,0,582250.0385,5145660.962,0.0864794860839844,0.179228210449219,0.1461730652,141.8603821,51.60385513,324,4.875,26100,-0.119995117,0.011217949,0.23931624,5
1551644,2021,dry,annotated,0,582281.234,5145607.564,0.09382978515625,0.185811706542969,0.08024255371,135.4800873,104.9539108,756,5.035714286,26100,-0.203399658,0.033094544,0.297872335,5
1551782,2021,em_veg,annotated,0,582377.6842,5145689.724,0.0602157897949219,0.131676318359375,0.1654184326,164.7600555,44.13677597,684,5.181818182,26100,0.062591553,0.245158643,0.769736826,5
1551795,2021,em_veg,annotated,0,582392.5811,5145626.986,0.0534657653808594,0.117790991210938,0.1833522522,164.3177795,34.19833755,999,5.74137931,26100,-0.030639648,0.213582546,0.894894898,5
1551866,2021,dry,annotated,0,582441.7421,5145699.805,0.0854757873535156,0.184526318359375,0.1226136902,134.9720764,51.3229599,720,4.913793103,26100,-0.188842773,0.020394737,0.303508759,5
1547695,2021,deep_water,random_draw,0,580778.5088,5148083.987,0.07471416015625,0.177876110839844,0.05889468994,150.3230133,112.8747406,522,5.136363636,460800,-0.102111816,0.12337324,0.551622391,4.991150379
1548116,2021,deep_water,random_draw,0,580859.1117,5148386.694,0.0399368927001953,0.0447038848876953,0.02189029236,10.52098179,0.559578598,927,6.4375,460800,0.011108398,0.95528096,1,1
1548317,2021,deep_water,random_draw,0,580893.1634,5148269.54,0.0389059417724609,0.0418603973388672,0.01915742645,9.62990284,0.745642543,909,6.886363636,460800,0.011108398,0.948394895,1,1
1548320,2021,deep_water,random_draw,0,580895.625,5148150.865,0.0404846160888672,0.0428221160888672,0.01744230804,9.5272789,0.769107938,936,6.782608696,460800,0.011108398,0.965025902,1,1
1548608,2021,deep_water,random_draw,0,580953.0588,5148359.382,0.0419264709472656,0.0439862731933594,0.02369215546,12.85507488,1.065222144,918,6.954545455,460800,0.011108398,0.938818336,1,1
1548736,2021,deep_water,random_draw,0,580980.283,5148209.632,0.0419396240234375,0.0420443389892578,0.02345188599,12.13625145,1.229997277,954,6.913043478,460800,0.011108398,0.965664387,1,1
1548769,2021,deep_water,random_draw,0,580983.2596,5148060.202,0.0450894226074219,0.0441951934814453,0.02499904022,10.69992065,1.339678526,936,6.782608696,460800,0.011108398,0.970659912,1,1
1549197,2021,deep_water,random_draw,0,581077.0078,5148305.813,0.0346734375,0.03330078125,0.01786640625,24.87327576,16.84623337,1152,7.384615385,460800,0.011108398,0.943909645,1,2
1549292,2021,deep_water,random_draw,0,581104.0618,5148117.826,0.0397471923828125,0.0413752807617188,0.02178539276,11.87807465,1.997848034,801,6.068181818,460800,0.011138916,0.965517223,1,1.966292143
1549309,2021,deep_water,random_draw,0,581108.3447,5148206.374,0.0463912628173828,0.06394951171875,0.03031650391,47.26507568,161.7221985,225,5.942307692,460800,0.003509521,0.860833466,0.702265382,3.009708643
1530221,2021,dry,annotated,0,575791.0361,5146946.613,0.0747371154785156,0.153932995605469,0.08241133423,149.0059967,138.43972779999999,711,4.409090909,5400,-4.58e-4,0.302848101,0.93470788,5
1528384,2021,glint,annotated,0,575374.3125,5146619.344,0.126271875,0.263115625,0.092890625,139.6980896,33.9240036,108,3.428571429,73800,-0.349029541,0.048387095,0.0625,5
1528444,2021,em_veg,annotated,0,575409.3189,5146559.185,0.0663645690917969,0.1388244140625,0.09287401123,118.3673782,219.0150452,495,4.646341463,73800,-0.019226074,0.248066798,0.566929162,4.976377964
1528532,2021,dry,annotated,0,575413.2778,5146745.278,0.0831493835449219,0.197750622558594,0.04073210449,142.0655518,50.94280624,279,4.189655172,73800,-0.288452148,0.011256354,0.063786007,5
1528901,2021,em_veg,annotated,0,575495.4375,5146584.844,0.065196875,0.141471875,0.026834375,107.6853409,74.47267914,288,2.086956522,73800,-0.076843262,0.430345446,0.427083343,4.1875
1529512,2021,em_veg,annotated,0,575621.5755,5146772.689,0.0625490539550781,0.113526416015625,0.08266414795,152.8629608,70.67224884,324,2.839285714,73800,-0.01260376,0.731506407,0.839622617,4.150943279
1529579,2021,em_veg,random_draw,0,575635.5,5146229.882,0.0939191040039062,0.221355053710937,0.09305506592,145.7721405,71.06772614,108,4.603448276,4500,-0.101806641,0.08817824,0.179775283,5
1530360,2021,shallow_viz,annotated,1,575847.123,5145361.057,0.0543409851074219,0.114008190917969,0.05940983276,170.9410248,7.170695782,1098,6.535714286,7200,0.08782959,0.193327665,1,5
1530343,2021,dry,annotated,0,575847.2826,5145402.978,0.0719753601074219,0.146797106933594,0.08928406372,166.4530792,4.555363178,612,3.568965517,7200,0.086700439,0.075512543,0.98550725,5
1530361,2021,dry,annotated,0,575846.9,5145335.557,0.0675133361816406,0.140364758300781,0.08083713989,163.302597,22.23153305,945,5.080645161,7200,0.085296631,0.08809524,0.971428573,5
1530466,2021,dry,annotated,0,575883.4429,5145299.729,0.0805428588867187,0.174931433105469,0.08201618652,151.0291901,35.95287323,162,6.057692308,7200,-1.177978516,0,0.085714288,5
1528334,2021,co_precise,annotated,1,575379.8945,5143341.592,0.0510752288818359,0.1029,0.03999633179,97.30619812,47.45217514,981,5.45,66600,0.045593262,0.422024488,1,4.74311924
1528016,2021,dry,annotated,0,575281.25,5143359.042,0.111741662597656,0.244291674804687,0.07858056641,145.0799561,25.66849327,342,3.857142857,66600,-0.306793213,0.189814821,0.494444489,4.722222328
1528137,2021,glint,annotated,0,575313.4914,5143525.5,0.168512072753906,0.295591381835937,0.1556620728,122.9249344,61.69743347,342,5.4375,66600,-0.160400391,0.009099617,0.255172402,5
1528240,2021,deep_viz,annotated,0,575346.9298,5143437.31,0.0379165283203125,0.045566943359375,0.01961239624,40.65551376,9.201763153,1089,7.5625,66600,0.056884766,0.988030851,1,3.115702391
1528620,2021,deep_viz,annotated,0,575431.7941,5143469.5,0.0363950988769531,0.039262744140625,0.01586568604,37.62247086,2.588162184,918,6.652173913,66600,0.056884766,1,1,1
1528922,2021,dry,annotated,0,575499.9767,5143581.279,0.129132556152344,0.256670922851563,0.1195185913,140.0026398,55.57993698,639,4.607142857,66600,-0.268890381,0.072674416,0.069767445,5
1529092,2021,deep_viz,annotated,0,575522.9434,5143437.651,0.0380877349853516,0.0440018859863281,0.01965,41.797431949999996,3.9992764,954,7.227272727,66600,0.056884766,1,1,1
1529392,2021,dry,annotated,0,575583.587,5143403.739,0.0670826110839844,0.156139135742187,0.07718696289,121.0983276,54.43233109,108,2.379310345,66600,0.008361816,0.195652172,0.20869565,4.826086998
1528290,2021,dry,annotated,0,575372.6597,5143755.718,0.10735966796875,0.229689086914063,0.07514707031,153.0244751,26.93298912,945,4.4625,251100,-0.385925293,0.339512289,0.909803867,4.352941036
1528955,2021,dry,annotated,0,575501.8187,5144406.181,0.0937,0.21291318359375,0.1053648315,159.8576508,32.07295227,738,3.689189189,251100,-0.147460938,0.218890622,0.917582393,4.736263752
1529118,2021,deep_viz,annotated,0,575526.3396,5143857.934,0.0388292449951172,0.0329122650146484,0.01283962402,37.23847198,53.47337341,954,7.571428571,251100,0.029571533,1,1,2.679245234
1529236,2021,deep_viz,annotated,0,575555.4714,5144159.814,0.04439619140625,0.0340990478515625,0.0144,20.71290398,48.96421432,945,6.847826087,251100,0.029541016,1,0.860317469,1.666666627
1529520,2021,deep_viz,annotated,0,575612.6429,5144279.214,0.0481342864990234,0.0333314300537109,0.01253047791,20.22909927,2.402422905,945,7.5,251100,0.029541016,1,0.880952358,1.580952406
1529618,2021,dry,annotated,0,575639.2021,5143794.032,0.0641446838378906,0.124865954589844,0.05206808472,111.2733459,126.8983459,369,2.35,251100,0.024688721,0.843554437,0.71985817,3.276595831
4957838,2021,em_veg,annotated,0,535122.3571,5009927.393,0.0960071411132812,0.214126196289062,0.121361908,85.47049713,10.66889572,162,3.230769231,448200,-0.402435303,0,0.40476191,5
4959062,2021,em_veg,annotated,0,535245.4444,5009727.806,0.0570601867675781,0.12512685546875,0.007645361328,98.53360748,13.22643185,972,3.52173913,448200,-0.283721924,0.09391927,0.932870388,4.907407284
4959490,2021,deep_viz,annotated,0,535299.4375,5009544.5,0.0309635406494141,0.0485041656494141,0.017878125,20.64034843,14.41470337,864,6,448200,0.32510376,0.954999983,1,3
4959957,2021,deep_viz,annotated,0,535359.7627,5009697.636,0.0251830505371094,0.0346093231201172,0.002950848389,25.01049042,10.24128342,1062,7.695652174,448200,0.32510376,1,0.9118644,1.423728824
4960147,2021,deep_viz,annotated,0,535387.0143,5009873.843,0.024270475769043,0.0350390472412109,0.00345904846199999,18.60556602,0.356960416,945,6.847826087,448200,0.32510376,0.967532456,1,2.799999952
4960395,2021,em_veg,annotated,0,535448.25,5009696.068,0.0446045440673828,0.101375756835937,0.02025,123.7439575,20.02119255,1170,5.823529412,448200,-0.231994629,0.169282109,0.800757587,4.856060505
2626644,2021,deep_water,random_draw,0,553085.3571,5095245.136,0.0854714294433594,0.184119482421875,0.07533117676,128.9548798,100.2436295,261,2.75,378900,-0.092712402,0.104989752,0.567099571,4.909090996
2626784,2021,deep_water,random_draw,0,553089.4219,5095429.43,0.035103125,0.04738046875,0.01966640625,89.62452698,35.83311844,1152,7.111111111,378900,0.065826416,0.825520813,1,3.375
2626857,2021,deep_water,random_draw,0,553087.0541,5095577.838,0.0444932434082031,0.0690621643066406,0.01333783569,70.82376862,26.47652245,621,4.269230769,378900,0.065826416,0.932432413,0.983108103,3.135135174
2627100,2021,deep_water,random_draw,0,553133.2674,5095731.058,0.0365341094970703,0.0375992248535156,0.01909922485,56.72795868,1.515203476,1161,6.910714286,378900,0.065826416,1,1,2.395348787
2627492,2021,deep_water,random_draw,0,553175.9338,5095484.338,0.0294235290527344,0.0419367645263672,0.02322426453,64.94863129,16.56658363,1224,7.555555556,378900,0.065826416,0.952205896,1,2.691176414
2627542,2021,deep_water,random_draw,0,553181.8514,5095580.635,0.0325135131835938,0.0300036041259766,0.02302792664,57.57205582,1.701094508,999,6.9375,378900,0.065826416,1,1,1
2627950,2021,deep_water,random_draw,0,553234.6071,5095668.214,0.03330625,0.0319285705566406,0.02320625,56.86603928,1.687426448,1008,7.304347826,378900,0.065826416,1,1,1
2628585,2021,deep_water,random_draw,0,553320.42,5095727.64,0.0434019989013672,0.102161999511719,0.04017800293,101.3501053,126.1709061,450,3.409090909,378900,-0.053985596,0.741038978,0.879999995,3.880000114
7625795,2021,deep_water,random_draw,0,603595.5273,4850714.727,0.0406209075927734,0.0474881805419922,0.2065000031,62.22832489,12.71581936,990,7.5,1769400,0.022521973,0.565340936,1,3.909090996
7625850,2021,deep_water,random_draw,0,603601.8529,4850873.206,0.0615333312988281,0.143809802246094,0.1576627563,139.8521881,7.527471066,117,3.06,1769400,-0.037750244,0.054621849,0.269607812,5
7626590,2021,deep_water,random_draw,0,603720.6563,4850781.281,0.0528802062988281,0.0544177062988281,0.1973354187,52.84378052,12.0396471,864,6.545454545,1769400,0.022583008,0.971527815,1,2.854166746
7626674,2021,deep_water,random_draw,0,603749.9634,4850875.061,0.0546276428222656,0.0652422790527344,0.2084772278,58.9535675,23.08962059,1107,7.38,1769400,0.02255249,0.442992628,1,4.691056728
7627040,2021,deep_water,random_draw,0,603867.3305,4850594.847,0.0557830505371094,0.064961865234375,0.01614406738,38.80510712,0.479519248,1062,7.08,1769400,0.02255249,1,1,1.38983047
7627217,2021,deep_water,random_draw,0,603905.8761,4850805.261,0.0488623840332031,0.0598633056640625,0.1273908203,36.23823547,0.640276313,981,6.8125,1769400,0.02255249,0.96168375,1,1.688073397
7627268,2021,deep_water,random_draw,0,603930.3072,4850906.584,0.0705975891113281,0.149891564941406,0.149612765002251,82.3055954,39.05305099,486,4.98,1769400,-1.494537354,0.497749269,0.955823302,4.265060425
8888126,2021,deep_water,random_draw,0,603599.7857,4850406.786,0.0425028564453125,0.0445304748535156,0.1203952454,38.99857712,1.263389945,945,7.5,1769400,0.02255249,1,1,1.342857122
8888669,2021,deep_water,random_draw,0,603749.6684,4850496.268,0.0511,0.0513831604003906,0.09207788696,41.02325058,0.402079403,855,6.785714286,1769400,0.02255249,1,1,1
8888957,2021,deep_water,random_draw,0,603812.2826,4850411.804,0.0492,0.0515336975097656,0.07692608032,41.94667816,0.625133455,828,6.571428571,1769400,0.02255249,1,1,1
7603870,2021,dry,annotated,0,596972.6947,4872499.288,0.0623035400390625,0.27662919921875,0.05834956055,81.73817444,32.76440048,486,5.467741935,114300,-0.918426514,0.060501475,0.127370417,4.955752373
7604040,2021,dry,annotated,0,597034.102,4872291.857,0.08595,0.268968359375,0.03383879395,81.72555542,20.789508819999998,180,5.068965517,114300,-0.616088867,0.127551019,0.119047627,4.84693861
1975733,2022,shallow_viz,annotated,1,541863.896,5135936.064,0.0460986572265625,0.124125500488281,0.09838255615,131.4301347,48.89639176,306,7.45,1800,0.051574707,0.055878147,0.026845638,5
1975602,2022,dry,annotated,0,541839.7235,5135881.994,0.0642682373046875,0.30687529296875,0.09237177734,179.1836314,34.20870149,279,4.722222222,1800,-0.135498047,0.01302521,0,5
1977079,2022,em_veg,annotated,0,542163.1624,5135338.404,0.05454267578125,0.143878344726562,0.1366076416,106.8556494,185.5174754,477,6.541666667,4500,-0.442321777,0.033847604,0,5
1977267,2022,dry,annotated,0,542191.5411,5135363.075,0.0526945190429687,0.12729794921875,0.1359486328,99.08405053,165.6518254,495,7.551724138,4500,-0.435211182,0.026908023,0,5
1977497,2022,em_veg,annotated,0,542228.1,5135318.614,0.0468428558349609,0.101268572998047,0.1260500061,127.3593113,609.1559915,531,4.565217391,4500,0.190460205,0.215394348,0.010714286,4.942856789
1976957,2022,deep_water,random_draw,0,542126.5746,5133804.425,0.0566537292480469,0.12101044921875,0.09407910156,159.5238413,183.9169118,144,3.722222222,71100,-0.070648193,0.190298527,0.111007459,4.761194229
1977269,2022,deep_water,random_draw,0,542189.0229,5134077.372,0.0380183471679688,0.0600321105957031,0.02706881104,17.34464111,151.8010326,981,7.108695652,71100,0.060852051,0.952352822,0.612679422,3.541284323
1977275,2022,deep_water,random_draw,0,542191.9286,5133956.952,0.0444682525634766,0.0524769836425781,0.0216555542,2.23171116,9.202397086,1134,7.269230769,71100,0.062927246,0.959222794,0.893915355,1.90476191
1977542,2022,deep_water,random_draw,0,542229.3235,5133782.265,0.0404509796142578,0.0489774505615234,0.02216568604,0.053759479,0.118089354,918,6.652173913,71100,0.062927246,1,0.943915784,3
1977920,2022,deep_water,random_draw,0,542288.82,5133899.04,0.0405579986572266,0.0544039978027344,0.02328899841,0.207858028,0.500029,900,6.52173913,71100,0.062927246,1,0.975294113,2.819999933
1978179,2022,deep_water,random_draw,0,542348.6007,5134046.817,0.0842467651367187,0.187016552734375,0.0965151001,76.91042763,124.5485999,198,5.085365854,71100,-0.888458252,0.11426153,0.132035539,4.755395889
1978207,2022,deep_water,random_draw,0,542346.5097,5133809.053,0.0768456298828125,0.295961157226563,0.07555144043,167.1705826,213.7024829,288,4.983870968,71100,-1.766296387,0.025994362,0.083952032,5
1976513,2022,shallow_viz,annotated,1,542049.8143,5133511.2,0.0660342834472656,0.114192858886719,0.1826271423,44.72212497,29.3244293,1260,8.076923077,4500,0.049804688,0.06339094,0,5
1969350,2022,dry,annotated,0,540656.5482,5133713.765,0.0670433715820312,0.191798791503906,0.07731206055,183.3815368,8.727115403,279,3.557142857,37800,-0.171783447,0.018502582,0,5
1969793,2022,dry,annotated,0,540725.7424,5133716.47,0.0573080810546875,0.153113134765625,0.1292474609,185.4805511,6.117136643,567,4.367647059,37800,-0.085876465,0.08768031,0,5
1970119,2022,dry,annotated,0,540757.2,5133806,0.0668799987792969,0.154766662597656,0.09921168213,181.3827726,3.126501717,279,3.461538462,37800,-0.232543945,0.0125,0,5
1968713,2022,dry,annotated,0,540550.9932,5133389.527,0.0578890380859375,0.113830139160156,0.1794849365,132.2972199,35.54434813,243,4.211538462,111600,-0.102722168,0.052842073,0,5
1970133,2022,dry,annotated,0,540767.2229,5133477.524,0.0662686767578125,0.227162646484375,0.09095422363,184.2507931,3.741354381,441,4.98,111600,-0.538574219,0.035634603,0,5
1970324,2022,dry,annotated,0,540799.0833,5133361.167,0.0592388916015625,0.132763891601562,0.1655875,176.001021,10.80611519,648,4.909090909,111600,0.051177979,0.093621403,0,5
1962273,2022,em_veg,random_draw,0,539469.2,5133386.95,0.0712650024414063,0.161440832519531,0.1123783203,174.606238,77.20890742,666,6.923076923,1800,-0.079742432,0.158820555,0,5
1956879,2022,em_veg,random_draw,0,538602.7164,5133717.112,0.0602208984375,0.14248955078125,0.1248320801,158.6889262,85.06569098,657,5.911764706,74700,-0.165893555,0.347022295,0.007276119,5
1957084,2022,em_veg,random_draw,0,538642.54,5133891.3,0.0628840026855469,0.142522668457031,0.03395333252,106.7525908,538.5031016,675,4.5,74700,0.094146729,0.718480527,0.194285706,5
1957132,2022,em_veg,random_draw,0,538653.0672,5134024.03,0.0604119384765625,0.150755224609375,0.12575896,164.0904367,26.3369687,684,7.444444444,74700,-0.092803955,0.403601259,0,4.686567307
1957696,2022,em_veg,random_draw,0,538726.3279,5133712.475,0.0344663940429688,0.0651852478027344,0.05347377319,11.54204638,147.4629731,306,7.625,74700,0.238128662,0.611620009,0.103044502,3.303278685
1957819,2022,em_veg,random_draw,0,538752.5,5133835.643,0.0548571411132813,0.134115869140625,0.1450515869,171.8489711,18.55270516,729,7.56,74700,-0.052154541,0.339687079,0,5
1957894,2022,em_veg,random_draw,0,538750.3812,5134017.847,0.0553663391113281,0.128307922363281,0.1237029663,147.7155419,201.8887259,909,6.06,74700,-0.124847412,0.555567503,0.013201321,4.425742626
1958908,2022,em_veg,random_draw,0,538919.0294,5133547.324,0.0773905883789062,0.25112236328125,0.05059880371,170.2699671,39.10352642,324,3.984375,15300,-0.48059082,0.01764706,0,5
1959290,2022,em_veg,random_draw,0,538991.5449,5133449.376,0.0917842712402344,0.24611123046875,0.05871462402,165.2718162,38.40568404,729,5.34,15300,-0.153625488,0.04211086,0,5
1959716,2022,em_veg,random_draw,0,539042.5374,5133543.491,0.0531700927734375,0.1540869140625,0.1358270996,161.8875928,37.07299924,387,5.944444444,15300,-0.049072266,0.061780542,0,5
1958127,2022,em_veg,random_draw,0,538800.2034,5132910.153,0.0575983032226563,0.139385595703125,0.06493643799,173.6995273,14.61892216,540,5.205882353,7200,-0.010925293,0.118070051,0,5
1958604,2022,em_veg,random_draw,0,538874.8224,5132841.02,0.0477263153076172,0.107060522460938,0.1217960449,153.3834514,262.937649,1116,7.862068966,7200,0.014709473,0.077776067,0,4.9342103
1958990,2022,em_veg,random_draw,0,538922.5459,5132511.427,0.0584715576171875,0.1274697265625,0.09620917969,155.6636531,311.7049782,531,4.192307692,81900,0.004882813,0.250492692,0,4.889908314
1959335,2022,em_veg,random_draw,0,538992.0294,5132699.647,0.0551715698242188,0.123530395507813,0.09325490723,174.1984032,34.98054858,918,5.666666667,81900,-0.028991699,0.241830066,0.036199097,5
1959380,2022,em_veg,random_draw,0,538989.5727,5132369.755,0.0478863647460937,0.10803818359375,0.06028544922,150.0998333,168.5650994,936,6.6,81900,0.102386475,0.332935274,0.048484851,5
1959494,2022,em_veg,random_draw,0,539016.0398,5132559.385,0.0606778747558594,0.132124780273437,0.08525043945,170.5550202,61.23529144,711,5.136363636,81900,-0.081542969,0.164489448,0,5
1960115,2022,em_veg,random_draw,0,539103.3,5132703.992,0.0630615356445312,0.145129235839844,0.106432312,172.3790598,14.1106052,432,6.724137931,81900,-0.082458496,0.162344053,0,5
1960166,2022,em_veg,random_draw,0,539107.8913,5132424.743,0.0711217407226562,0.161117395019531,0.09469564209,166.864046,67.15562827,234,5.75,81900,-0.10546875,0.27738139,0,5
1960396,2022,em_veg,random_draw,0,539136.1627,5132577.307,0.0528120483398438,0.11900361328125,0.09983735352,167.9112644,66.67322129,747,4.611111111,81900,0.062988281,0.184069619,0,5
1961046,2022,em_veg,random_draw,0,539224.9583,5132461.375,0.0549944458007812,0.107076391601563,0.092902771,170.1093041,34.93860378,558,5.142857143,81900,0.088287354,0.293584645,0,5
1961468,2022,em_veg,random_draw,0,539318.8929,5132521.929,0.0486345245361328,0.088365478515625,0.09709405518,158.2718119,49.45021979,432,5.25,81900,0.109130859,0.361395061,0,4.952381134
1961470,2022,em_veg,random_draw,0,539319.3387,5132414.226,0.0469024200439453,0.0723870971679687,0.1425282349,164.9855113,8.965702661,1017,7.44,81900,0.078308105,0.239628837,0,5
1957142,2022,em_veg,random_draw,0,538654.6304,5131373.987,0.058559130859375,0.137817395019531,0.1666443481,180.8555508,5.480521982,657,6.9,53100,0.048706055,0.194956526,0,5
1957351,2022,em_veg,random_draw,0,538685.4588,5131585.964,0.0597556701660156,0.142693811035156,0.1057876343,169.8104323,100.151341,612,4.546875,53100,0.11907959,0.148588076,0.01580756,5
1957537,2022,em_veg,random_draw,0,538709.0135,5131289.635,0.0540594604492187,0.137852258300781,0.1816522583,185.698179,3.098358363,864,5.946428571,53100,-0.109008789,0.050137091,0,5
1957583,2022,em_veg,random_draw,0,538716.1514,5131476.867,0.0609073364257812,0.147988073730469,0.1227706421,170.0045666,47.85613655,684,6.288461538,53100,0.06072998,0.251834869,0,5
1957989,2022,em_veg,random_draw,0,538775.2263,5131383.616,0.0524915771484375,0.129949475097656,0.1309684204,170.364443,29.47196256,855,6.785714286,53100,0.09967041,0.261035085,0,5
1958262,2022,em_veg,random_draw,0,538812.5789,5131294.079,0.0464175445556641,0.123991223144531,0.2376394897,189.2956913,0.911399922,684,6.576923077,53100,-0.17477417,0.036337283,0,5
1958384,2022,em_veg,random_draw,0,538835.6111,5131502.87,0.0562074096679687,0.14375185546875,0.1652271484,181.8231217,4.65076654,729,3.919354839,53100,-0.116363525,0.074403293,0,5
1958674,2022,em_veg,random_draw,0,538873.95,5131404.025,0.0549683349609375,0.143779162597656,0.1285916626,170.8897988,10.73294403,738,7.5,53100,0.002349854,0.135932565,0,5
1961004,2022,shallow_viz,annotated,1,539232.564,5130202.38,0.0605703979492188,0.0904288024902344,0.1785327942,147.8225749,31.32099147,1098,6.944444444,6300,-0.00491333,0.146178156,0,5
1959754,2022,em_veg,random_draw,0,539048.1729,5130057.995,0.0646009338378906,0.123707470703125,0.09564206543,153.406638,112.7771725,279,6.173076923,1800,-0.290710449,0.034084659,0,5
1959272,2022,em_veg,annotated,0,538982.1,5129574.067,0.0426622222900391,0.105745556640625,0.1619722168,176.4918729,10.40050034,648,5.869565217,36900,-0.077331543,0.09388084,0,5
1959679,2022,dry,annotated,0,539045.0769,5129530.269,0.063175,0.191335571289063,0.1332278809,180.6670078,8.117431061,828,5.777777778,36900,-0.174621582,0.065527067,0,5
1959755,2022,em_veg,annotated,0,539050.0652,5129585.891,0.0457942016601562,0.107362316894531,0.1409985474,181.1723465,16.83395579,621,4.3125,36900,-0.04510498,0.155823931,0,5
1956740,2022,dry,annotated,0,538583.625,5127208.275,0.0831200012207031,0.163547497558594,0.0580125,109.652461,467.8605407,243,3,107100,-0.064605713,0.602173924,0,4.800000191
1957765,2022,dry,annotated,0,538769.4211,5127205.421,0.0593035095214844,0.104038598632813,0.07692982178,89.20372163,378.8147117,783,3.717391304,107100,-0.097442627,0.873476505,0.071371607,3.517543793
1957948,2022,dry,annotated,0,538779.7584,5126819.073,0.0773876403808594,0.174130334472656,0.09819664307,159.1281258,49.80392643,135,4.171875,107100,-0.536834717,0.10718745,0,5
1959299,2022,em_veg,random_draw,0,538981.9206,5125411.696,0.0513785034179687,0.120336450195312,0.151724292,167.7640501,57.60577016,513,6.173076923,214200,-0.204742432,0.091054738,0,5
1959814,2022,em_veg,random_draw,0,539046.0577,5125140.231,0.0322730773925781,0.0502644226074219,0.1435807709,140.3302685,64.50761132,936,6.782608696,214200,0.087310791,0.423714519,0,5
1960145,2022,em_veg,random_draw,0,539105.1908,5125234.401,0.0656585510253906,0.140336840820313,0.1459052734,166.0414509,34.19412668,1116,7.35483871,214200,-0.339416504,0.062447786,0,5
1960266,2022,em_veg,random_draw,0,539108.1875,5125409.156,0.03084375,0.058925,0.1558416718,132.0699157,71.15369806,864,6.545454545,214200,-0.030761719,0.589120388,0,4.635416508
1960586,2022,em_veg,random_draw,0,539164.9103,5125536.577,0.0296803405761719,0.0501606842041016,0.08460341492,124.3190116,364.4867719,1053,7.3125,214200,0.00289917,0.552450895,0.014423078,5
1960796,2022,em_veg,random_draw,0,539195.803,5125173.561,0.0416959594726563,0.0492212127685547,0.06665656738,132.8769752,17.03214441,891,7.071428571,214200,0.157562256,0.442113459,0,5
1960829,2022,em_veg,random_draw,0,539196.7105,5125320.395,0.0270663146972656,0.0533168395996094,0.142935791,2.279862899,11.85211769,855,7.125,214200,0.039276123,0.719999969,0,3
1961360,2022,em_veg,random_draw,0,539287.9945,5125464.61,0.0377076934814453,0.0794901123046875,0.1661549377,121.665812,89.2908535,819,5.6875,214200,0.027496338,0.421701252,0,5
1961447,2022,em_veg,random_draw,0,539313.3119,5125564.292,0.0605603942871094,0.139904956054688,0.1361316895,180.3712811,5.092363771,117,6.3125,214200,-0.425811768,0.019068573,0,5
1961616,2022,em_veg,random_draw,0,539346.5625,5125320.375,0.028903125000000002,0.060503125,0.1765854095,96.46673779,267.6035195,864,7.2,214200,0.066192627,0.634214759,0,4.270833492
1956281,2022,shallow_viz,annotated,1,538499.0135,5125709.041,0.0555423400878906,0.0809369384765625,0.1965108032,95.03838549,108.1678043,747,7.239130435,23400,-0.015167236,0.173935309,0,5
1956355,2022,shallow_viz,annotated,1,538512.2687,5125860.179,0.0534059692382813,0.0767686584472656,0.1912440369,73.60596162,40.99089484,1134,8.375,23400,0.057403564,0.181113154,0,5
1952712,2022,dry,annotated,0,537944.45,5125773.15,0.0715433349609375,0.134919995117187,0.09297333984,158.5177156,43.30184954,468,7.2,58500,-0.167205811,0.036733717,0,5
1954196,2022,dry,annotated,0,538113.119,5125715.833,0.0741872985839844,0.138525402832031,0.1333841187,137.485385,49.65108289,189,3.9375,58500,-0.265930176,0.024691358,0,5
1954963,2022,dry,annotated,0,538240.4643,5125772.964,0.0859309509277344,0.160902380371094,0.1187452393,113.9810716,62.86262642,315,3.073170732,58500,-0.212341309,0.04441708,0,5
1954039,2022,em_veg,random_draw,0,538087.8962,5125497.34,0.0437962249755859,0.0971103759765625,0.1485622559,166.2267852,30.00779659,720,6.625,48600,0.040100098,0.104110509,0,5
1954611,2022,em_veg,random_draw,0,538172.2073,5125561.427,0.0381373992919922,0.079886181640625,0.1552081299,172.2849482,32.84489164,1107,7.096153846,48600,0.074951172,0.191809699,0,5
1954755,2022,em_veg,random_draw,0,538206.1019,5125348.908,0.0484427185058594,0.105902917480469,0.1258194214,165.4001306,39.48269999,423,5.327586207,48600,0.022094727,0.117275387,0,5
1955249,2022,em_veg,random_draw,0,538280.0769,5125578.49,0.0673778869628906,0.142244226074219,0.0958980835,170.5485469,128.1749254,639,5.379310345,48600,0.06060791,0.110618018,0,5
1955549,2022,em_veg,random_draw,0,538329.8942,5125367.942,0.0763855773925781,0.174330773925781,0.06326152344,180.9146073,2.305115819,162,6.24,48600,-0.355529785,0,0,5
1948074,2022,dry,annotated,0,537334.117,5125499.713,0.05645106201171875,0.126835107421875,0.1100063721,147.8929602,95.41109922,297,5.875,89100,-0.276794434,0.03844294,0,5
1948845,2022,em_veg,annotated,0,537441.3,5125379.132,0.06087999877929687,0.1323189453125,0.1561610596,176.328499,15.43191165,432,5.480769231,89100,-0.063995361,0.107840382,0,5
1949508,2022,em_veg,annotated,0,537519.1967,5125506.148,0.05138197021484375,0.11805902099609376,0.1672622925,180.2121872,2.022545186,1098,7.038461538,89100,0.104034424,0.116190732,0,5
1942339,2022,dry,annotated,0,536463.4038,5125027.385,0.0819865356445312,0.183238464355469,0.09570384521,182.58963550000001,2.399353835,144,2.785714286,63900,-0.256744385,0.093378522,0,5
1942648,2022,dry,annotated,0,536511.9783,5125254.033,0.0818489135742188,0.155479345703125,0.04154022217,56.45664743,6.638873464,612,4.928571429,63900,-0.341644287,6.21e-4,0,5
1944058,2022,em_veg,random_draw,0,536728.686,5124990.779,0.0323503875732422,0.0577775207519531,0.2015852722,160.6832564,31.01171438,828,7.442307692,45900,0.105682373,0.322908312,0,5
1944142,2022,em_veg,random_draw,0,536737.2273,5125109.455,0.0496327270507812,0.0930700012207031,0.1717336365,139.6239501,43.30214671,360,5.892857143,45900,-0.124938965,0.107981384,0,5
1944397,2022,em_veg,random_draw,0,536767.0625,5124803.563,0.0373385406494141,0.0778072937011719,0.1572125061,157.2766115,85.69885761,783,6.545454545,45900,0.02734375,0.339760095,0,4.999999523
1944970,2022,em_veg,random_draw,0,536855.3244,5124866.118,0.05815419921875,0.125961071777344,0.1230221313,144.9538597,135.9885146,117,7.557692308,45900,-0.446289063,0.026942074,0,5
1945007,2022,em_veg,random_draw,0,536856.2297,5124990.068,0.0290135131835937,0.0562171142578125,0.1688612549,170.7916562,21.78685267,999,6.9375,45900,0.127105713,0.214808553,0,5
1945010,2022,em_veg,random_draw,0,536856.7959,5124656.204,0.0629734680175781,0.115463269042969,0.1539846802,138.5305779,81.66696347,153,5.25,45900,-0.255371094,0.057823133,0,5
1945250,2022,shallow_viz,annotated,1,536894.8295,5123247.614,0.0732659118652344,0.0768681823730469,0.1912636475,166.3052651,5.360904715,792,6,720000,0.173187256,0.24295266,0.035511363,5
1945389,2022,shallow_viz,annotated,1,536916.0288,5123369.654,0.0730990356445313,0.0810923095703125,0.2252211487,152.7731538,45.71722062,936,6.5,720000,0.130767822,0.221428588,0,5
1945014,2022,dry,annotated,0,536858.8107,5123676.422,0.0882699035644531,0.167178637695312,0.03944660645,100.9929899,253.0792312,486,5.722222222,720000,-0.289459229,0.045105182,0,5
1946264,2022,dry,annotated,0,537070.883,5122949.904,0.0714095764160156,0.131231909179687,0.1634510742,71.3741279,130.2805593,297,5.035714286,720000,-0.269714355,0.036976144,7.09e-4,5
1946777,2022,dry,annotated,0,537151.6471,5123076.029,0.110294116210938,0.210465698242187,0.09710001221,70.52304502,177.9622732,270,5.884615385,720000,-0.407684326,0.03208556,0,5
1942137,2022,shallow_viz,annotated,1,536436.7075,5123586.849,0.0632245300292969,0.0988245300292969,0.10137736210000001,153.7580152,49.31334521,684,6.115384615,1800,0.01184082,0.07673765,0,5
1942224,2022,dry,annotated,0,536468.3654,5123602.846,0.0758980773925781,0.159626928710938,0.1469961548,148.9944697,109.024486,117,2.689655172,1800,-0.184753418,0.022624433,0,5
1942495,2022,dry,annotated,0,536489.8714,5123423.1,0.076337139892578093,0.1534771484375,0.01857142334,164.0890345,78.67507934,108,2.282608696,2700,-0.279693604,0.032539684,0,5
1942936,2022,terrain,annotated,0,536554.1739,5123421.37,0.0701782592773438,0.127914489746094,0.03191884766,164.7374957,59.54313048,279,7.392857143,2700,-0.126464844,0.032091096,0,5
1944580,2022,shallow_viz,annotated,1,536795.2297,5123100.932,0.056890087890625,0.0861315307617188,0.2077180176,38.78105816,27.48243327,999,7.239130435,5400,0.077423096,0.080286175,0.040840846,5
1943356,2022,dry,annotated,0,536620.4268,5122491.476,0.0734170715332031,0.155919506835937,0.05404389648,55.10944622,18.54347606,198,2.120689655,12600,-0.114593506,0.015781924,0,5
1943467,2022,dry,annotated,0,536636.8735,5122440.669,0.0955421691894531,0.196656628417969,0.03679998779,68.54170516,4.764616119,234,4.98,12600,-0.297576904,0.009213324,0,5
1943716,2022,dry,annotated,0,536675.3226,5122500.097,0.068351611328125,0.149598388671875,0.08054355469,115.1961963,135.176151,225,3.444444444,12600,-0.091705322,0.011832475,0,5
1942526,2022,dry,annotated,0,536495.7254,5121359.81,0.0605661987304687,0.117040844726562,0.05310986328,58.48965105,3.368542042,162,3.803571429,110700,-0.24508667,0.033802822,0,5
1943194,2022,dry,annotated,0,536590.1667,5121174.796,0.049891357421875,0.113449377441406,0.05715185547,74.55718569,17.1007432,648,5.0625,110700,-0.178741455,0.088776335,0,5
1943328,2022,dry,annotated,0,536615.4813,5121250.528,0.0566205627441406,0.183673828125,0.008349523926,102.8644728,43.10660861,180,6.173076923,110700,-0.275756836,0.031464174,0,5
1943693,2022,shallow_viz,annotated,1,536670.2634,5119983.332,0.0518694641113281,0.0954297729492188,0.1567694702,164.2551629,26.58933326,981,7.017857143,5400,0.26663208,0.058495868,0.011995639,5
1943501,2022,dry,annotated,0,536639.3644,5120020.449,0.0760898315429687,0.16657119140625,0.1168423584,134.27321,80.45257145,279,3.160714286,5400,0.020965576,0.020338986,0.021791769,5
4966744,2022,dry,annotated,0,536800.3421,5118632.632,0.0707877197265625,0.124112280273438,0.08191315918,79.21967416,120.1099748,486,6.576923077,19800,-0.010742188,0.040601507,0,5
4967096,2022,dry,annotated,0,536871.9353,5118625.747,0.08387529296875,0.163781176757813,0.02939294434,43.41307194,6.046874824,729,4.396551724,19800,-0.373474121,0,0,5
4964518,2022,em_veg,random_draw,0,536464.3154,5117334.992,0.0700630798339844,0.165292309570312,0.1013030762,171.2295025,80.91672825,414,3.14516129,58500,-0.264465332,0.501136839,0.232674003,4.246153831
4964783,2022,em_veg,random_draw,0,536498.0496,5117179.981,0.0322786254882812,0.0657412231445312,0.02965953979,52.16760844,737.1002259,1179,7.277777778,58500,0.063232422,0.96878916,0.813885868,3.053435087
4965058,2022,em_veg,random_draw,0,536529.6081,5117630.797,0.0283828826904297,0.0545243225097656,0.0244378418,33.59082715,492.2396917,153,6.9375,58500,0.063262939,0.814774811,0.431788921,4.585585594
4965216,2022,em_veg,random_draw,0,536552.3793,5117417.638,0.0278206909179688,0.0528112060546875,0.0212241394,14.33566428,202.8222384,1044,6.96,58500,0.063232422,0.865331531,0.47471267,3.810344934
4965362,2022,em_veg,random_draw,0,536562.2813,5117511.07,0.0307671875,0.0523546875,0.01428984375,0.420708942,8.960439768,1098,7.68,58500,0.063232422,0.875651062,0.493229181,3.3671875
4965844,2022,em_veg,random_draw,0,536653.6863,5117456.488,0.0661832275390625,0.156330432128906,0.1378360229,176.5424847,15.31889627,810,7.102941176,58500,-0.202087402,0.289564133,0.166962445,5
4965913,2022,em_veg,random_draw,0,536654.6901,5117354.913,0.0412966949462891,0.0868611572265625,0.0534380127,72.3737427,464.885592,1044,6.722222222,58500,-0.010040283,0.589716733,0.324950814,4.942148685
4966301,2022,terrain,annotated,0,536731.38,5117364.636,0.0431671997070312,0.0897192016601562,0.07649520264,145.4328575,140.2439586,900,6.696428571,37800,0.121765137,0.332859904,0,5
4966356,2022,terrain,annotated,0,536742.4051,5117687.748,0.0384474456787109,0.0770846740722656,0.05860437622,155.5346235,85.13226874,1233,7.086206897,37800,0.149475098,0.392883509,0.00486618,4.941606045
4966418,2022,dry,annotated,0,536735.5313,5117567.719,0.096096875,0.16550625,0.065340625,23.84590394,18.31895346,261,3.428571429,37800,-0.307525635,0,0,5
4966561,2022,dry,annotated,0,536771.8696,5117533.957,0.0601869567871094,0.124145654296875,0.06533586426,24.68795516,95.39873128,828,5.52,37800,-0.127441406,0.047368549,0,5
4966627,2022,dry,annotated,0,536777.9032,5117697.145,0.0675693542480469,0.136474194335937,0.03042580566,71.03401659,195.0760618,549,3.206896552,37800,-0.002807617,0.045161292,0,5
4966726,2022,dry,annotated,0,536799.4018,5116945.045,0.0661464294433594,0.290960717773438,0.06297946777,157.2831045,103.7834601,459,5.6,11700,-0.758666992,0.128069192,0,5
4966747,2022,em_veg,annotated,0,536809.6983,5116788.632,0.0460652893066406,0.138713220214844,0.1270471069,175.778822,8.332252308,891,5.671875,11700,-0.051574707,0.05128938,0,5
4966849,2022,em_veg,annotated,0,536830.1389,5116938.444,0.0328129638671875,0.0961944458007812,0.03849351807,33.15509883,280.0444831,918,6.75,11700,0.258300781,0.512470126,0.050264552,5
4967063,2022,em_veg,annotated,0,536863.3209,5116890.201,0.0470208953857422,0.105116418457031,0.08915074463,144.5737394,234.9266548,306,3.722222222,11700,0.124237061,0.475686103,0.035181239,5
4967153,2022,dry,annotated,0,536888.831,5116907.62,0.06963662109375,0.167935217285156,0.08651900635,177.8713058,31.52416072,180,5.605263158,11700,-0.087677002,0.240582913,0.006539235,5
4967459,2022,glint,annotated,0,536946.201,5115529.531,0.1877443359375,0.240771142578125,0.1836381531,95.09152585,9.719479675,873,4.279411765,123300,0.054168701,0.129032254,0,5
4967766,2022,glint,annotated,0,537003.3,5115566.246,0.0957232421875,0.168195678710937,0.1383897339,72.72369784,27.82249094,1251,8.409090909,123300,-0.163391113,0.082083695,0,5
4968083,2022,dry,annotated,0,537055.22,5115389.46,0.0942400024414062,0.161057336425781,0.08411601563,75.42149851,68.03618578,297,4.5,123300,-0.537780762,0.064472221,0,5
4968646,2022,glint,annotated,0,537154.8293,5115356.378,0.0693817077636719,0.1069048828125,0.1450134033,77.5617467,33.43954093,738,5.590909091,123300,-0.161560059,0.101859301,0,5
4968604,2022,em_veg,random_draw,0,537153.5097,5114845.471,0.0741786437988281,0.138846606445312,0.1396572815,85.52936803,154.0047435,225,6.18,2700,0.013519287,0.029420419,0,5
4964360,2022,deep_water,random_draw,0,536434.7973,5111931.878,0.0449756744384766,0.0775018005371094,0.1022,115.3397652,102.3505354,648,7.239130435,89100,0.108581543,0.590758383,0.219648227,4.351351261
4964390,2022,deep_water,random_draw,0,536441.9388,5112348.673,0.0576357116699219,0.178866320800781,0.1473642944,171.0493379,22.74776849,747,5.068965517,89100,-0.234619141,0.208078966,0,5
4965068,2022,deep_water,random_draw,0,536525.1061,5112237.197,0.0452939392089844,0.094,0.229607074,26.64669974,141.9689176,684,5.5,89100,0.112701416,0.558842361,0,4.868686676
4965072,2022,deep_water,random_draw,0,536524.9752,5111930.391,0.0364732666015625,0.0426376251220703,0.01901286926,0,0,909,7.214285714,89100,0.196105957,0.95011425,1,3
4965504,2022,deep_water,random_draw,0,536585.0258,5112048.015,0.0325072174072266,0.0617247436523437,0.05012783203,37.39904214,583.1001196,873,6.326086957,89100,0.195770264,0.973730385,0.656621754,3.072165012
4965643,2022,deep_water,random_draw,0,536616,5111700.225,0.0758862487792969,0.117775,0.0160125,99.72525025,571.1347348,720,4.285714286,89100,-1.65020752,0.987500012,0.992708325,3.049999952
4965687,2022,deep_water,random_draw,0,536617.8846,5112138.115,0.0828166687011719,0.2422705078125,0.02648205566,169.8517977,101.1940799,198,4.178571429,89100,-1.007171631,0.151873767,0,5
4965733,2022,deep_water,random_draw,0,536619.3095,5111870.929,0.0395103179931641,0.0541150817871094,0.01310317688,8.44e-4,0.010069794,1125,7,89100,0.196105957,0.955929279,0.97575438,3.158730268
4966087,2022,deep_water,random_draw,0,536672.6613,5111597.952,0.0979661315917969,0.15790322265625,0.161217289876938,129.937919,445.1486511,153,3.206896552,89100,-0.895172119,0.919243574,0.793335736,3.725806475
4966136,2022,deep_water,random_draw,0,536699.1,5111754.86,0.0661906677246094,0.15603466796875,0.04560799561,162.8093298,203.2803077,153,3.515625,13500,0.293395996,0.499882847,0.346666694,4.320000172
4966140,2022,deep_water,random_draw,0,536696.8565,5111567.465,0.05018173828125,0.0878086975097656,0.03113043823,75.81081951,475.1832561,351,5.390625,13500,-0.026550293,0.713043451,0.220496908,4.060869694
4966653,2022,deep_water,random_draw,0,536790.3904,5111710.705,0.0708287658691406,0.137242468261719,0.01814383545,127.9616172,431.0455028,288,4.211538462,13500,-0.490875244,0.711689472,0.773972631,3.657534361
4965191,2022,dry,annotated,0,536546.9318,5110492.705,0.0692159118652344,0.170864392089844,0.0545833374,149.5023488,77.03668679,144,7.071428571,2700,-0.138061523,0.004440961,0,5
4965853,2022,dry,annotated,0,536644.2534,5110511.158,0.0616828796386719,0.180630822753906,0.1073082153,186.1139453,2.763884812,369,7.551724138,2700,-0.025299072,0.026908023,0,5
4968622,2022,shallow_viz,annotated,1,537154.0435,5110045.043,0.0530260864257813,0.108109777832031,0.08760544434,177.5282486,54.1453417,243,6.272727273,7200,-0.03729248,0.00978261,0,5
4968588,2022,dry,annotated,0,537145.9286,5110093.554,0.0693455383300781,0.140040173339844,0.04088035889,177.0348413,11.96085949,972,7,7200,-0.14743042,0.096130952,0,5
4963630,2022,deep_water,random_draw,0,536284.9945,5108837.489,0.0500417572021484,0.134781323242188,0.1190989014,161.1989126,239.1985801,603,5.25,57600,0.240783691,0.50114882,0,4.263736248
4963749,2022,deep_water,random_draw,0,536314.0289,5108727.186,0.0743942138671875,0.301995043945313,0.03928759766,180.1452017,13.14007824,243,6.482142857,57600,-1.64666748,0.119539551,0,4.776859283
4964212,2022,deep_water,random_draw,0,536406.0588,5108781.147,0.041637255859375,0.05272451171875,0.01412451172,54.61838308,418.1361944,918,6.954545455,57600,0.41418457,0.976855457,1,2.754901886
4964281,2022,deep_water,random_draw,0,536427.5964,5108946.994,0.0887542175292969,0.292122900390625,0.06701083984,183.4692233,1.733817109,117,4.016129032,57600,-0.297576904,0.177814707,0,4.843373299
4965224,2022,deep_water,random_draw,0,536556.5308,5108931.808,0.0608261535644531,0.199335388183594,0.1032292297,70.51537064,451.7636643,477,3.75,57600,0.195709229,0.8107692,0.062721901,4.046154022
4965252,2022,deep_water,random_draw,0,536556.3169,5108837.81,0.0493802825927734,0.107745068359375,0.04460986328,109.5422937,590.9970769,639,4.840909091,57600,0.288574219,0.755399048,0.200433359,4
4965858,2022,deep_water,random_draw,0,536640.7143,5109018.286,0.0808416687011719,0.311691674804688,0.05464882813,168.2081913,4.497437029,288,4.666666667,57600,-3.27923584,0,0,5
4967486,2022,dry,annotated,0,536940.0283,5108688.255,0.0765283020019531,0.176688684082031,0.06022452393,168.8580396,92.58385898,243,4.96875,20700,-0.431335449,0.866753399,0.391872287,4
4967487,2022,em_veg,annotated,0,536948.1094,5108661.492,0.04620625,0.10425390625,0.0508109375,122.8648054,690.3599053,1089,5.647058824,20700,-0.045471191,0.765301287,0.261117816,4
4967651,2022,terrain,annotated,0,536977.8784,5108747.851,0.0379234222412109,0.0721216186523437,0.03237297363,101.7080095,154.47464540000001,801,5.74137931,20700,0.04699707,0.699851036,0.368725866,3.558558464
4968492,2022,terrain,annotated,0,537126.3261,5108806.326,0.097692755126953107,0.235130444335937,0.03715942383,160.6779334,94.86636807,171,3.980769231,20700,-0.611999512,0.198690981,0.24844721,4.724637508
4964947,2022,dry,annotated,0,536515.5989,5106917.588,0.0797241760253906,0.178871423339844,0.04453516846,179.3082798,6.278239686,261,5.934782609,61200,-0.547149658,0.012934192,0,5
4966026,2022,deep_water,random_draw,0,536673.6563,5106137.625,0.0583114562988281,0.153270837402344,0.1228010376,174.1787691,129.5292313,495,4.965517241,9900,-0.1434021,0.212246493,0,5
4966484,2022,deep_water,random_draw,0,536766.4259,5105994.093,0.0702777770996094,0.176254321289062,0.07759875488,182.5935064,12.28995769,117,4.189655172,9900,-0.349365234,0.0847321,0,4.839506149
4964172,2022,dry,annotated,0,536397.4254,5104721.888,0.0759074645996094,0.157501489257812,0.04076418457,56.98262488,12.66685397,216,4.02,49500,-0.384613037,0.142031774,0.130344152,5
4964313,2022,glint,annotated,0,536425.4318,5104917.614,0.138284094238281,0.245963647460937,0.05526591797,60.6622478,122.0136697,261,3.882352941,49500,-0.451843262,0.096590906,0.018939395,5
4964647,2022,dry,annotated,0,536485.8134,5104886.619,0.0824701477050781,0.168586572265625,0.03634179688,67.63270825,124.9529358,171,3.140625,49500,-0.287536621,0.093885414,0,5
4964693,2022,dry,annotated,0,536478.7192,5104790.322,0.0856821899414063,0.175872607421875,0.03620684814,70.43630028,37.85221409,603,3.421875,49500,-0.306884766,0.143133163,0.126937345,5
4964073,2022,shallow_viz,annotated,1,536376.4604,5104817.094,0.06719505004882813,0.07088416137695312,0.121513858,78.60567341,53.31354625,909,6.586956522,49500,0.19342041,0.579405904,0.043098427,5
4964171,2022,shallow_viz,annotated,1,536405.5,5104887.72,0.05893599853515625,0.07593800048828125,0.126773999,86.50468071,130.881835,1350,8.333333333,49500,0.20703125,0.479273498,0.041176472,5
4966904,2022,dry,annotated,0,536840.3367,5104556.867,0.0790122436523437,0.227560546875,0.06442788086,161.7030872,25.74986033,792,6.3,100800,-0.378845215,0.001030715,0,5
4967014,2022,em_veg,annotated,0,536856.9112,5104494.491,0.0480682250976563,0.118314013671875,0.1677710449,173.7623198,20.87416488,963,5.732142857,100800,0.172363281,0.298291981,0,5
4967120,2022,em_veg,annotated,0,536877.4487,5104618.141,0.0734205139160156,0.173247863769531,0.1123897339,183.5964962,1.775981172,747,6.267857143,100800,-0.156494141,0.203929335,0,5
4967186,2022,deep_viz,annotated,0,536888.416,5104462.431,0.05613740234375,0.137797705078125,0.1391671875,173.0444193,94.5655176,1179,6.140625,100800,0.111846924,0.291720212,0,5
4967187,2022,dry,annotated,0,536884.7727,5104401.341,0.0457534088134766,0.114498864746094,0.1721965942,177.1123907,11.89099586,792,5.076923077,100800,0.229949951,0.22067447,0,5
4967357,2022,deep_viz,annotated,0,536918.3208,5104698.17,0.0399594329833984,0.0983745300292969,0.161794342,95.68767081,337.0492141,954,7.227272727,100800,0.354125977,0.554883122,0,4.226415157
4967374,2022,dry,annotated,0,536921.6739,5104274.543,0.0610130432128906,0.203443481445312,0.07179130859,162.6356933,10.76861563,459,3.833333333,100800,-0.186553955,4.39e-4,0,5
4967806,2022,em_veg,annotated,0,537004.3763,5104791.634,0.0498278350830078,0.134369067382813,0.1349175293,180.5129548,4.725598038,873,5.388888889,100800,-0.12298584,0.30640623,0,5
4968185,2022,glint,annotated,0,537058.4189,5104764.041,0.129235131835937,0.221270263671875,0.08176756592,59.47902121,138.6220916,216,3.7,100800,-0.214935303,0.013104013,0,5
4966126,2022,dry,annotated,0,536700.335,5102634.277,0.0764,0.235346606445312,0.1326689331,126.9411217,50.11497218,693,5.722222222,10800,-0.258117676,0.035149809,0.006674757,5
4964695,2022,deep_water,random_draw,0,536493.8924,5101136.791,0.0936721496582031,0.186159497070313,0.1200291016,165.0226094,41.96935659,126,4.086206897,20700,-0.785552979,0.005716619,0,5
4965522,2022,deep_water,random_draw,0,536586.5935,5101222.219,0.0353949645996094,0.0694395690917969,0.2102748108,162.9464032,119.891356,1134,7.722222222,20700,0.230560303,0.14418222,0,5
4965626,2022,deep_water,random_draw,0,536600.9746,5101128.153,0.0367864410400391,0.085614404296875,0.1672296631,170.3852937,86.34828504,1062,6.555555556,20700,0.186431885,0.295587361,0,5
4965992,2022,deep_water,random_draw,0,536663.5385,5100680.792,0.0554246154785156,0.134700769042969,0.08413692627,158.7929203,323.5350499,558,7.222222222,46800,0.065643311,0.656886458,0.002714932,3.953846216
4965994,2022,deep_water,random_draw,0,536666.8404,5100524.745,0.0610893615722656,0.151021276855469,0.091497863770000007,168.1954394,174.4589811,351,5.035714286,46800,0.050109863,0.552804947,0.023223473,4.585106373
4966031,2022,deep_water,random_draw,0,536677.2248,5100412.995,0.0536018371582031,0.132454125976563,0.09742478027,143.5837992,339.8474213,747,5.839285714,46800,-0.021270752,0.433825195,0,4.825687885
4966093,2022,deep_water,random_draw,0,536679.1875,5100824.813,0.0564583312988281,0.15419375,0.1481333435,74.51354433,355.442682,378,2.88,46800,0.093597412,0.676340997,0,3.333333254
4966622,2022,deep_water,random_draw,0,536777.9571,5100596.743,0.170119995117188,0.28136572265625,0.08301572266,122.7547167,57.12400301,189,5.25,46800,-0.548126221,0,0,5
4966711,2022,deep_water,random_draw,0,536797.8974,5100718.063,0.0420132446289063,0.0977417236328125,0.1446966797,43.51908144,280.7685794,1341,6.291666667,46800,0.129516602,0.703344882,0,4.225165367
4967304,2022,deep_water,random_draw,0,536917.2742,5100308.177,0.0477569885253906,0.110070971679688,0.1629526855,160.7295916,26.36785665,162,5.166666667,47700,-0.073120117,0.329097837,0,5
4967474,2022,deep_water,random_draw,0,536943.7869,5100173.311,0.0371581970214844,0.0645557373046875,0.03854344482,92.34018675,120.0299435,1044,7.038461538,47700,0.13772583,0.843380928,0.546287358,3.647541046
4967856,2022,deep_water,random_draw,0,537006.0682,5100284.284,0.0568727294921875,0.133710229492187,0.09749431152,172.6824276,77.97248174,792,5.739130435,47700,-0.156799316,0.733836234,0.089346588,4.272727489
4967919,2022,deep_water,random_draw,0,537022.5297,5100411.431,0.0521316833496094,0.116942578125,0.1359019775,147.9178787,179.8850273,774,5.611111111,47700,-0.052764893,0.526794553,0.128712878,4.683168411
4968024,2022,deep_water,random_draw,0,537040.1457,5100173.256,0.0352181091308594,0.0515976379394531,0.01047401733,37.2878329,16.55963666,1143,7.326923077,47700,0.145690918,1,0.968996048,2.212598324
4968518,2022,deep_water,random_draw,0,537129.7075,5100440.604,0.0610754699707031,0.123701892089844,0.1108641479,99.04468794,54.75503838,144,5.888888889,47700,-0.077606201,0.018296169,0,5
4969837,2022,dry,annotated,0,537343.5508,5100238.398,0.0812152526855469,0.174586437988281,0.03639152832,142.1040138,118.3843943,252,3.847826087,10800,-0.365203857,0,0,5
4975103,2022,em_veg,annotated,0,538175.85,5099972.636,0.0551764282226562,0.0740435729980469,0.1518164368,139.2106873,113.9824619,738,7.777777778,10800,0.271362305,0.326625735,0.022527473,5
4975333,2022,dry,annotated,0,538211.8828,5100020.438,0.0635328125,0.142221875,0.0981203125,171.6361543,15.19568932,1080,4.682926829,10800,-0.300354004,0.010245601,0.048076924,5
4976555,2022,dry,annotated,0,538376.0926,5099877.389,0.0691691345214844,0.125388891601562,0.1504506287,106.6071181,50.46167599,486,4.673076923,13500,-0.042480469,0.079412743,0,5
4979325,2022,co_precise,annotated,1,538803.5786,5100027.986,0.0787907165527344,0.126407141113281,0.1293578552,150.5846198,35.6132137,900,6.176470588,4500,-0.023193359,0.061160713,0,5
4979112,2022,dry,annotated,0,538776.335,5100052.733,0.0814271850585938,0.1398330078125,0.1494592163,164.4258503,46.0328453,468,5.517857143,4500,0.136932373,0.163404316,0,5
4979539,2022,dry,annotated,0,538831.0769,5100013.385,0.0985910278320312,0.196067944335937,0.07115769043,158.9316111,45.42301938,243,3.774193548,4500,-0.362701416,0.001098901,0,5
4984626,2022,dry,annotated,0,539667.2664,5099568.519,0.0856962646484375,0.280414013671875,0.06251027832,186.06678,1.952905973,468,5.732142857,225900,-0.747375488,0.015620289,0,5
4986283,2022,deep_water,random_draw,0,539967.6618,5100375.75,0.0582588256835938,0.145410290527344,0.1099794067,166.2365245,96.10189328,216,3.290322581,18000,-0.136779785,0.380052865,0,4.647058964
4986741,2022,deep_water,random_draw,0,540034.9918,5100284.828,0.0443590148925781,0.101229510498047,0.0698704895,89.8658275,443.9503924,387,3.388888889,18000,-0.033874512,0.72623384,0.433975875,3.573770523
4986978,2022,deep_water,random_draw,0,540065.25,5100378.781,0.034090625,0.0659697937011719,0.0610781189,51.7266419,669.6217429,801,5.538461538,18000,0.027923584,0.825810194,0.484203309,3.90625
4987428,2022,deep_water,random_draw,0,540125.1353,5100291.865,0.0416188232421875,0.0778400024414063,0.04918823853,34.84371917,221.4451328,351,5.1,18000,0.020721436,0.729087174,0.337815136,3.4000000950000002
4986499,2022,shallow_viz,annotated,1,540003.1071,5099747.786,0.0582185729980469,0.081755712890625,0.1955364258,167.2327054,41.40924838,774,7.24137931,10800,0.109710693,0.171078444,0.006190476,5
4986898,2022,shallow_viz,annotated,1,540065.1106,5099754.836,0.0475849548339844,0.0723123901367188,0.2394008942,182.7945698,10.86182965,1017,6.519230769,10800,-0.004211426,0.245030999,0,5.000000477
4987311,2022,dry,annotated,0,540123.7901,5099739.515,0.0867969482421875,0.16402060546875,0.009269470215,79.44431282,25.34080047,288,5.458333333,10800,-0.427398682,0.012065994,0,5
4988958,2022,dry,annotated,0,540362.5286,5100181.186,0.0802771423339844,0.25375048828125,0.02515998535,167.7604961,111.2126466,207,5.431034483,31500,-1.310882568,0.167137742,0.078231297,4.447618961
4990034,2022,dry,annotated,0,540511.8889,5100257.944,0.0910833312988281,0.183238891601563,0.04279259033,138.6896314,137.2950129,198,2.454545455,31500,-0.658203125,0.376003087,0.360961884,4.388888836
4995008,2022,dry,annotated,0,541110.3293,5099173.5,0.077951220703125,0.183240246582031,0.08642927246,122.5224431,83.734277,297,4.555555556,82800,-0.513458252,0.061214738,0,5
4995289,2022,dry,annotated,0,541151.9831,5099261.444,0.0749797729492187,0.213341577148437,0.1089775269,151.8606753,101.0558165,153,4.603448276,82800,-0.282745361,0.141663641,0,4.876404285
4995579,2022,dry,annotated,0,541199.2429,5099400.243,0.101134283447266,0.210746655273437,0.05971903076,117.7388516,82.61127586,216,5.25,82800,-0.6121521,0.006722689,0,5
4997256,2022,shallow_viz,annotated,1,541382.3614,5098635.134,0.0818544555664062,0.115832678222656,0.2302594147,174.8659326,20.03785076,909,6.586956522,8100,0.014160156,0.092409238,0,5
4997759,2022,shallow_viz,annotated,1,541425.867,5098578.784,0.07909541015625,0.119119262695313,0.2209697296,170.1736514,9.840972902,855,6.8125,8100,0.101013184,0.258404851,0,5
5000739,2022,shallow_viz,annotated,1,541808.6351,5098490.473,0.0362045043945313,0.0855045043945312,0.2396792847,168.3250047,27.81290368,945,6.66,136800,0.021453857,0.082479656,0,5
5002032,2022,shallow_viz,annotated,1,541958.8107,5098514.782,0.0310640777587891,0.0824077697753906,0.170831073,167.0710106,15.64769,927,7.022727273,136800,-0.020874023,0.146814778,0,5
5001515,2022,dry,annotated,0,541903.2068,5098670.56,0.0764451110839844,0.212165405273437,0.06409549561,179.8178798,28.78004558,126,6.879310345,136800,-0.392700195,0.00587406,0,5
5001516,2022,dry,annotated,0,541895.0893,5098551.536,0.0534767883300781,0.161719641113281,0.1706750122,167.7485557,52.32469912,207,3.230769231,136800,-0.135070801,0.025669644,0,5
5002101,2022,dry,annotated,0,541989.4375,5098460.156,0.0698802062988281,0.180322912597656,0.1027583374,171.0236283,29.5989234,144,4.965517241,136800,-0.35446167,0.032930106,0,5
4998972,2022,shallow_viz,annotated,1,541595.5909,5096960.621,0.0398585845947266,0.136391918945312,0.2474535278,184.3866648,0.635381996,891,5.711538462,7200,0.094085693,0.028246481,0,5
4998792,2022,dry,annotated,0,541572.2813,5096991.141,0.0597515625,0.2507046875,0.17036875,182.3891128,0.879976375,405,3.84,7200,-0.132202148,0,0,5
4998928,2022,dry,annotated,0,541595.4813,5096907.182,0.0674271057128906,0.31024765625,0.1115233521,187.5297948,1.160200253,270,6.42,7200,-0.700958252,0,0,5
4995354,2022,dry,annotated,0,541152.3235,5097101.206,0.0489450988769531,0.165662744140625,0.1126686157,176.7787381,14.33317212,459,4.026315789,56700,-0.143798828,0.115232304,0,5
4995560,2022,dry,annotated,0,541178.4286,5096856.321,0.0516952392578125,0.145397619628906,0.06607501221,164.9579564,91.38840511,387,4.5,56700,-0.096832275,0.057051528,0,5
4995636,2022,terrain,annotated,0,541204.8696,5096861.5,0.0317811584472656,0.0690760864257813,0.05624202881,151.3090484,200.7599109,1008,7.666666667,56700,0.06552124,0.192536995,0.041666668,5
4996290,2022,deep_viz,annotated,0,541272.1337,5096934.104,0.0344504943847656,0.0900039611816406,0.1024445496,169.0164834,47.69561052,909,6.586956522,56700,0.065643311,0.233642414,0.024371671,5
4996300,2022,dry,annotated,0,541268.4661,5097052.195,0.0513593200683594,0.157201696777344,0.142286438,181.1487507,4.300394799,531,3.54,56700,-0.086303711,0.031477001,0,5
4996433,2022,terrain,annotated,0,541299.108,5096855.388,0.0346335998535156,0.0739583984375,0.06246240234,166.7235293,39.6561302,720,7.211538462,56700,0.063995361,0.208888888,0,5
4997328,2022,deep_viz,annotated,0,541385.9087,5096927.387,0.0274547821044922,0.0676147827148438,0.09453391113,150.3133382,113.1110461,1035,6.9,56700,0.065643311,0.403430283,0.065456286,5
4995400,2022,em_veg,annotated,0,541171.903,5096659.455,0.0539671630859375,0.128937316894531,0.07736790771,147.8919848,40.46900645,108,7.730769231,74700,-0.186859131,0.089137644,0,5
4996668,2022,dry,annotated,0,541320.6203,5096626.162,0.0799,0.174542858886719,0.09421881104,171.432339,15.94979626,1197,6.65,74700,0.007324219,0.223278731,0.004511278,5
4996933,2022,dry,annotated,0,541350.0963,5096711.739,0.0790972473144531,0.169939453125,0.1012669556,172.2423944,9.779096715,981,6.288461538,74700,0.007324219,0.045688599,0.002293578,5
4997866,2022,em_veg,annotated,0,541437.6585,5096754.841,0.0546402465820313,0.119826831054687,0.1060573242,163.0065669,22.95680976,486,4.392857143,74700,-0.003143311,0.246247664,0,5
4997962,2022,em_veg,annotated,0,541447.5,5096568.803,0.0670565673828125,0.163319189453125,0.03733939209,173.930046,19.01319663,108,4.95,74700,-0.028533936,0.009181096,0,5
4998643,2022,dry,annotated,0,541567.407,5096781.36,0.103176745605469,0.279846508789062,0.01343022461,178.7880325,10.83514856,144,4.206521739,8100,-0.244567871,0.004001,0,5
4999357,2022,shallow_viz,annotated,1,541643.6887,5096210.377,0.0263301879882812,0.107375476074219,0.1999999878,172.5111752,4.161035078,954,6.625,14400,0.057098389,0.029411767,0,5
4999489,2022,shallow_viz,annotated,1,541659.0508,5096268.254,0.0284686431884766,0.105753393554688,0.1960254272,171.6503436,4.436137373,909,6.321428571,14400,0.039093018,0.025348198,0,5
4999299,2022,dry,annotated,0,541621.9138,5096199.517,0.0531379333496094,0.271801733398437,0.1294207031,182.2620984,2.657172783,342,4.142857143,14400,-0.15737915,0.019269777,0,5
4999373,2022,dry,annotated,0,541649.7333,5096146.9,0.0645288879394531,0.29362333984375,0.1126777832,183.8242483,1.737474492,441,5.4,14400,-0.187133789,9.8e-4,0,5
5000012,2022,dry,annotated,0,541718.8107,5096241.218,0.0570038818359375,0.249027172851563,0.09598931885,182.4552411,1.811334389,774,5.942307692,14400,-0.15625,0.004283267,0,5
4984814,2022,shallow_viz,annotated,1,539699.4661,5095004.949,0.0522101684570312,0.0988627136230469,0.2506355957,180.8617502,10.49014783,531,6.103448276,13500,-0.033630371,0.080373041,0,5
4984910,2022,shallow_viz,annotated,1,539708.9,5094950.671,0.0680580932617187,0.0810228576660156,0.2542476196,102.5629421,40.52403086,945,6.847826087,13500,0.125823975,0.171717852,0,5
4984603,2022,dry,annotated,0,539666.7541,5094981.246,0.0801598388671875,0.171814758300781,0.1394368774,179.8286362,5.52388642,279,6.310344828,13500,-0.332397461,0.036299765,0,5
4985046,2022,dry,annotated,0,539742.9526,5094890.967,0.0645233581542969,0.173397082519531,0.07534525146,167.7842064,113.6681356,252,6.421875,13500,-0.31842041,0.051267698,0,5
4982665,2022,shallow_viz,annotated,1,539347.1547,5090601.874,0.0423330932617188,0.1077705078125,0.1596374023,163.2098936,4.880143529,1170,7.722222222,9000,0.035369873,0.069275618,0,5
4983287,2022,shallow_viz,annotated,1,539449.2368,5090467.658,0.0528,0.105135083007813,0.1095883057,169.2440794,11.56791755,864,8.55,9000,0.037811279,0.020792723,0,5
4982620,2022,dry,annotated,0,539336.3625,5090549.1,0.0877849975585937,0.185784997558594,0.04048875732,176.6743951,36.59534645,144,4.285714286,9000,-0.195861816,0.007142857,0,5
4982802,2022,dry,annotated,0,539377.4767,5090634.221,0.0919240295410156,0.189152709960937,0.05217287598,174.9714277,33.50821106,144,5.22972973,9000,-0.147857666,0.01258258,0,5
4983100,2022,dry,annotated,0,539415.5727,5090573.7,0.0928763610839844,0.187970910644531,0.04302727051,181.842097,11.89036521,468,3.4375,9000,-0.127807617,0.004713804,0,5
5331219,2022,em_veg,annotated,0,538149.7105,5089369.322,0.0388585540771484,0.094148681640625,0.06853157959,79.31079667,515.9499075,792,7.862068966,900,0.012359619,0.264185846,0,4.421052456
5338439,2022,dry,annotated,0,539036.4194,5086482.29,0.0627362915039062,0.32359677734375,0.0766387207,166.8350355,30.77147875,414,6.642857143,35100,-0.614135742,0,0,5
5338924,2022,em_veg,annotated,0,539106.7788,5086540.99,0.0537326904296875,0.140263464355469,0.1032990356,157.8059921,27.57791697,675,7.090909091,35100,-0.053070068,0.247771978,0,5
5339425,2022,em_veg,annotated,0,539174.5,5086478.132,0.0503728057861328,0.141264916992187,0.0888675293,153.9990285,32.97098618,1026,6.333333333,35100,0.036682129,0.083234079,0,5
5339769,2022,dry,annotated,0,539223.18,5086447.86,0.0664640014648438,0.203105004882812,0.0387869873,150.2219656,64.58581993,333,6.25,35100,-0.165710449,0.028000001,0,5
5341051,2022,dry,annotated,0,539385.4068,5083928.593,0.0810847473144531,0.163331359863281,0.02984067383,116.5666664,128.1029441,153,6.807692308,24300,-0.210418701,0.008347002,0.007909605,5
5335609,2022,dry,annotated,0,538686.4655,5082248.793,0.0696879333496094,0.214317236328125,0.04873103027,174.3781255,8.677381025,468,3.782608696,67500,-0.044036865,0.058650166,0,5
5337059,2022,dry,annotated,0,538853.5696,5082375.613,0.0613373901367188,0.225319995117188,0.04247564697,109.6586621,56.19930981,684,6.388888889,67500,-0.260803223,0.0017991,0.00326087,5
5337594,2022,dry,annotated,0,538916.1579,5082232.342,0.0850140380859375,0.243792993164062,0.05630703125,181.1402103,6.210442323,180,6.576923077,67500,-0.224639893,0.037426904,0,5
5338715,2022,terrain,annotated,0,539072.8012,5082131.331,0.0526433715820313,0.127414453125,0.1520566162,112.5212359,60.56761596,477,5.413043478,14400,-0.014862061,0.028274387,0.053153794,5
5339103,2022,dry,annotated,0,539136.0688,5082165.674,0.0628018371582031,0.138664221191406,0.08917523193,32.73838428,55.97445792,252,6.54,14400,-0.074676514,0.009174312,0,5
5337602,2022,dry,annotated,0,538903.0636,5081893.609,0.0865345458984375,0.272803637695313,0.08184362793,185.0418704,0.745115914,495,4.125,10800,-0.128265381,0.003519061,0,5
5337829,2022,dry,annotated,0,538938.852,5081943.012,0.0589440002441406,0.1726,0.1309840088,182.0664067,1.113717306,1035,5.357142857,10800,0.040496826,0.029290324,0,5
5338044,2022,dry,annotated,0,538963.3636,5081871.773,0.0596878784179687,0.1644939453125,0.1367924316,182.612809,1.279043912,495,3.09375,10800,0.042236328,0.033733651,0,5
5338085,2022,dry,annotated,0,538975.1379,5081345.328,0.106886206054688,0.216663793945312,0.161822406,126.9150088,27.64023238,243,4.35,2700,0,0.04593993,0,5
5340497,2022,dry,annotated,0,539315.4184,5081265.337,0.104958166503906,0.208343872070312,0.03656326904,172.8328511,46.04161634,288,3.585365854,9900,-0.097015381,0.002232143,0,5
5339933,2022,dry,annotated,0,539230.5882,5080993.5,0.0683147033691406,0.143820593261719,0.05480881348,178.7548829,41.42780793,306,3.642857143,40500,0.002166748,0.100000001,0.0625,5
5337614,2022,glint,annotated,0,538926.9706,5080850.441,0.0610647033691406,0.0981215698242188,0.1442137329,141.6118306,35.99875462,279,2.833333333,9000,-0.006256104,0.061484594,0,5
5338109,2022,dry,annotated,0,538989.5313,5080939.844,0.0945916687011719,0.217886450195312,0.0353416626,165.0108871,91.62462985,207,4.965517241,9000,-0.176269531,0,0,5
5348432,2022,deep_water,random_draw,0,540399.181,5080959.879,0.0602741394042969,0.123936206054687,0.06975603027,165.7815774,162.2971796,900,5.4375,9000,0.013702393,0.163348153,0,5
5355835,2022,deep_water,random_draw,0,541408.3065,5080930.339,0.0752322570800781,0.177050537109375,0.0598666748,175.6561795,9.12909453,837,4.982142857,18900,0.026397705,0.171484172,0.064516127,5
5357075,2022,deep_water,random_draw,0,541542.2273,5080913.5,0.0501916656494141,0.113680297851563,0.1041416748,167.63312,70.91310686,837,6.6,18900,0.049468994,0.161130533,0.024475524,5
5356365,2022,dry,annotated,0,541473.8115,5080744.5,0.0988590148925781,0.194290161132812,0.05464916992,178.4034312,94.07613609,153,2.541666667,13500,-0.238830566,0.002644103,0,5
5366835,2022,dry,annotated,0,542600.2753,5081063.68,0.0901876403808594,0.189780895996094,0.01792247314,180.8563602,70.2657872,333,6.068181818,82800,-0.843902588,0.027183762,0,5
5367056,2022,dry,annotated,0,542619.6,5080994.15,0.0670349975585938,0.158234997558594,0.02350500488,158.9748364,236.1245059,540,3.913043478,82800,-0.807556152,0.48379308,0.246875003,4.25
5361764,2022,deep_water,random_draw,0,542016.2647,5079251.647,0.0614911743164063,0.15832646484375,0.1043853027,91.18595054,24.42900634,180,2.04,9900,0,0.035650626,0,5
5362601,2022,deep_water,random_draw,0,542107.9722,5079308.111,0.074225,0.188070373535156,0.04743519287,102.1380792,22.80533184,243,6.75,9900,-3.05e-5,0.092333727,0,5
5359345,2022,deep_water,random_draw,0,541773.3511,5078800.5,0.0602106384277344,0.10744893798828099,0.01601063843,51.08900007,182.74893,423,4.147058824,96300,0.148162842,0.95161545299999994,1,2.617021322
5360021,2022,deep_water,random_draw,0,541836.4688,5078713.094,0.0782739562988281,0.314930200195312,0.088340625,77.8854177,4.262316489,162,5.333333333,96300,-3.086425781,0.117187507,0.013392858,4.8125
5365580,2022,dry,annotated,0,542471.9118,5078325.559,0.0738176452636719,0.169962097167969,0.1135470581,87.33884321,22.7802396,342,7.403225806,11700,0.003143311,0.023897059,0,5
5364720,2022,deep_water,random_draw,0,542354.8864,5077664.455,0.0432113647460938,0.100743182373047,0.1361265198,79.38121618,102.4258725,945,6.827586207,6300,0,0.191498533,0.113636367,4.280303001
5378199,2022,em_veg,annotated,0,544142.8981,5075717.782,0.058774755859375,0.143390295410156,0.09811844482,114.363616,20.04622491,315,4.681818182,11700,-0.075836182,0,0,5
5377085,2022,dry,annotated,0,543957.0254,5070291.585,0.093764404296875,0.207591528320312,0.01942712402,109.1195258,41.78085009,117,2.602941176,1800,-0.114807129,0.006480558,0.014689266,5
5377628,2022,shallow_viz,annotated,1,544053.3571,5069837.738,0.0580238098144531,0.11913095703125,0.1462301514,131.6627472,34.24407009,558,7.269230769,7200,0.004211426,0.083566763,0,5
5377848,2022,shallow_viz,annotated,1,544086.2466,5069786.651,0.0606383544921875,0.078075341796875,0.1788787598,84.7540194,18.08775167,1314,7.551724138,7200,0.004211426,0.238517329,0,5
5377451,2022,dry,annotated,0,544017.6196,5069790.815,0.120455432128906,0.262314135742187,0.04052282715,126.1108799,11.2242166,126,5.111111111,7200,-0.130493164,0.004475703,0,5
5378215,2022,dry,annotated,0,544145.3721,5069769.07,0.10423720703125,0.23408603515625,0.05941279297,118.7316709,26.93897559,162,4.3,7200,-0.37689209,0.018467855,0,5
5377942,2022,deep_water,random_draw,0,544088.0182,5069332.255,0.0664236389160156,0.159046362304687,0.1466572754,105.5773767,22.66319238,549,5.15625,23400,-0.075317383,0.152640387,0,5
5378180,2022,deep_water,random_draw,0,544125.6176,5069229.662,0.0566691162109375,0.131827941894531,0.1561808716,93.52344558,47.7719787,540,3.777777778,23400,5.49e-4,0.246212125,0,5
5378886,2022,deep_water,random_draw,0,544262.3438,5069266.828,0.064221875,0.16855,0.099371875,105.2020478,50.378211,522,3.692307692,23400,-0.024780273,0.217803046,0,4.96875
5378913,2022,deep_water,random_draw,0,544265.6429,5069156.757,0.0906238098144531,0.287527612304687,0.05233903809,79.96940139,12.44560313,117,6.057692308,23400,0.037139893,0.012044818,0,5
5377788,2022,deep_water,random_draw,0,544079.532,5072131.884,0.0483880004882812,0.112952001953125,0.1169295898,114.848298,74.31754707,279,6.25,900,0.04095459,0.008266667,0.030999999,5
5376999,2022,em_veg,annotated,0,543938.9118,5068810.954,0.0466890747070313,0.10949580078125,0.1429327637,77.07003472,42.42500731,864,7.14,138600,7.93e-4,0.39999032,0.063305326,4.857142925
5377094,2022,dry,annotated,0,543962.4375,5068907.906,0.059221875,0.19575859375,0.1033484375,85.29410633,13.90774109,1134,7.111111111,138600,7.93e-4,0.228385419,0,5
5377352,2022,deep_viz,annotated,0,543995.9194,5068606.306,0.0308215057373047,0.0386225799560547,0.003230108643,20.60772366,15.75208804,837,6.642857143,138600,7.93e-4,0.976269841,0.866666615,3
5377523,2022,deep_viz,annotated,0,544026.0588,5068452.029,0.0284392150878906,0.0421401947021484,0.06618823547,74.87592433,37.2390294,918,6.954545455,138600,7.93e-4,0.745979846,0.219887957,4.107842922
5377629,2022,dry,annotated,0,544057.2907,5068330.814,0.0579883728027344,0.164870935058594,0.1125476685,80.7340632,24.02536849,774,4.777777778,138600,7.93e-4,0.310390115,0,5
5377752,2022,deep_viz,annotated,0,544058.896,5068752.163,0.0292891082763672,0.0414584167480469,0.04304554443,45.57202358,49.11090719,909,7.214285714,138600,7.93e-4,0.738135874,0.344957054,4.712871075
5378070,2022,dry,annotated,0,544119.8739,5068421.048,0.0689852172851562,0.188919128417969,0.07946695557,93.98291876,30.37603291,963,5.390625,138600,7.93e-4,0.229072288,0,5
5378108,2022,em_veg,annotated,0,544118.3911,5068841.391,0.0485049499511719,0.109319799804688,0.1540762451,72.150818,13.55427502,909,6.3125,138600,7.93e-4,0.39649871,0.015228666,4.782178402
5378365,2022,em_veg,annotated,0,544157.04,5068572.69,0.0590619995117187,0.157118994140625,0.1458060059,89.693799189999993,38.46101816,900,5,138600,7.93e-4,0.305806458,0,5
5375367,2022,glint,annotated,0,543730.2966,5068135.042,0.233061010742187,0.381598315429687,0.2400084839,69.73782651,16.26846514,144,5.205882353,96300,-0.160522461,0.010430248,0,5
5375480,2022,dry,annotated,0,543753.09,5068251.57,0.0786159973144531,0.246221997070313,0.04992700195,87.11414403,17.17284862,891,4.545454545,96300,0.016204834,0.142514288,0.017647058,5
5375624,2022,dry,annotated,0,543764.7198,5068035.445,0.0674142883300781,0.192252746582031,0.107981311,99.80267793,45.43959431,756,4.706896552,96300,-0.001831055,0.070511319,0.001569859,5
5376301,2022,deep_viz,annotated,0,543842.8902,5068514.256,0.0331203247070313,0.0409439025878906,0.009188616943,18.73783638,11.02206483,1107,7.6875,96300,0.016204834,1,0.997677147,3
5376302,2022,deep_viz,annotated,0,543845.6484,5068420.031,0.0361625,0.0410546875,0.00123359375,21.11085405,1.134864398,1152,7.68,96300,0.016204834,1,1,1
5376332,2022,deep_viz,annotated,0,543846.324,5068333.284,0.0315152008056641,0.0408007995605469,0.01221279907,22.59007229,13.35679556,1125,7.5,96300,0.016204834,0.980219841,0.885219097,1.832000017
5376451,2022,glint,annotated,0,543851.3571,5068264.929,0.183059997558594,0.30498857421875,0.1358314331,80.28251626,35.68920148,225,3.28125,96300,-0.090423584,0.486772507,0.044642858,5
5376619,2022,dry,annotated,0,543873.537,5068731.833,0.0641716064453125,0.226237036132813,0.07843581543,82.43937298,84.11926387,549,3.796875,96300,0.016204834,0.267808318,0,4.950617313
5376697,2022,em_veg,annotated,0,543890.4866,5068784.889,0.0510691284179687,0.145141613769531,0.1293234985,82.27650565,96.04830422,936,7.706896552,96300,0.016204834,0.344540685,0,4.986577034
5374086,2022,deep_water,random_draw,0,543578.0143,5067764.729,0.0456323822021484,0.116419995117187,0.1860142822,89.13483431,92.74272136,729,6.5625,180000,0.013427734,0.192161188,0,5
5374140,2022,deep_water,random_draw,0,543579.5137,5067906.966,0.0457109588623047,0.1180986328125,0.148423291,89.25585341,171.2494457,648,6.083333333,180000,-0.108276367,0.276418775,0,5
5374671,2022,deep_water,random_draw,0,543662.8558,5067824.971,0.0279461547851562,0.0424038452148437,0.01531923218,15.9247576,11.16950803,936,6.5,180000,0.013397217,0.972920597,0.727335215,1.875
5374755,2022,deep_water,random_draw,0,543669.0517,5067642.879,0.0265163787841797,0.0405008605957031,0.01696379395,14.04760276,8.286236566,1044,7.565217391,180000,0.013397217,0.864707649,0.547082245,3.060344934
5374758,2022,deep_water,random_draw,0,543665.6495,5067431.846,0.0343570098876953,0.0691943908691406,0.1436476746,39.54389923,35.50547801,963,7.295454545,180000,0.013397217,0.861967742,0.056074768,3.345794439
5375285,2022,deep_water,random_draw,0,543726.7105,5067731.605,0.0283231567382813,0.0376347381591797,0.00246842041,10.01379944,0.010213216,855,7.125,180000,0.013397217,0.929351151,0.988663971,2.473684311
5376168,2022,deep_water,random_draw,0,543820.77,5067553.08,0.0404070007324219,0.0883299987792969,0.1496169983,72.90654948,49.73453898,900,6.52173913,180000,0.013397217,0.703404546,0.008333334,4.099999905
5376336,2022,deep_water,random_draw,0,543846.7615,5067896.4,0.0379115386962891,0.08209384765625,0.1019838501,77.15120269,135.895274,684,7.222222222,180000,0.005706787,0.446449727,0.117032968,4.461538315
5376410,2022,deep_water,random_draw,0,543849.1923,5067432.244,0.0344427337646484,0.0730453002929688,0.09933248291,26.86808839,16.48255594,1053,7.3125,180000,0.013397217,0.985042751,0.122953266,3.119658232
5376822,2022,deep_water,random_draw,0,543909.3409,5067636.136,0.0515159118652344,0.142072729492187,0.1690022705,86.61720576,79.3285491,171,5.076923077,180000,0.001922607,0.245545998,0,5
5370990,2022,dry,annotated,0,543124.9211,5067827.658,0.0690473693847656,0.253533325195313,0.01807895508,91.15469298,45.86174986,441,7.125,9900,-0.29510498,0.176372692,0,5
5366259,2022,deep_water,random_draw,0,542526.2143,5067704.571,0.022726530456543,0.0536316345214844,0.2398540833,95.69543944,33.47345523,882,6.391304348,157500,0.438903809,0.353336871,0.048299324,5
5366875,2022,deep_water,random_draw,0,542608.9286,5067849,0.0514392883300781,0.186203576660156,0.1342053589,102.6605666,28.73734101,288,3.652173913,157500,0.032684326,0.101615652,0,5
5367258,2022,deep_water,random_draw,0,542649.1389,5067764.056,0.0314907409667969,0.0706037048339844,0.1986416565,82.459696,146.541464,972,7.363636364,157500,0.034484863,0.446117073,0.18109569,4.064815044
5368039,2022,deep_water,random_draw,0,542738.0357,5067646.232,0.0780651794433594,0.275127685546875,0.00353659668,82.39103618,6.636332502,108,6.222222222,157500,-0.634674072,0.021859607,0,5
5368573,2022,deep_water,random_draw,0,542804.9681,5067791.33,0.05334326171875,0.119967370605469,0.3074588501,117.0825239,14.35064304,1269,7.553571429,157500,-0.128356934,0.174641579,0,5
5369138,2022,deep_water,random_draw,0,542886.6099,5067642.346,0.069310986328125,0.279120874023437,0.01532416992,91.13203985,17.50564074,792,6.5,157500,-0.361938477,0.031950846,0,5
5369252,2022,deep_water,random_draw,0,542910.0758,5067879.379,0.0340828277587891,0.0762656555175781,0.293170697,88.35940596,29.47657899,891,6.1875,157500,-0.020202637,0.234929934,0,5
5369771,2022,deep_water,random_draw,0,542975.6724,5067608.914,0.0688390808105469,0.24721953125,0.03223564453,86.91137044,9.733275233,468,5.22,157500,-0.188934326,0.097964555,0,5
5370293,2022,deep_water,random_draw,0,543042.5164,5067517.672,0.0582901611328125,0.191305737304688,0.08938115234,89.91688352,9.048690448,801,6.310344828,157500,0.183319092,0.064283632,0,5
5370554,2022,deep_water,random_draw,0,543067.0979,5067702.974,0.0651051574707031,0.336468041992187,0.0678340332,91.09822011,3.752842228,216,5.82,157500,-0.858306885,0.008376288,0,5
5361487,2022,glint,annotated,0,542000.0769,5067437.808,0.177362817382813,0.252083325195313,0.105553833,52.78544571,3.184052811,117,4.178571429,23400,-0.109893799,0.019607842,0,5
5361847,2022,dry,annotated,0,542025.4143,5067173.9,0.0988342834472656,0.203405712890625,0.0543352417,56.47318514,14.51346087,252,5.080645161,23400,-0.189361572,0.049588319,0,5
5361945,2022,glint,annotated,0,542036.2647,5067378.912,0.0662480407714844,0.127977453613281,0.1157303833,69.6218938,12.20722275,270,5.666666667,23400,-0.061401367,0.053204812,0,5
5365287,2022,glint,annotated,0,542418.694,5067188.53,0.216888061523438,0.300470141601562,0.03745224609,108.7910217,11.42561139,1206,6.7,27000,-0.016723633,0.103624105,0,5
5366066,2022,dry,annotated,0,542502.9353,5067299.241,0.0896447082519531,0.293841186523437,0.01130825195,96.34223379,8.935781265,423,4.25,27000,-0.35144043,0.061029412,0,5
5363831,2022,dry,annotated,0,542254.9444,5065991.778,0.0617861083984375,0.132914819335937,0.1024009277,101.7387363,11.62113623,657,6,18900,-0.085144043,0.057790548,0,5
5364392,2022,dry,annotated,0,542314.1374,5065783.929,0.0857197814941406,0.192407690429688,0.06712966309,107.9622525,17.19558272,243,5.25,18900,-0.175140381,0.061462678,0,5
5361379,2022,dry,annotated,0,541988.3203,5065600.922,0.0791890625,0.21436796875,0.070578125,97.54516626,11.36976357,1152,6.620689655,132300,-0.359527588,0.055245537,0.009722223,5
5361701,2022,dry,annotated,0,542009.6835,5065483.885,0.0748899108886719,0.25906513671875,0.03790366211,98.42906233,20.64014622,495,5.839285714,132300,-0.319152832,0.042708006,0.001529052,5
5363276,2022,dry,annotated,0,542195.2556,5065305.744,0.0750637023925781,0.238137036132813,0.05368518066,94.05546401,22.36890326,144,7.232142857,132300,-0.245910645,0.065933831,0,5
5361117,2022,deep_water,random_draw,0,541954.9375,5064999.313,0.07075,0.214572924804688,0.0886,102.743006,37.4609931,279,2.769230769,38700,-0.093780518,0.11755953,0,5
5361170,2022,deep_water,random_draw,0,541953.0652,5065119.509,0.037740869140625,0.104295654296875,0.1569521729,91.24401977,51.79575128,981,6.634615385,38700,-0.169433594,0.229813665,0,5
5362239,2022,deep_water,random_draw,0,542072.2808,5065064.075,0.0533164367675781,0.160858898925781,0.1710780884,105.5484874,16.78114878,261,4.977272727,38700,0.190979004,0.049902156,0,5
5362770,2022,deep_water,random_draw,0,542129.1429,5065144.821,0.0595375,0.151654467773437,0.1758098145,91.19391521,15.8563414,1008,6.461538462,38700,0.246948242,0.137073368,0,5
5364074,2022,deep_water,random_draw,0,542277.8023,5065215.826,0.0481891479492187,0.1551248046875,0.1420403076,114.9239103,22.62951803,630,6.910714286,38700,0.048034668,0.053839058,0,5
5364231,2022,shallow_viz,annotated,1,542291.8947,5064757.684,0.0486543853759766,0.113864038085937,0.2236394836,100.7303552,22.87352743,1026,7.125,8100,0.086456299,0.207263857,0,5
5363484,2022,dry,annotated,0,542222.0795,5064721.364,0.0695125,0.222352270507813,0.08414887695,114.7010654,23.02338416,234,4.125,8100,-0.266601563,0.090778477,0,5
5363626,2022,dry,annotated,0,542225.25,5064793.031,0.0641671875,0.22218125,0.096425,114.2797431,17.21299316,423,3.310344828,8100,-0.193267822,0.099335492,0,5
5364193,2022,dry,annotated,0,542290.0541,5064822.345,0.0801614868164063,0.320844604492187,0.05777028809,94.33970132,9.686704174,207,7.4,8100,-0.779602051,0.048708193,0,5
5365384,2022,dry,annotated,0,542440.7353,5064544.971,0.0762385620117187,0.345580395507812,0.1309111084,112.1887202,47.1660326,162,6.954545455,13500,-0.383026123,0.024201291,0,5
5365547,2022,dry,annotated,0,542446.9592,5062704.306,0.0862683654785156,0.20152958984375,0.06430715332,114.9151193,42.35559555,882,7,21600,-0.106628418,0.099257886,0,5
5365677,2022,dry,annotated,0,542459.7,5062857.1,0.086795556640625,0.183080004882813,0.08711109619,84.38923014,11.7422777,216,2.8125,21600,-0.250061035,0.047394957,0,5
5365763,2022,dry,annotated,0,542478.7446,5062641.076,0.113986328125,0.230628784179687,0.01893669434,112.8074517,40.20666153,207,7.189655172,21600,-0.548919678,0.00501417,0,5
5366899,2022,co_precise,annotated,1,542613.1293,5061734.845,0.0412577575683594,0.0683732788085937,0.1023784424,84.47704396,27.02104673,1044,7.25,20700,-0.072753906,0.077864289,0,5
5365955,2022,dry,annotated,0,542496.8846,5061649.244,0.0686888916015625,0.14201025390625,0.07942050781,98.91829311,33.43631328,171,6.267857143,20700,-0.337432861,0.026192445,0.009552539,5
5366483,2022,dry,annotated,0,542555.5446,5061792.134,0.0623196411132812,0.134259826660156,0.08977677002,95.67723302,29.82868968,297,6.461538462,20700,-0.466644287,0.011520737,5.58e-4,5
5367270,2022,dry,annotated,0,542646.6702,5061731.968,0.0656478698730469,0.142176599121094,0.1205893677,114.0741992,22.61262264,180,6.130434783,20700,-0.444610596,0.014413178,0,5
5366031,2022,co_precise,annotated,1,542502.9526,5061038.332,0.0435927001953125,0.0715941589355469,0.1307540222,83.15902845,18.70736325,1233,7.339285714,33300,0.071990967,0.33955735,0,5
5365734,2022,dry,annotated,0,542470.5703,5060987.367,0.124565625,0.240184375,0.07560078125,95.86684035,24.95142002,117,7.68,33300,-0.735137939,0.05671696,0,5
5366175,2022,dry,annotated,0,542522.1429,5061081.75,0.0928517883300781,0.193341076660156,0.1067946472,93.14085051,7.147975647,108,2.625,33300,-0.312011719,0.145161286,0,5
5366558,2022,dry,annotated,0,542572.5556,5060962.056,0.0885888916015625,0.180790734863281,0.1215611023,76.32520821,5.556059159,234,2.793103448,33300,-0.347198486,0.293288827,0,5
5365190,2022,em_veg,random_draw,0,542407.2188,5060047.556,0.0578712524414062,0.132238122558594,0.2203943726,93.13674939,10.49310519,1035,7.741935484,19800,-0.083831787,0.156673849,0,5
5365789,2022,em_veg,random_draw,0,542477.3523,5060139.102,0.0835386352539062,0.188809094238281,0.07192271729,76.76129678,26.40177345,153,3.771428571,19800,-0.009155273,0.094939552,0,5
5693620,2022,em_veg,random_draw,0,542559.0437,5059896.539,0.051758251953125,0.116034948730469,0.1366718384,96.10908593,68.26273211,756,6.717391304,19800,0.093688965,0.131973833,0.00554785,5
5718194,2022,em_veg,random_draw,0,542497.9101,5059987.025,0.0484575531005859,0.108502160644531,0.1716445923,87.67074202,29.86737426,1143,6.95,19800,-1.22e-4,0.230006427,0,5
5692517,2022,terrain,annotated,0,542263.3091,5056682.264,0.0684654541015625,0.28693544921875,0.0173190918,112.2624297,7.835973659,837,6.346153846,1800,0.00390625,0.014662756,0,5
5692428,2022,shallow_viz,annotated,1,542251.8889,5055630.722,0.0541228393554688,0.111747534179687,0.1149574127,109.5764233,11.47431902,1458,8.1,6300,0,0.333333343,0,5
5692274,2022,dry,annotated,0,542232.1216,5055600.77,0.101425677490234,0.2130837890625,0.114351355,81.07729735,7.846863394,207,3.827586207,6300,0,0.119932435,0,5
5692349,2022,dry,annotated,0,542233.0568,5055669.239,0.0915034118652344,0.198059094238281,0.146907959,86.9974199,6.9100421,261,4,6300,0,0.264914781,0,5
5692720,2022,dry,annotated,0,542292.3182,5055631.955,0.0862681823730469,0.190869702148437,0.1415636292,88.32201392,8.029640136,360,3.666666667,6300,0,0.34375,0,5
5688031,2022,deep_water,random_draw,0,541086.4604,5049993.312,0.0431514862060547,0.0393564361572266,0.01043366394,7.254524082,0.432195865,909,7.214285714,161100,0.586151123,1,1,1
5688093,2022,deep_water,random_draw,0,541113.4375,5050196.688,0.0775770812988281,0.2245,0.0597125,57.66945021,155.2941253,387,2.88,161100,-1.612487793,0.847598493,0.832440436,4.104166508
5688325,2022,deep_water,random_draw,0,541152.1304,5049765.457,0.0735108703613281,0.0933673889160156,0.02711956177,21.94078571,85.73694454,414,3.136363636,161100,-0.224914551,0.892874479,0.792642176,3.891304255
5688350,2022,deep_water,random_draw,0,541148.7783,5049665.752,0.0670521728515625,0.053595654296875,0.02494347839,9.990228891,2.797131102,837,6.9,161100,-3.216918945,0.886166096,0.808695734,1.695652246
5688377,2022,deep_water,random_draw,0,541146,5049872.673,0.0442336364746094,0.0416145446777344,0.01140272522,7.985506779,0.014489911,990,7.5,161100,0.586151123,1,1,1
5688430,2022,deep_water,random_draw,0,541155.3559,5050113.992,0.0440432189941406,0.0424466094970703,0.009394915771,8,0,1062,7.375,161100,0.27911377,1,1,1.025423765
5688688,2022,deep_water,random_draw,0,541204.5541,5049576.635,0.0647621643066406,0.044881982421875,0.005012612915,8.004802149,0.004670493,999,7.239130435,161100,0.631317139,0.991891921,0.994594574,1.162162185
5688832,2022,deep_water,random_draw,0,541225.5876,5049996.23,0.0468883209228516,0.0507248168945312,0.01213649597,8.157892125,0.106007168,1233,7.086206897,161100,-0.85534668,0.927007318,0.968093336,2
5689175,2022,deep_water,random_draw,0,541277.7,5049732.9,0.113031665039063,0.25854833984375,0.06782834473,78.3569762,57.02718714,108,2.5,161100,-0.175140381,0.200000003,0.185897425,4.783333302
5689414,2022,deep_water,random_draw,0,541328.772,5050166.676,0.0612,0.122533605957031,0.03348640747,26.40266695,95.29564651,432,6.465517241,161100,0.554901123,0.204120651,0.410672516,4.616000175
5690615,2022,deep_water,random_draw,0,541628.4669,5049634.351,0.0797892578125,0.295716528320312,0.05040578613,99.19383414,59.32892996,783,6.25862069,33300,-2.421234131,0,0,5
5690655,2022,deep_water,random_draw,0,541655.4818,5049454.773,0.0486081817626953,0.0901818176269531,0.02675635986,19.28238963,48.19211639,432,5.322580645,33300,0.404541016,0.513957262,0.545454562,4.090909004
5690756,2022,deep_water,random_draw,0,541708.7182,5049698.782,0.083692724609375,0.259680004882813,0.03020637207,114.3152098,43.44436158,108,5.5,33300,-0.291168213,0.143998384,0.12517482,4.890909195
5690839,2022,deep_water,random_draw,0,541749.8731,5049599.754,0.0897276123046875,0.301454467773437,0.06687536621,121.1912611,38.38503466,135,5.911764706,33300,-0.072998047,0.136644363,0.11882893,4.888059616
5690862,2022,deep_water,random_draw,0,541760.2188,5049474.094,0.134788537597656,0.206575,0.0837864624,56.69235344,76.82965907,621,4.5,33300,0.218719482,0.688802063,0.227678567,3.5625
5691110,2022,deep_water,random_draw,0,541872.8692,5049473.885,0.0390635894775391,0.0600338439941406,0.007472821045,14.30381345,8.765166208,1719,9.435483871,33300,-0.037506104,0.979133487,0.979487181,2.343589783
5689841,2022,deep_water,random_draw,0,541413.5727,5049458.782,0.0447336364746094,0.0708345458984375,0.01449272461,12.46564675,24.70673645,864,6.346153846,43200,0.816619873,0.926871955,0.937575758,2.154545546
5689961,2022,deep_water,random_draw,0,541419.3904,5049658.459,0.0571780822753906,0.0849945190429687,0.01986849365,13.52961874,27.12636411,657,3.775862069,43200,0.204803467,0.871947587,0.916666687,3
5690238,2022,deep_water,random_draw,0,541501.3868,5049782.094,0.116193395996094,0.268250952148438,0.07196416016,94.37186948,110.1831668,216,5.482758621,43200,-0.218353271,0.384175867,0.277213365,4.773584843
5690344,2022,deep_water,random_draw,0,541524.2034,5049515.746,0.0415237274169922,0.053985595703125,0.01308898621,8.057101002,0.512010598,972,7.08,43200,-3.180175781,0.968126416,0.956416488,1.915254235
5690380,2022,deep_water,random_draw,0,541532.3214,5049664.25,0.0470630950927734,0.0994452392578125,0.02975714111,22.86594212,36.18635676,459,5.727272727,43200,0.722412109,0.854454756,0.72344327,2.8571429250000002
5686585,2022,deep_water,random_draw,0,540760.2931,5048547.603,0.0751528747558594,0.261203442382813,0.05729769287,85.81232734,102.0747518,117,4.209677419,101700,-3.230377197,0.237415761,0.062021073,4.73563242
5686893,2022,deep_water,random_draw,0,540819.7844,5048669.959,0.0675715576171875,0.263823852539062,0.0680678833,121.7736292,69.1330725,468,5.839285714,101700,-0.90435791,0.018348623,0,5
5687421,2022,deep_water,random_draw,0,540948.5769,5048976.269,0.0716153869628906,0.162943591308594,0.01321538086,64.29991684,168.7700858,153,1.887096774,101700,-2.334106445,0.398897171,0.392719805,4.56410265
5687422,2022,deep_water,random_draw,0,540941.88,5048543.82,0.0787599975585938,0.300765991210938,0.05226098633,89.38484839,27.88438756,216,5.555555556,101700,-5.547210693,0.019014778,0,5
5687880,2022,deep_water,random_draw,0,541062.7195,5048585.354,0.0686910583496094,0.342933325195312,0.1560064941,98.14114217,126.451451,765,6.833333333,101700,-0.879394531,0.023519164,0.024390243,4.975609779
5688103,2022,deep_water,random_draw,0,541108.5759,5049064.196,0.0683126586914063,0.310477221679687,0.1166493774,104.9387873,264.6244761,594,4.232142857,101700,-1.201141357,0.610548556,0.603375554,4.303797245
5688283,2022,deep_water,random_draw,0,541132.5242,5048728.016,0.0728,0.315370971679687,0.09988791504,108.0499805,131.75406950000001,639,6,101700,-2.045532227,0.015232975,0,5
5688496,2022,deep_water,random_draw,0,541172.8299,5048550.974,0.0725082458496094,0.303006176757812,0.07064431152,94.57040443,107.0341969,243,5.596153846,101700,-2.503387451,0.283136964,0.139175266,4.721649647
5688926,2022,deep_water,random_draw,0,541249.5429,5048670.814,0.0823414306640625,0.28606142578125,0.06741286621,85.49989941,142.4243578,117,3,101700,-2.400939941,0.108265638,0.030952381,5
5689033,2022,deep_water,random_draw,0,541256.4906,5048792.349,0.0720386779785156,0.317569799804688,0.1179650879,107.5625118,169.4113647,360,5.129032258,101700,-1.65057373,0.24087885,0.33836481,4.622641563
5687239,2022,glint,annotated,0,540898.0658,5047595.132,0.164293420410156,0.316513159179687,0.1399092163,84.91288786,31.28534078,144,2.85,2700,-0.192108154,0.02084187,0.042105265,5
5688010,2022,dry,annotated,0,541086.7564,5045123.91,0.112727355957031,0.258067529296875,0.2414265015,57.40766821,111.3210188,1017,5.161764706,12600,0.007965088,0.547532439,0,4.615384579
5688107,2022,terrain,annotated,0,541112.6304,5045016.674,0.0678971008300781,0.160840576171875,0.1673463867,22.75926981,26.59071279,576,4.3125,12600,0.007965088,0.670289874,0.034782611,4.072463989
5688179,2022,terrain,annotated,0,541119.5083,5045076.756,0.0548371887207031,0.129251245117187,0.3508710815,29.07413433,22.41266602,1080,6.482142857,12600,0.007965088,0.844054222,0.017837467,2.214875937
5688259,2022,dry,annotated,0,541120.8474,5043124.247,0.0707305236816406,0.237330517578125,0.06852314453,107.4677905,51.21492188,855,5.7,6300,0.007629395,0.328596473,0.027067669,4.621052742
5688498,2022,terrain,annotated,0,541175.1797,5043073.219,0.02953984375,0.1061125,0.05424609375,32.15013764,71.38958134,342,6.857142857,6300,-0.0909729,0.91993767,0.342633963,3.765625
5688335,2022,deep_water,random_draw,0,541146.5493,5041610.683,0.0565359130859375,0.130064782714844,0.1416929565,94.71187137,56.15960875,990,7.344827586,25200,-0.05657959,0.426227987,0.133802816,5
5688679,2022,deep_water,random_draw,0,541199.7295,5041440.615,0.0564819702148438,0.151965576171875,0.03061967773,49.01789423,96.86415799,468,2.951612903,25200,0.063842773,0.584528685,0.027663937,4.147541046
5688972,2022,deep_water,random_draw,0,541239.9722,5041539.278,0.0336333343505859,0.0697824096679688,0.02183518066,41.73427712,85.18456147,936,6,25200,0.064575195,0.963524163,0.800793707,3.333333254
5687941,2022,dry,annotated,0,541073.0714,5040424.381,0.102302380371094,0.258026977539063,0.04791826172,87.27611038,58.57405403,153,5.727272727,35100,-0.413879395,0.407016605,0.035978839,4.5
5688188,2022,dry,annotated,0,541117.3861,5040275.411,0.0800075927734375,0.177892407226562,0.08433796387,61.01906207,86.21844799,252,4.086206897,35100,-0.354797363,0.299194485,0,4.291139126
5689132,2022,dry,annotated,0,541274.3317,5040296.035,0.0796148498535156,0.193907922363281,0.02813266602,83.07095155,29.84614198,612,5.410714286,35100,-0.40335083,0.56708312,0.052599009,4.297029495
5688299,2022,hugo_precise,annotated,1,541138.6791,5040302.418,0.03783059692382813,0.06745820922851563,0.2088992432,36.36888546,13.72217871,1206,8.04,35100,0.065307617,0.90746069,0.064832091,2.164179087
11087577,2022,deep_water,random_draw,0,569856.037,5010102.611,0.0714685180664063,0.226597534179688,0.06936975098,75.19615173,9.922671318,135,7.838709677,7200,-0.112243652,0.056122433,0.150352746,4.981481552
11087657,2022,deep_water,random_draw,0,569858.6842,5010206.763,0.0391596496582031,0.0815078918457031,0.07286052856,68.65294647,53.31623459,639,6.107142857,7200,0.04196167,0.147243112,0.170614034,4.859649181
11085306,2022,dry,annotated,0,569606.9196,5010301.259,0.0876803588867188,0.251010717773437,0.09710358887,95.24608612,2.641870975,225,4.097560976,118800,-0.23449707,0,0,5
11085841,2022,em_veg,annotated,0,569655.7857,5010425.014,0.0503752380371094,0.140775244140625,0.1454838135,90.341629029999993,27.38120651,945,5.833333333,118800,-0.183532715,0,0,5
11085913,2022,em_veg,annotated,0,569670.104,5010535.054,0.0551405944824219,0.151611877441406,0.1410168335,88.02398682,21.47093773,909,4.455882353,118800,-0.127044678,0,0,5
11086218,2022,dry,annotated,0,569707.4338,5010536.581,0.0962419128417969,0.261188232421875,0.09504484863,94.71544647,3.432508945,1224,7.285714286,118800,-0.176818848,0,0,5
11086350,2022,em_veg,annotated,0,569726.1897,5010646.224,0.0531988525390625,0.1392298828125,0.1535574707,91.42285156,8.483036041,783,5.4375,118800,-0.010925293,0,0,5
11069251,2022,shallow_viz,annotated,1,568109.2071,5009967.686,0.0322521423339844,0.06288857421875,0.1839035645,151.3249207,0.824395061,1260,8.076923077,39600,0.016601563,0.030303031,0.050000001,5
11069359,2022,shallow_viz,annotated,1,568113.1442,5009873.106,0.0348730773925781,0.081075,0.1563048096,150.9251709,0.945710778,711,6.782608696,39600,-0.029388428,0.023873681,0.03997976,5
11068685,2022,dry,annotated,0,568056.9615,5009877.385,0.0611576904296875,0.14156025390625,0.09482949219,150.5115662,0.592520237,207,5.086956522,39600,-0.099182129,0,0.006072875,5
11069175,2022,dry,annotated,0,568083.1111,5009968.167,0.0515462951660156,0.112259265136719,0.1439203735,149.1686096,0.851686478,351,3.52173913,39600,-0.079040527,0.021885522,0.036111113,5
11070761,2022,dry,annotated,0,568206.4592,5009876.388,0.0562214294433594,0.12832958984375,0.1128938721,149.2212677,0.731601238,882,5.444444444,39600,-0.106506348,0.007015306,0.004833513,5
11067939,2022,shallow_viz,annotated,1,567990.6792,5010264.396,0.0393273590087891,0.0927698120117188,0.08095943604,146.5570374,0.76795131,954,6.625,24300,0,0.030767582,0,5
11068028,2022,co_precise,annotated,1,567993.3962,5010144.028,0.035123583984375,0.0768462280273438,0.10068302,146.3752136,0.906546533,954,6.913043478,24300,0,0.050491039,0.013902681,5
11068347,2022,dry,annotated,0,568025.3889,5010266.556,0.0579648132324219,0.1354,0.1235287109,132.0431976,8.385580063,306,7.043478261,24300,-0.006134033,0.009539843,0,5
11068684,2022,dry,annotated,0,568053.8889,5010353.278,0.061625,0.147934265136719,0.1739610962,119.6923218,5.722467422,117,6.75,24300,-0.006134033,0,0,5
11048554,2022,hugo_precise,annotated,1,565583.604,5009996.772,0.0597367980957031,0.0586351989746094,0.1211216003,108.0931244,5.787228584,1125,7.5,693900,0.429992676,0.314506114,0.135578945,5
11049322,2022,dry,annotated,0,565685.2759,5009902.759,0.0697551696777344,0.137025866699219,0.03666206055,97.8243866,4.917766571,162,3.107142857,693900,-0.179962158,0.027233545,0,5
11051636,2022,dry,annotated,0,565926.0417,5009846.708,0.0593444458007812,0.114583337402344,0.0510194458,105.9211273,6.608732224,162,4,693900,-0.146820068,0.011699507,0,5
11054628,2022,dry,annotated,0,566223.119,5009897.929,0.0646396850585937,0.132068249511719,0.03717619629,111.0990067,5.776690483,351,4.725,693900,-0.202331543,0,0,5
11048451,2022,hugo_precise,annotated,1,565565.6633,5010077.296,0.0558789123535156,0.0687033996582031,0.1941136169,133.1826172,8.522992134,1206,7.603448276,33300,0.022705078,0.265980273,0.126128823,5
11049317,2022,shallow_viz,annotated,1,565685.1579,5010172.921,0.0512289489746094,0.0805850891113281,0.1750736938,146.8734741,0.532659769,1026,7.434782609,33300,0.022857666,0.108688958,0.033442982,5
11048416,2022,dry,annotated,0,565558.7561,5010153,0.067998779296875,0.137396337890625,0.0794463501,127.2067719,16.4043293,108,5.590909091,33300,-0.182037354,0.015538946,0.009146341,5
11048884,2022,dry,annotated,0,565621.9125,5010237.525,0.0619650024414063,0.131828747558594,0.07836124268,127.9431381,4.514249325,189,5,33300,-0.162384033,0.007720588,0,5
11043260,2022,dry,annotated,0,564935.1,5009841.9,0.0603552917480469,0.139192944335938,0.1411070557,144.2666779,1.317283869,387,4.722222222,28800,-0.137573242,0,0,5
11043712,2022,dry,annotated,0,564992.5465,5009940.837,0.0642976745605469,0.146469763183594,0.141509314,113.9149857,7.155576706,180,4.777777778,28800,-0.107177734,0,0,5
11044395,2022,dry,annotated,0,565078.7632,5009758.184,0.0674166687011719,0.153972802734375,0.1380561523,122.8308945,5.277335644,225,6.107142857,28800,-0.119262695,0,0,5
11038839,2022,dry,annotated,0,564422.6776,5010140.762,0.0647878479003906,0.150255139160156,0.07366634521,103.1218262,11.53413486,333,5.015625,46800,-0.069366455,0,0,5
11039969,2022,dry,annotated,0,564544.5677,5010143.718,0.0645180480957031,0.140525561523438,0.08542856445,101.5136261,11.30915833,423,7.98,46800,-0.082183838,0,0,5
11040051,2022,dry,annotated,0,564548.2059,5010237.794,0.0635729431152344,0.145401171875,0.07875529785,116.9742203,10.80943012,153,5.543478261,46800,-0.070831299,0,0,5
11032559,2022,dry,annotated,0,563740.4368,5010147.647,0.0589178955078125,0.238221044921875,0.1601505371,68.28226471,19.59476471,342,3.851351351,4500,0.034088135,0.004334365,0.004093567,5
11030929,2022,dry,annotated,0,563528.7857,5009844.357,0.0776940490722656,0.169560717773438,0.09982023926,144.2425079,1.769469261,144,4.666666667,4500,-0.122344971,0,0,5
11007987,2022,deep_water,random_draw,0,560623.7143,5010170.571,0.0764408142089844,0.219248974609375,0.1353938721,84.85169983,28.83943558,261,5.25,11700,-0.731719971,0.008454811,0,5
11008268,2022,deep_water,random_draw,0,560675.5552,5010049.355,0.082627587890625,0.310148266601562,0.08058964844,94.02279663,41.74009323,135,6.041666667,11700,-1.390686035,0,0,5
11001188,2022,hugo_precise,annotated,1,559412.599,5009969.005,0.0659,0.105418811035156,0.148901001,142.1911774,0.714918017,909,6.586956522,189900,0.201568604,0.137293726,0,5
11000773,2022,dry,annotated,0,559323.5333,5009897.933,0.0621333312988281,0.134283337402344,0.08850111084,123.1350021,8.899927139,297,6.136363636,189900,-0.228790283,5.85e-4,0,5
11000987,2022,dry,annotated,0,559376.1774,5010015.532,0.0958387084960938,0.197480639648438,0.07862901611,103.0660553,34.25778198,279,1.86,189900,-0.312561035,0.0170778,0.030560276,5
11001578,2022,dry,annotated,0,559479.0446,5009903.955,0.0619435668945313,0.134251489257812,0.09343959961,116.3055496,13.60752583,225,6.06,189900,-0.225708008,0.007975797,0,5
10998320,2022,hugo_precise,annotated,1,558868.7866,5010081.143,0.0464127380371094,0.0943127380371094,0.1301878967,81.67281342,14.00232983,1197,8.120689655,3600,0.043731689,0.018754423,0.182852164,5
10998261,2022,dry,annotated,0,558843.6071,5010077.679,0.063925,0.140082141113281,0.07875953369,90.42982483,10.56874561,351,3.818181818,3600,-0.091308594,0,0.073051944,5
10998463,2022,dry,annotated,0,558894.5172,5010111.414,0.0868827575683594,0.174610339355469,0.08483621826,86.75152588,13.19243717,342,3.954545455,3600,-0.082092285,0,0.077996716,5
10989636,2022,dry,annotated,0,557323.02,5009940.12,0.0778719970703125,0.16051400146484399,0.04917199707,124.931015,4.058876514,153,2.884615385,8100,-0.21786499,0.016585367,0,5
10988543,2022,shallow_viz,annotated,1,557073.0728,5010103.995,0.0543893188476562,0.095974755859375,0.1522980713,145.0353394,1.005683899,900,6.4375,1800,0.009246826,0.035100821,0,5
10988624,2022,dry,annotated,0,557092.4109,5010126.104,0.0737336608886719,0.164350500488281,0.1354831665,138.2821655,4.578550339,108,4.734375,1800,-0.133331299,0.003046459,0,5
10973582,2022,co_precise,annotated,1,554975.6881,5010107.896,0.0512574279785156,0.0576594055175781,0.2958920837,88.60919189,5.672803402,909,6.3125,1145700,0.12310791,0.092364646,0,5
10972415,2022,dry,annotated,0,554846.7391,5010209.217,0.0690891296386719,0.169054345703125,0.1137630371,86.83760834,17.82512856,153,2.3,1145700,-0.125610352,0.197196797,0.034782607,4.63043499
10972535,2022,dry,annotated,0,554856.4592,5010531.122,0.0557867370605469,0.191195922851563,0.1226622437,71.65862274,12.32417774,882,6.125,1145700,-0.046112061,0.008350848,0.001855288,5
10975359,2022,dry,annotated,0,555184,5010086,0.0760233337402344,0.164265002441406,0.1169483276,80.43358612,17.41790009,153,3.333333333,1145700,-0.155303955,0.016813295,0.003787879,5
10965062,2022,em_veg,random_draw,0,553891.9254,5010143.485,0.0382179107666016,0.0593507446289063,0.1320432892,119.4609299,2.570141315,1206,6.931034483,22500,0.00579834,0.756669998,0,2.850746155
10965067,2022,em_veg,random_draw,0,553899.7088,5010027.313,0.0500307678222656,0.115458239746094,0.1345230835,124.8010712,15.29482651,279,4.403225806,22500,0.201477051,0.166544557,0,4.659340858
10965093,2022,em_veg,random_draw,0,553891.7653,5010274.071,0.0397183685302734,0.0833081604003906,0.1413564636,126.1010818,2.277596474,720,6.890625,22500,-0.003570557,0.506712198,0,4.258503437
10965411,2022,em_veg,random_draw,0,553927.5438,5009971.106,0.0436167877197266,0.109991967773438,0.2226525452,97.80528259,13.3605299,405,7.611111111,14400,0.064025879,0.37213558,0,4.189781189
10965455,2022,em_veg,random_draw,0,553926.1875,5009875.563,0.0435854156494141,0.06555,0.2088281158,96.93819427,7.272637844,864,6.545454545,14400,0.144714355,0.952631533,0.155381948,3.1875
10966057,2022,em_veg,random_draw,0,554015.3919,5009847.986,0.0805252258300781,0.312084692382813,0.05701533203,82.79199219,2.34855938,270,5.74137931,14400,-1.017913818,0.06556768,0,4.954955101
10953541,2022,em_veg,annotated,0,552069.5,5010113.638,0.0627068969726562,0.1151,0.0988907959,129.0946808,1.638925314,369,4.833333333,27000,-0.100158691,0.104441792,0,4.98850584
10535643,2022,deep_water,random_draw,0,548044.5,5010120.091,0.0569573913574219,0.125605212402344,0.2247739136,101.3571777,98.48908234,1035,5.390625,3716100,0.064910889,0.536554575,0,4.391304493
10536402,2022,deep_water,random_draw,0,548204.4444,5010193.306,0.0665879638671875,0.143550927734375,0.1831611084,88.62088776,46.86198044,972,5.225806452,3716100,-0.481567383,0.251015097,0,4.962963104
10536487,2022,deep_water,random_draw,0,548225.91,5010321.09,0.0770669982910156,0.158826000976562,0.2106169922,67.29684448,9.4111166,900,5,3716100,-0.127746582,0.21473296,0,5
10537021,2022,deep_water,random_draw,0,548342.9211,5010208.776,0.0610592102050781,0.133393420410156,0.1789657837,118.8798218,78.74053955,684,3.931034483,3716100,-0.222869873,0.282726079,0,5
10537352,2022,deep_water,random_draw,0,548411.6224,5010053.173,0.0442530609130859,0.0858068054199219,0.2439149719,90.49125671,76.89037323,1323,6.681818182,3716100,0.033203125,0.497647345,0,5
10538612,2022,deep_water,random_draw,0,548648.5909,5010206.833,0.0366212127685547,0.0868787902832031,0.2373363708,128.3079987,23.26441193,891,7.071428571,3716100,-0.045593262,0.305144489,0,5
10538978,2022,deep_water,random_draw,0,548710.217,5010416.83,0.0272584899902344,0.0395867919921875,0.3198094238,111.6440277,29.06368828,954,7.571428571,3716100,-0.146972656,0.473714471,0.057424121,5
10539127,2022,deep_water,random_draw,0,548735.6515,5010114.076,0.038616162109375,0.086119189453125,0.2413717285,117.9572983,29.83033752,891,6.1875,3716100,0.180297852,0.732793033,0,4.292929173
10539347,2022,deep_water,random_draw,0,548769.1765,5010298.147,0.0668,0.174664709472656,0.1460882202,100.3359528,25.37302971,306,2.428571429,3716100,-0.448913574,0.468464077,0,4.970588207
15056739,2022,deep_water,random_draw,0,548886.1957,5010089.413,0.112710144042969,0.270315942382812,0.03501594238,58.53479004,7.061355591,351,3.234375,3716100,-1.604614258,0.150724649,0,5
10517255,2022,co_precise,annotated,1,544175.62,5009876.98,0.0468973327636719,0.154790661621094,0.2727400055,75.50061035,5.355786324,675,4.5,12600,0.113830566,0.043059163,0,5
10517063,2022,dry,annotated,0,544135.7727,5009808.36,0.0817652893066406,0.354236352539062,0.270961145,68.74051666,7.146402836,243,4.776315789,12600,-0.331054688,0.008067691,0,5
10517480,2022,dry,annotated,0,544239.3542,5009783.063,0.0816486083984375,0.316320141601563,0.1785639038,78.90067291,22.35410881,378,5.684210526,12600,-0.501098633,0.006481482,0,5
10517507,2022,dry,annotated,0,544241.8862,5009873.948,0.0767517211914062,0.31551171875,0.1746248413,71.9618988,21.50178528,279,6.796875,12600,-0.573303223,0.004796238,0,5
10513339,2022,dry,annotated,0,542588.4459,5010148.203,0.0645945922851563,0.24453603515625,0.1805279297,30.49444199,1.79104495,450,6.403846154,81900,0.062591553,0,0,5
10513028,2022,shallow_viz,annotated,1,542459.5932,5009574.331,0.0308593231201172,0.0542245788574219,0.01792542419,41.44505692,2.321344852,1062,7.695652174,284400,0.004425049,0.240497783,0.044980444,5
10513261,2022,shallow_viz,annotated,1,542551.9651,5009876.314,0.03111240234375,0.0535387573242187,0.01826744385,44.00610352,1.661171794,1161,8.0625,284400,0.004425049,0.25080209999999997,0.083482414,5
10512853,2022,dry,annotated,0,542400.0288,5009574.894,0.0709048095703125,0.152979809570313,0.1235153809,101.6843948,14.43706703,279,6.24,284400,0.004425049,0.017428465,0,5
10513146,2022,dry,annotated,0,542497.4538,5009827.592,0.0701984619140625,0.146096923828125,0.1048476929,53.03539276,20.0180645,423,3.25,284400,0.004425049,0.04049981,0.004142012,5
10513227,2022,dry,annotated,0,542526.1184,5009938.066,0.0785960510253906,0.18389736328125,0.1600684296,68.03253174,23.5922184,189,3.5625,284400,-0.043914795,0.035352916,0,5
10502335,2022,dry,annotated,0,538361.3043,5010021.522,0.0884007263183594,0.315476098632813,0.02293334961,100.3036957,13.00758553,198,5.914285714,11700,-0.634796143,0.003707448,0,5
10489295,2022,deep_water,random_draw,0,535175.3537,5010108.134,0.0582788635253906,0.136957727050781,0.08256340942,104.6492081,15.88354301,261,5.590909091,522000,0.004882813,0.160623521,0,5
10489366,2022,deep_water,random_draw,0,535182.3516,5010234.234,0.07319140625,0.15918359375,0.09364140625,87.91283417,6.408960819,342,6.857142857,522000,0.004882813,0.186323434,0.002840909,4.703125
10490415,2022,deep_water,random_draw,0,535278.5192,5010060.365,0.0928942321777344,0.205667309570313,0.1011980713,96.71677399,14.63379097,387,5.441860465,522000,0.004882813,0.131289244,0.041025642,4.596153736
10490585,2022,deep_water,random_draw,0,535272.5168,5010473.609,0.0186941177368164,0.0432327728271484,0.01965210266,82.02615356,6.187356949,369,7.4375,522000,0.004882813,0.690963864,0.05889741,2.714285612
10490726,2022,deep_water,random_draw,0,535292.665,5010264.189,0.071758251953125,0.155386413574219,0.08418447266,89.71429443,22.60846329,909,3.768292683,522000,0.004882813,0.510167956,0.194868252,4.184465885
10491676,2022,deep_water,random_draw,0,535387.2462,5010504.277,0.0163353851318359,0.0337192321777344,0.004953848267,56.92959976,0.709332585,1170,7.5,522000,0.004882813,0.973839939,1,1
10491789,2022,deep_water,random_draw,0,535389.8654,5010053.942,0.0264086547851562,0.0652076904296875,0.03956826782,61.60579681,12.64104843,936,6.24,522000,0.004882813,0.668597519,0.667067289,3.634615421
10492318,2022,deep_water,random_draw,0,535446.2257,5010417.783,0.0216699111938476,0.0552610595703125,0.02982211914,57.01464462,13.80087852,1017,6.277777778,522000,0.004882813,0.894420326,0.619989574,3.557522058
10492704,2022,deep_water,random_draw,0,535493.8846,5010146.792,0.062296923828125,0.167249230957031,0.1469723206,100.1968994,16.58866119,387,6.5,522000,-0.001342773,0.253672481,0,4.553846359
10492834,2022,deep_water,random_draw,0,535500.8571,5010330.086,0.0831414306640625,0.225089990234375,0.1258128662,88.30182648,15.89292145,270,4.565217391,522000,-0.027832031,0.180714279,0.111111112,4.571428776
10482548,2022,em_veg,annotated,0,534370.3125,5010286.031,0.0805078125,0.1764140625,0.12005,76.07901764,10.31810284,576,3.555555556,119700,0.00213623,0.366859257,0.018973215,4.78125
10483062,2022,em_veg,annotated,0,534487.6456,5010223.675,0.0706572814941406,0.159274755859375,0.1281165039,76.97387695,9.357923508,927,4.175675676,119700,0.00213623,0.262960821,0.005177994,4.75728178
10483181,2022,dry,annotated,0,534496.6791,5010152.799,0.0929671630859375,0.288229858398438,0.08178806152,86.78473663,28.27570724,342,3.865384615,119700,-0.344543457,0.129298881,0,4.955224037
10484471,2022,em_veg,annotated,0,534729.2143,5010137.871,0.0697714294433594,0.1582728515625,0.1448828613,80.14061737,9.910112381,594,3.620689655,119700,0.00213623,0.009090909,0,5
10484506,2022,dry,annotated,0,534731.0862,5010113.914,0.0879586181640625,0.193843676757812,0.1586045898,78.52748871,8.144994736,423,3.527027027,119700,0.00213623,0.066411242,0.010673234,4.850574493
10472846,2022,em_veg,random_draw,0,532508.1892,5009820.446,0.0408905395507813,0.138182434082031,0.04797634277,71.03292847,34.83753586,189,7.161290323,900,0.750640869,0.147683397,0,5
10457058,2022,em_veg,random_draw,0,528012.1552,5010057.845,0.0582758605957031,0.258882763671875,0.1245977051,88.44368744,13.87824535,270,5.22,9000,-0.146270752,0.065685362,0,5
10457381,2022,em_veg,random_draw,0,528105.2294,5010117.088,0.0753058837890625,0.266443530273437,0.1429282349,85.94983673,18.61022186,459,3.863636364,9000,-0.059631348,0.072056152,0.004411765,5
10456746,2022,em_veg,annotated,0,527929.5,5009721.276,0.0609078918457031,0.163981579589844,0.1199447449,83.07324219,7.364192963,657,4.56,24300,8.85e-4,0.033529948,0,5
10456855,2022,dry,annotated,0,527973.993,5009784.232,0.0805676086425781,0.20026337890625,0.1520732422,79.35292053,6.9412946700000004,207,3.132352941,24300,8.85e-4,0.090990514,0,5
10457241,2022,em_veg,annotated,0,528078.9677,5009835.653,0.0586967712402344,0.156693542480469,0.09910322266,67.9148941,9.88257885,720,5.470588235,24300,8.85e-4,0.144642681,0,5
10447512,2022,dry,annotated,0,525782.717,5009877.764,0.0849349060058594,0.366798120117187,0.169889624,122.8235092,9.211407661,207,5.482758621,2700,-0.090301514,0,0,5
10433946,2022,deep_water,random_draw,0,522730.1038,5009793.5,0.0357132080078125,0.0949333312988281,0.02744402466,47.92102814,26.97435188,1242,7.453125,5400,5.19e-4,0.308085024,0.217430368,5
10428624,2022,deep_water,random_draw,0,521286,5010115.125,0.0897642883300781,0.192128576660156,0.06967857666,110.697197,36.30950546,171,2.470588235,31500,-0.386016846,0.269088656,0.266581625,4.660714149
10429326,2022,deep_water,random_draw,0,521405.4184,5010163.133,0.0516816345214844,0.132824487304687,0.04253469238,72.85748291,37.75704575,162,2.826923077,31500,-0.086364746,0.553316295,0.489795923,3.775510311
10429734,2022,deep_water,random_draw,0,521493.3333,5010265.056,0.0784203674316406,0.187661108398437,0.1003259155,126.1667023,30.68271255,342,2.892857143,31500,-0.086364746,0.291245788,0.681216896,4.29629612
10429860,2022,deep_water,random_draw,0,521525,5010410.133,0.0672666687011719,0.112248889160156,0.0598777771,89.10179901,38.76428223,792,4.5,31500,-0.086364746,0.753239989,0.907936513,4.022222042
10427649,2022,deep_water,random_draw,0,521109.1316,5009911.289,0.0494456146240234,0.10512982177734401,0.05916491699,90.57017517,69.37567902,513,3.5625,25200,-9.46e-4,0.830220699,0.703007519,4.052631378
10428219,2022,deep_water,random_draw,0,521201.3293,5009931.793,0.0325081298828125,0.0669504089355469,0.009304876709,19.24103737,7.782178879,1062,7.096153846,25200,0.173522949,0.861631274,0.642276406,2.48780489
10428351,2022,deep_water,random_draw,0,521226.5085,5010029.797,0.0313813568115234,0.0600313537597656,0.01695508118,13.25083447,0.470124573,1062,6.555555556,25200,0.187561035,0.965909064,0.745762706,1.983050823
10425303,2022,dry,annotated,0,520756.0897,5009911.192,0.0993692321777344,0.235016235351562,0.09418291016,114.3037262,15.49127388,126,6.051724138,12600,-0.513916016,0.029690515,0,5
10425559,2022,em_veg,annotated,0,520793.0921,5009901.75,0.0638157897949219,0.136043420410156,0.1015421021,94.02428436,29.96430779,144,3.166666667,12600,0.00479126,0.167338714,0.021052632,5
10425797,2022,dry,annotated,0,520844.0676,5010002.108,0.1063337890625,0.234590551757812,0.05850136719,105.117363,13.6692009,306,3.171428571,12600,-0.660400391,0.107207209,0.02956081,5
10425930,2022,em_veg,annotated,0,520860.5769,5009927.885,0.0674230773925781,0.143297436523437,0.08231025391,125.909256,37.07198334,189,2.089285714,12600,-0.248779297,0.315384626,0.100000009,5
10425973,2022,dry,annotated,0,520868.7617,5009906.341,0.0999570068359375,0.25363271484375,0.05250280762,129.7014465,10.80657578,279,5.177419355,12600,-0.646148682,0.166257799,0.05184691,5
10426416,2022,em_veg,annotated,0,520941.569,5009960.534,0.0766551696777344,0.178460339355469,0.09668103027,104.5971603,16.54316521,522,3.222222222,12600,-0.169311523,0.17092748,0.029556653,5
10424123,2022,dry,annotated,0,520532.7203,5011190.924,0.0767,0.178664404296875,0.1025203369,108.4133606,41.9763031,162,2.681818182,62100,-0.352935791,0.202590242,0.315980643,5
10424345,2022,dry,annotated,0,520562.3298,5011343.777,0.0753978698730469,0.1712595703125,0.1129723389,108.9906082,34.04622269,315,2.9375,62100,-0.448028564,0.721731544,0.744680822,4.255319118
10424411,2022,deep_viz,annotated,0,520594.4762,5011469.214,0.0409849212646484,0.0556349182128906,0.0206833313,7.926892281,2.182494402,1134,7.56,62100,0.040100098,1,1,1.317460299
10424561,2022,deep_viz,annotated,0,520622.475,5011344,0.0389566680908203,0.0509125,0.02090583191,5.905020714,0.116640314,1080,7.5,62100,0.040100098,1,1,1
10424563,2022,dry,annotated,0,520625.9789,5011044.951,0.0861661987304688,0.211028173828125,0.0922,88.73114777,19.37499237,216,3.227272727,62100,-0.172546387,0.667413533,0.612676084,3.957746506
10424631,2022,deep_viz,annotated,0,520626.75,5011252.89,0.0413670013427734,0.0501950012207031,0.02003700256,6.510598183,0.531391978,900,6.818181818,62100,0.040100098,1,1,1
10419132,2022,deep_water,random_draw,0,519822.4272,5012280.407,0.0408874176025391,0.0941437072753906,0.0310357605,38.3022728,7.060082912,1314,8.089285714,4979700,0.029144287,0.970198691,0.933265448,3.331125736
10420160,2022,deep_water,random_draw,0,519933.5313,5012182.688,0.036178125,0.0414822906494141,0.0123833313,27.79170036,1.655585408,864,6.260869565,4979700,0.038574219,1,1,1
10420722,2022,deep_water,random_draw,0,519995.4545,5010982.936,0.0397390899658203,0.0927554565429688,0.04988818359,35.69187546,19.70696259,990,7.173913043,4979700,0.001861572,1,1,2
10421643,2022,deep_water,random_draw,0,520146.0652,5011198.467,0.0378543487548828,0.0416815216064453,0.01852282562,28.33848,6.096793652,828,6.571428571,4979700,0.038543701,1,1,1
10422302,2022,deep_water,random_draw,0,520238.7245,5012036.755,0.0403224487304688,0.0428642852783203,0.01552244873,24.6248951,2.771141529,882,7.35,4979700,0.038543701,1,1,1
10422509,2022,deep_water,random_draw,0,520268.2895,5011853.605,0.0330842102050781,0.0367463165283203,0.01322947388,28.32313347,4.126785278,855,7.125,4979700,0.038513184,1,1,1
10422642,2022,deep_water,random_draw,0,520298.5811,5011946.608,0.0392864868164063,0.0428558563232422,0.01763603668,26.17084503,3.218262196,999,7.239130435,4979700,0.038543701,1,1,1
10422656,2022,deep_water,random_draw,0,520296.7718,5011224.626,0.0368262145996094,0.0428631072998047,0.01914174805,28.99978447,7.786023617,927,7.357142857,4979700,0.038543701,1,1,1
10423091,2022,deep_water,random_draw,0,520359,5011708.071,0.0324183685302734,0.0380132659912109,0.01185510254,29.13930893,4.826021671,882,6.391304348,4979700,0.038543701,1,1,1
10423747,2022,deep_water,random_draw,0,520453.9884,5011520.826,0.0448395355224609,0.0866395324707031,0.03767092896,30.88500404,8.89675808,756,4.777777778,4979700,0.038238525,0.983495831,0.97853303,3.23255825
10418273,2022,deep_water,random_draw,0,519755.5408,5013054.316,0.0536217712402344,0.127543542480469,0.1303537354,88.45413971,7.077474117,882,6.681818182,59400,-0.521392822,0.118963875,0,5
10418919,2022,deep_water,random_draw,0,519812.6172,5013230.907,0.0331448272705078,0.0602958618164062,0.02458482971,42.89994812,15.96914768,891,7.767857143,59400,0.188201904,0.647204816,0.448275864,3.46896553
10419235,2022,deep_water,random_draw,0,519836.0795,5013351.648,0.0769795471191406,0.330769311523438,0.09071362305,87.60903931,28.49772453,216,4.888888889,59400,-2.553466797,0.13636364,0.127272725,4.727272511
10420017,2022,deep_water,random_draw,0,519911.5882,5013177.706,0.0347617645263672,0.0733666687011719,0.03389215698,61.36690903,14.28261948,891,6.652173913,59400,-0.009918213,0.467208862,0.530812323,4.117647171
10420230,2022,deep_water,random_draw,0,519936.7427,5013361.063,0.0343320373535156,0.0814281555175781,0.05325437012,51.87334442,17.47023582,801,7.357142857,59400,0.192932129,0.543062925,0.507888377,3.388349533
10420532,2022,deep_water,random_draw,0,519972.9202,5013264.088,0.0280268920898438,0.0473470581054687,0.01065209961,26.98670578,5.827892303,1071,7.4375,59400,0.284118652,1,1,1
10420908,2022,deep_water,random_draw,0,520027.141,5013356.885,0.0329897430419922,0.0902675231933594,0.02900940552,30.38485718,7.666739464,1053,7.3125,59400,0.165863037,0.790598273,0.737713695,3.299145222
10422160,2022,dry,annotated,0,520232.9037,5013985.252,0.0795587158203125,0.319332104492188,0.09404770508,105.8267212,20.22436333,603,5.109375,8100,-1.488464355,0.209566444,0.080949821,4.724770546
10422259,2022,dry,annotated,0,520236.7273,5014796.818,0.064351513671875,0.185265148925781,0.1661484741,136.9677582,29.30837631,207,3.09375,39600,-1.017364502,0.294034094,0.224025965,4.651515007
10422878,2022,dry,annotated,0,520327.9286,5015060.196,0.0699142883300781,0.219708935546875,0.1362249878,135.5853119,16.87059975,234,2.896551724,39600,-0.953277588,0.278571427,0.099489793000000007,4.535714149
10422989,2022,dry,annotated,0,520350.25,5014792.031,0.07735625,0.30886875,0.101403125,109.9588699,22.41211891,432,6,39600,-1.823455811,0.223484859,0.283482134,4.90625
10421922,2022,deep_water,random_draw,0,520202.3063,5018066.1,0.0359006256103516,0.0699518737792969,0.009371875,30.95399094,7.752971649,819,7.058823529,49500,0.193664551,0.913508117,0.922767878,3.5250000950000002
10422982,2022,deep_water,random_draw,0,520352.7857,5018175.929,0.0717738098144531,0.203645239257812,0.2245071533,103.4217377,15.52056313,216,2.333333333,49500,-0.652435303,0.385302037,0.422619045,4.428571224
10423409,2022,deep_water,random_draw,0,520419.7105,5018077.145,0.0504,0.133046057128906,0.03581184082,85.2798996,23.41346931,612,3.931034483,49500,-0.186676025,0.867013872,0.913533866,4.105263233
10423858,2022,deep_water,random_draw,0,520479.612,5018250.3,0.0327584014892578,0.0702343994140625,0.03195679932,49.5069313,28.79995346,999,7.8125,49500,0.171020508,0.894588232,0.821500003,2.84800005
10424051,2022,deep_water,random_draw,0,520514.4677,5018147.734,0.0347274200439453,0.0949282287597656,0.03498468018,46.41067886,19.9802494,1044,7.153846154,49500,0.190551758,0.885128915,0.605414748,3.112903118
10424343,2022,deep_water,random_draw,0,520587.2111,5018309.611,0.0721585205078125,0.254710375976562,0.1259829712,125.5895691,21.34709549,306,4.93902439,49500,-0.682250977,0.050605524,0.033580251,5
10421601,2022,deep_water,random_draw,0,520147.7143,5018016.321,0.0761035705566406,0.234578564453125,0.001775,108.6623154,27.38352966,369,3.230769231,4500,-0.111755371,0.273268402,0.457908183,4.267857075
10419592,2022,deep_viz,annotated,0,519875.7414,5019241.086,0.0299094818115234,0.0521603454589844,0.01556810303,26.83032227,2.530981064,1044,7.25,54000,0.234649658,1,1,2.172413826
10420106,2022,dry,annotated,0,519932.1207,5019327.414,0.0625637939453125,0.208896557617188,0.1821689575,124.4678421,24.89790344,324,2.806451613,54000,-0.618438721,0.373373181,0.445812792,4.396551609
10420436,2022,deep_viz,annotated,0,519965.3125,5019296.875,0.02951875,0.0537677062988281,0.0166302063,44.21075821,4.573767185,864,6.260869565,54000,0.234680176,0.984442174,0.993303597,2.1875
10421069,2022,dry,annotated,0,520063.044,5019233.388,0.0851359985351562,0.285160791015625,0.03993679199,96.73156738,7.006765366,297,6.696428571,54000,-2.285125732,0.139949992,0.248966664,4.736000061
10421440,2022,dry,annotated,0,520131.4048,5019420.929,0.0635111083984375,0.202404760742187,0.1428952454,102.2324448,22.61510658,180,3.634615385,54000,-0.566619873,0.427115321,0.428571433,4.603174686
10421531,2022,deep_viz,annotated,0,520125.569,5019323.079,0.030816552734375,0.067372412109375,0.02370827332,35.20885468,5.723110199,1152,8.365384615,54000,0.229370117,0.940517247,0.943103433,2.937931061
10421885,2022,deep_water,random_draw,0,520181.4818,5019386.727,0.0325918182373047,0.0611354553222656,0.01030181885,19.24655342,7.515330315,900,6.875,21600,0.23236084,0.99882704,0.909090936,3.036363602
10422570,2022,deep_water,random_draw,0,520292.9,5019364.075,0.0775358337402344,0.263955004882812,0.04693500977,89.66230011,15.29921532,288,6.923076923,21600,-2.269989014,0.188807189,0.278571427,4.733333111
10422708,2022,deep_water,random_draw,0,520317.9923,5019475.823,0.0900276916503906,0.296386157226562,0.137132312,146.1074219,8.369781494,162,3.75,21600,-0.986999512,0.106759913,0.079120882,4.72307682
10423232,2022,deep_water,random_draw,0,520386.5,5019396.621,0.0778848510742187,0.27347373046875,0.04959191895,92.74453735,23.87189102,171,5.711538462,21600,-1.807220459,0.065340906,0.04112554,5
10412609,2022,dry,annotated,0,519247.5526,5019812.763,0.0546596496582031,0.185203503417969,0.08580175781,59.7177887,7.693803787,513,3.5625,168300,-0.137298584,0.299890339,0.347781241,5
10413291,2022,terrain,annotated,0,519296.0275,5019842.027,0.0631054931640625,0.2741263671875,0.09092746582,78.83521271,8.546824455,819,5.6875,168300,-0.879760742,0.439227432,0.306974083,5
10413595,2022,dry,annotated,0,519332.6538,5019764.192,0.0542012817382813,0.151176928710937,0.09192050781,69.11466217,7.1638937,693,4.034482759,168300,-0.259155273,0.092936575,0,5
10414333,2022,terrain,annotated,0,519391.82,5019891.26,0.0590080017089844,0.182973327636719,0.05392133789,65.57487488,12.77966022,675,5.113636364,168300,-0.639221191,0.243585855,0.350392163,5
10415964,2022,dry,annotated,0,519543.125,5019882.344,0.0562572937011719,0.168514587402344,0.0228791626,97.99791718,11.0919466,315,5.76,168300,-0.281524658,0.009594298,0,5
10400756,2022,deep_water,random_draw,0,517711.14,5019807.14,0.0507839996337891,0.210246655273437,0.1279613281,80.57262421,13.78715515,135,4.166666667,4500,0.485595703,0.03125,0,5
10379850,2022,dry,annotated,0,513004.4444,5020130.5,0.0692648132324219,0.157607409667969,0.1806990601,117.4969788,6.073836327,972,6.230769231,111600,0.144165039,0.037007172,0,5
10380415,2022,dry,annotated,0,513124.5,5020011.577,0.0917961547851562,0.210564111328125,0.1298294678,120.8211136,10.15623951,702,5.318181818,111600,-0.171875,0.005555556,0.011111111,5
10380528,2022,dry,annotated,0,513162.2955,5020108.045,0.0602462097167969,0.135533337402344,0.1979371216,118.5142593,10.41787243,1098,5.657142857,111600,0.295898438,0.030808082,0.040584419,5
10380562,2022,em_veg,annotated,0,513165.0854,5019928.085,0.0525422790527344,0.123521142578125,0.2099943115,116.8103561,13.34727478,1107,6.15,111600,0.632019043,0.109830864,0,5
10380622,2022,em_veg,annotated,0,513188.1875,5020045.375,0.0509916656494141,0.128472912597656,0.1669854126,106.0548477,11.01640797,657,5.538461538,111600,0.635223389,0.062500007,0.06666667,5
10380678,2022,em_veg,annotated,0,513204.8514,5019869.5,0.0706846862792969,0.180158557128906,0.1385945923,102.8806458,9.858288765,684,6.66,111600,0.441680908,0.036346693,0,5
10341479,2022,dry,annotated,0,504682.0417,5019870.292,0.0741791687011719,0.169529162597656,0.1101389038,113.3917542,7.079523563,279,3.857142857,900,-0.148895264,0,0,5
10333016,2022,em_veg,random_draw,0,503290.7889,5019714.544,0.0469251861572266,0.0888985168457031,0.1270962952,102.7556763,29.46187401,1215,7.788461538,9000,0.14175415,0.157355621,0,5
10317855,2022,dry,annotated,0,500709.9661,5019501.585,0.0653220336914063,0.252662719726563,0.04249660645,71.07044983,5.00733757,153,7.08,449100,-0.827270508,0.053305522,0,5
10318031,2022,dry,annotated,0,500735.3852,5019744.738,0.0636008178710938,0.274143432617187,0.01115083008,82.53796387,7.495134354,387,7.32,449100,-1.16027832,0.015342355,0,5
10318793,2022,dry,annotated,0,500846.4213,5019556.949,0.105977954101562,0.265296850585937,0.08079055176,122.1087341,12.86645603,369,6.35,449100,-0.826324463,0.022098044,0,5
10319301,2022,deep_viz,annotated,0,500946.3649,5019530.905,0.0337315307617188,0.074776574707031307,0.1516630737,114.2784119,19.32173347,999,6.403846154,449100,0.616882324,0.409853011,0,4.612612724
10319855,2022,em_veg,annotated,0,501074.2959,5019741.214,0.050460205078125,0.115157141113281,0.2332908081,103.5763779,9.24544239,882,6.125,449100,-0.501708984,0.036853138,0,5
10319957,2022,em_veg,annotated,0,501099.5331,5019684.533,0.0521272705078125,0.118514880371094,0.2489504028,131.5736694,12.28526115,1089,6.722222222,449100,-0.658966064,0.033191148,0,5
10320484,2022,em_veg,annotated,0,501194.964,5019758.94,0.0480183990478516,0.110493603515625,0.2086736084,103.4723969,22.31734085,792,6.696428571,449100,-0.59664917,0.07395862,0,5
10288673,2022,deep_water,random_draw,0,492609.3049,5016595.037,0.0591284545898437,0.12246748046875,0.03039431152,57.34766006,18.48152924,567,5.590909091,9900,0.013092041,0.543809295,0.25,4.48780489
10289673,2022,deep_water,random_draw,0,492749.3265,5016543.888,0.0759653076171875,0.255658154296875,0.04451733398,87.24583435,8.437989235,288,5.653846154,9900,-1.70135498,0.134635672,0,5
10282459,2022,dry,annotated,0,491375.8871,5016683.597,0.0746946228027344,0.238367749023437,0.01400754395,93.42383575,6.696158886,432,5.58,8100,-1.401947021,0.174975559,0,5
10281140,2022,co_precise,annotated,1,491082.0429,5016644.593,0.0579835693359375,0.087644287109375,0.008286431885,36.22281647,21.32030487,1098,7.5,16200,-0.079071045,0.732425451,0.607142866,3.3571429250000002
10281139,2022,dry,annotated,0,491082.34620000003,5016723.635,0.0726903869628906,0.153936535644531,0.02643077393,116.2556152,63.27523041,234,3,16200,-0.860870361,0.467983007,0.300480783,4.5
10280852,2022,dry,annotated,0,491014.6579,5016588.237,0.0710815795898437,0.188063159179687,0.02445,125.0435486,94.62223816,162,2.192307692,35100,-0.651031494,0.258373231,0.059210528,4.526315689
10280911,2022,dry,annotated,0,491042.6724,5016301.466,0.0751896545410156,0.173760925292969,0.06257930908,122.8088837,25.39818573,270,3.954545455,35100,-1.386566162,0.338771373,0.195402294,4.379310131
10281244,2022,dry,annotated,0,491109.75,5016556.607,0.0803292846679688,0.244185717773438,0.040587146,104.3165283,8.066095352,315,6.5625,35100,-1.742980957,0.167046398,0.12901786,4.75
10277765,2022,deep_water,random_draw,0,490288.3209,5016663.47,0.0786074645996094,0.166377612304688,0.04020446777,108.9057617,22.8205471,207,3.140625,7200,-0.621368408,0.115280747,0.012793177,5
10278236,2022,deep_water,random_draw,0,490389.7597,5016647.377,0.0428513000488281,0.0684142883300781,0.01489090576,59.77370453,37.77116776,1044,7.7,7200,0.102203369,0.579443812,0.224257872,4.142857075
10278351,2022,deep_water,random_draw,0,490421.602,5016533.663,0.0892867370605469,0.188542858886719,0.0836163208,113.4589157,12.9947958,144,5.068965517,5400,-2.566375732,0.147174999,0.108843535,4.836734772
10275444,2022,deep_water,random_draw,0,489833.1512,5016671.151,0.0825418579101563,0.25843798828125,0.01207595215,97.19538879,16.30407715,144,6.241935484,1800,-1.31829834,0.037209302,0.024806201,5
10269762,2022,co_precise,annotated,1,488709.8171,5016863.744,0.0449,0.0679317077636719,0.01907561035,60.48156357,11.87689018,1107,7.38,22500,-0.074493408,0.535090446,0.037398376,4.439024448
10269530,2022,dry,annotated,0,488671.9286,5016836.679,0.0838809509277344,0.233554760742188,0.01423571777,123.584877,13.71370316,171,3.405405405,22500,-1.457824707,0.007296467,0,5
10269897,2022,dry,annotated,0,488737.883,5016900.543,0.0606936157226562,0.147774462890625,0.04280424805,128.2240143,43.87239075,162,2.35,22500,-0.446777344,0.325664908,0,4.617021084
10270404,2022,dry,annotated,0,488827.9186,5016859.256,0.0742744201660156,0.180980236816406,0.007147668457,114.0254898,42.56061935,189,4.3,22500,-1.121459961,0.229955927,0.061240312,4.732557774
10248477,2022,dry,annotated,0,484519.7308,5015577.628,0.0726743591308594,0.155876928710938,0.04616153564,117.4797592,6.990652084,108,5.661290323,12600,-1.511688232,0.041196577,0,4.897435665
10249566,2022,dry,annotated,0,484662.8544,5015422.918,0.0684721496582031,0.150888610839844,0.09711519775,131.0425568,17.08550262,252,3.95,12600,-0.275390625,0.433752656,0.017526777,4.645569801
10245932,2022,deep_water,random_draw,0,484214.3478,5012699.217,0.0647695678710938,0.160682604980469,0.050171740720000003,89.12100983,12.5202198,180,2.875,72000,-0.914245605,0.2923913,0.434782594,4.391304493
10246149,2022,deep_water,random_draw,0,484237.9286,5012814.87,0.0865327758789062,0.257592431640625,0.0103848877,77.201339720000007,2.237749815,207,6.375,72000,-2.984161377,0.088585436,0.072478995,4.806722641
10246833,2022,deep_water,random_draw,0,484329.3667,5012726.833,0.05460888671875,0.0939733337402344,0.02491000366,86.97632599,23.85852051,729,5.192307692,72000,0.384338379,0.718159854,0.843209863,3.711111069
10247466,2022,deep_water,random_draw,0,484418.4661,5012612.568,0.0804211853027344,0.254283056640625,0.01554321289,79.36467743,4.810046196,477,5.9,72000,-2.68737793,0.243290961,0.138200775,4.55084753
10247815,2022,deep_water,random_draw,0,484457.5526,5012787.342,0.0820473693847656,0.231473681640625,0.03393508301,82.32750702,6.259078503,360,3.717391304,72000,-1.747650146,0.539028764,0.170040488,4.210526466
10248766,2022,deep_water,random_draw,0,484548.4664,5012663.08,0.0536176452636719,0.0856705871582031,0.02766974487,89.13051605,9.375035286,999,6.865384615,72000,0.532623291,0.813725471,0.857142866,3.915966272
10249054,2022,deep_water,random_draw,0,484598.8562,5012764.685,0.0396979461669922,0.082076025390625,0.1106589111,103.9860611,21.48109245,1161,7.3,72000,0.534301758,0.215182647,0,4.726027489
10250030,2022,dry,annotated,0,484722.4714,5009726.657,0.0685242858886719,0.183044287109375,0.03861142578,98.82636261,8.972074509,630,4.565217391,276300,-0.984649658,0.711231887,0.014285714,4.514285564
10250577,2022,em_veg,annotated,0,484791.0664,5010117.066,0.0796477905273437,0.223479638671875,0.0172911377,106.367363,6.246612072,117,6.053571429,276300,-1.317596436,0.069149673,0,4.884955883
10250586,2022,em_veg,annotated,0,484800.5,5010005.648,0.0783271606445313,0.222028393554688,0.01140617676,99.61492157,6.288776398,234,5.0625,276300,-1.291351318,0.236296296,0.024691358,4.679012299
10250773,2022,em_veg,annotated,0,484822.9177,5009933.335,0.0649278503417969,0.182787341308594,0.06383797607,109.3030472,7.860293388,702,4.74,276300,-0.646911621,0.506302893,0.07710012,4.316455841
10251952,2022,dry,annotated,0,484981.7647,5009909.176,0.0650294128417969,0.188794116210938,0.08323234863,100.526062,10.24015522,432,5.464285714,276300,-0.465179443,0.182263821,0,4.774509907
10255428,2022,deep_water,random_draw,0,485563.9853,5009851.897,0.0740088256835938,0.18900146484375,0.1024161865,107.6918335,17.65150452,126,3.4,11700,-0.267547607,0.26214835,0.051470589,4.794117451
10255907,2022,deep_water,random_draw,0,485650.3073,5009784.372,0.0494642211914062,0.1322302734375,0.05375046387,116.08482360000001,54.34236908,945,5.637931034,11700,0.013916016,0.287594736,0.416372627,5
10259777,2022,deep_water,random_draw,0,486639.1875,5010417,0.051428125,0.0945546875,0.05368515625,54.58614349,17.74420738,792,7.68,25200,0.039703369,0.588048458,0.617788494,3.7265625
10260320,2022,deep_water,random_draw,0,486762.1364,5010441.75,0.0980840881347656,0.22775,0.03084545898,90.35394287,10.40048122,306,3.473684211,25200,-1.71963501,0,0.07692308,5
10260376,2022,deep_water,random_draw,0,486760.0781,5010343.945,0.05427265625,0.0954546875,0.04018359375,47.16437531,7.725244045,1017,7.384615385,25200,0.076538086,0.78675431,0.748697937,3.265625
10261788,2022,deep_water,random_draw,0,487119.0882,5010061.853,0.0694735290527344,0.103682348632813,0.01678824463,60.04811478,7.336550713,918,5.666666667,6300,0.269744873,0.957219183,0.738562107,3.882352829
10271676,2022,co_precise,annotated,1,489128.4556,5010295.944,0.0818074096679687,0.0946288879394531,0.1884525879,94.72654724,2.465548277,1215,7.5,12600,0.230529785,0.111546837,0,4.562963009
10271675,2022,dry,annotated,0,489126.4859,5010354.042,0.0703035217285156,0.268353515625,0.02998945313,71.71363068,3.361643314,252,7.344827586,12600,-1.026306152,0,0,5
10271698,2022,dry,annotated,0,489128.5,5010201.818,0.0741045471191406,0.27527802734375,0.03290378418,79.24906158,4.671272755,342,7.615384615,12600,-1.412780762,0.044563282,0,5
10277121,2022,deep_water,random_draw,0,490131.5357,5008926.921,0.0698092834472656,0.208795703125,0.04306572266,80.58605957,2.204376698,279,7,11700,-1.339996338,0.12245103,0,5
10277569,2022,deep_water,random_draw,0,490238.3913,5008944.63,0.0499710144042969,0.0964536254882812,0.04558984985,125.3594894,23.73880577,828,6.677419355,11700,-0.008087158,0.697660327,0.088888898,4.021739006
10277570,2022,deep_water,random_draw,0,490245.5727,5008827.818,0.0493318176269531,0.114447277832031,0.1104345337,111.569191,11.98321819,306,5.892857143,11700,-0.093292236,0.312215894,0,4.690908909
10277623,2022,deep_water,random_draw,0,490244.8214,5009043.429,0.0474976196289063,0.122026196289062,0.06634405518,127.0714493,14.82136345,279,5.04,11700,0.200531006,0.345332563,0.023065476,4.630952358
10277052,2022,deep_water,random_draw,0,490123.3958,5005524.958,0.0518270812988281,0.22008193359375,0.2114354248,124.9836807,12.33047199,711,5.837837838,7200,7.02e-4,0.311184764,0,4.972222328
10277513,2022,deep_water,random_draw,0,490218.6743,5005440.482,0.0686486267089844,0.276640356445312,0.0576229248,105.8426895,9.668052673,450,5.839285714,7200,-0.686248779,0.372225523,0,4.541284561
10277085,2022,co_precise,annotated,1,490121.5459,5002585.087,0.0299816528320313,0.0637018371582031,0.02602018433,103.0145645,5.023256302,981,7.108695652,244800,0.086975098,0.235663831,0.005160551,4.917431355
10276301,2022,dry,annotated,0,489974.5857,5002770.443,0.0597447631835938,0.23728857421875,0.1783609558,130.5245209,10.84967899,360,6.057692308,244800,-0.317169189,0.029206352,0,5
10276613,2022,terrain,annotated,0,490034.0841,5002475.217,0.0421035400390625,0.103222119140625,0.06053716431,46.46387863,55.85144043,972,6.277777778,244800,0.666534424,0.430154622,0.66743046,4.973451138
10276785,2022,dry,annotated,0,490075.3767,5002674.432,0.0950205505371094,0.268175341796875,0.1383575317,119.0831833,13.46220875,126,4.211538462,244800,-0.796905518,0.063470319,0,5
10277381,2022,dry,annotated,0,490185.569,5002369.466,0.0803160949707031,0.23461953125,0.07062414551,108.9953384,27.67342758,675,5.931818182,244800,-1.071533203,0.298084289,0.346982747,5
10558434,2022,shallow_viz,annotated,1,490058.9595,4971739.284,0.0454675689697266,0.123260363769531,0.1176711731,136.4837952,5.683694363,999,7.239130435,9000,-0.016052246,0.16049476,0.517374575,5
10558473,2022,dry,annotated,0,490105.1571,4971771.214,0.0807657165527344,0.167765710449219,0.03682286377,110.6581345,22.11221313,315,4.038461538,9000,-0.540100098,0.235358685,0.346938789,5
10795651,2022,dry,annotated,0,493448.7,4950505.773,0.0711890930175781,0.130843640136719,0.06164182129,65.45652771,10.90786648,288,3.3,21600,-0.529693604,0.631550789,0.581818163,3.25454545
10795742,2022,hugo_precise,annotated,1,493482.1279,4950492.663,0.0604596923828125,0.08219302368164062,0.03002092896,46.07006836,2.917904854,1089,6.672413793,21600,-0.311248779,0.677506328,0.673225999,2.968992233
10784774,2022,deep_viz,annotated,0,488018.5194,4940948.694,0.0424611663818359,0.06508349609375,0.02470097046,31.52138519,14.17932987,927,7.022727273,608400,0.059814453,0.969085336,0.988904297,1.407766938
10784781,2022,em_veg,annotated,0,488014.5,4941038.58,0.0628900024414062,0.152593994140625,0.0915499939,60.59158707,22.94211006,423,2.884615385,608400,-0.033233643,0.904406548,0.939999998,3.0599999429999998
10785225,2022,em_veg,annotated,0,488373.1923,4941028.5,0.0615615356445312,0.130251281738281,0.0709666687,54.78953171,58.21762466,144,2.089285714,608400,-0.060180664,0.663736284,0.579487145,3.74358964
10785690,2022,em_veg,annotated,0,488681.9824,4941031.712,0.0543835266113281,0.151883532714844,0.02446235352,79.85491943,89.22189331,441,4.553571429,608400,-0.911468506,0.53725493,0.919999957,3.870588303
10786450,2022,deep_viz,annotated,0,489068.8125,4941038.116,0.0385044647216797,0.0504928558349609,0.01064464111,15.30514812,0.907680511,1008,7,608400,0.034820557,0.975108206,1,1.660714269
10787250,2022,deep_viz,annotated,0,489522.1484,4941130.335,0.0412703308105469,0.0564945068359375,0.02021538696,14.67472172,0.52734375,810,6.825,608400,0.120178223,0.977106214,0.975091636,1.362637401
13422212,2022,hugo_precise,annotated,1,483051.2273,4925285.136,0.0250719696044922,0.0896946960449219,0.02872727051,23.75796127,6.986681461,1044,7.333333333,212400,-0.07824707,0.38005051,0.736111104,5
13421911,2022,dry,annotated,0,482706.2349,4924812.596,0.0799602416992188,0.26151083984375,0.1170096313,117.9431839,18.60551071,522,5.1875,212400,-0.466918945,0.001175433,0,5
13421951,2022,terrain,annotated,0,482779.1796,4924746.335,0.0702514587402344,0.237221362304687,0.1008048584,138.2597809,29.05213547,684,5.942307692,212400,-1.235168457,0.295492709,0.646875799,5
13422116,2022,terrain,annotated,0,482985.1737,4924619.984,0.0506421051025391,0.153369470214844,0.1074336823,94.41059875,60.02954483,855,6.195652174,212400,0.114501953,0.311717451,0.496491224,4.505263329
13422229,2022,dry,annotated,0,483071.3969,4924770.17,0.0657742248535156,0.299845361328125,0.224068042,146.248291,4.539435863,873,6.928571429,212400,-0.019042969,0.019361328,0.03813111,5
13422258,2022,dry,annotated,0,483075.1765,4924896.176,0.0549014709472656,0.278266186523437,0.1835323608,144.9927216,8.939772606,612,5.1,212400,-0.03894043,0.032913163,0,5
13422396,2022,co_precise,annotated,1,483312.2064,4921623.729,0.0337183471679688,0.0596743103027344,0.01252018127,17.92687798,0.73471117,981,7.108695652,24300,0.284179688,0.246616259,1,5
13422354,2022,dry,annotated,0,483257.9625,4921658.213,0.06255625,0.253675,0.15361875,99.12165833,54.00081253,189,4.8,24300,-0.141723633,0.02292352,0.155000001,5
13422379,2022,dry,annotated,0,483300.8053,4921546.216,0.0695726318359375,0.270877905273438,0.1091768555,106.1806641,28.94477081,504,4.913793103,24300,-1.058349609,0.04183536,0.401253134,5
13422524,2022,dry,annotated,0,483422.837,4921624.011,0.0725010864257812,0.297898901367187,0.05616845703,130.2436523,11.29781723,315,6,24300,-0.979858398,0.026086956,0.33385095,5
13433929,2022,co_precise,annotated,1,483433.3218,4909914.312,0.0374039611816406,0.07106435546875,0.01501583862,15.08406067,14.29967499,909,6.3125,39600,-0.118347168,0.568010628,0.951909482,5
13433896,2022,dry,annotated,0,483381.0165,4909913.39,0.0751703308105469,0.316497802734375,0.08292416992,109.5455475,43.24221039,108,5.6875,39600,-0.921203613,0.013005888,0.017268447,5
13433899,2022,dry,annotated,0,483398.8146,4909726.871,0.0672258422851563,0.25808203125,0.06752248535,110.7576447,31.52827454,198,4.603448276,39600,-0.994506836,0.102439515,0.069020867,5
13433938,2022,dry,annotated,0,483470.2429,4909975.871,0.0675342834472656,0.308709521484375,0.1043285645,114.3593369,45.87343216,405,5.833333333,39600,-0.869873047,0,0,5
13422561,2022,deep_water,random_draw,0,483433.5909,4912466.561,0.0706989929199219,0.355321215820313,0.1779282837,121.8999405,12.64683914,306,5.5,13500,-0.393005371,0,0,5
13422583,2022,deep_water,random_draw,0,483464.3571,4912583.447,0.0513090209960938,0.131025561523438,0.05344285278,17.44196892,15.45848656,1107,7.125,13500,0.292785645,0.565356135,0.486952692,5
13422782,2022,deep_water,random_draw,0,483578.225,4912532.7,0.0738533325195312,0.328254174804687,0.07042668457,115.1915665,6.821582317,153,6.666666667,13500,-1.801513672,0.026096491,0,5
13422658,2022,deep_water,random_draw,0,483495.8429,4913175.243,0.0363504760742187,0.1138771484375,0.03768190308,54.68251038,25.27799416,900,7.159090909,5400,0.090759277,0.807067215,0.365079373,4.095238209
14624263,2022,hugo_precise,annotated,1,505228.9747,4841494.994,0.0357721527099609,0.0840075927734375,0.008129742432,15.37221718,8.161682129,1422,7.64516129,45000,-0.106384277,0.606005311,0.70499295,5
14624175,2022,em_veg,annotated,0,505140.2561,4841326.28,0.0555780517578125,0.136831701660156,0.006346337891,74.93376923,58.87099838,738,5.125,45000,0.152648926,0.711877525,0.946476936,4.524390221
14624204,2022,dry,annotated,0,505177.8714,4841433.043,0.0839476196289062,0.24706572265625,0.01777714844,87.54322052,14.92178535,162,4.772727273,45000,-1.08972168,0.399546504,0.01904762,4.82857132
14624294,2022,em_veg,annotated,0,505244.4583,4841447.667,0.0484555541992188,0.124290283203125,0.0278236084,64.65299988,52.71556091,648,5.142857143,45000,0.152648926,0.657172382,0.993055582,5
14624295,2022,em_veg,annotated,0,505252.9839,4841386.694,0.055701611328125,0.14184677734375,0.03243468018,65.2191391,18.12138939,1116,5.8125,45000,0.152648926,0.579019427,0.931899667,4.951612949
14624301,2022,dry,annotated,0,505275.9857,4841353.886,0.07833857421875,0.200467138671875,0.01447143555,80.7232132,11.10623074,441,2.916666667,45000,-0.294921875,0.389059514,0.1436508,5
14624344,2022,dry,annotated,0,505297.9948,4841529.82,0.091063916015625,0.321163916015625,0.05980102539,80.76509857,3.470489264,135,6.0625,45000,-1.641235352,0.096789561,0.008138904,5
14622771,2022,hugo_precise,annotated,1,503861.3293,4835382.671,0.0251967483520508,0.052318701171875,0.1931552734,14.32326984,2.157656431,1107,7.6875,24300,0.139892578,0.671208024,1,4.869918823
14622738,2022,dry,annotated,0,503844.2895,4835464.237,0.0796649108886719,0.2710947265625,0.1923157959,91.34667969,82.22805023,153,2.85,24300,-0.480407715,0.093201756,0.27719298,5
14622842,2022,dry,annotated,0,503945.1977,4835291.721,0.0751639526367188,0.229276733398437,0.05422441406,109.8689575,37.03707886,216,4.777777778,24300,-1.39666748,0.033971727,0.30373317,5
14622848,2022,dry,annotated,0,503955.5323,4835372.129,0.0688741943359375,0.233188720703125,0.1732112915,83.79128265,60.19540787,288,2.818181818,24300,-0.430419922,0.132675529,0.30730050800000003,5
14676403,2022,hugo_precise,annotated,1,495459.3785,4811726.453,0.0399607482910156,0.0840280395507813,0.2277607422,20.05462837,0.499462843,963,6.97826087,95400,-0.035705566,0.107541703,1,5
14676378,2022,dry,annotated,0,495460.2391,4812025.804,0.0521478271484375,0.171360864257812,0.2428130371,40.79553604,15.00711727,450,4.928571429,95400,-0.252349854,0.081924319,0.694041848,5
14676567,2022,dry,annotated,0,495581.75,4811700.857,0.0704880981445312,0.3003619140625,0.09545119629,110.2036514,21.2300415,432,5.25,95400,-1.249053955,0.00196838,0.452380955,5
14676680,2022,dry,annotated,0,495675.6375,4811816.775,0.0648575012207031,0.260566259765625,0.1208250122,94.28257751,18.19247055,261,4.8,95400,-0.874053955,0.014215686,0.12083333,5
14678204,2022,dry,annotated,0,498362.7,4810982.95,0.0861333312988281,0.274603344726563,0.1636833252,123.0836334,58.2204628,369,2.903225806,40500,-0.603637695,0.012200957,0.321296304,5
14678306,2022,dry,annotated,0,498423.3333,4811156.467,0.0707033325195312,0.27930556640625,0.2899255493,110.7559967,36.88363266,189,4.35483871,40500,-0.582641602,0.01521739,0.178431362,5
14678354,2022,terrain,annotated,0,498455.3125,4811062.375,0.0683958312988281,0.186889587402344,0.13661875,118.07621,88.84906006,432,4,40500,-0.97052002,0.110582016,1,5
14678465,2022,dry,annotated,0,498536.6304,4811086.717,0.057868115234375,0.189615942382813,0.2933231873,90.3790741,65.9995575,486,4.14,40500,-0.344238281,0.044815522000000003,0.714975834,5
14678466,2022,em_veg,annotated,0,498556.0938,4810939.969,0.0648322937011719,0.194798962402344,0.1405385498,105.1918945,67.51389313,126,4.965517241,40500,-0.516113281,0.005401235,0.174768522,5
14678491,2022,em_veg,annotated,0,498577.3306,4811003.879,0.0545475830078125,0.131389514160156,0.2329145142,84.18939209,64.93557739,1116,6.888888889,40500,0.136413574,0.055641361,0.681346238,5
14680332,2022,co_precise,annotated,1,502179.0268,4811367.777,0.0382758941650391,0.0606169616699219,0.2061839294,28.18234253,2.239014149,1008,6.72,346500,-0.059692383,0.019650718,1,5
14680124,2022,em_veg,annotated,0,502001.3455,4811305.227,0.0658890930175781,0.167531823730469,0.1974799927,33.38940048,1.302539945,297,5.5,346500,-0.027587891,0,1,5
14680447,2022,dry,annotated,0,502269.6553,4811358.51,0.0628941772460938,0.133976696777344,0.08563398438,34.92389679,26.88127327,864,6.4375,346500,0.069641113,0.113519639,0.984897494,5
14680448,2022,dry,annotated,0,502271.7432,4811219.878,0.0712702697753906,0.297713525390625,0.03091079102,112.0919342,12.53684998,153,6.403846154,346500,-2.004730225,0.017137593,0.153153151,5
14680818,2022,dry,annotated,0,502659.5625,4811043.75,0.05560625,0.153691967773437,0.1995062439,28.33070755,0.841147482,549,6,346500,-0.038726807,0,1,5
14632378,2022,co_precise,annotated,1,511811.76,4821186.72,0.052975,0.111666003417969,0.245951001,20.81946373,1.746391296,702,6.52173913,6195600,-0.848815918,0.23767817,1,5
14631228,2022,dry,annotated,0,511310.6776,4820740.921,0.0836168212890625,0.139435510253906,0.1070411255,56.25766754,16.46665001,243,5.534482759,6195600,-1.396362305,0.082001813,0.693925261,5
14631850,2022,deep_viz,annotated,0,511509.1667,4821426.731,0.0544145324707031,0.0871384643554688,0.06810085449,16.17182732,0.563150287,1053,7.3125,6195600,-0.32333374,0.889463305,1,2.111111164
14631910,2022,deep_viz,annotated,0,511513.1053,4821038.368,0.0525315795898438,0.0751859619140625,0.03243683777,17.90967751,0.402492791,1026,7.125,6195600,0.454437256,1,1,1
14632177,2022,dry,annotated,0,511625.6212,4820946.197,0.0935606079101562,0.2935646484375,0.08009899902,117.0404434,26.57196045,297,4.790322581,6195600,-1.963989258,0.181404054,0.34290269,4.666666508
14685311,2022,dry,annotated,0,511207.9444,4820132.981,0.0756061706542969,0.158522216796875,0.1912876465,30.2257328,4.222430706,198,4.05,6195600,-1.049346924,0.001899335,0.839506149,5
14685728,2022,deep_viz,annotated,0,511454.0377,4819862.632,0.0540613220214844,0.0782933959960938,0.03977641602,18.3526516,0.407123893,954,6.913043478,6195600,-0.024353027,1,1,1
14661621,2022,deep_water,random_draw,0,536466.6351,4826401.905,0.050645947265625,0.0604333312988281,0.01982702942,14.35347843,0.448674679,999,6.9375,5888700,0.245391846,0.986199856,1,1.270270228
14661871,2022,deep_water,random_draw,0,536556.4576,4826348.314,0.0533864379882813,0.0864372863769531,0.0734499939,17.16525841,1.90014565,855,6.807692308,5888700,-0.530822754,0.808966756,0.983898342,3.389830589
14662496,2022,deep_water,random_draw,0,536741.25,4826259.063,0.0534416687011719,0.105323962402344,0.2175489563,25.2598362,4.34790659,819,5.76,5888700,-1.11315918,0.689062536,0.970312536,4.291666508
14662658,2022,deep_water,random_draw,0,536799.1316,4826376.026,0.0483324554443359,0.0574280700683594,0.08240438843,22.23703766,4.688189507,1026,6.576923077,5888700,-0.72668457,0.894914389,1,3.192982435
14662778,2022,deep_water,random_draw,0,536829.4307,4826255.926,0.047553466796875,0.0621346557617187,0.08624455566,20.24053001,2.191184521,909,6.886363636,5888700,-0.793701172,0.961987495,1,2.871287107
14662891,2022,deep_water,random_draw,0,536882.7857,4826168.443,0.0583585693359375,0.128359997558594,0.2320842773,29.83114815,8.418186188,558,4.2,5888700,-1.285064697,0.462986976,0.89142853,5
14663045,2022,deep_water,random_draw,0,536919.743,4826348.537,0.0489906555175781,0.058146728515625,0.1125542114,16.57168007,0.658086956,963,7.295454545,5888700,-0.776092529,0.864706695,1,2.738317728
14663258,2022,deep_water,random_draw,0,537006.6545,4826257.964,0.0482200012207031,0.0658709106445313,0.07164454346,17.382164,0.521050334,990,6.6,5888700,-0.797119141,0.887356222,1,3.009091139
14663928,2022,co_precise,annotated,1,537303.775,4826079.975,0.0475441680908203,0.0733266662597656,0.2191783386,21.74614525,3.976261139,1080,7.2,27000,0.058135986,0.330774575,1,5
14663901,2022,dry,annotated,0,537279.7683,4826169.402,0.0771195129394531,0.237468286132813,0.1903512085,79.15437317,70.57840729,279,2.05,27000,-0.319885254,0.08710131,0.600270987,5
14664275,2022,dry,annotated,0,537445.1283,4826144.137,0.10865751953125,0.323946020507813,0.09346193848,131.8123779,14.48377419,639,5.65,27000,-1.05770874,0.054252103,0.312453002,5
14665429,2022,hugo_precise,annotated,1,537848.4435,4825813.282,0.0432870971679687,0.0736040344238281,0.1545774109,26.35038948,5.956193447,1116,7.153846154,49500,0.004943848,0.552846551,1,5
14665150,2022,dry,annotated,0,537755.2241,4825809.103,0.0624758605957031,0.177467236328125,0.1912293091,83.82843781,21.52835274,369,3.222222222,49500,-0.0050354,0.117908783,0.534386933,4.948276043
14665833,2022,dry,annotated,0,537943.1327,4825808.112,0.066769384765625,0.162771423339844,0.2298224487,59.41543198,32.85616684,108,2.94,49500,0.003326416,0.108092897,0.825993598,5
14665919,2022,dry,annotated,0,537969.2895,4825729.447,0.0748315795898438,0.180319299316406,0.2245912231,79.12639618,48.24997711,207,2.442857143,49500,-0.024414063,0.222889215,0.827485383,5
14668565,2022,shallow_viz,annotated,1,539254.5275,4825503.372,0.0448440368652344,0.0774789001464844,0.2048174316,18.096874239999998,2.529012203,981,6.54,316800,0.011260986,0.10077399,1,5
14668576,2022,shallow_viz,annotated,1,539256.2019,4825565.452,0.0456903839111328,0.0954740356445312,0.2133019165,22.90944672,2.281862736,765,6.782608696,316800,0.011260986,0.078264229,0.949252129,5
14669410,2022,dry,annotated,0,539609.0263,4825625.868,0.0542105285644531,0.137264916992188,0.2254964966,23.32139206,5.746322155,135,3.5625,316800,0.011260986,0.080315135,0.795321643,5
14669865,2022,dry,annotated,0,539829.7364,4825602.136,0.0591818176269531,0.149749096679687,0.213209082,40.63388824,13.47812748,117,3.4375,316800,0.010986328,0.101842754,0.868449211,5
14670073,2022,dry,annotated,0,539924.9464,4825414.714,0.0655339294433594,0.141658923339844,0.1875857056,65.30376434,15.91742992,504,3.5,316800,-0.00390625,0.247355759,1,5
14771081,2022,deep_water,random_draw,0,580263.9762,4821707.31,0.0905976196289062,0.261061108398437,0.05246984863,87.37502289,30.4594059,108,4.2,4500,-0.674713135,0.067669168,0.125583574,4.904761791
14782694,2022,dry,annotated,0,589217.6163,4821956.965,0.0887418579101562,0.188955810546875,0.2443162781,60.33217239,8.464027405,171,2.480769231,70200,-3.05e-5,0.093217611,0.508892,5
14782974,2022,co_precise,annotated,1,589524.2426,4821795.816,0.0749485290527344,0.123741906738281,0.2847882446,49.7508316,7.26922369,1224,6.8,32400,0,0.092339672,0.998269856,5
14783002,2022,dry,annotated,0,589554.1304,4821875.609,0.0817108703613281,0.155376086425781,0.2841717285,40.15699387,7.588113308,828,5.111111111,32400,3.05e-5,0.066404819,0.996803105,5
14783060,2022,co_precise,annotated,1,589646.1688,4821628.863,0.0640178344726562,0.113217199707031,0.2569095581,46.83091736,6.761658192,999,7.85,11700,0.072052002,0.096506462,0.901544452,5
14783043,2022,dry,annotated,0,589621.4167,4821702.083,0.0931361083984375,0.227013891601562,0.2240277832,74.23439026,32.5867157,171,2.16,11700,0.051055908,0.06268955,0.73008579,5
14783077,2022,dry,annotated,0,589682.474,4821578.63,0.119415588378906,0.274106494140625,0.09272988281,107.9827805,29.23939705,351,3.397058824,11700,-0.22744751,0,0.020626433,5
14783132,2022,dry,annotated,0,589739.3824,4821641.471,0.0840558837890625,0.213107348632812,0.2316852966,62.97283554,12.07998848,198,3.777777778,11700,0.072052002,0.027406419,0.471020758,5
14783228,2022,co_precise,annotated,1,589860.0165,4823949.643,0.0510065948486328,0.0836692321777344,0.07626813354,28.89217567,4.76595068,819,6.5,13500,0.01965332,0.701577902,0.576923072,4.186813354
14783155,2022,dry,annotated,0,589793.5408,4823951.663,0.0741591857910156,0.148708166503906,0.2052204163,40.1476059,6.404905796,225,2.227272727,13500,0.01965332,0.247579515,0.409438789,5
14783254,2022,dry,annotated,0,589892.3182,4823879.591,0.06630302734375,0.113859094238281,0.1789378845,29.45638275,13.4105072,243,3.3,13500,0.01965332,0.409475714,0.440845937,4.575757504
14814603,2022,co_precise,annotated,1,580802.7661,4818361.225,0.0547761474609375,0.0997743103027344,0.2826614685,12.30449677,0.659130633,981,6.54,44100,0.005432129,0.391027719,1,5
14814470,2022,dry,annotated,0,580615.9478,4818477.784,0.0989074645996094,0.27185224609375,0.09223730469,60.54360962,10.03747272,108,3.465517241,44100,-0.462860107,0.01705757,0.116086237,5
14814542,2022,dry,annotated,0,580689.87,4818456.3,0.0745200012207031,0.181531005859375,0.1770280151,38.86719131,4.485962868,396,5,44100,-0.07119751,0.068286516,0.267777771,5
14814592,2022,dry,annotated,0,580777.0301,4818474.416,0.0782361450195312,0.216177099609375,0.2016710815,43.89893341,2.88863349,189,4.293103448,44100,-0.017822266,0.024084216,0.133199468,5
14901133,2022,dry,annotated,0,658649.7923,4845338.423,0.0901815368652344,0.252538452148438,0.1797261475,57.80856323,18.79775047,216,3.611111111,350100,-0.031921387,0.145330235,0.434615374,5
14901477,2022,em_veg,annotated,0,658798.7683,4844939.354,0.0761081298828125,0.184464233398438,0.1042943176,57.15856171,9.166284561,909,6.15,350100,0.010467529,0.142453164,0.940379381,5
14902084,2022,dry,annotated,0,659062.7778,4845584.417,0.0781805541992188,0.161977783203125,0.1314703613,44.86108398,9.709458351,954,5.4,350100,0.010040283,0.119557165,0.777777791,5
14902440,2022,em_veg,annotated,0,659211.7901,4844939.943,0.0737007629394531,0.143738928222656,0.06451756592,30.05088806,1.229062915,1089,6.55,350100,0.010742188,0.15268828,0.989094853,5
14902547,2022,dry,annotated,0,659268.0146,4845615.364,0.0871776672363281,0.184165051269531,0.1111320435,41.21070099,1.873234987,900,4.828125,350100,0.010101318,0.07725168,0.70665741,5
14902705,2022,em_veg,annotated,0,659345.7656,4845582.656,0.07958828125,0.178025,0.1214757813,43.9250145,4.94545269,1143,5.818181818,350100,0.009613037,0.041341145,0.705496609,5
14366317,2022,dry,annotated,0,657830.6489,4853621.362,0.100914892578125,0.255994677734375,0.02918405762,115.2929077,16.57185364,117,3.916666667,301500,-0.423034668,0.040336873,0.132218838,4.861701965
14366999,2022,dry,annotated,0,657984.745,4853662.301,0.073931787109375,0.338873510742188,0.1899006592,79.51750946,38.78879547,351,7.55,301500,-2.48425293,0.045084056,0.174392939,4.986754894
14377673,2022,shallow_viz,annotated,1,661070.3974,4864933.885,0.038605126953125,0.11691025390625,0.1900512939,110.3070755,4.491090775,1053,7.02,13500,0.132781982,0.191321507,0.025641026,5
14377783,2022,shallow_viz,annotated,1,661106.4141,4864874.789,0.03746328125,0.12214296875,0.1844640625,100.0435562,3.968973398,1134,7.111111111,13500,0.10647583,0.1484375,0.006835938,5
14377582,2022,dry,annotated,0,661040.7429,4864968.043,0.0556871398925781,0.16214857177734401,0.1514557251,105.3636017,3.399210691,531,4.375,13500,-0.057861328,0.037912086,0.019642858,5
14377661,2022,dry,annotated,0,661048.6047,4864904.651,0.0586139526367188,0.178932556152344,0.1428058228,106.2931595,4.486575603,774,5.16,13500,-0.046051025,0.095259391,0,5
14377781,2022,dry,annotated,0,661106.9508,4864935.836,0.0608254089355469,0.338845092773437,0.08011967773,94.88303375,6.504525661,603,6.1,13500,-0.392669678,0.022698615,0.068647541,5
14377158,2022,deep_water,random_draw,0,660897.5,4866016.403,0.0548290344238281,0.0803129028320313,0.0287612915,22.37236977,0.74848789,837,6.642857143,2193300,0.035583496,0.946142256,1,2.419354916
14377164,2022,deep_water,random_draw,0,660920.9494,4865633.309,0.0999550537109375,0.249558422851562,0.0429404541,84.05622101,11.6326189,189,3.608108108,2193300,-0.428100586,0.2501311,0.23595506,4.764044762
14377233,2022,deep_water,random_draw,0,660923.7414,4865924.948,0.0465919525146484,0.0374241394042969,0.01125632324,21.25680161,0.575646281,783,6.525,2193300,0.035614014,1,1,1
14377236,2022,deep_water,random_draw,0,660922.8871,4865776.468,0.0473516143798828,0.0339924743652344,0.005510754395,21.66753387,0.791416645,837,6.340909091,2193300,0.035583496,1,1,1
14377522,2022,deep_water,random_draw,0,661016.5588,4865927.882,0.0502735290527344,0.0430235290527344,0.01511372375,21.34252167,0.602369785,918,6.652173913,2193300,0.035583496,1,1,1
14377558,2022,deep_water,random_draw,0,661018.3302,4865746.642,0.0480424530029297,0.0345,0.008520755005,21.56615829,0.682962,954,7.227272727,2193300,0.035552979,1,1,1
14377660,2022,deep_water,random_draw,0,661051.5714,4865652.929,0.0738619018554687,0.142983337402344,0.1116880981,33.04372025,28.4115696,144,2.52,2193300,0.035583496,0.298095226,0.623582721,5
14377778,2022,deep_water,random_draw,0,661100.9595,4865991.851,0.07345,0.324540551757812,0.2438837891,90.35124207,51.27706528,423,4.826086957,2193300,-1.447662354,0,0.303303301,5
14377863,2022,deep_water,random_draw,0,661108.1629,4865805.758,0.0579573059082031,0.0946258422851562,0.03081348267,22.20273972,2.27454257,450,6.068181818,2193300,0.035614014,0.601302266,0.713683784,3.876404524
14377227,2022,deep_water,random_draw,0,660923.8761,4866826.638,0.0543706420898437,0.0278981658935547,0.01231284485,18.89851952,0.483233929,981,7.785714286,11312100,0.02142334,1,1,1
14377486,2022,deep_water,random_draw,0,661014.398,4867040.633,0.0531816345214844,0.0254632659912109,0.009511224365,18.89132309,0.462865323,882,6.681818182,11312100,0.02142334,1,1,1
14377654,2022,deep_water,random_draw,0,661046.8043,4866915.196,0.0583282592773438,0.0298934783935547,0.01071195526,18.87767029,0.45660463,828,6.9,11312100,0.02142334,1,1,1
14378109,2022,deep_water,random_draw,0,661196.4588,4867154.768,0.0553701049804688,0.0262402069091797,0.01207732086,18.25505829,0.349823207,873,6.613636364,11312100,0.021453857,1,1,1
14378154,2022,deep_water,random_draw,0,661223.2909,4867006.964,0.0590218200683594,0.0311072723388672,0.01367818298,19.15736389,0.508143902,990,6.875,11312100,0.02142334,1,1,1
14378458,2022,deep_water,random_draw,0,661314.3,4867127.7,0.0587090026855469,0.0296950012207031,0.01197100067,19.43448067,0.480075032,900,7.142857143,11312100,0.02142334,1,1,1
14378806,2022,deep_water,random_draw,0,661436.6563,4867787.625,0.0562854187011719,0.0242625,0.01430416718,18.79853249,0.454662174,864,6.545454545,11312100,0.02142334,1,1,1
14378919,2022,deep_water,random_draw,0,661468.3636,4867211.073,0.0734418151855469,0.0813045471191406,0.02267363892,33.9368782,20.34624863,972,5.892857143,11312100,0.021270752,0.796969712,0.992207766,4.090909004
14379146,2022,deep_water,random_draw,0,661559.3438,4867394.016,0.06219765625,0.04970703125,0.01575703125,38.6672554,42.65893173,630,7.384615385,11312100,0.02142334,0.672443986,0.96875,3.3984375
14379210,2022,deep_water,random_draw,0,661583.9362,4867517.426,0.05697021484375,0.0363319152832031,0.01921383057,19.68534088,0.584163785,846,7.05,11312100,0.02142334,1,1,1.56382978
14386850,2022,hugo_precise,annotated,1,664169.6849,4868267.685,0.0350327728271484,0.0512655456542969,5.210083008e-4,33.49471283,1.77418673,1071,7.14,7200,0.006439209,0.20857507,0.82668066,5
14386689,2022,dry,annotated,0,664136.1818,4868231.284,0.0627579528808594,0.151085229492188,0.0508875,98.63617706,20.54297066,261,4.714285714,7200,-0.236663818,0.04707792,0.073232323,5
14386981,2022,dry,annotated,0,664197.2727,4868268.591,0.0498954559326172,0.122351513671875,0.0729833313,72.12207031,8.827747345,342,3.807692308,7200,0.006408691,0.091472,0.464393944,5
14386149,2022,dry,annotated,0,663989.0379,4868500.79,0.0745675842285156,0.179430346679687,0.01202965088,71.86531067,24.29621887,522,4.027777778,33300,-0.803161621,0.355382323,0.516475081,4.6965518
14386269,2022,dry,annotated,0,664023.1709,4868401.234,0.0553189880371094,0.115130383300781,0.0463696228,49.66642761,18.02392769,468,4.388888889,33300,8.24e-4,0.687088609,0.834036589,4.341772079
14386848,2022,dry,annotated,0,664166.7245,4868474.235,0.0510836730957031,0.105177551269531,0.03023876953,27.29713821,5.223106861,234,2.826923077,33300,6.71e-4,0.615986407,0.609977305,3.714285612
14388141,2022,dry,annotated,0,664563.1667,4868912.208,0.0815875,0.2003875,0.0281458374,95.39334106,28.19948578,117,3.6,53100,-0.302307129,0.157986104,0.20891203,4.819444656
14388243,2022,dry,annotated,0,664614.5625,4869023.759,0.0698758911132813,0.208866064453125,0.05871428223,89.83734131,17.98695564,486,4.941176471,53100,-0.855957031,0.243982911,0.453372985,4.517857075
14388382,2022,em_veg,annotated,0,664646.2031,4868832.047,0.049875,0.110815625,0.0113484375,46.22447586,14.97571087,216,4,53100,0.060180664,0.398828149,0.837053597,4.765625
14388474,2022,em_veg,annotated,0,664682.3036,4868976.857,0.0629982116699219,0.166005358886719,0.065425,57.82875824,15.85862446,351,3,53100,0.048706055,0.517857134,0.658730149,4.303571224
14388552,2022,dry,annotated,0,664703.9536,4868649.077,0.0733979370117187,0.237984545898438,0.05219794922,87.88280487,26.07642937,180,4.85,53100,-1.65246582,0.05773196,0.410898387,5
14387788,2022,shallow_viz,annotated,1,664465.1769,4875082.292,0.0325207702636719,0.0530099975585938,0.01857615662,28.43165016,1.98829937,1062,7.8,45900,0.09387207,0.489475936,0.726153851,5
14388043,2022,shallow_viz,annotated,1,664529.7936,4875012.729,0.0278844024658203,0.0398045867919922,0.02131651611,21.63679504,1.009054303,981,7.108695652,45900,0.09387207,0.485594153,0.938837945,5
14387628,2022,dry,annotated,0,664407.6493,4875022.813,0.072244775390625,0.165891040039062,0.0753850708,70.20820618,9.891885757,243,3.241935484,45900,-0.123626709,0.064467579,0.067164183,5
14388352,2022,dry,annotated,0,664650.9457,4874981.674,0.0564489135742188,0.14016630859375,0.06745109253,83.91853333,27.83456802,828,4.3125,45900,-0.072967529,0.268279403,0,5
14388774,2022,dry,annotated,0,664770.0652,4874963.848,0.0561884033203125,0.14000869140625,0.0684710083,59.54923248,9.027727127,621,3.696428571,45900,-0.081207275,0.452827543,0,5.000000477
14388072,2022,hugo_precise,annotated,1,664557.2528,4875677.713,0.0458438201904297,0.08790224609375,0.0363786499,41.6442337,3.91090107,801,5.134615385,362700,0.002105713,0.513732851,1,5
14387624,2022,dry,annotated,0,664405.0465,4875637.953,0.0560697692871094,0.132477905273438,0.03340465088,58.15449524,11.43701553,774,4.777777778,362700,0.006072998,0.154150948,0.353820622,5
14387711,2022,deep_viz,annotated,0,664436.7617,4875827.593,0.0397140197753906,0.0464383178710938,0.02478130798,43.90291977,0.848969936,963,7.295454545,362700,0.006195068,0.980863333,1,2.598130941
14387805,2022,deep_viz,annotated,0,664465.6485,4875734.896,0.0402148529052734,0.0468435638427734,0.0257108902,43.16766357,0.720993817,909,6.06,362700,0.006164551,0.969354033,1,2
14388137,2022,dry,annotated,0,664581.4655,4876004.121,0.0684137939453125,0.152987927246094,0.05301551514,58.39316559,14.64380836,180,3.222222222,362700,-0.02835083,0.461383373,0.754310369,4.655172348
14388169,2022,deep_viz,annotated,0,664585.9206,4875800.621,0.0389644866943359,0.0517056091308594,0.03348691711,41.09281158,0.548976183,963,6.173076923,362700,0.006195068,1,1,2
14388745,2022,em_veg,annotated,0,664764.7069,4875699.293,0.0637965515136719,0.156613793945312,0.1016137939,82.28643799,14.88971615,630,4.078125,362700,0.004821777,0.160919547,0.53946358,5
14389437,2022,em_veg,annotated,0,664940.4091,4876067.409,0.0569318176269531,0.130704541015625,0.03144848022,51.22308731,4.886942387,558,3.666666667,362700,0.006195068,0.292592585,0.406926423,5
14390177,2022,dry,annotated,0,665130.3871,4875951.968,0.0583451599121094,0.145625805664062,0.03555,57.87971115,8.437199593,351,3.321428571,362700,0.006164551,0.232678488,0.543778837,5
14390301,2022,em_veg,annotated,0,665150.9227,4876184.644,0.0572989685058594,0.134967004394531,0.02839381104,43.52797699,1.783835053,873,5.596153846,362700,0.006164551,0.210652933,0.294501722,5
14387066,2022,hugo_precise,annotated,1,664227.5857,4875463.929,0.0536514282226562,0.117767614746094,0.03772475586,33.9204483,4.113558769,855,6.057692308,3738600,0.01953125,0.630201995,0.986394584,5
14386449,2022,deep_viz,annotated,0,664076.5825,4875497.582,0.0569793823242188,0.0842958740234375,0.04626907043,26.50801086,0.821553886,873,6.928571429,3738600,0.019561768,1,1,1
14387205,2022,dry,annotated,0,664279.9021,4876046.675,0.059136083984375,0.147334020996094,0.02406804199,71.60408783,23.42105103,594,5.196428571,3738600,-0.082702637,0.507768929,0.66308707,4.463917732
14387287,2022,deep_viz,annotated,0,664290.6102,4875585.763,0.0520915283203125,0.0893449157714844,0.04474237366,29.1580677,0.817281127,1062,7.08,3738600,0.01953125,0.955315888,1,2.483050823
14387343,2022,dry,annotated,0,664317.6325,4875527.765,0.0643048217773438,0.209709643554687,0.0614602417,89.57106018,18.33813286,513,4.446428571,3738600,-0.081115723,0.334611148,0.655335605,5
14387436,2022,deep_viz,annotated,0,664344.5938,4875703.75,0.0539083312988281,0.115908337402344,0.0491802124,31.22640991,3.740601301,612,6,3738600,0.01953125,0.868213356,1,3.291666746
14387506,2022,dry,annotated,0,664349.5408,4875973.378,0.0613714294433594,0.150318371582031,0.06324082031,29.78952026,3.638084173,225,2.722222222,3738600,0.01953125,0.550967395,0.897959173,4.142857075
14387774,2022,dry,annotated,0,664442.7414,4876844.741,0.0582666687011719,0.142251721191406,0.0392092041,93.35035706,26.17005157,261,5.019230769,8100,-1.210632324,0.225506306,0.294540226,5
14286112,2022,hugo_precise,annotated,1,664074.4831,4881120.941,0.031338134765625,0.0474677978515625,0.01580254211,29.77217102,12.07437229,1062,7.375,143100,0.013336182,0.410019964,0.715092838,5
14285822,2022,dry,annotated,0,663843.0181,4880788.789,0.0793228942871094,0.211253002929687,0.04768553467,71.03044128,15.09060574,297,4.016129032,143100,-0.199829102,0.084654406,0.234939754,5
14286139,2022,dry,annotated,0,664111.0479,4880999.486,0.0459561645507812,0.108823291015625,0.06189041443,74.06442261,29.18865395,531,4.5625,143100,-0.085723877,0.200608835,0.630136967,5
14286163,2022,dry,annotated,0,664173.7154,4881048.508,0.0645330749511719,0.176529235839844,0.04150770264,83.68139648,24.37401199,441,6.964285714,143100,-0.178009033,0.021918258,0.11923077,5
14286220,2022,em_veg,annotated,0,664337.4722,4893173.472,0.0345601837158203,0.0519287048339844,0.009580554199,27.95908356,2.753041029,972,7.043478261,43200,0.06842041,1,1,3
14286225,2022,em_veg,annotated,0,664343.125,4893054.4,0.0297216674804687,0.0378549987792969,0.00751166687,18.94936752,0.456042796,1080,7.5,43200,0.06842041,1,1,2.683333397
14286233,2022,dry,annotated,0,664387.4375,4893023.406,0.053765625,0.155180212402344,0.0867552124,49.83407593,4.90376997,441,4.64516129,43200,0.066314697,0.497916639,0.460416645,4.489583492
14286277,2022,em_veg,annotated,0,664431.7564,4893173.628,0.0272350433349609,0.0364905975341797,0.009250427246,29.3915863,1.110824943,1053,7.630434783,43200,0.06842041,0.997698843,0.994560957,2.239316225
14286353,2022,dry,annotated,0,664492.0102,4893144.643,0.0688183654785156,0.283586743164063,0.08507958984,77.09941101,6.059149742,207,5.444444444,43200,-0.972473145,0.088163264,0.042671613,5
14285870,2022,deep_water,random_draw,0,663907.3909,4895579.1,0.0548963623046875,0.134241821289063,0.0212309082,42.75215149,18.08701515,189,3.173076923,2700,0.013793945,0.423969686,0.584756672,4.254545689
14285765,2022,deep_water,random_draw,0,663806.1429,4896144.184,0.0440663269042969,0.0851367370605469,0.02551837158,27.3626976,27.51770973,360,6.125,185400,0.090759277,0.78441131100000006,0.739795923,3.367347002
14285804,2022,deep_water,random_draw,0,663833.9423,4895904.577,0.0316269226074219,0.0341769226074219,0.01582115479,18.56674385,0.379544765,936,6.782608696,185400,0.128356934,1,1,1
14285891,2022,deep_water,random_draw,0,663897,4896024,0.0320339996337891,0.034175,0.01566299896,18.79165459,0.347522318,900,7.5,185400,0.128356934,1,1,1
14285923,2022,deep_water,random_draw,0,663925.8925,4895752.668,0.0343719635009766,0.0354775695800781,0.01417476501,19.43115425,0.424334317,963,7.295454545,185400,0.128326416,1,1,1
14285986,2022,deep_water,random_draw,0,663977.8475,4896236.593,0.0363991516113281,0.055114404296875,0.01055592957,19.8161068,0.431148797,1053,7.08,185400,0.128356934,0.980677962,0.993220389,1.661016941
14286015,2022,deep_water,random_draw,0,663987.1634,4896143.866,0.0331396026611328,0.0419990112304688,0.01345247803,19.05793762,0.367653459,909,7.214285714,185400,0.128356934,1,1,1
14286097,2022,deep_water,random_draw,0,664071.1818,4896357.864,0.0665848510742188,0.212675756835938,0.03525909424,90.62319946,38.44110107,153,3.3,185400,0.051422119,0.224848479,0.25757575,4.742424011
14286145,2022,deep_water,random_draw,0,664133.925,4895823.1,0.0367966674804688,0.0575700012207031,0.01162583313,19.76199341,0.794423223,1080,7.2,185400,0.128112793,0.9526667,0.953703701,2.183333397
14286156,2022,deep_water,random_draw,0,664164.0968,4895718.677,0.0427830657958984,0.0708403198242187,0.0114,21.89600372,1.629314303,1080,6.888888889,185400,0.128326416,0.879354835,0.974910378,3.524193525
14286196,2022,deep_water,random_draw,0,664284.6667,4895888.833,0.0590333312988281,0.140695837402344,0.0487638855,49.74655914,15.80366135,477,3.483870968,185400,0.076934814,0.477444261,0.742284,5
14285732,2022,em_veg,random_draw,0,663770.8579,4896746.889,0.0540852661132813,0.1353,0.0153989502,97.51305389,54.88351822,117,5.089285714,4500,-0.011413574,0.153070182,0.05157895,5
14285577,2022,dry,annotated,0,663631.2,4897382.7,0.0760630004882813,0.257382006835937,0.03392299805,103.6413269,14.190382,180,5.357142857,25200,-0.142272949,0.050000001,0.217999995,5
14285717,2022,dry,annotated,0,663755.2759,4897374.026,0.0824801696777344,0.250217236328125,0.03086811523,100.9146881,14.19248772,324,6.444444444,25200,-0.069091797,0.110501572,0.224137932,5
14285384,2022,dry,annotated,0,663416.3354,4901793.513,0.0697949340820312,0.192878479003906,0.03919746094,75.42830658,50.04849625,450,5.152173913,163800,-0.133026123,0.085855812,0.574683487,4.898734093
14285440,2022,deep_viz,annotated,0,663474.125,4901727.656,0.05691875,0.0707895812988281,0.0320583313,28.20894051,0.405617028,864,6.857142857,163800,0.001373291,1,1,1
14285465,2022,deep_viz,annotated,0,663503.8243,4901813.716,0.0515603576660156,0.0693954956054687,0.02750990906,27.50881958,0.500501633,999,7.239130435,163800,0.001373291,0.960687995,1,1.576576591
14285506,2022,dry,annotated,0,663545.6071,4901652.929,0.0768880981445313,0.224307153320313,0.008217871094,100.4420242,41.66610336,135,5.25,163800,-0.123901367,0.15321584,0.273809522,4.821428776
14057635,2022,deep_water,random_draw,0,657167.9071,4912376.615,0.0381088500976563,0.151215930175781,0.02131947021,46.08346939,3.732244492,648,6.78,2700,0.233398438,0.253318578,0.069714852,5
14058096,2022,dry,annotated,0,657241.3421,4919973.026,0.0767035095214844,0.189436840820313,0.04114737549,85.84103394,8.705694199,135,3.5625,17100,-0.345947266,0.222473741,0.263157904,4.70175457
14057078,2022,dry,annotated,0,657076.8652,4920449.778,0.086413916015625,0.216047827148438,0.03062172852,99.35365295,21.42558289,126,4.928571429,18900,-0.276672363,0.234128088,0.3486166,4.878261089
14057084,2022,dry,annotated,0,657085.1727,4920246.409,0.0749200012207031,0.182478186035156,0.1180254639,86.47025299,14.30943394,225,3.055555556,18900,-0.010803223,0.625579953,0.90413224699999994,4.545454502
14057550,2022,dry,annotated,0,657149.5141,4920308.43,0.0776070434570312,0.187514086914062,0.05786055908,82.19871521,11.75190449,189,3.944444444,18900,-0.059326172,0.349159479,0.508322656,4.70422554
14058148,2022,dry,annotated,0,657240.7653,4923176.173,0.0730061218261719,0.155332653808594,0.07061428223,72.27745056,31.67759895,225,2.625,56700,-0.137176514,0.379591823,0.510204077,4.489795685
14058394,2022,dry,annotated,0,657301.4362,4923294.734,0.0873255310058594,0.244477661132812,0.03015744629,111.3210526,13.07091999,378,4.40625,56700,-0.657806396,0.069454633,0.203094766,5
14058395,2022,deep_viz,annotated,0,657294.3673,4923212.082,0.0484989807128906,0.0569091857910156,0.02391428833,20.44827652,0.988155961,882,6.125,56700,0.08190918,1,1,1
14058735,2022,deep_viz,annotated,0,657353.7816,4923180.481,0.0501116516113281,0.0540932067871094,0.02357475891,21.13427544,0.958311677,927,7.357142857,56700,0.08190918,1,1,1
14059120,2022,deep_viz,annotated,0,657446.73,4923177.03,0.052072998046875,0.0583830017089844,0.02661400146,19.3197155,1.034047604,900,6.52173913,56700,0.08190918,1,1,1
14059577,2022,dry,annotated,0,657596.6653,4923153.062,0.0750545471191406,0.252840502929688,0.01510578613,98.26185608,41.32751846,207,5.5,56700,-0.613311768,0.006336089,0.017280241,5
14056501,2022,deep_water,random_draw,0,656950.7625,4924368.675,0.0641325012207031,0.19949375,0.02685,73.3227005,54.53800583,603,4.285714286,4978800,-1.459960938,0.794285655,0.837499976,4.087500095
14056872,2022,deep_water,random_draw,0,657024.4706,4924291.765,0.0300088226318359,0.0359401947021484,0.01190588074,23.70913506,1.048527241,918,6.652173913,4978800,0.13772583,1,1,1
14057065,2022,deep_water,random_draw,0,657057.2368,4924380.711,0.0379484222412109,0.0350084197998047,0.01231578827,30.12858772,1.562446475,855,7.125,4978800,0.13772583,1,1,1
14057187,2022,deep_water,random_draw,0,657086.3532,4924529.188,0.033982568359375,0.0315963317871094,0.007936698914,29.74474335,0.986640692,981,7.431818182,4978800,0.13772583,1,1,1
14057394,2022,deep_water,random_draw,0,657121.3899,4924172.546,0.0421045867919922,0.0384137603759766,0.0156064209,27.21184921,1.412577748,981,6.8125,4978800,0.13772583,1,1,1
14057727,2022,deep_water,random_draw,0,657176.0769,4924469.913,0.0424586547851563,0.0361519226074219,0.0146384613,29.57428741,0.905528605,936,7.428571429,4978800,0.137695313,1,1,1
14058444,2022,deep_water,random_draw,0,657293.8548,4924169.952,0.0426107513427734,0.0389774200439453,0.01716774292,28.63729095,2.500624657,837,6.975,4978800,0.13772583,1,1,1
14058579,2022,deep_water,random_draw,0,657326.2143,4924292.643,0.0496609527587891,0.042801904296875,0.02100476074,29.41763878,1.914931655,945,7.5,4978800,0.13772583,1,1,1
14058721,2022,deep_water,random_draw,0,657357.5732,4924498.866,0.0429731719970703,0.0569065063476562,0.00710975952099999,29.47982597,8.596336365,1107,7.38,4978800,0.128417969,0.983739853,1,2.560975552
14058766,2022,deep_water,random_draw,0,657356.7692,4924053.346,0.0432144226074219,0.0413326934814453,0.01953461609,29.18421173,2.189009666,936,6.5,4978800,0.137695313,1,1,1
14056064,2022,em_veg,annotated,0,656789.4588,4924388.644,0.0341659790039062,0.0737402038574219,0.01660618896,43.37984085,13.0000267,396,5.82,16200,-0.022796631,0.571411252,0.694158077,3.835051537
14056118,2022,em_veg,annotated,0,656816.413,4924256.543,0.0645804321289063,0.168404345703125,0.01126520996,102.3817368,38.66544342,162,2.15625,16200,-0.363067627,0.528571427,0.666666687,4.239130497
14056140,2022,em_veg,annotated,0,656827.1348,4924439.935,0.0656034790039063,0.170112170410156,0.0235043457,108.434967,16.06100273,441,5.564516129,16200,-0.346466064,0.400037438,0.313768119,4.243478298
14056168,2022,deep_viz,annotated,0,656840.4474,4924352.816,0.0305912292480469,0.0423657897949219,0.009812280273,24.58112526,0.991403759,1026,7.434782609,16200,0.063781738,1,1,1.315789461
14056192,2022,deep_viz,annotated,0,656847.6667,4924289.024,0.0274730163574219,0.0394158721923828,0.005780157471,24.00804329,1.015426159,1134,7.875,16200,0.063781738,1,1,1.5
14056240,2022,dry,annotated,0,656877.1392,4924920.758,0.0873164978027344,0.238214428710938,0.008111352539,90.2557373,8.119956017,279,3.464285714,424800,-1.381988525,0.182427883,0.232427374,5
14056471,2022,dry,annotated,0,656941.7621,4924742.636,0.0921058227539062,0.253758251953125,0.003773779297,102.6315079,20.68528938,504,3.961538462,424800,-0.629272461,0.156510696,0.229773462,4.864077568
14056895,2022,dry,annotated,0,657029.9659,4925838.068,0.0777272705078125,0.196321594238281,0.01312955322,97.62980652,13.23302555,198,2.933333333,424800,-0.547973633,0.22794117,0.211538464,4.75
14057086,2022,em_veg,annotated,0,657081.1027,4925164.253,0.0479164398193359,0.1180013671875,0.04660274048,112.2494812,40.77410507,360,4.211538462,424800,-0.186706543,0.415906519,0.371419698,4.6712327
14057298,2022,glint,annotated,0,657128.5435,4925013.978,0.117576086425781,0.290939135742187,0.009958691406,120.5117111,13.39235401,117,4.75862069,424800,-0.806549072,0.033227704,0.070652172,5
14057490,2022,em_veg,annotated,0,657151.8529,4925232.794,0.0576294128417969,0.14685146484375,0.06495,114.6150665,15.32570553,486,3.290322581,424800,-0.404541016,0.390841275,0.12009804,4.926470757
14058515,2022,em_veg,annotated,0,657318.1765,4925306.404,0.0683264709472656,0.175731616210937,0.02583455811,85.72356415,17.72608185,432,7.555555556,424800,-0.619628906,0.3713938,0.392769605,4.647058964
14055577,2022,dry,annotated,0,656607.3403,4924710.492,0.0731184875488281,0.226830249023438,0.03111176758,95.21082306,7.442144394,135,5.409090909,57600,-0.503997803,0.129615486,0.126050428,4.873949528
14055684,2022,em_veg,annotated,0,656663.6786,4924690.661,0.0645339294433594,0.153051782226562,0.007482141113,100.8257065,17.4071579,441,2.709677419,57600,-0.18939209,0.49321726,0.79383117,4.125
14055716,2022,deep_viz,annotated,0,656663.9444,4924769.167,0.0298768524169922,0.0367083343505859,0.007843518066,24.92362785,0.793912053,972,7.043478261,57600,0.041687012,0.978634596,1,2.740740776
14055868,2022,deep_viz,annotated,0,656723.7059,4924833.235,0.0330490203857422,0.0466588226318359,0.01003039246,23.6599102,0.921259165,918,6.954545455,57600,0.041687012,0.994623661,1,1.617647052
14055984,2022,deep_viz,annotated,0,656756.5825,4924740.232,0.0320226806640625,0.038836083984375,0.008698971558,26.37220192,1.143727779,873,6.928571429,57600,0.041687012,0.962981582,1,1.484536052
14055988,2022,dry,annotated,0,656758.4655,4924891.5,0.0848413818359375,0.246063208007813,0.003916113281,95.1426239,5.058794022,423,4.5,57600,-0.726745605,0.478448272,0.480842918,4.459770203
14056092,2022,em_veg,annotated,0,656820.3462,4924769.942,0.0632038452148437,0.180319226074219,0.03319615479,66.19648743,10.000844,234,2.689655172,57600,-0.371795654,0.578945577,0.225961536,4.807692528
14056207,2022,em_veg,annotated,0,656854.6224,4924683,0.0662285705566406,0.178104077148438,0.02784797363,99.01917267,7.148498058,180,5.25,57600,-0.485473633,0.222193882,0.185374156,4.795918465
14055891,2022,deep_water,random_draw,0,656725.8111,4926149.278,0.0275940734863281,0.0519140747070313,0.02411777954,115.1356583,15.30356789,1215,7.5,35100,-0.081970215,0.540626466,0.328888893,5
14056137,2022,deep_water,random_draw,0,656834.0185,4926036.685,0.0378407409667969,0.0826543212890625,0.0615555542,94.95834351,6.915736675,621,5.0625,35100,-0.101989746,0.337587446,0.60082304499999994,5
14056276,2022,deep_water,random_draw,0,656883.575,4926180.25,0.0301850006103516,0.0472808319091797,0.02522000427,93.16532135,12.19989872,1080,7.2,35100,0.074554443,0.269113749,0.472916663,5
14055730,2022,deep_viz,annotated,0,656666.2119,4926602.186,0.0249661010742188,0.0343703399658203,0.001465252686,27.75762749,2.150712729,1062,7.695652174,46800,0.0909729,1,1,1.38983047
14055732,2022,deep_viz,annotated,0,656670.4134,4926510.933,0.0243677169799805,0.037518896484375,0.00890236206099999,25.85416412,10.50794601,1143,7.62,46800,0.0909729,0.921787024,0.964264035,3.464566946
14055838,2022,dry,annotated,0,656718.2797,4926410.873,0.0503923736572266,0.126567797851562,0.09782202148,66.63833618,23.55668449,216,5.709677419,46800,-1.896850586,0.066839807,0.087827429,5
14055938,2022,dry,annotated,0,656754.2826,4926814.674,0.0558057983398437,0.188969567871094,0.01425507813,102.6285095,30.89632225,144,4.5,46800,-0.311767578,0.074801303,0.084321477,5
14055939,2022,dry,annotated,0,656753.8274,4926599.27,0.0707672546386719,0.242677001953125,0.03682744141,59.13552475,6.784831047,288,5.467741935,46800,-3.992858887,0.226548672,0.28318584,4.716814041
14055971,2022,deep_viz,annotated,0,656756.8158,4926692.895,0.0303552642822266,0.0420421051025391,0.004109649658,23.49363518,0.914910436,1026,7.434782609,46800,0.0909729,1,0.941970348,1.929824591
14056159,2022,em_veg,annotated,0,656833.1757,4926570.811,0.0669270263671875,0.20970810546875,0.00433918457,74.14506531,43.66550827,342,3.46875,746100,-1.510375977,0.462162137,0.588357627,4.486486435
14056221,2022,deep_viz,annotated,0,656866.8391,4926720.926,0.0512713073730469,0.0399313049316406,0.007760870361,38.99218369,1.752693057,1035,7.1875,746100,0.083740234,1,1,1.017391324
14056252,2022,deep_viz,annotated,0,656873.9037,4926598.94,0.0490311920166016,0.0418210998535156,0.00566421814,39.41452026,0.754310668,981,7.108695652,746100,0.083740234,1,1,1.752293587
14056288,2022,dry,annotated,0,656890.6791,4926894.201,0.0844626892089844,0.23734775390625,0.01287165527,105.055687,15.33596325,270,3.465517241,746100,-0.838470459,0.254424304,0.468427122,4.552238941
14056346,2022,dry,annotated,0,656917.1444,4926535.967,0.0688614807128906,0.231536303710938,0.0275111084,69.81672668,14.76793003,459,6.136363636,746100,-1.93157959,0.244219974,0.377777785,4.622222424
14056447,2022,deep_viz,annotated,0,656933.7857,4926812.214,0.0523533325195312,0.0408761901855469,0.00759428405799999,37.73316956,1.189306974,945,7.5,746100,0.083770752,1,1,1
14056745,2022,em_veg,annotated,0,656999.5303,4926940.227,0.0656383850097656,0.174942419433594,0.01535354004,90.93678284,9.806329727,126,6.1875,746100,-0.345092773,0.179797977,0.130536139,4.858585835
14057246,2022,dry,annotated,0,657107.55,4926918.338,0.0741325012207031,0.205869995117188,0.01071875,98.19680786,17.40873337,693,4.444444444,746100,-0.710174561,0.179537818,0.463461548,4.037499905
14057926,2022,em_veg,annotated,0,657210.6383,4927023.255,0.0696542541503906,0.1879095703125,0.02276064453,93.69252014,15.25039005,153,5.875,746100,-0.3722229,0.065764025,0.296235681,4.819149017
14055415,2022,dry,annotated,0,656514.6864,4930703.873,0.0787830505371094,0.233630517578125,0.01660510254,77.98209381,17.80169868,117,3.403846154,48600,-1.101867676,0.206123546,0.22033897,4.779661179
14055476,2022,terrain,annotated,0,656547.2586,4930652.638,0.0469482757568359,0.102310345458984,0.03546379395,27.85137177,12.41766357,180,4.142857143,48600,-0.021789551,0.340378195,0.37787357,3.896551609
14055668,2022,terrain,annotated,0,656636.0806,4930746.823,0.0599387084960937,0.133014514160156,0.05201452637,49.63999176,15.09171963,378,3.321428571,48600,6.1e-4,0.712799191,0.870967805,4.225806236
14055913,2022,terrain,annotated,0,656724.7241,4930562.534,0.0506241394042969,0.100006896972656,0.04363793335,26.13704681,9.148311615,414,3.346153846,48600,0.005004883,0.825138986,0.931034505,3.827586174
14055997,2022,dry,annotated,0,656759.9063,4930656.844,0.0653125,0.149596875,0.056559375,50.71837997,25.66638756,171,2.086956522,48600,0.005004883,0.612931013,0.596354187,4.15625
14055785,2022,shallow_viz,annotated,1,656696.135,4931796.69,0.0422744537353516,0.118519702148438,0.04093284302,47.29851913,5.750018597,684,7.086206897,7200,0.178161621,0.132299274,0.021289539,5
14055799,2022,shallow_viz,annotated,1,656698.1111,4931728,0.0325027770996094,0.0764879638671875,0.03122962952,95.6608963,1.499756575,972,6.75,7200,0.186584473,0.121212125,0,5
14055900,2022,dry,annotated,0,656730.3934,4931761.697,0.0676827880859375,0.2546376953125,0.08911474609,80.06748962,3.004886627,531,5.71875,7200,-0.202209473,0.047265358,0,5
14056780,2022,deep_viz,annotated,0,657020.1466,4932843.155,0.0465534484863281,0.0697112060546875,0.07751638184,22.27932167,3.830191612,1026,6.96,463500,0.029541016,0.686955273,0.982758641,3.353448391
14056939,2022,dry,annotated,0,657052.0946,4932630.203,0.0784756774902344,0.188294592285156,0.1228189209,64.82286835,39.45728683,171,2.055555556,463500,-0.03805542,0.513513505,0.560196579,4.486486435
14057010,2022,deep_viz,annotated,0,657053.4091,4932779.621,0.0441939392089844,0.0464929290771484,0.008839395142,21.59827232,0.655361295,891,6.456521739,463500,0.029571533,1,1,1
14057602,2022,dry,annotated,0,657161.4459,4932680.635,0.100303601074219,0.273759448242188,0.01579638672,98.04694366,11.13310623,189,4.5,463500,-0.433685303,0.137066379,0.261261255,4.846847057
14057750,2022,dry,annotated,0,657178.8529,4932870.688,0.084788232421875,0.225128247070313,0.01505178223,76.2372818,11.89344597,423,4.112903226,463500,0.029541016,0.439584941,0.649019599,4.764705658
14057771,2022,deep_viz,annotated,0,657183.2634,4932781.844,0.0440091613769531,0.0503519073486328,0.01807938843,22.14173889,0.747723341,1179,7.86,463500,0.029541016,0.993247211,1,1.526717544
14062195,2022,co_precise,annotated,1,658463.82,4932363.924,0.0348544006347656,0.0627984008789062,0.1473240051,28.50208282,1.021847248,1125,7.5,161100,6.1e-4,0.546159565,1,4.8800001140000004
14062013,2022,em_veg,annotated,0,658410.6429,4932418.114,0.0521,0.131945715332031,0.1933457214,27.96088791,1.134388328,414,4.375,161100,6.1e-4,0.113300495,0.676190495,5
14062375,2022,em_veg,annotated,0,658526.3526,4932081.268,0.0518673706054687,0.127451574707031,0.1862663055,36.24214935,4.246819019,441,5.277777778,161100,6.1e-4,0.109994821,0.878947377,4.936841965
14062380,2022,deep_viz,annotated,0,658522.32,4932275.49,0.0335399993896484,0.0507519989013672,0.02508099976,21.38837814,1.619756937,900,6.818181818,161100,6.1e-4,0.907241344,1,1
14062547,2022,em_veg,annotated,0,658574.6316,4932443.974,0.0576666687011719,0.140387719726562,0.2157122711,35.12159729,4.324925423,585,5.34375,161100,6.1e-4,0.066243194,0.817251444,5
14062681,2022,deep_viz,annotated,0,658615.3485,4932209.955,0.0347202026367188,0.0512232299804687,0.02564848175,22.53799248,1.591971993,891,6.75,161100,6.1e-4,1,1,1
14062768,2022,deep_viz,annotated,0,658644.0294,4932357.206,0.0343450988769531,0.0528088256835937,0.0242166687,22.66672325,1.354155183,918,6.375,161100,6.1e-4,1,1,1
14063124,2022,terrain,annotated,0,658729.2375,4932484.463,0.102947497558594,0.248242504882812,0.07503000488,108.0124359,33.84633636,180,4.615384615,161100,-0.287658691,0.102770939,0.253125012,4.75
14063253,2022,dry,annotated,0,658746.875,4932193.156,0.0694947937011719,0.226551049804687,0.1595708313,77.38758087,25.83535957,180,4.965517241,161100,-0.008544922,0.10221675,0.290798604,5
14063392,2022,dry,annotated,0,658773.3438,4932327.5,0.067028125,0.229382299804687,0.04265,82.44070435,30.9197979,315,6,161100,-0.762817383,0.283564806,0.364583343,4.635416508
14061849,2022,dry,annotated,0,658354.6429,4932815.357,0.067096826171875,0.183788891601563,0.1518317474,79.14722443,17.3312149,144,3.634615385,13500,0,0,0.157407403,5
14072177,2022,em_veg,random_draw,0,660737.7083,4932476.875,0.0746097229003906,0.195381945800781,0.053159729,83.96805573,7.270288944,360,3.724137931,13500,-0.08795166,0.167136759,0.043209877,5
14072461,2022,em_veg,random_draw,0,660807.0577,4932387.548,0.0680990356445313,0.169942309570313,0.0698894165,77.95140076,6.285422325,189,5.571428571,13500,-0.089355469,0.128846154,0,5
14072939,2022,em_veg,random_draw,0,660893.8012,4932461.114,0.0718614440917969,0.184504821777344,0.1031939697,88.0766449,8.345793724,414,4.016129032,13500,-0.067718506,0.147513136,0,4.795180798
14069895,2022,em_veg,annotated,0,660171.6702,4937555.713,0.0616893615722656,0.143955322265625,0.1105148865,79.89151001,61.55915833,117,2.35,2700,-0.038696289,0.11395561,0.420212775,5
14070230,2022,dry,annotated,0,660227.5,4937580.109,0.0916231872558594,0.225521728515625,0.1347768066,94.50794983,17.97520828,162,3.696428571,2700,-0.130432129,0.065217391,0.173913062,5
14070248,2022,em_veg,annotated,0,660231,4937551.172,0.0700578125,0.1678375,0.1003390625,86.11497498,35.80870056,531,2.823529412,2700,-0.073242188,0.226775572,0.69140625,5
14068779,2022,deep_viz,annotated,0,659974.5303,4938863.955,0.0413959594726563,0.112458581542969,0.07989494629,101.4325562,32.15224838,630,4.367647059,575100,-0.118652344,0.332667619,0.234159783,4.616161823
14068996,2022,deep_viz,annotated,0,660020.2674,4938781.988,0.023193798828125,0.0447782958984375,0.01890232849,33.5361824,6.530164242,1161,7.442307692,575100,0.079467773,0.597471714,0.829999506,4
14069004,2022,em_veg,annotated,0,660017.3211,4938699.774,0.0493852630615234,0.143617895507813,0.1211831543,131.7818298,15.65678596,666,6.195652174,575100,-0.211791992,0.077894732,0,5
14069211,2022,em_veg,annotated,0,660053.1234,4938819.019,0.0467311676025391,0.1154259765625,0.03662596436,91.22949219,34.85320282,693,4.8125,575100,-0.184753418,0.346232682,0.260822505,4.155844212
14069394,2022,em_veg,annotated,0,660088.8611,4938902.333,0.0637712951660156,0.156024072265625,0.041275,93.48399353,29.64313889,414,4.909090909,575100,-0.161071777,0.078189299,0.040123455,4.574074268
14069742,2022,deep_viz,annotated,0,660143.2838,4938663.5,0.0395675689697266,0.0664504516601563,0.01503603516,48.16850281,17.81511497,999,6.166666667,575100,0.031524658,0.699919164,0.777546763,4.252252102
14066785,2022,em_veg,annotated,0,659616.66,4938700.92,0.0490880004882812,0.129276000976562,0.01956600342,77.8941803,17.05484772,423,2.884615385,45900,-0.15411377,0.425690919,0.23519814,5
14067373,2022,em_veg,annotated,0,659764.3105,4938864.995,0.0634115783691406,0.162414733886719,0.02762000732,73.00011444,8.64807415,243,4.318181818,45900,-0.301391602,0.075483747,0.08526317,5
14067389,2022,em_veg,annotated,0,659753.05,4938663.7,0.070825,0.169663330078125,0.02539666748,81.79675293,10.84500027,171,2.8125,45900,-0.338989258,0.262473136,0.230303034,5
14065256,2022,deep_water,random_draw,0,659299.548,4939176.468,0.05132080078125,0.122810400390625,0.02407519531,60.14374161,24.20355415,873,5.859375,208800,0.069091797,0.813499987,0.719384611,3.927999973
14065624,2022,deep_water,random_draw,0,659394.5649,4939041.409,0.0551181823730469,0.145344152832031,0.05965584717,65.46876526,13.94837856,387,3.85,208800,-0.161010742,0.545875251,0.487512499,4.441558361
14065652,2022,deep_water,random_draw,0,659393.4574,4939262.362,0.0287329772949219,0.0339382965087891,0.008564892578,30.30770874,2.402963161,846,6.409090909,208800,0.075653076,1,1,1.882978678
14065841,2022,deep_water,random_draw,0,659427,4939353,0.0312170013427734,0.0386390014648438,0.007620001221,48.99067688,3.890678406,900,7.5,208800,0.075653076,1,1,2
14066193,2022,deep_water,random_draw,0,659514.3824,4938989.382,0.0560529418945312,0.131580395507813,0.06011175537,73.23378754,17.20227242,225,3.06,208800,-0.067840576,0.407360792,0.383107096,4.137254715
14066313,2022,deep_water,random_draw,0,659516.1168,4939350.435,0.0315925231933594,0.0395140197753906,0.009507476807,41.15257263,4.53710413,963,6.6875,208800,0.075653076,1,1,1.813084126
14066353,2022,deep_water,random_draw,0,659527.3475,4939246.093,0.0493966094970703,0.110944067382812,0.04517119141,57.98222733,11.49978065,162,3.403846154,208800,-0.141296387,0.386829108,0.289873987,4.084745884
14066403,2022,deep_water,random_draw,0,659543.7447,4939110.862,0.0288585113525391,0.0346893615722656,0.004509573364,19.68055916,1.258821726,846,7.05,208800,0.075653076,1,1,1.627659559
14066646,2022,deep_water,random_draw,0,659593.7118,4939464.476,0.0577505859375,0.130936474609375,0.02250469971,63.40918732,26.11877823,549,4.722222222,208800,-0.047698975,0.717692137,0.64524889,4.282352924
14066914,2022,deep_water,random_draw,0,659654.371,4939021.177,0.0354365600585937,0.0690451599121094,0.03414301147,31.7228508,11.87632179,837,5.365384615,208800,0.073669434,0.596291006,0.562410712,3.387096882
11572595,2022,dry,annotated,0,605964.5149,4980621.851,0.0925903015136719,0.25753134765625,0.003610449219,95.032547,5.886096001,396,7.444444444,3896100,-3.907653809,0.207903996,0.042829331,5
11573215,2022,deep_viz,annotated,0,606026.58,4980258.87,0.0560989990234375,0.0435190002441406,0.01773900146,11.82273197,0.877746105,900,6.52173913,3896100,0.061828613,1,1,1
11574888,2022,deep_viz,annotated,0,606183.7959,4979988.214,0.056389794921875,0.0421061218261719,0.01845408173,11.28626728,0.84048152,882,6.681818182,3896100,0.061828613,1,1,1
11578926,2022,dry,annotated,0,606696.3462,4979890.673,0.089855126953125,0.266228857421875,0.01226091309,92.50463867,15.22166538,369,6.5,3896100,-2.395080566,0.164281458,0.11742425,4.730769157
11579034,2022,deep_viz,annotated,0,606690.2097,4980261.242,0.0607161315917969,0.0534085998535156,0.02707634277,12.06140423,1.048137069,837,5.8125,3896100,0.061828613,1,1,1
11579621,2022,dry,annotated,0,606773.0644,4980230.658,0.0783366333007812,0.237123754882813,0.03258018799,83.31680298,24.04675484,693,6.3125,3896100,-3.536499023,0.624728322,0.50831604,4.237623692
11591528,2022,dry,annotated,0,608333.7368,4980108.474,0.109536840820312,0.239085083007813,0.02257106934,110.9330139,7.419878006,216,6.107142857,27900,-0.795715332,0.011246064,0,5
11592612,2022,em_veg,annotated,0,608434.0909,4979956.955,0.0447939392089844,0.0904166687011719,0.03642423706,89.8977356,23.75193214,234,3.807692308,27900,-0.231872559,0.491108894,0.5,5
11593412,2022,dry,annotated,0,608513.9455,4979937.573,0.0686063659667969,0.153519091796875,0.0158309082,92.63523102,28.19870758,306,4.852941176,27900,-0.591430664,0.182073995,0.18577075,5
11593701,2022,em_veg,annotated,0,608554.3591,4979888.245,0.0489825500488281,0.0867409423828125,0.07053220825,60.02246857,23.96016312,270,5.730769231,27900,-0.204467773,0.164640456,0.129294112,5
11589493,2022,dry,annotated,0,608097.8642,4979693.474,0.100171520996094,0.284382788085937,0.02117683105,103.9299393,10.2991066,441,4.923913043,152100,-3.500976563,0.018910475,0.006046645,4.98013258
11593916,2022,dry,annotated,0,608553.7581,4979565.468,0.071152685546875,0.139608605957031,0.06139570313,98.77479553,23.44842148,324,4.65,152100,-1.06842041,0.21981093299999999,0.164711639,4.225806236
11594030,2022,deep_viz,annotated,0,608579.1471,4979750.882,0.0342098052978516,0.0375980377197266,0.008504901123,13.45710182,3.079178572,918,6.954545455,152100,0.127929688,0.967535555,0.930520058,1
11594542,2022,em_veg,annotated,0,608638.6915,4979594.202,0.0638553161621094,0.135780847167969,0.05305319824,109.6763306,33.18841553,216,2.274193548,152100,-1.142211914,0.531243384,0.486039877,4.234042645
11594816,2022,em_veg,annotated,0,608673.8551,4979808.07,0.0400588775634766,0.0652102783203125,0.01067196655,37.65180969,20.94024467,873,5.944444444,152100,-0.070678711,0.877961338,0.720438838,3.766355038
11594820,2022,deep_viz,annotated,0,608673.8839,4979628.161,0.0344607147216797,0.0347455352783203,0.008609820557,10.3068552,1.704684019,1008,6.72,152100,0.127929688,0.977366507,0.937905788,1.330357194
11594996,2022,deep_viz,annotated,0,608699.8868,4979544.538,0.0363405670166016,0.0377301879882812,0.009423583984,21.0275135,3.232205391,954,6.625,152100,0.127929688,0.995956898,0.970467627,1.169811368
11595415,2022,em_veg,annotated,0,608730.2143,4979718.071,0.0424,0.0792178588867188,0.03616904297,45.58015823,16.16920662,342,5.04,152100,-0.463928223,0.575493634,0.342108965,3.547619104
11622369,2022,shallow_viz,annotated,1,612481.2462,4979957.377,0.0411084625244141,0.0822023071289062,0.114682312,103.4786682,10.23627186,1107,6.964285714,17100,0.227844238,0.277785122,0.084165834,5
11621671,2022,dry,annotated,0,612362.9646,4979948.043,0.07513779296875,0.207492919921875,0.07225117188,103.1357727,8.222316742,468,5.602941176,17100,-0.117431641,0,0,5
11622840,2022,dry,annotated,0,612551.8571,4979993.679,0.0813023803710937,0.187109521484375,0.0124166748,99.75413513,3.367528677,333,3.405405405,17100,-0.134521484,0.042140301,0.01133787,5
11623512,2022,em_veg,random_draw,0,612656.7821,4979841.577,0.0498435882568359,0.0972675231933594,0.07750084839,95.00086975,19.54969978,432,6.267857143,6300,-0.208068848,0.041383691,0.051974595,5
11623971,2022,em_veg,random_draw,0,612719.3942,4979751.375,0.0559076904296875,0.119245190429687,0.02681922607,109.9224548,23.04123878,459,5.379310345,6300,-0.235473633,0.009615385,0.026775762,5
11633519,2022,deep_viz,annotated,0,613950,4979478.136,0.0336109100341797,0.0310063629150391,0.00697727356,4.105940342,0.61729908,990,7.5,362700,0.067382813,1,0.952272713,1
11634042,2022,em_veg,annotated,0,613981.4388,4979700.276,0.0618163269042969,0.134553063964844,0.06583673096,84.61816406,28.56135559,234,3.0625,362700,-0.197875977,0.491944164,0.361604363,4.387754917
12211256,2022,deep_viz,annotated,0,614156.8663,4979688.163,0.0314762390136719,0.0275118804931641,0.007050494385,5.170310974,0.971850157,909,7.214285714,362700,0.067382813,0.984856546,0.929793,1.06930697
12212147,2022,em_veg,annotated,0,614250.2339,4979563.885,0.0408706420898437,0.0573706420898437,0.02813944702,128.421402,17.91572952,981,6.055555556,362700,-0.043945313,0.812326014,0.751241982,3.61467886
12214295,2022,dry,annotated,0,614484.6226,4979699.689,0.0774867919921875,0.203833959960938,0.04495472412,123.9984283,17.22663307,225,5.482758621,362700,-1.552185059,0.185918093,0.128537729,4.528301716
12214634,2022,deep_viz,annotated,0,614520.1923,4979871.5,0.0364931610107422,0.0338444458007812,0.004533334351,6.301259518,0.576193869,1053,7.02,362700,0.067382813,0.952489674,0.913229287,2.230769157
15060607,2022,em_veg,annotated,0,614099.3095,4979433.31,0.0770190490722656,0.168771423339844,0.1403254028,79.80859375,6.887368202,144,3.25862069,362700,-0.637695313,0.048500881,0.011544012,5
15063810,2022,dry,annotated,0,614129.6413,4979776.989,0.0757804321289063,0.168188049316406,0.135767395,78.096138,6.5053792,477,5.52,362700,-0.600524902,0.079556122,0.047924899,4.891304493
12224178,2022,deep_water,random_draw,0,615898.7069,4979881.086,0.0519887939453125,0.0417724151611328,0.01188189697,7.159221172,0.793930292,1044,6.96,636300,0.036560059,1,1,1
12225907,2022,deep_water,random_draw,0,616080.0758,4979567.439,0.0429171722412109,0.0376777770996094,0.01168989868,8.913313866,0.798516572,891,6.1875,636300,0.036560059,0.989194214,0.978919625,1.929292917
12227357,2022,deep_water,random_draw,0,616227.75,4979899.075,0.0464741668701172,0.0364466674804688,0.01097166748,8.820632935,0.993650794,1080,7.2,636300,0.036621094,0.988492072,1,1
12227358,2022,deep_water,random_draw,0,616227.1337,4979718.163,0.0416663360595703,0.0293386138916016,0.01344851379,9.289879799,0.808049202,909,6.886363636,636300,0.036560059,1,1,1
12227551,2022,deep_water,random_draw,0,616229.896,4979509.856,0.0454297027587891,0.0317297027587891,0.00933168335,9.635714531,0.991048694,909,6.886363636,636300,0.036560059,1,1,1
12228991,2022,deep_water,random_draw,0,616350.1364,4979747.864,0.0425787872314453,0.0295232330322266,0.01373434296,8.799749374,0.879163027,891,7.425,636300,0.036560059,1,1,1
12229678,2022,deep_water,random_draw,0,616409.8069,4979571.312,0.0465861389160156,0.0324019805908203,0.01165643616,9.488811493,0.965812445,909,7.214285714,636300,0.036560059,1,1,1
12230271,2022,deep_water,random_draw,0,616466.8279,4979901.221,0.0459024597167969,0.0367426239013672,0.01656803284,9.16472435,0.819180131,1098,7.32,636300,0.036560059,1,1,1
12230275,2022,deep_water,random_draw,0,616464.104,4979478.104,0.0455782165527344,0.0306524749755859,0.01044158478,10.33147907,0.994235516,909,6.886363636,636300,0.036560059,1,1,1
12231444,2022,deep_water,random_draw,0,616559.5885,4979618.243,0.0468123901367187,0.0897902648925781,0.111704425,93.33296204,18.17951202,1017,6.519230769,636300,-0.147644043,0.51222086,0.559372485,4.256637096
12221980,2022,dry,annotated,0,615576.6923,4980203.077,0.0923192321777344,0.181888464355469,0.1191230713,122.8691483,21.7772789,153,2.052631579,71100,-0.708435059,0.471933484,0.284280926,4.346153736
12222868,2022,dry,annotated,0,615716.7973,4980206.878,0.057409912109375,0.1322279296875,0.1048612549,90.19644928,27.61307716,891,3.872093023,71100,-0.379760742,0.329605341,0.226008624,4.42342329
12223905,2022,dry,annotated,0,615863.0455,4980075.214,0.0946675354003906,0.204545458984375,0.08741300049,148.6690063,12.85996532,495,4.442307692,71100,-2.166442871,0.050588947,0.077263318,4.948051929
12242243,2022,deep_water,random_draw,0,618386.9758,4980524.177,0.0435185485839844,0.0369475799560547,0.01029354858,12.4864769,1.004066825,1116,7.44,975600,0.215820313,1,1,1.080645204
12245391,2022,deep_water,random_draw,0,618719.2788,4980531.087,0.0405423065185547,0.0272903839111328,0.0063,14.03022099,1.018229723,936,7.090909091,975600,0.215820313,1,1,1
12246312,2022,deep_water,random_draw,0,618809.4903,4980380.985,0.0383728149414062,0.0278514556884766,0.00979126281699999,13.70594692,0.931684256,927,7.357142857,975600,0.215820313,1,1,1
12247607,2022,deep_water,random_draw,0,618928.6515,4980321.045,0.0379666656494141,0.0257666656494141,0.01295454712,13.32924843,0.982013226,891,6.456521739,975600,0.215820313,1,1,1
12248652,2022,deep_water,random_draw,0,619018.7202,4980227.683,0.0403210998535156,0.0323504577636719,0.01003945007,15.79408169,1.15610671,981,6.8125,975600,0.215820313,1,1,1
12249262,2022,deep_water,random_draw,0,619077.3261,4980073.683,0.0333391296386719,0.0359765228271484,0.01000608521,8.842885017,0.836631954,1035,7.1875,975600,0.215820313,1,0.807509899,1
12250496,2022,deep_water,random_draw,0,619169.2431,4980468.151,0.0417412841796875,0.03103486328125,0.007789907837,16.44363022,1.250355601,981,7.108695652,975600,0.215820313,1,1,1
12250847,2022,deep_water,random_draw,0,619197.0811,4980117,0.0443094604492187,0.0786270263671875,0.01891351929,22.10133553,19.73301315,441,4.269230769,975600,0.191589355,0.790598094,0.461389959,2.770270348
12250932,2022,deep_water,random_draw,0,619203.6765,4980350.735,0.0423862731933594,0.0356568634033203,0.009408822632,17.08852577,1.327045321,918,6.652173913,975600,0.215820313,1,1,1
12251630,2022,deep_water,random_draw,0,619260.9085,4980471.782,0.0808281677246094,0.2497732421875,0.0363126709,103.5535583,26.0138607,297,4.840909091,975600,-1.367919922,0.464788735,0.464788735,4.408450603
12260668,2022,dry,annotated,0,621013.0714,4980050.786,0.110221423339844,0.264558154296875,0.01700715332,134.9071198,13.64960098,126,3.340909091,493200,-1.108581543,0.03356009,0.035936113,5
12261990,2022,dry,annotated,0,621231.7963,4980253.907,0.0880469116210938,0.213319750976562,0.0105111084,99.3250351,13.43345642,729,4.339285714,493200,-2.809265137,0.372277915,0.52979064,4
12262407,2022,em_veg,annotated,0,621273.478,4980200.951,0.0467318695068359,0.0675494506835937,0.009968133545,29.81037331,9.185562134,549,5.46,493200,0.0234375,0.782898188,0.770622194,2.692307711
12262861,2022,em_veg,annotated,0,621352.0565,4980075.378,0.0496165222167969,0.0679634765625,0.02903739014,39.51263428,18.5888176,972,6.160714286,493200,0.026245117,0.897922218,0.909514844,2.617391348
12263977,2022,deep_viz,annotated,0,621477.0612,4980050.969,0.045810205078125,0.0469163269042969,0.01329489746,24.9630394,0.6306898,882,7,493200,0.0703125,0.913996279,1,3.102040768
12265156,2022,deep_viz,annotated,0,621603.398,4980109.347,0.0439448974609375,0.0407510192871094,0.006506124878,24.67915154,0.435977131,882,6.681818182,493200,0.070739746,0.975917876,1,1
12266886,2022,deep_viz,annotated,0,621800.3804,4980056.543,0.0523369567871094,0.0663021728515625,0.0291706543,56.32495499,24.61244202,828,5.52,493200,-0.143981934,0.685022235,0.835590899,3.217391253
12268152,2022,em_veg,annotated,0,621914.6918,4980122.363,0.0814575317382813,0.166571228027344,0.03025343018,121.24330139999999,24.31919098,351,4.38,493200,-0.576171875,0.379738778,0.317450851,4.465753555
12268308,2022,dry,annotated,0,621929.0085,4980155.161,0.0924788146972656,0.242229663085937,0.0165635498,105.3163223,5.076722145,567,6.321428571,493200,-2.312683105,0.302128494,0.177966088,4.466101646
12268310,2022,shallow_viz,annotated,1,621926.5374,4979991.238,0.0473046722412109,0.0651822448730469,0.02277850342,51.61183929,5.652648449,891,6.6875,21600,-0.13848877,0.518691599,0.448598117,4.542056084
12266591,2022,dry,annotated,0,621778.5385,4979934.731,0.06475,0.132785900878906,0.01679102783,72.25765228,47.94646072,360,4.034482759,21600,-0.885314941,0.590212643,0.563777387,3.333333254
12267807,2022,dry,annotated,0,621901.3065,4980019.048,0.0821591369628906,0.16979677734375,0.01217526855,64.7961731,7.134814262,315,3.4875,21600,-0.602050781,0.223178804,0.005865103,5
12268448,2022,dry,annotated,0,621951.8214,4979956.393,0.0608857116699219,0.116338098144531,0.0334583252,117.4742355,15.22789383,603,5.25,21600,-0.87286377,0.261614412,0.201863363,5
12292518,2022,em_veg,annotated,0,624865.5804,4979933.732,0.0386366058349609,0.0809473205566406,0.01881160889,33.43914795,19.1686573,864,6.461538462,106200,0.076477051,0.780609667,0.709821403,2.839285612
12292600,2022,dry,annotated,0,624869.3919,4979965.257,0.0826324340820312,0.25935810546875,0.03515810547,115.2520828,20.19073868,180,3.964285714,106200,-2.214294434,0.213144958,0.110565118,4.459459305
12292986,2022,dry,annotated,0,624899.75,4979692.125,0.0733638916015625,0.203513891601562,0.02608887939,120.1580124,23.12609673,279,3.6,106200,-1.047363281,0.43314445,0.426136345,4.111111164
12293319,2022,em_veg,annotated,0,624931.2757,4979841.266,0.0366,0.0652383178710938,0.0253242981,35.56669617,18.20105362,855,6.6875,106200,0.06427002,0.820750415,0.649957478,2.626168251
12294468,2022,em_veg,annotated,0,625075.6429,4979933.036,0.0609988098144531,0.155053576660156,0.03596190186,101.7998886,20.21927643,531,4.846153846,106200,0.038879395,0.608225107,0.509637237,4.297618866
12322321,2022,deep_water,random_draw,0,626850.5455,4980200.836,0.0362336364746094,0.0646327270507813,0.02038818359,23.20127106,5.798073292,522,6.111111111,19800,0.043518066,0.747092366,0.567099571,2.845454454
12323328,2022,deep_water,random_draw,0,626936.0745,4980287.202,0.0401234039306641,0.07332978515625,0.004477655029,33.11313248,19.14313126,801,6.409090909,19800,0.034667969,0.860518277,0.8115502,3.106383085
12323439,2022,deep_water,random_draw,0,626947.9884,4980178.291,0.0789139526367188,0.194772094726563,0.01678139648,114.0224075,27.10530663,153,2.58,19800,-1.14654541,0.396164805,0.389811754,3.930232525
12324719,2022,deep_water,random_draw,0,627026.4444,4980254.611,0.0550518493652344,0.110031481933594,0.0195944458,80.48265076,33.4162674,333,3.375,19800,-0.210632324,0.641158581,0.711880744,3.481481552
12322976,2022,deep_water,random_draw,0,626906.375,4980022.475,0.0421691680908203,0.0438391662597656,0.002430001831,83.72314453,32.17535019,1080,6.923076923,9900,0.285522461,0.706434667,0.451315761,4.291666508
12326645,2022,deep_water,random_draw,0,627183.0234,4980189.469,0.10053125,0.262940625,0.052740625,108.784874,6.098818302,117,6.620689655,72000,-1.536804199,0.078125,0.041548297,4.8984375
12328169,2022,deep_water,random_draw,0,627280.6685,4980364.601,0.0821662902832031,0.221926977539062,0.06602921143,120.6364136,16.28632355,243,3.513157895,72000,-0.861450195,0.079175107,0.076689854,4.752809048
12328204,2022,deep_water,random_draw,0,627288.5192,4980159.577,0.0584490356445313,0.120752880859375,0.1102519287,114.2744675,22.30042839,657,5.2,72000,-0.436157227,0.202908903,0.061188813,5
12329420,2022,deep_water,random_draw,0,627360.4667,4980260.2,0.0314700012207031,0.0538744445800781,0.0888055603,116.108345,28.69631958,810,6.428571429,72000,0.121520996,0.715527356,0.708489716,3.700000048
12330106,2022,deep_water,random_draw,0,627419.9348,4980160.717,0.0649782592773438,0.148292749023438,0.07346958008,102.7576447,34.21372223,234,3.234375,72000,-0.454101563,0.261519074,0.239789188,4.7101449969999996
12330484,2022,deep_water,random_draw,0,627450.1731,4980316.904,0.0307134613037109,0.0539048095703125,0.03959711304,108.1827011,63.2143631,936,6.5,72000,0.147827148,0.944298744,0.79020977,3.076923132
12331387,2022,deep_water,random_draw,0,627511.0304,4980200.074,0.0253643478393555,0.0299539123535156,0.005491305542,16.61894035,0.738228977,1035,7.5,72000,0.203674316,1,1,1
12332646,2022,deep_water,random_draw,0,627603.2538,4980234.438,0.0470138458251953,0.0950953857421875,0.0462769165,126.0924911,40.79175568,162,3.75,72000,0.047363281,0.356998503,0.283216804,4.123076916
12299873,2022,em_veg,annotated,0,625473.1627,4979807.187,0.0714337341308594,0.160145788574219,0.1078698853,135.7317657,24.69431877,747,3.661764706,16332300,-0.684997559,0.122660339,0.06253586,5
12300006,2022,dry,annotated,0,625470.0758,4979830.985,0.09846767578125,0.239118188476562,0.04388483887,114.4364548,8.210455894,540,5.5,16332300,-1.047424316,0.079716355,0.067388169,5
12303477,2022,dry,annotated,0,625698.4186,4979888.337,0.108009301757812,0.185070935058594,0.01103372803,86.19785309,12.99168682,153,2.224137931,16332300,-2.062133789,0.407646269,0.534481049,4.476744175
12304216,2022,deep_viz,annotated,0,625709.2143,4980081.357,0.0462,0.0290990478515625,0.01017904816,11.69114971,0.326452672,945,7.5,16332300,0.063781738,1,1,1
12316192,2022,em_veg,annotated,0,626428.7258,4979990.79,0.0434784942626953,0.0694247314453125,0.1018924683,75.38269043,90.71588135,837,5.365384615,16332300,-0.100891113,0.678127468,0.90906769,4.408602238
12317981,2022,deep_viz,annotated,0,626549.5394,4980137.539,0.0561417297363281,0.0412212585449219,0.01875354614,13.05236053,0.707993984,1116,6.803571429,16332300,0.063781738,0.985139966,0.992500961,1.984251976
12318507,2022,deep_viz,annotated,0,626576.5093,4980021.379,0.0436859802246094,0.0321570098876953,0.009234579468,11.93445587,0.256865621,963,6.97826087,16332300,0.08380127,1,1,1
12320725,2022,em_veg,annotated,0,626727.9684,4980018.456,0.0638613952636719,0.140661389160156,0.1253879761,126.1511688,23.69005203,837,7.40625,16332300,-0.562316895,0.107514568,0.038450558,4.930379868
12326649,2022,dry,annotated,0,627177.0366,4979954.854,0.0549341491699219,0.111043896484375,0.01042438965,85.88464355,30.91091156,738,5.590909091,16332300,-0.723876953,0.983520091,0.94456768,3.609755993
12337792,2022,deep_water,random_draw,0,627994.5796,4980236.058,0.0734371704101563,0.171225659179687,0.02644248047,137.2037964,13.93077755,342,5.136363636,8100,-0.953369141,0.011665327,0.007585335,4.982300758
12339721,2022,deep_water,random_draw,0,628137.4891,4980174.652,0.0484815216064453,0.0834478271484375,0.01854130249,48.16643524,41.45048523,216,4.3125,8100,0.221679688,0.606301188,0.611801267,3.739130497
12339720,2022,deep_water,random_draw,0,628129.9,4980285.1,0.0488658325195312,0.0790608337402344,0.02758999634,40.72424698,19.80261421,882,6.666666667,62100,0.008483887,0.679528952,0.654365063,3.941666603
12341124,2022,deep_water,random_draw,0,628228.75,4980257.75,0.0403879638671875,0.0340453704833984,0.008899072266,11.97170448,0.607530355,972,7.043478261,62100,0.13671875,1,1,1
12341949,2022,deep_water,random_draw,0,628289.3614,4980350.569,0.0395623748779297,0.0367623748779297,0.01356831665,12.38874435,0.710705459,909,6.586956522,62100,0.13671875,0.997847617,1,1
12342354,2022,deep_water,random_draw,0,628319.3471,4980173.735,0.0436717651367187,0.0478564697265625,0.0166764679,12.8654213,1.762949347,171,6.375,62100,0.136657715,0.946922004,0.982633054,2.917647123
12343158,2022,deep_water,random_draw,0,628392.1567,4980467.44,0.0385440307617188,0.0638634338378906,0.01594179077,19.42976189,12.29566956,1098,6.7,62100,0.123413086,0.895444274,0.902274311,1.932835817
12343267,2022,deep_water,random_draw,0,628379.7,4980361.786,0.0897314270019531,0.232397143554687,0.02802857666,89.96320343,4.596761703,513,5.080645161,62100,-2.143371582,0.40289855,0.390929729,4.4571428299999996
12343849,2022,deep_water,random_draw,0,628425.0652,4980230.848,0.0737231872558594,0.176359423828125,0.02034348145,93.66809082,32.90156174,360,4.14,62100,-1.922241211,0.68077147,0.944789529,4
12341407,2022,deep_water,random_draw,0,628253.7222,4978586.167,0.0415768524169922,0.0821185180664062,0.006715740967,24.19291115,6.534153461,684,5.785714286,39600,0.103210449,0.712089837,0.925084174,3.277777672
12343358,2022,deep_water,random_draw,0,628407.9783,4978502.283,0.0731847839355469,0.160893481445312,0.0402,95.64729309,37.97167969,243,2.555555556,39600,-0.279174805,0.595764816,0.586956561,4.021739006
12343450,2022,deep_water,random_draw,0,628405.1129,4978608.581,0.0342669342041016,0.0383887084960937,0.01662903137,20.00375748,0.362022668,1116,7.44,39600,0.10748291,0.978253126,1,1
12343850,2022,deep_water,random_draw,0,628446.3571,4978712.357,0.0615571411132812,0.13999365234375,0.032277771,61.03131485,55.37559891,180,2.779411765,39600,-0.034973145,0.491006404,0.637806654,3.873015881
12344532,2022,dry,annotated,0,628486.911,4978995.432,0.0822424682617188,0.259706860351562,0.0345137207,90.13644409,9.191287994,126,3.910714286,308700,-1.259521484,0.119939111,0.064757161,4.808218956
12344535,2022,dry,annotated,0,628489.9719,4978762.264,0.0695561767578125,0.209289892578125,0.02093482666,80.22925568,10.89943027,108,4.603448276,308700,-1.233215332,0.281315118,0.179775283,4.820224762
12346961,2022,dry,annotated,0,628711.0517,4978671.948,0.0667976989746094,0.254302294921875,0.03443447266,96.35448456,6.84681797,342,5.22,308700,-1.199707031,0.288031399,0.420789629,4.505747318
12355055,2022,dry,annotated,0,629460.8294,4978455.053,0.0708494140625,0.210067065429688,0.0910576416,127.3199081,32.69149399,180,3.984375,5400,-0.794311523,0.010457517,0,5
12355993,2022,em_veg,annotated,0,629567.1429,4978451.755,0.0475622436523438,0.108248974609375,0.0742918457,101.185379,14.73649597,711,5.25,5400,-0.230712891,0.34438777,0.004373178,5
12355380,2022,deep_water,random_draw,0,629513.9773,4978875.205,0.0363787872314453,0.0620128784179688,0.01025379028,55.74896622,41.79891968,1188,7.92,30600,0.320495605,0.922153354,0.810276687,3
12356334,2022,deep_water,random_draw,0,629606.9318,4978700.148,0.0470727264404297,0.090075,0.06357841187,78.86128998,10.04636574,783,4.714285714,30600,-0.22454834,0.369953692,0.581027627,4.443181992
12356626,2022,deep_water,random_draw,0,629609.4292,4978791.996,0.0422982299804687,0.06761416015625,0.01115487061,51.18645477,29.57157516,954,6.519230769,30600,0.265258789,0.832998753,0.81550014,2.946902752
12357474,2022,deep_water,random_draw,0,629700.1957,4978629.326,0.0456925476074219,0.0894260864257812,0.03817080688,82.0085907,13.64039707,567,8.05,30600,-0.093444824,0.286634207,0.219664246,5
12369355,2022,deep_water,random_draw,0,630847.4297,4978547.578,0.0350796875,0.06573125,0.0102359375,127.6851196,20.35392189,1152,7.384615385,8100,0.044189453,0.930665135,0.163980275,3.7109375
12368751,2022,deep_water,random_draw,0,630779.5761,4978720.728,0.0381,0.0988858703613281,0.01785869751,104.3546829,67.02919769,432,6,27000,0.029785156,0.391304344,0.05900621,4.478260994
12369407,2022,deep_water,random_draw,0,630867.385,4978631.801,0.0470867248535156,0.0988486755371094,0.002576989746,116.9337158,48.36120224,747,4.708333333,27000,0.067565918,0.826466262,0.341466486,3.840708017
12369839,2022,deep_water,random_draw,0,630924.1452,4978793.984,0.0448451599121094,0.111077416992187,0.02040214844,130.1608124,35.46269608,324,4.810344828,27000,-0.114501953,0.094413854,0,5
12373491,2022,dry,annotated,0,631377.8659,4978222.037,0.0766382141113281,0.279052856445313,0.0468642334,86.32141876,3.969298124,261,6.589285714,201600,-2.747253418,0.167118356,0.190124243,4.853658676
12374033,2022,deep_viz,annotated,0,631437.6553,4978337.636,0.0377077667236328,0.0384495147705078,0.0064737854,17.4755249,0.412565976,927,7.022727273,201600,0.172851563,1,1,1
12375716,2022,deep_viz,annotated,0,631621.6282,4978554.654,0.0360820526123047,0.0361256408691406,0.003027349854,17.68693733,0.325695723,1053,6.75,201600,0.172851563,1,1,1
12375875,2022,deep_viz,annotated,0,631644.3,4978308.78,0.0378029998779297,0.0375339996337891,0.004532000732,17.63932037,0.34568885,900,6.818181818,201600,0.172851563,0.975846887,1,1
12377881,2022,dry,annotated,0,631853.6575,4978561.146,0.0628645690917969,0.151821264648438,0.03230787354,113.8941422,13.94830036,459,5.291666667,201600,-1.597473145,0.132513925,0.224409446,4.952755928
12378001,2022,dry,annotated,0,631859.2333,4978371.367,0.0517944458007812,0.128512219238281,0.0788944458,133.5103607,8.982713699,684,5.192307692,201600,-0.758178711,0,0,5
12385574,2022,dry,annotated,0,632669.8,4978885.4,0.0584099975585938,0.169611108398437,0.04861555176,71.99295807,16.17358398,162,4.5,175500,-2.872619629,0.022727273,0.076190479,5
12387346,2022,dry,annotated,0,632857.8846,4978914.782,0.0723341857910156,0.209977783203125,0.03704615479,95.69256592,11.5342865,1053,6.267857143,175500,-2.523376465,0.782899618,0.825396776,3.837606907
12388817,2022,dry,annotated,0,633035.3372,4978974.942,0.0742976745605469,0.305173266601563,0.04941745605,114.0185471,10.20040226,198,5.375,175500,-3.528564453,0.200939536,0.292358816,4.744185925
12393442,2022,deep_water,random_draw,0,633615.1875,4978777.063,0.0623458312988281,0.199702087402344,0.0453854248,67.30327606,18.35476112,153,2.769230769,13500,-0.391845703,0.182291672,0.083333336,5
12394148,2022,deep_water,random_draw,0,633696.8878,4978704.949,0.0478765319824219,0.110384692382812,0.02281734619,35.78432465,8.400682449,873,5.88,13500,0.185424805,0.722286642,0.802363038,4.224489689
12394317,2022,deep_water,random_draw,0,633724.1029,4978830.485,0.0466227935791016,0.110185290527344,0.007798522949,39.45527649,6.316095829,243,7.034482759,13500,0.015869141,0.229946539,0.146650329,5
12393629,2022,deep_water,random_draw,0,633652.9348,4978585.761,0.0766797119140625,0.16669130859375,0.0818043457,128.8917694,36.19556427,162,3.136363636,3600,-0.627929688,0.144927546,0.119162641,4.739130497
12396951,2022,deep_water,random_draw,0,634035.5973,4978520.031,0.0503362823486328,0.0685761047363281,0.003758404541,16.49608994,8.128628731,1017,6.78,188100,0.067321777,1,1,2.858407021
12397162,2022,deep_water,random_draw,0,634074.0789,4978647.868,0.0591552612304687,0.0702973693847656,0.02267105103,17.97363663,10.55628014,270,2.28,188100,0.064147949,0.970525622,1,1.763157845
12397707,2022,deep_water,random_draw,0,634142.3571,4978395.129,0.0478428558349609,0.0632190490722656,0.00621142578099999,14.1817646,1.470734119,936,6.057692308,188100,0.077880859,0.957575798,0.990476191,2.352380991
12398235,2022,deep_water,random_draw,0,634224.2234,4978493.681,0.0463170227050781,0.0359946807861328,0.00967978820799999,13.17217922,0.568272293,846,6.409090909,188100,0.078613281,1,1,1
12398642,2022,deep_water,random_draw,0,634287.0526,4978365.026,0.0516017517089844,0.0581412292480469,0.01270438232,17.77366066,11.34608746,963,7.772727273,188100,0.067077637,0.957393467,0.976383269,1.543859601
12398861,2022,deep_water,random_draw,0,634322.2143,4978458.357,0.0486609527587891,0.0358609527587891,0.01102476196,13.39865494,0.497991651,945,6.5625,188100,0.078613281,1,1,1
12399732,2022,deep_water,random_draw,0,634440.3529,4978547.647,0.0463294128417969,0.0370950988769531,0.0160401947,12.64315701,0.596813738,918,7.285714286,188100,0.078613281,1,1,1.078431368
12400522,2022,deep_water,random_draw,0,634585.98,4978514.004,0.0490735992431641,0.0493696014404297,0.008076000977,13.28791523,0.605871499,1080,6.696428571,188100,0.078613281,0.964137912,0.973333359,1.215999961
12401787,2022,deep_water,random_draw,0,634763.2636,4978517.045,0.0675854553222656,0.145547277832031,0.03079455566,71.97336578,65.3860321,324,2.661290323,188100,-1.251281738,0.727272749,0.937190056,3.927272797
12402518,2022,deep_water,random_draw,0,634860.2143,4978645.255,0.0922,0.232834692382813,0.02673979492,109.1851959,13.62594509,189,4.741935484,188100,-1.410644531,0.199507385,0.22023809,4.775510311
12373714,2022,deep_water,random_draw,0,631405.5353,4978938.229,0.0743482360839844,0.218765893554688,0.01630001221,88.75175476,14.50470734,234,4.722222222,356400,-1.956970215,0.281184644,0.347314566,4.694117546
12373786,2022,deep_water,random_draw,0,631406.4375,4979118.375,0.04658125,0.0406354156494141,0.0065375,18.44344902,0.350968271,864,7.2,356400,0.106933594,0.986607134,1,1
12374343,2022,deep_water,random_draw,0,631474.2805,4978848.256,0.0481463409423828,0.0691963439941406,0.01155365601,24.01087189,4.369381905,576,5.590909091,356400,0.058654785,0.767992854,0.866383851,3.353658438
12374517,2022,deep_water,random_draw,0,631497.4898,4979027.296,0.0459316314697266,0.035339794921875,0.005758163452,18.2702713,0.297466576,882,7,356400,0.106933594,1,1,1
12374749,2022,deep_water,random_draw,0,631528.7941,4979117.676,0.0492235290527344,0.0390686279296875,0.001728430176,18.27077293,0.325577974,918,6.652173913,356400,0.106933594,1,1,1
12375345,2022,deep_water,random_draw,0,631589.4652,4978814.491,0.0464547821044922,0.0466165222167969,0.01491826172,20.15864182,1.779040575,1026,6.9,356400,0.09588623,0.9668625,0.982213438,2.547826052
12375400,2022,deep_water,random_draw,0,631590,4978908,0.0504309997558594,0.0402640014648437,0.002551000977,18.20427895,0.270760179,900,7.5,356400,0.106933594,1,1,1
12375946,2022,deep_water,random_draw,0,631647.9316,4979090.068,0.0474526306152344,0.0379873687744141,0.006822106934,18.013134,0.237543732,855,5.277777778,356400,0.106933594,1,1,1
12376906,2022,deep_water,random_draw,0,631739.6786,4978971.134,0.0506482147216797,0.0446232147216797,0.001660714722,18.17738152,0.250405252,1008,6.72,356400,0.106933594,0.989926696,1,1
12378137,2022,deep_water,random_draw,0,631859.46,4979058.78,0.0489980010986328,0.0434649993896484,0.00256000061,18.132701870000002,0.274180919,900,6.25,356400,0.106933594,0.976754367,1,1
12409544,2022,co_precise,annotated,1,635753.3897,4978607.266,0.0445731048583984,0.0902324157714844,0.01089172363,31.12951279,2.361168385,1251,8.365384615,177300,-0.285644531,0.675858676,0.470689654,4.496551514
12407296,2022,deep_viz,annotated,0,635426.6345,4978526.534,0.0380117645263672,0.0508605041503906,0.01019747925,14.72172165,3.547937393,900,7.4375,177300,0.136535645,0.851055562,0.741596639,2.210083961
12407395,2022,dry,annotated,0,635459.8171,4978557.037,0.0878243896484375,0.203651220703125,0.03767073975,111.4244385,58.99786377,162,2.365384615,177300,-1.109130859,0.707004368,0.597561002,4.146341324
12408018,2022,deep_viz,annotated,0,635518.0794,4978401.294,0.0419112152099609,0.0457785034179687,0.007979440308,11.45700836,0.469233871,963,7.642857143,177300,0.149780273,0.982162833,0.971183777,1.691588759
12408099,2022,dry,annotated,0,635544.65,4978647.85,0.047125,0.0899266662597656,0.01528916626,62.93230438,24.8559742,621,6,177300,-0.067077637,0.488700688,0.442361087,4.733333111
12409105,2022,deep_viz,annotated,0,635673.1271,4978426.983,0.0458686431884766,0.0721161010742187,0.01109746094,26.44893646,9.763659477,954,6.807692308,177300,0.094909668,0.779855013,0.624293804,3.533898354
12409120,2022,dry,annotated,0,635689.3235,4978618.441,0.0791578430175781,0.219356860351562,0.01836274414,90.28158569,13.31110573,441,5.275862069,177300,-2.977294922,0.353366196,0.308823556,4.519608021
12418710,2022,deep_water,random_draw,0,637552.669,4980801.106,0.0450098602294922,0.0571302795410156,0.02116760864,19.62492752,2.85486865,1269,7.344827586,402300,0.081787109,0.99007678,0.993544579,3.014084578
12418816,2022,deep_water,random_draw,0,637559.5449,4980560.343,0.0491786529541016,0.0336168548583984,0.01253820496,15.04133701,0.470610797,801,6.357142857,402300,0.08190918,1,1,1
12419069,2022,deep_water,random_draw,0,637620.1017,4980676.932,0.0488245758056641,0.0350491516113281,0.01147542419,14.98168087,0.496282369,1062,7.375,402300,0.08190918,1,1,1
12419224,2022,deep_water,random_draw,0,637649.7727,4980440.894,0.0519050476074219,0.0346898986816406,0.01853333435,15.41058445,0.67091614,891,6.75,402300,0.08190918,1,1,1
12419323,2022,deep_water,random_draw,0,637676.2706,4980258.867,0.0546247680664063,0.0438899078369141,0.0143467865,18.7935009,0.52165699,981,7.108695652,402300,0.08190918,1,1,1
12419553,2022,deep_water,random_draw,0,637736.7571,4980558.471,0.0518228576660156,0.0343780944824219,0.01030476074,16.15530968,0.66296649,945,6.847826087,402300,0.08190918,1,1,1
12419679,2022,deep_water,random_draw,0,637766.3,4980380.557,0.0513638122558594,0.0355399993896484,0.01105714417,16.52147675,0.63046819,945,7.159090909,402300,0.08190918,1,1,1
12419817,2022,deep_water,random_draw,0,637803.1636,4980200.264,0.0527218200683594,0.06466181640625,0.01981818237,22.96816826,4.960410595,990,7.173913043,402300,0.08026123,1,1,2.690909147
12420048,2022,deep_water,random_draw,0,637860.375,4980498.563,0.0519489562988281,0.038603125,0.01404270935,17.11901855,0.528779566,864,7.2,402300,0.08190918,1,1,1
12420395,2022,deep_water,random_draw,0,637946.2159,4980288.614,0.0555238647460937,0.0620704528808594,0.01637613525,54.53622818,27.92119598,576,5.5,402300,0.074768066,0.90345633,0.856060624,3.329545498
12459682,2022,dry,annotated,0,643594.5833,4982414.583,0.111752783203125,0.305563891601562,0.0390291748,116.9561768,8.803806305,108,3,169200,-1.255432129,0.08024691,0.027777778,5
12459782,2022,dry,annotated,0,643609.9286,4982192.786,0.0653342834472656,0.170008569335937,0.1016371338,110.593956,4.195466995,315,3.5,169200,-0.529052734,0.646753192,0.114285715,4.6285715100000004
12460072,2022,deep_viz,annotated,0,643650.568,4982087.811,0.0264349517822266,0.0381728149414063,0.01259125977,19.6855545,19.30742073,927,7.022727273,169200,0.076293945,0.979470611,0.916298926,2
12460390,2022,deep_viz,annotated,0,643706.2241,4982028.052,0.0272870697021484,0.0385224151611328,0.006459484863,20.04356194,24.82073784,1044,6.692307692,169200,0.076293945,1,0.916666687,2.353448391
12461191,2022,deep_viz,annotated,0,643826.6129,4982023.669,0.0256258056640625,0.0511766143798828,0.03612983704,51.35842896,27.32032394,981,6.888888889,169200,0.039306641,0.863873959,0.879765391,3.153225899
12461519,2022,glint,annotated,0,643860.1909,4982520.082,0.100112725830078,0.205818188476562,0.09348544922,137.5940857,8.029223442,234,3.75,169200,-1.092712402,0.463949829,0.372727275,4.527272701
12838043,2022,deep_water,random_draw,0,694737.5714,5029800.929,0.0505654754638672,0.0853464294433594,0.03011428833,45.1483345,34.41423416,558,5.25,14400,0.342651367,0.59837091,0.701984048,4.214285851
12838617,2022,deep_water,random_draw,0,694834.0667,5029860.333,0.0684155578613281,0.170856665039062,0.07410666504,83.44432831,12.68155479,621,4.821428571,14400,-0.654968262,0.307044297,0.458585888,5
9531533,2022,deep_water,random_draw,0,694821.5313,5033106.094,0.0392385406494141,0.0689010437011719,0.0751989563,82.98584754,132.6056991,684,6.260869565,51300,0.027801514,0.279056996,0.096590914,5
9531865,2022,deep_water,random_draw,0,694854.0165,5033229.676,0.0399373626708984,0.0457384613037109,0.009405493164,19.88174477,23.87709227,819,6.5,51300,-0.017089844,0.663839102,0.451348633,4.95604372
9532779,2022,deep_water,random_draw,0,694946.665,5033042.083,0.0471631072998047,0.0999533996582031,0.09315824585,47.95973638,22.04315211,522,6.4375,51300,-0.243591309,0.038349513,0,5
9532817,2022,deep_water,random_draw,0,694968.4773,5033280.091,0.0591462097167969,0.1324810546875,0.06957576904,123.2959203,126.8140808,450,6,51300,-0.825378418,0.012626262,0,5
9533115,2022,deep_water,random_draw,0,694977.5094,5033133.594,0.0388509429931641,0.0397660369873047,0.01023867798,8.89803559,1.286787693,954,7.227272727,51300,0.030853271,0.991062582,0.984562635,3.339622736
9530214,2022,deep_water,random_draw,0,694637.031,5033649.226,0.0403026550292969,0.0752451354980469,0.0626637146,90.85930658,86.53618382,1008,6.78,54900,0.010955811,0.33940658,0.074336283,5
9530919,2022,deep_water,random_draw,0,694734,5033616,0.0251919998168945,0.0339559997558594,0.01049599915,7.466093324,0.360700327,900,7.5,54900,0.102996826,1,1,3
9530942,2022,deep_water,random_draw,0,694762.6364,5033730.409,0.0398272735595703,0.09385302734375,0.1069893921,95.49212889,222.6016826,288,4.125,54900,-0.011810303,0.316498309,0.266666681,4.727272511
9531620,2022,deep_water,random_draw,0,694848,5033523.714,0.0710849182128906,0.233219848632813,0.07498095703,101.4458211,149.2927468,765,6.3,54900,-1.221740723,0.160130724,0.338888913,5
9532551,2022,deep_water,random_draw,0,694941.1941,5033641.959,0.080687060546875,0.236978833007813,0.05399291992,127.5475599,80.31364191,171,4.903846154,54900,-0.668304443,0.012418301,0,5
9532830,2022,deep_water,random_draw,0,694967.8333,5033520.5,0.0552285705566406,0.152166662597656,0.06599366455,118.9554793,88.1403435,171,3.9375,54900,-0.017181396,0.244268075,0.211111099,5
9527006,2022,shallow_viz,annotated,1,694101.2561,5034602.524,0.0377463409423828,0.0818963439941406,0.122010968,130.7144865,23.48196009,738,5.857142857,111600,0.045837402,0,0,5
9527196,2022,shallow_viz,annotated,1,694129.8305,5034332.72,0.0342322021484375,0.0672788146972656,0.1439347351,141.0283674,6.355399728,1062,7.08,111600,0.083099365,0.053807329,0.090909094,5
9526597,2022,dry,annotated,0,694037.8247,5034365.591,0.070080517578125,0.148793505859375,0.08785715332,135.9344433,15.03748273,684,4.62,111600,-0.193786621,0,0,5
9527009,2022,dry,annotated,0,694100.0422,5034278.584,0.0571807250976563,0.150297595214844,0.03058553467,87.39043648,124.5476546,747,5.928571429,111600,-0.095275879,0,0,5
9528339,2022,dry,annotated,0,694311.5886,5034334.006,0.0560784790039063,0.126950634765625,0.05855568848,93.9645503,39.96163135,612,5.925,111600,-0.353637695,0,0.12658228,5
9528006,2022,deep_water,random_draw,0,694268.4036,5036646.56,0.0409090362548828,0.0662843383789063,0.03452529907,59.90450287,23.93125343,1089,7.545454545,10800,-0.036804199,0.786144555,0.485067546,3.82530117
9528678,2022,deep_water,random_draw,0,694380.5798,5036609.972,0.0397012268066406,0.0675950927734375,0.02723926392,53.19343567,17.26235962,693,7.887096774,10800,-0.038360596,0.760037005,0.585443377,4.055214882
9529145,2022,deep_water,random_draw,0,694463.3571,5036972.786,0.047401904296875,0.0582476196289062,0.01382761841,23.28630638,35.08828354,945,6.847826087,99000,0.008514404,0.97269845,0.800000012,2.590476274
9529326,2022,deep_water,random_draw,0,694492.2379,5036857.121,0.0447368927001953,0.0419679626464844,0.01428543701,7.272555351,1.057597518,927,7.022727273,99000,0.033294678,1,1,1.407766938
9529602,2022,deep_water,random_draw,0,694548.1116,5036762.095,0.0434735534667969,0.0512933898925781,0.04274545288,23.71825218,18.60601044,1089,7.5625,99000,0.014251709,0.948051989,0.834710717,3.198347092
9529917,2022,deep_water,random_draw,0,694583.122,5036996.89,0.0466329254150391,0.0549646362304688,0.02342561035,25.83171654,23.76546669,738,6.15,99000,0.01953125,0.78211385,0.756097555,2.317073107
9530694,2022,deep_water,random_draw,0,694705.0301,5036979.524,0.056559033203125,0.118887951660156,0.07966625977,108.4972229,49.61510468,549,5.659090909,99000,-0.296051025,0.541415691,0.331325293,4.168674469
9531288,2022,deep_water,random_draw,0,694791.0728,5036882.84,0.0504650482177734,0.072690289306640593,0.006984466553,24.37842178,37.39440155,846,6.717391304,99000,-0.055511475,0.887492836,0.814563096,2.660194159
9531526,2022,deep_water,random_draw,0,694816.9545,5036769.773,0.0506636352539062,0.0794136352539063,0.01154697266,35.87740707,40.53172684,594,5.5,99000,-0.077911377,1,0.907575846,3
9530212,2022,deep_water,random_draw,0,694637.512,5036644.175,0.069248193359375,0.144565063476563,0.0764614502,121.0173874,37.39767456,531,4.446428571,31500,-0.452148438,0.447289169,0.622124851,4.421686649
9530941,2022,deep_water,random_draw,0,694757.0517,5036593.052,0.0717080444335938,0.15005517578125,0.07166206055,121.2164841,33.85763168,783,5.4375,31500,-0.590881348,0.280172408,0.879832864,4.839080334
9531383,2022,deep_water,random_draw,0,694821.4394,5036695.47,0.05710302734375,0.0692222229003906,0.01470707397,10.62259197,33.57759857,585,5.303571429,31500,0.078430176,0.99242425,0.903948545,2.030303001
9532402,2022,deep_water,random_draw,0,694914.1714,5036639.829,0.044305712890625,0.0589257141113281,0.03141356812,25.94989967,24.66236305,1260,7.777777778,31500,0.074493408,0.954621792,0.798701286,2.985714197
9530773,2022,deep_water,random_draw,0,694731,5038049.214,0.0477404754638672,0.0570253967285156,0.06439761353,54.89348984,24.80109978,1134,7.56,435600,0.016235352,0.540100276,0.741281867,3.690476179
9531167,2022,deep_water,random_draw,0,694792.0313,5038202.75,0.0721354187011719,0.207834375,0.0367177002,109.1631393,29.67053032,540,4.235294118,435600,-1.515197754,0.457145482,0.493750006,4.3125
9531524,2022,deep_water,random_draw,0,694823.0934,5037970.335,0.078389013671875,0.175556042480469,0.08219119873,92.90305328,26.56275749,126,5.055555556,435600,-3.212310791,0.161943316,0.173076928,4.846153736
9531907,2022,deep_water,random_draw,0,694866.1588,5037857.7,0.0728858825683594,0.200281176757813,0.08182116699,100.8128357,19.03429604,108,4.903846154,435600,-2.575469971,0.099653974,0.456149697,4.858823299
9527159,2022,deep_water,random_draw,0,694124.8333,5038590.5,0.0648454528808594,0.135620202636719,0.08519090576,112.3564377,26.99036217,468,5.5,45000,-0.517852783,0.074536212,0.170594841,4.929293156
9527744,2022,deep_water,random_draw,0,694224.7727,5038502.682,0.0564303039550781,0.12329697265625,0.05652727051,103.3015442,104.172226,261,2.357142857,45000,-0.01739502,0.636363626,0.649862289,4.272727489
9527777,2022,deep_water,random_draw,0,694221.2436,5038660.167,0.0344495727539062,0.0387418792724609,0.02546153564,7.17382288,1.132090807,1053,7.3125,45000,0.029937744,1,1,1
9528155,2022,deep_water,random_draw,0,694288.1949,5038566.153,0.0389398315429687,0.0423432189941406,0.02269661255,7.916805744,0.963007271,1062,7.375,45000,0.045196533,1,1,1
9528740,2022,deep_water,random_draw,0,694402.06,5038648.7,0.0464959991455078,0.0847333312988281,0.0179666687,48.36526871,47.04850769,396,4.326923077,11700,-0.022064209,0.618518531,0.368000001,3.053333282
9528844,2022,deep_water,random_draw,0,694405.2766,5038539.191,0.0372202117919922,0.0425180847167969,0.02726276245,8.179205894,1.006049395,846,6.409090909,11700,0.025604248,1,0.977659523,1.276595712
9526426,2022,deep_water,random_draw,0,694010.0575,5039253.863,0.0465707977294922,0.0637159301757813,0.0972,72.74421692,38.7662468,1017,7.0625,103500,0.032684326,0.957252979,0.607079625,3.389380455
9526915,2022,deep_water,random_draw,0,694074.0918,5039161.898,0.0426836730957031,0.0448673461914062,0.03806020508,4.503973961,1.226893425,882,6.391304348,103500,0.093841553,1,1,1
9527060,2022,deep_water,random_draw,0,694101.1239,5039314.362,0.0432779815673828,0.0452789001464844,0.04428164978,11.03812504,9.926231384,981,7.785714286,103500,0.020202637,1,1,1
9527334,2022,deep_water,random_draw,0,694154.9087,5039046.483,0.0443304351806641,0.0600852172851562,0.02119217529,30.09410477,42.55783081,945,7.5,103500,-0.004241943,0.94599545,0.913596869,1.973913074
9527562,2022,deep_water,random_draw,0,694193.8269,5039354.365,0.0501817321777344,0.0894269226074219,0.02075288696,74.79711914,47.56012344,936,6.24,103500,-0.050476074,1,0.685576916,2.903846264
9528171,2022,deep_water,random_draw,0,694288.5714,5039317.429,0.0472761901855469,0.0587706359863281,0.01719999695,9.758336067,12.61909676,774,7.56,103500,0.081512451,1,0.96825397,1.634920597
9528191,2022,deep_water,random_draw,0,694305.5481,5038942.702,0.0505586547851562,0.112423071289062,0.03000289307,86.56903839,71.11956024,162,5.2,103500,-0.734741211,0.560254335,0.487674803,4.240384579
9528383,2022,deep_water,random_draw,0,694318.7857,5039158.286,0.0735714294433594,0.136257141113281,0.03005238037,82.09596252,128.3485565,252,2.625,103500,-0.320495605,1,0.857142866,2
9528840,2022,deep_water,random_draw,0,694407.8415,5039401.646,0.0515109741210937,0.0639439025878906,0.002475610352,35.17782211,31.53656387,540,4.92,168300,0.100402832,0.771951258,0.865853667,2.378048897
9528852,2022,deep_water,random_draw,0,694404.2927,5039529.329,0.0541097534179688,0.120758532714844,0.04372073975,131.914093,16.94245911,315,4.555555556,168300,-0.348907471,0.130937099,0.169512197,5
9529142,2022,deep_water,random_draw,0,694463.5737,5039193.995,0.0440757904052734,0.0634168395996094,0.03072210693,51.61976624,31.79657745,855,6.785714286,168300,0.003265381,0.731024921,0.711578965,2.357894659
9529395,2022,deep_water,random_draw,0,694520.4643,5039576.786,0.0535333312988281,0.069240478515625,0.01163809814,40.26703262,28.93011093,558,5.04,168300,0.070526123,0.74686718,0.738095224,2.285714388
9529446,2022,deep_water,random_draw,0,694521.3,5039013.639,0.0383547821044922,0.0360765228271484,0.02476695862,11.33720207,1.158429384,1035,6.634615385,168300,0.140533447,1,1,1
9529550,2022,deep_water,random_draw,0,694525.3624,5039282.876,0.0462064208984375,0.0403816528320313,0.0243275238,13.5838604,0.949737012,981,7.785714286,168300,0.140563965,1,0.985321105,1
9529747,2022,deep_water,random_draw,0,694554.1,5039165.467,0.0607944458007812,0.1517322265625,0.02637554932,138.2018738,13.86409187,603,4.821428571,168300,-0.311798096,0.186666682,0.140000001,4.800000191
9530174,2022,deep_water,random_draw,0,694620.289,5039375.078,0.0469926605224609,0.0593715576171875,0.02528991089,23.5841732,15.30222797,837,6.54,168300,0.1065979,0.911926568,0.836697221,2.19266057
9530255,2022,deep_water,random_draw,0,694641,5039649.42,0.0487429992675781,0.110405004882813,0.04771799316,131.4368286,7.178089619,162,6.818181818,168300,-1.106567383,0.026105262,0,5
9530552,2022,deep_water,random_draw,0,694675.1875,5039460.281,0.042059375,0.0846270812988281,0.1006958313,119.1651535,12.40143299,864,6.260869565,168300,-0.1640625,0.234375,0.169791669,4.666666508
9525028,2022,deep_viz,annotated,0,693773.4633,5040093.537,0.0385366973876953,0.0381633026123047,0.05287798157,18.49336815,0.898958564,981,7.431818182,99000,0.132110596,1,1,1
9525151,2022,deep_viz,annotated,0,693800.3571,5039975.885,0.0452945068359375,0.0439813201904297,0.05486154175,18.03508568,1.013026953,819,5.6875,99000,0.131256104,1,1,1
9525641,2022,dry,annotated,0,693867.3065,5040276.726,0.0523763427734375,0.11899462890625,0.09158815918,146.6642914,1.983687639,117,5.58,99000,-1.439025879,0.057558503,0.019969277,4.860215187
9526004,2022,deep_viz,annotated,0,693924.1774,5039944.016,0.0458096771240234,0.0438408599853516,0.04815376282,17.52492142,1.020237207,837,6.642857143,99000,0.122283936,1,1,1.709677458
9526786,2022,dry,annotated,0,694073.069,5039933.198,0.0518,0.116172412109375,0.08635258789,138.7349701,8.027090073,189,6.444444444,99000,-1.25213623,0.147232309,0.162931025,4.818965435
9527249,2022,dry,annotated,0,694131.4091,5040005.621,0.0413101013183594,0.0887979797363281,0.09817373657,102.6103592,26.07290268,477,6.1875,99000,-0.80380249,0.133838385,0.160606056,5.000000477
9525478,2022,deep_water,random_draw,0,693855.9375,5039701.031,0.061384375,0.11765,0.110740625,88.16055298,104.1830826,162,1.777777778,52200,-0.49609375,0.533223689,0.46875,5
9525500,2022,deep_water,random_draw,0,693859.8578,5039793.482,0.041317431640625,0.0456357788085937,0.05269816895,7.120503902,0.884116292,981,6.8125,52200,0.150909424,1,1,1
9526143,2022,deep_water,random_draw,0,693950.2723,5039734.649,0.0386554443359375,0.0409871276855469,0.05905742798,6.481997013,0.915760517,909,7.214285714,52200,0.146514893,1,1,1
9526249,2022,deep_water,random_draw,0,693987.4909,5039641.064,0.0744709106445312,0.22994091796875,0.07426999512,100.9089737,58.87615967,216,4.230769231,52200,-3.422241211,0.226363629,0.264545441,5
9526273,2022,deep_water,random_draw,0,693982.0645,5039835.944,0.0416072570800781,0.0464588714599609,0.0640669342,7.591237545,1.224990368,1116,7.153846154,52200,-0.002532959,1,1,1.612903237
9526870,2022,deep_water,random_draw,0,694074.9054,5039762.311,0.0392981994628906,0.0652234252929687,0.03195045166,25.04293633,22.2839489,873,6.9375,52200,-0.068359375,0.685585618,0.715315282,3.648648739
9519257,2022,deep_water,random_draw,0,693077.7049,5039796.123,0.0598991821289062,0.0639442626953125,0.08423115234,25.07562065,14.37380219,1098,7.038461538,168300,0.072814941,1,1,2.737704992
9520028,2022,deep_water,random_draw,0,693169.9286,5039672.48,0.0615826538085937,0.0694887756347656,0.09591019897,37.10836029,28.86802673,513,5.88,168300,0.064849854,0.671201825,0.662244916,3.53061223
9521139,2022,deep_water,random_draw,0,693288.84,5039613.39,0.0625659973144531,0.0695280029296875,0.1175159912,38.51488876,17.18466187,630,6.52173913,168300,0.035705566,0.71783334,0.73300004,4.1199998859999996
9522152,2022,deep_water,random_draw,0,693407.4189,5039829.932,0.0920954956054688,0.241822534179687,0.05028828125,123.2905426,7.865218639,252,5.203125,168300,-0.953491211,0.201401398,0.172972977,4.675675869
9522590,2022,deep_water,random_draw,0,693441.8196,5039609.985,0.0656371154785156,0.0678185546875,0.05760618896,25.46394539,24.71648026,441,6.0625,168300,0.056427002,0.932416975,0.898969054,2.69072175
9523094,2022,deep_water,random_draw,0,693504.2946,5039733.67,0.0664339294433594,0.0574410705566406,0.04560357056,8.427090645,0.851462841,1008,7,168300,0.141296387,0.992063463,0.985714257,1.428571463
9523379,2022,deep_water,random_draw,0,693559.6485,5039495.332,0.101153466796875,0.259875244140625,0.05568613281,110.03479,5.626941681,180,5.826923077,168300,-1.505554199,0.031266283,0,5
9524196,2022,deep_water,random_draw,0,693662.0081,5039392.355,0.0703072570800781,0.255045971679688,0.09069677734,118.1614227,44.20483398,243,6.2,168300,-1.449401855,0.163978487,0.193548381,4.903225899
9524248,2022,deep_water,random_draw,0,693680.1286,5039583.243,0.102072381591797,0.247914282226563,0.06616191406,116.4173355,7.795746803,324,5.25,168300,-1.24887085,0.219047621,0.15142858,4.657142639
9525318,2022,deep_water,random_draw,0,693831.4065,5039520.154,0.038740185546875,0.0565672912597656,0.04642897339,31.21891975,27.01161194,963,6.6875,168300,-0.174224854,0.909813046,0.871962547,2.616822481
9516816,2022,shallow_viz,annotated,1,692784.1395,5039972.442,0.0482232543945312,0.0967941833496094,0.09403488159,134.8378448,4.244550705,333,5.608695652,900,0.154693604,0.007751938,0,5
9515099,2022,shallow_viz,annotated,1,692600.1136,5039763.477,0.0423681823730469,0.0684886352539062,0.1659765259,146.3275909,1.178527713,1098,7.92,20700,0.319274902,0.045875423,0.06881313,5
9498309,2022,shallow_viz,annotated,1,689966.5909,5040180.682,0.0433585845947266,0.0676767700195312,0.133,91.27976227,15.53441811,891,5.94,64800,0.106872559,0.078431375,0.093480259,5
9497399,2022,em_veg,annotated,0,689723.5633,5040576.778,0.0470911407470703,0.0940759521484375,0.09166202393,128.1791992,12.19297981,117,5.642857143,64800,-0.257324219,0.018284107,0.075949371,5
9497551,2022,dry,annotated,0,689785.4262,5040425.385,0.0535868835449219,0.117539343261719,0.009750817871,124.0869064,23.3857193,342,6.777777778,64800,-0.449188232,0.018054217,0.028315946,5
9497681,2022,em_veg,annotated,0,689813.9176,5040336.94,0.0464604400634766,0.0896703308105469,0.06701099243,94.89458466,26.1921196,144,5.6875,64800,0.289367676,0.180833861,0.141158849,5
9497911,2022,deep_viz,annotated,0,689873.2879,5040249.803,0.0398535339355469,0.0523888916015625,0.01246464844,74.80435944,15.11890984,774,6.75,64800,0.304962158,0.73737371,0.426262617,4.272727489
9497913,2022,deep_viz,annotated,0,689873.4903,5040125.811,0.0403689331054687,0.0554737854003906,0.01340291138,85.79350281,22.47732735,270,6.717391304,64800,0.293365479,0.63435179,0.389673412,5
9498148,2022,deep_viz,annotated,0,689927.9268,5040065.817,0.0484475616455078,0.0909158508300781,0.1149914734,105.7564316,8.797391891,738,4.92,64800,-0.013763428,0.05284553,0.113082036,5
9498243,2022,dry,annotated,0,689961.5816,5040274.653,0.0656755126953125,0.1288091796875,0.01703979492,134.325882,11.31967258,180,6.391304348,64800,-0.628967285,0.011337869,0.030612245,5
9498342,2022,dry,annotated,0,689990.1102,5040092.797,0.0588245788574219,0.113599157714844,0.03879744873,126.3886566,19.39059258,504,6.321428571,64800,-0.758270264,0.025423728,0.045856871,5
9496797,2022,dry,annotated,0,689507.4633,5039881.72,0.0708733947753906,0.150347705078125,0.05528349609,125.7463379,3.609727859,486,7.108695652,4500,-0.350158691,0,0,5
9494546,2022,dry,annotated,0,689094.3713,5039670.342,0.0593475219726562,0.12477822265625,0.02826534424,131.922348,9.255843163,585,5.224137931,25200,-0.239013672,0,0,4.999999523
9456358,2022,em_veg,annotated,0,682467.2222,5040492.361,0.0488907409667969,0.129089819335937,0.08710554199,109.4528427,42.19064713,954,6.230769231,93600,0.049194336,0.105441496,0.05218855699999999,5
9456960,2022,dry,annotated,0,682586.4118,5040430.706,0.0595284301757813,0.117030395507812,0.06094509888,142.8347473,2.83970046,117,5.666666667,93600,-0.245513916,0.010806596,0.016666668,5
9457173,2022,dry,annotated,0,682613.0122,5040335.159,0.0587304870605469,0.119463415527344,0.0465987793,135.5986023,17.01079178,693,4.392857143,93600,-0.156402588,0.099549308,0,5
9457657,2022,em_veg,annotated,0,682704.0882,5040303.294,0.0412529418945312,0.0935215698242188,0.06767646484,87.38006592,89.30396271,918,6.652173913,93600,-0.051055908,0.592882633,0.442513406,4.843137264
9458339,2022,em_veg,annotated,0,682850.5588,5040276.971,0.0351215698242187,0.0677215698242187,0.03723137207,105.6178207,114.2314148,207,6.652173913,93600,-0.018890381,0.703376412,0.255793244,5
9458987,2022,dry,annotated,0,682991.4205,5041290.818,0.05365,0.139473864746094,0.08423294678,103.1694565,26.19352913,225,4.258064516,7200,0.020568848,0.049051534,0.05475207,5
9459308,2022,dry,annotated,0,683037.4167,5041176.167,0.08205,0.176058337402344,0.04966112061,126.14814,8.31807518,207,3.375,7200,-0.201629639,0.012777777,0.031944446,5
9458991,2022,shallow_viz,annotated,1,682990.906,5041770.53,0.045496240234375,0.0712323303222656,0.06074736938,119.7096405,19.35872841,1197,7.673076923,21600,0.11907959,0.076232463,0.194486216,5
9459626,2022,shallow_viz,annotated,1,683087.6471,5041742.647,0.0571784301757813,0.0671794128417969,0.06172549438,119.5793533,29.98000717,918,7.285714286,21600,0.163757324,0.052087791,0.211764723,5
9459055,2022,dry,annotated,0,683006.2347,5041732.653,0.0618132629394531,0.123868371582031,0.01368060303,119.8734131,10.95058918,180,5.88,21600,-0.19039917,0.013300193,0.084415592,5
9459625,2022,dry,annotated,0,683088.0638,5041802.138,0.064814892578125,0.13267978515625,0.02886915283,121.9430389,11.63900471,342,5.875,21600,-0.279602051,0,0.088652484,5
9459674,2022,dry,annotated,0,683093.5755,5044833.736,0.0499698120117188,0.236406591796875,0.08791699219,96.57256317,6.950367451,396,6.625,81000,-1.130126953,0.076069184,0,5
9459756,2022,dry,annotated,0,683117.1667,5045043.792,0.0463833343505859,0.241075,0.06205556641,87.73666382,20.40248299,261,4.32,81000,-0.11340332,0.07888177,0.068602696,5
9460029,2022,dry,annotated,0,683155.3857,5044899.443,0.0595590454101562,0.2730771484375,0.05765808105,92.70358276,7.561729431,504,6.5625,81000,-1.308380127,0.078571431,0,5
9458773,2022,deep_viz,annotated,0,682943.4375,5048376.375,0.0316427093505859,0.03028125,0.00472604217499999,9.82673645,1.780216575,864,7.2,80100,0.011199951,1,1,1
9458833,2022,dry,annotated,0,682970.1637,5048196.597,0.051792919921875,0.103833630371094,0.0312185791,119.4434814,30.38877296,126,6.519230769,80100,-0.417877197,0.029734513,0,5
9459099,2022,deep_viz,annotated,0,683001.0773,5048286.325,0.0324752563476563,0.0365041229248047,0.03577937927,34.675354,23.60548592,873,6.613636364,80100,0.031768799,0.814139307,0.71735394,2.762886524
9459392,2022,deep_viz,annotated,0,683040.93,5048405.04,0.0347239990234375,0.0432700012207031,0.004554998779,40.30472183,42.0451088,594,6.818181818,80100,0.04888916,0.6324929,0.652499974,3.420000076
9459789,2022,dry,annotated,0,683121.2097,5048316.952,0.0460967742919922,0.0970838684082031,0.03920108032,124.4116898,33.14767838,162,6.340909091,80100,-0.275604248,0.013824886,0,5
9459818,2022,dry,annotated,0,683120.2667,5048255.833,0.0512188903808594,0.106080004882812,0.03240222168,121.886795,28.7422123,702,6.136363636,80100,-0.271881104,0.061904766,0,5
9454805,2022,deep_water,random_draw,0,682226.2188,5048764.188,0.064646875,0.144780212402344,0.06821561279,127.9316483,93.38890839,558,5.76,201600,-0.425231934,0.280864179,0.52367425,4.15625
9455208,2022,deep_water,random_draw,0,682284.9956,5048433.173,0.0581168151855469,0.0572716796875,0.01196813965,21.34467888,13.12261391,1017,7.369565217,201600,0.469848633,0.978761077,0.951729715,1.796460152
9455599,2022,deep_water,random_draw,0,682344.3416,5048582.51,0.0569762390136719,0.0459257415771484,0.01377920837,13.28546715,1.45126617,909,6.886363636,201600,0.486480713,1,1,1.168316841
9455846,2022,deep_water,random_draw,0,682394.1,5048394,0.0683111083984375,0.128678894042969,0.021127771,89.84761047,116.0934677,810,5.625,201600,-0.372436523,1,1,2.833333254
9456031,2022,deep_water,random_draw,0,682422.3434,5048287.102,0.0471253021240234,0.09210361328125,0.0739012085,69.23594666,39.91542816,612,4.98,201600,0.37399292,0.698123634,0.632530093,4.301204681
9456352,2022,deep_water,random_draw,0,682461.2349,5048526.922,0.060955419921875,0.0949373474121094,0.01944819336,43.21383286,54.99979401,675,5.1875,201600,0.43951416,0.920289814,0.917670667,2.602409363
9456529,2022,deep_water,random_draw,0,682485.0273,5048367.682,0.0644909118652344,0.166012731933594,0.08498907471,116.3138962,45.00641251,495,3.173076923,201600,0.079406738,0.183614805,0,5
9458798,2022,dry,annotated,0,682950.3077,5049360,0.0636858947753906,0.161969226074219,0.03547821045,130.5653229,38.640625,135,4.5,5400,-0.20892334,0.034798536,0,5
9456565,2022,dry,annotated,0,682519.0596,5050115.133,0.0631633056640625,0.133668811035156,0.07102200928,132.1901093,8.862717628,153,5.637931034,7200,-0.548278809,0,0,5
9456735,2022,dry,annotated,0,682529.9762,5050196.786,0.0678555541992188,0.137042858886719,0.02598413086,140.616394,18.61167336,135,3.5,7200,-0.237976074,0.040564373,0,5
9457276,2022,shallow_viz,annotated,1,682638.9894,5050415.904,0.0385670227050781,0.0936617004394531,0.1220766052,107.5527725,38.71842575,738,6.130434783,27900,-0.019134521,0.070638299,0,5
9456277,2022,deep_viz,annotated,0,682461.1111,5050352.472,0.0402222229003906,0.0831564819335937,0.09460462646,98.06744385,104.6059036,972,6.75,27900,0.019500732,0.110956788,0.05555556,4.916666508
9456604,2022,deep_viz,annotated,0,682520.3889,5050351.667,0.0302824066162109,0.0407759246826172,0.01612685242,92.51063538,19.54678154,972,7.043478261,27900,0.124938965,0.860400021,0.62885803,2.907407522
9456642,2022,deep_viz,annotated,0,682524.4528,5050417.387,0.0315103759765625,0.0675820739746094,0.0830000061,96.7760849,48.362854,954,6.913043478,27900,0.108825684,0.278993726,0.26886791,4.735848904
9456784,2022,dry,annotated,0,682550.1055,5050271.491,0.0719137634277344,0.147676147460937,0.03434036865,139.4394379,7.35597086,693,5.109375,27900,-0.83215332,0,0,5
9456819,2022,dry,annotated,0,682553.7,5050449.214,0.0529438110351563,0.111339050292969,0.04382189941,141.4781647,12.48652649,189,6.057692308,27900,-0.461730957,0.015765568,0,5
9457101,2022,dry,annotated,0,682615.2087,5050325.694,0.0734611633300781,0.148271850585938,0.0249786377,136.5632172,11.77435589,378,5.15,27900,-0.510406494,0,0,5
9458186,2022,deep_water,random_draw,0,682821.5177,5050629.863,0.0306849548339844,0.0402938049316406,0.04879469299,66.24706268,15.77804852,1017,7.369565217,21600,-0.05456543,0.939317286,0.712791622,4.637167931
9458569,2022,deep_water,random_draw,0,682907.6471,5050473.618,0.0412039215087891,0.086437255859375,0.09867352295,115.0873032,32.83660126,522,6.12,21600,-0.035186768,0.449960411,0,5
9458591,2022,deep_water,random_draw,0,682914.3056,5050593.056,0.0504175933837891,0.112031481933594,0.08071018066,113.4209061,44.15322876,657,7.043478261,21600,-0.171020508,0.286990017,0,5
9455832,2022,deep_water,random_draw,0,682381.7586,5050717.94,0.0855551696777344,0.234124145507812,0.07467670898,86.74921417,81.35706329,432,5.272727273,153000,-0.955718994,0.161336198,7.18e-4,5
9456701,2022,deep_water,random_draw,0,682523.8636,5050649.864,0.0358979797363281,0.0490070709228516,0.036676766970000003,55.92611313,22.46539879,576,7.425,153000,-0.029571533,0.877031207,0.751683474,2.868686914
9456743,2022,deep_water,random_draw,0,682544.3926,5050924.277,0.0399074371337891,0.0549966918945312,0.03036859741,43.34087753,14.54532242,990,7.26,153000,0.023773193,0.881512761,0.795454562,2.719008207
9457099,2022,deep_water,random_draw,0,682611.2008,5050592.988,0.0390535430908203,0.0577889770507813,0.07644881592,94.58960724,25.5247364,1143,7.055555556,153000,-0.096801758,0.723846972,0.555774271,3.314960718
9457151,2022,deep_water,random_draw,0,682623.8636,5051083.227,0.0687545471191406,0.164018176269531,0.1134090942,106.498497,22.9274025,378,3.413793103,153000,-0.082733154,0.449404746,0,4.363636494
9457967,2022,deep_water,random_draw,0,682770.0789,5051073,0.0480092102050781,0.110567102050781,0.1344736938,125.0173187,54.56305313,360,3.931034483,153000,-0.093994141,0.56422925,0.033492826,4.289473534
9458124,2022,deep_water,random_draw,0,682804.0122,5050956.134,0.0358829254150391,0.0560390258789063,0.06996585693,105.7965622,29.05767441,621,6.833333333,153000,-0.031738281,0.862950087,0.507760584,4.073170662
9458271,2022,deep_water,random_draw,0,682829.1234,5050733.63,0.0679467529296875,0.141814282226563,0.07306494141,119.8449326,44.06325531,342,2.961538462,153000,-0.116485596,0.299874693,0.086186543,4.506493568
9454507,2022,deep_water,random_draw,0,682191.6553,5052153.131,0.0402718444824219,0.0768902893066406,0.04700388794,56.64265442,51.70079803,927,6.717391304,121500,0.014190674,0.673948169,0.633495152,3.805825233
9454659,2022,deep_water,random_draw,0,682220.8404,5052272.426,0.0393297882080078,0.0768829772949219,0.05320106812,70.5136261,50.16373444,360,5.64,121500,-0.017730713,0.423200756,0.391843975,4.042553425
9455295,2022,deep_water,random_draw,0,682305.0217,5052001.717,0.0510927551269531,0.113447827148437,0.1118637695,77.09475708,32.92086792,621,4.5,121500,-0.072387695,0.122971013,0,5
9455629,2022,deep_water,random_draw,0,682353.6389,5052275.806,0.0338296295166016,0.0480648162841797,0.01992129211,22.07119942,23.06405258,234,6.75,121500,0.02053833,0.78846251999999994,0.784511805,3.685185194
9455935,2022,deep_water,random_draw,0,682400.3788,5052154.348,0.0356909088134766,0.0407272735595703,0.00838283081099999,19.62830353,7.086295128,891,7.071428571,121500,0.028289795,0.965744317,0.856060624,2.535353422
9456104,2022,deep_water,random_draw,0,682433.8738,5051849.341,0.0307242980957031,0.0402158874511719,0.0353,40.33506012,30.59409142,963,6.6875,121500,0.01449585,1,0.929127753,2.579439163
9456374,2022,deep_water,random_draw,0,682467.2822,5051973.134,0.0293574249267578,0.0395613861083984,0.05737722473,53.81063461,65.93852234,909,6.886363636,121500,0.014434814,0.990099013,0.871287107,3.009901047
9456387,2022,deep_water,random_draw,0,682487.3108,5052067.459,0.0612148620605469,0.154168920898438,0.1204756836,83.68708801,22.55120659,126,4.111111111,121500,-0.164276123,0.07609871,0,5
9456451,2022,deep_water,random_draw,0,682488.9242,5052222.258,0.0582818176269531,0.1421939453125,0.1079858643,82.72198486,33.25748062,720,5.120689655,121500,-0.077453613,0.107000746,0.014309766,5
9456877,2022,deep_water,random_draw,0,682556.4873,5051849.335,0.0477050628662109,0.110618981933594,0.080021521,78.62954712,33.38648224,657,4.557692308,121500,-0.083282471,0.58227849,0.370253175,4.151898861
9458813,2022,deep_water,random_draw,0,682971.3545,5051764.773,0.0711454528808594,0.148312731933594,0.01448182373,122.5547333,19.58952713,243,3.173076923,45000,-0.517272949,0,0,5
9458936,2022,deep_water,random_draw,0,682974.9653,5051644.292,0.0329722778320313,0.0411098999023437,0.007708911133,20.93943214,3.229767084,909,6.886363636,45000,0.105224609,0.933993399,0.818181753,2.346534729
9458995,2022,deep_water,random_draw,0,682994.7,5051527.118,0.0541718200683594,0.123130908203125,0.07457727051,91.86326599,83.00049591,909,6.111111111,45000,-0.060913086,0.28293708,0.144628108,4.954545498
9459612,2022,deep_water,random_draw,0,683089.2551,5051706.673,0.0501173461914063,0.112344897460937,0.07934897461,104.5666275,89.76618958,252,5.653846154,45000,-0.001068115,0.177721083,0.10204082,4.775510311
9459613,2022,deep_water,random_draw,0,683087.6,5051587,0.0355088897705078,0.0423077789306641,0.01073333435,17.04559708,2.499533653,810,6.428571429,45000,0.049041748,0.994666636,0.781818151,1.688888907
9457837,2022,deep_water,random_draw,0,682757.6138,5052245.865,0.0396125762939453,0.0651778442382813,0.01533473511,42.04690552,24.16601944,1431,8.080645161,9000,0.204528809,0.645389378,0.576483369,3.245508909
9457832,2022,deep_water,random_draw,0,682754.1084,5052363.535,0.0347503509521484,0.0547342651367188,0.006748950195,21.2084713,8.644868851,1125,7.396551724,7200,-0.026000977,0.831709266,0.669368505,3.034965038
9457148,2022,deep_water,random_draw,0,682613.0798,5052489.744,0.0517067199707031,0.125484033203125,0.129049585,101.4355774,41.89963531,1071,6.375,17100,-0.041351318,0.055126052,0.004201681,4.949579716
9457437,2022,deep_water,random_draw,0,682669.792,5052393.836,0.0277026550292969,0.04701416015625,0.03476813965,67.33467865,57.36878967,1017,6.519230769,17100,0.037506104,0.89958626,0.814293385,4.079646111
9458690,2022,deep_water,random_draw,0,682941.8839,5054847.804,0.0486482147216797,0.138639282226562,0.1189375,110.1903763,64.29985809,594,6.461538462,518400,-0.114807129,0.082531735,0,5
9458872,2022,deep_water,random_draw,0,682971.3889,5054693.722,0.0501101837158203,0.115083337402344,0.1122259155,97.25965118,58.33036423,432,6.48,518400,-0.132995605,0.191919178,0.115740731,4.861110687
9459759,2022,deep_water,random_draw,0,683117.4677,5054583.629,0.0737080627441406,0.209012915039062,0.0591338623,103.8633804,66.70294952,333,3.72,518400,-0.388366699,0.271016628,0.262096763,4.322580814
9459809,2022,deep_water,random_draw,0,683121.9057,5054859.594,0.0445886779785156,0.0613641479492188,0.04277075195,39.46548843,38.04021835,954,6.913043478,518400,-0.044830322,1,0.816037655,3.207546949
9457408,2022,shallow_viz,annotated,1,682664.2805,5055362.207,0.0583682922363281,0.0761032531738281,0.1176105652,143.2397766,8.423213959,558,7.096153846,3600,-0.006866455,0.06815093,0,5
9455729,2022,shallow_viz,annotated,1,682371.3378,5055574.095,0.0438468475341797,0.0580756774902344,0.09164594116,147.2870636,3.80303359,999,7.568181818,22500,0.035125732,0.114460617,0,5
9456971,2022,shallow_viz,annotated,1,682587.6618,5055482.184,0.0455536773681641,0.069325,0.08213603516,127.8996429,24.88819504,387,7.555555556,22500,-0.034545898,0.074074075,0.071078435,5
9454531,2022,deep_water,random_draw,0,682191.5833,5056477.194,0.0382574066162109,0.0816185180664063,0.1189546265,104.6901016,73.73163605,207,7.043478261,43200,0.020721436,0.212124258,0.111952864,4.787036896
9454853,2022,deep_water,random_draw,0,682254.3148,5056320.87,0.0456296295166016,0.10688271484375,0.1461765381,98.07331085,51.45822525,594,4.673076923,43200,0.039581299,0.425413102,0.145903483,4.925925732
9455084,2022,deep_water,random_draw,0,682278.6845,5056412.84,0.0323,0.0351038848876953,0.005543692017,10.22142124,2.033052921,927,6.4375,43200,0.001464844,1,1,1
9455126,2022,deep_water,random_draw,0,682284.6389,5056532.556,0.0290638885498047,0.0355990753173828,0.01886388855,31.91898155,22.62961769,972,7.043478261,43200,0.008026123,1,1,2.166666746
9455787,2022,deep_water,random_draw,0,682370.8099,5056456.035,0.0438478881835938,0.100602819824219,0.1090309937,89.03953552,52.48073196,576,4.4375,43200,0.010345459,0.544279933,0.302176714,4.943662167
9455788,2022,deep_water,random_draw,0,682376.2364,5056352.127,0.0447536376953125,0.0929663635253906,0.1046145447,106.2695465,40.89960861,630,7.173913043,43200,-0.070587158,0.30400002,0.119008273,4.672727108
9455283,2022,shallow_viz,annotated,1,682311.7564,5059143.449,0.0350213684082031,0.0796008544921875,0.1765530029,109.0130768,31.74617577,900,7.02,12600,0.142944336,0.066574134,0.100526631,5
9454884,2022,dry,annotated,0,682250.97,5059200.99,0.0593390014648437,0.127258996582031,0.0586710083,135.3344269,23.10005188,180,6.52173913,12600,-0.24029541,0.074074075,0,5
9455123,2022,dry,annotated,0,682283.9536,5059109.211,0.0475587615966797,0.161876293945312,0.07913608398,88.94384003,127.6747971,558,6.0625,12600,-0.338500977,0.030927837,0.010309278,5
9455443,2022,dry,annotated,0,682331.9037,5059214.326,0.068212841796875,0.141877978515625,0.0656256958,138.1008148,6.692208767,126,6.288461538,12600,-0.299316406,0.074074082,0.014271152,5
9035141,2022,deep_water,random_draw,0,682853.2075,5070612.142,0.0270716979980469,0.0405528289794922,0.2413962189,69.06209121,77.73869466,954,7.227272727,47867400,-0.574523926,0.183392972,0,4.971698284
9050823,2022,deep_water,random_draw,0,684441.5943,5069234.575,0.0432254730224609,0.118299060058594,0.1327735718,105.7187821,48.37449605,954,7.227272727,47867400,-0.434234619,0.24352926,0,5
9052220,2022,deep_water,random_draw,0,684531.7358,5069140.019,0.0406405670166016,0.106923583984375,0.1139415039,66.7850017,140.7696492,954,6.36,47867400,-0.399353027,0.229114652,0.140783742,5
9062217,2022,deep_water,random_draw,0,685115.1761,5070932.556,0.0631507019042969,0.158670422363281,0.1239366089,77.29096519,84.22779157,639,4.4375,47867400,-0.33682251,0.172437713,0,5
9070801,2022,deep_water,random_draw,0,685583.7222,5071239,0.0333388885498047,0.0399111114501953,0.01760740967,7.109483526,39.64038461,972,7.043478261,47867400,-0.022247314,0.981903493,1,2.435185194
9072201,2022,deep_water,random_draw,0,685672.6376,5070755.326,0.0423899078369141,0.124973388671875,0.1624972656,95.32701098,179.8935743,675,5.839285714,47867400,-0.621734619,0.072976455,0,5.000000477
9073831,2022,deep_water,random_draw,0,685761.775,5071036.15,0.0297508331298828,0.0588658325195313,0.2791083374,104.1793461,118.3613314,1071,7.2,47867400,-0.432678223,0.169664904,0,5
9076280,2022,deep_water,random_draw,0,685884.612,5071284.54,0.0304911987304687,0.0449623992919922,0.02423360291,10.81278835,52.6990113,765,7.5,47867400,-0.069946289,0.986133337,1,3.232000113
9080175,2022,deep_water,random_draw,0,686097.9627,5071218.291,0.0388089538574219,0.102750744628906,0.1691798462,87.33922388,199.3724517,1017,7.178571429,47867400,-0.37802124,0.133299023,0.076662146,5
9082069,2022,deep_water,random_draw,0,686214.9286,5071079.964,0.0736738098144531,0.168729760742188,0.0484,52.31945325,100.7174778,225,5.47826087,47867400,-2.205108643,0.448549539,0.684523821,4.404761791
9038567,2022,deep_water,random_draw,0,683244.2647,5071365.294,0.0424411773681641,0.0497794128417969,0.2600627502,102.0694511,36.19295636,918,6.954545455,40129200,-0.700561523,0.241830066,0,5
9038723,2022,deep_water,random_draw,0,683273.0357,5071602.589,0.0365964294433594,0.04040625,0.2082178467,132.0375351,7.058721503,1008,7.636363636,40129200,-1.158874512,0.101785719,0,5
9040209,2022,deep_water,random_draw,0,683423.5515,5072325.541,0.0630010314941406,0.137619592285156,0.04871442871,86.90901108,107.3612861,234,6.928571429,40129200,-2.109283447,0,0,5
9042749,2022,deep_water,random_draw,0,683690.9483,5071184.716,0.0473284484863281,0.0381517242431641,0.1482172394,85.08335561,171.3316335,1044,7.25,40129200,0.260925293,0.24497126,0.12238767,5
9043844,2022,deep_water,random_draw,0,683784.5,5071303.045,0.0498626251220703,0.0406595947265625,0.2625212204,74.06224369,44.93675832,891,7.071428571,40129200,0.132415771,0.2087024,0,5
9047486,2022,deep_water,random_draw,0,684171,5071335,0.0512570007324219,0.0422239990234375,0.3181010071,102.9006096,26.82643065,900,7.5,40129200,-0.295257568,0.198290601,0,5
9057410,2022,deep_water,random_draw,0,684863.3491,5071395.057,0.0407037750244141,0.0401584899902344,0.3082188782,135.8385893,26.22864325,954,7.227272727,40129200,-0.858459473,0.11611031,0,5
9073279,2022,deep_water,random_draw,0,685731.8365,5071448.856,0.0423817321777344,0.111947119140625,0.169378833,83.19121481,197.2378919,936,6.5,40129200,-0.343414307,0.244136661,0.083333343,5
9075180,2022,deep_water,random_draw,0,685822.7308,5071482.115,0.0406625,0.0721548095703125,0.2271692383,118.0393425,139.3257392,936,6.5,40129200,-0.580047607,0.181318671,0,5
9081712,2022,deep_water,random_draw,0,686187.2103,5071542.575,0.0283168212890625,0.0618626159667969,0.1310364441,55.75644355,68.16176399,405,6.6875,40129200,-1.012237549,0.187296644,0.03398471,5
9037209,2022,dry,annotated,0,683096.6622,5073105.014,0.0757720703125,0.183806311035156,0.06637296143,123.640118,25.90842613,378,6.166666667,18900,-1.067626953,0.002119767,0,5
9034722,2022,deep_water,random_draw,0,682799.6955,5075381.267,0.0408736846923828,0.0914390991210938,0.009475939941,21.72871841,63.92948203,1062,7.125,5400,0.314605713,0.65256089,0.34837091,3.586466074
9035795,2022,deep_water,random_draw,0,682941.7317,5075421.768,0.0676121948242187,0.239879272460937,0.05356584473,108.3839017,153.7574274,108,4.92,2700,-4.637176514,0.068965517,0.126016259,4.853658676
9035761,2022,deep_water,random_draw,0,682940.1148,5075535.516,0.0473565582275391,0.0987868835449219,0.01340819702,82.01759542,233.5622038,756,6.535714286,900,0.012145996,0.419183552,0.844262302,5
9036816,2022,dry,annotated,0,683063.9474,5077058.263,0.0839596496582031,0.190943859863281,0.0513491333,122.9165236,14.89558573,891,7.125,76500,-0.170074463,0,0,5
9032937,2022,dry,annotated,0,682555.3393,5077995,0.0717348205566406,0.16798125,0.1102839355,129.554834,7.662372287,387,6.72,47700,-0.355407715,0,0,5
9033422,2022,dry,annotated,0,682613.5879,5077905.247,0.0723604370117188,0.171965930175781,0.1108197876,124.7684993,25.70245379,648,5.46,47700,-0.307128906,0,0,5
9034019,2022,dry,annotated,0,682704.6556,5078079.478,0.0501081481933594,0.164606665039062,0.05689926758,91.86786588,222.48902,171,7.232142857,47700,-0.760742188,0,0,5
9032016,2022,shallow_viz,annotated,1,682460.4906,5079008.264,0.0421679260253906,0.096926416015625,0.07079245605,67.24885498,5.701631761,954,7.227272727,141300,0.033996582,0,0.164126769,5
9031585,2022,dry,annotated,0,682402.8621,5078985.931,0.0540681030273438,0.112810339355469,0.09467845459,67.78831364,20.84357572,1044,7.909090909,141300,-0.208190918,0,0.022988508,5
9032581,2022,dry,annotated,0,682520.6134,5078775.479,0.0579422668457031,0.123123706054688,0.08945670166,47.67422148,9.684469362,873,6.928571429,141300,-0.169006348,0.115807571,0.166666672,5
9033321,2022,dry,annotated,0,682613.25,5078937.079,0.067548681640625,0.149389477539063,0.03756973877,116.3659822,5.763745512,684,5.181818182,141300,0.232116699,0,0.055668022,5
9036464,2022,dry,annotated,0,683007.2895,5079405.105,0.0723219299316406,0.156031579589844,0.03397631836,120.9193721,18.8645348,432,7.772727273,15300,-0.379730225,0,0,5
9036954,2022,dry,annotated,0,683063.0607,5079311.93,0.06898037109375,0.150458874511719,0.04428225098,114.4856324,39.86014483,234,6.42,15300,-0.365356445,0,0,5
9037261,2022,dry,annotated,0,683113.788,5079404.316,0.0759583984375,0.16705439453125,0.0310592041,108.7785748,36.66113017,198,6.465517241,15300,-0.195526123,0.002,0,5
9024863,2022,dry,annotated,0,681480.8226,5086487.823,0.0606440856933594,0.228138720703125,0.01854838867,121.776455,238.1706937,405,5.58,10800,-1.197418213,0.035714287,0.00248139,5
9023905,2022,dry,annotated,0,681325.0086,5086995.828,0.0923620666503906,0.2066853515625,0.04751898193,168.7939161,3.643453099,945,6.444444444,20700,-0.682037354,0,0,5
9024009,2022,dry,annotated,0,681353.8069,5087056.233,0.0709098999023438,0.150597033691406,0.06409998779,174.2214958,1.148167107,279,6.586956522,20700,0.048065186,0,0,5
8805308,2022,dry,annotated,0,679574.4,5101127.862,0.0599261535644531,0.124546923828125,0.07922077637,157.2502708,27.82624526,108,7.5,10800,-0.094360352,0.047257524,0,5
8805421,2022,dry,annotated,0,679673.3118,5101162.288,0.0725447082519531,0.139838818359375,0.06731882324,129.1930363,39.25185013,378,4.396551724,10800,-0.441040039,0,0,5
4036470,2022,dry,annotated,0,680531.5833,5126368.542,0.0636805541992188,0.162106945800781,0.0407597168,153.3309316,98.13427384,261,3.724137931,81900,0.2109375,0.026374988,0,5
4036678,2022,dry,annotated,0,680585.4403,5126419.455,0.0642865661621094,0.145011938476562,0.03890148926,162.3589431,122.4823285,216,3.865384615,81900,0.083343506,0.023880597,0.031094527,5
4037829,2022,dry,annotated,0,680788.0556,5126371.111,0.0678870361328125,0.161561108398437,0.01490185547,164.497368,83.66991267,216,3.115384615,81900,-0.103240967,0.014336918,0,5
3477821,2022,dry,annotated,0,651203.5787,5164806.253,0.0554269653320313,0.110361791992187,0.0556427002,131.9264512,93.06077577,162,5.804347826,1611900,-0.900604248,0,0,5
3483446,2022,em_veg,annotated,0,652077.9353,5165615.418,0.0576435302734375,0.12182353515625,0.1292564697,107.8202922,366.2115271,765,5.1,1611900,-1.192108154,0.38921091,0.402614385,4.800000191
3483619,2022,deep_viz,annotated,0,652110.5156,5165675.063,0.0517765625,0.10226015625,0.09708203125,100.6015816,476.7616929,936,6.620689655,1611900,-0.636230469,0.250390619,0.252170146,4.6875
3483791,2022,deep_viz,annotated,0,652140.7,5165982.85,0.0592866638183594,0.0510516662597656,0.05065166626,32.51493813,92.35729683,1071,7.2,1611900,2.385650635,0.863835871,0.747366011,3.5
3483792,2022,deep_viz,annotated,0,652139.9848,5165829.379,0.0510414154052734,0.0850202026367188,0.05509697266,73.18944312,304.4696733,891,5.711538462,1611900,0.443817139,0.474682301,0.356725156,4
3484239,2022,em_veg,annotated,0,652227.2064,5165827.225,0.0481275238037109,0.126627526855469,0.09364954834,124.2371097,311.4898056,531,7.431818182,1611900,-0.68661499,0.005242464,0,5
3484928,2022,dry,annotated,0,652405.6795,5165889.192,0.0521623901367188,0.146539318847656,0.1048008423,110.8842136,287.8134012,396,6.75,1611900,-0.99911499,0.008309592,0,5
3485367,2022,dry,annotated,0,652493.5,5165884.182,0.0684333312988281,0.15555,0.1166666748,158.9029004,212.20947520000001,243,4.304347826,1611900,0.25604248,0.151342973,0.313527435,4.863636494
3464579,2022,terrain,annotated,0,649404.5,5165859.53,0.0560919189453125,0.126879797363281,0.1437363647,156.021521,49.34294254,891,5.94,914400,-0.029907227,0,0,5
3470313,2022,dry,annotated,0,650213.9526,5165074.626,0.0541663146972656,0.121689477539062,0.04945578613,186.2395428,0.603718785,180,5.9375,914400,-0.574523926,0,0,5
3473240,2022,dry,annotated,0,650618.9022,5165166.293,0.052525,0.115428259277344,0.0505706543,92.8790434,69.95186103,828,4.451612903,914400,-0.497070313,0,5.72e-4,5
3455386,2022,deep_water,random_draw,0,647450.1923,5162739.874,0.0345296691894531,0.0745,0.0220934082,152.1626914,166.7622526,756,5.25,5400,0.014373779,0.51212132,0.71318686,5
3441656,2022,shallow_viz,annotated,1,644065.7348,5162825.987,0.0320765228271484,0.0409886962890625,0.1547530396,60.20259037,0.902855354,1035,7.5,60300,0.104187012,0.128639415,0,5
3441659,2022,shallow_viz,annotated,1,644067.4043,5162680.917,0.0336652160644531,0.047822607421875,0.1248573975,60.60253087,1.005114948,1035,7.5,60300,0.173919678,0.133262634,0,5
3441075,2022,dry,annotated,0,643949.5654,5162919.294,0.0542962646484375,0.115879443359375,0.2664467285,67.6726716,0.980923584,459,6.42,60300,-0.194122314,0.020815635,0,5
3441262,2022,dry,annotated,0,643977.5642,5162979.096,0.0598908264160156,0.128950463867188,0.2595091797,70.33203587,1.343331756,189,7.108695652,60300,-0.298675537,0.001146789,0,5
3441878,2022,dry,annotated,0,644123.1667,5162892.106,0.0551646484375,0.113591918945312,0.2073050537,77.59007961,1.009499953,675,5.303571429,60300,-0.183044434,0.018643091,0,5
3434432,2022,shallow_viz,annotated,1,642380.1176,5162638.706,0.0302901947021484,0.071287255859375,0.1914117676,183.4318242,3.266975029,918,6.12,90900,0.033325195,0.114145666,0,5
3434612,2022,shallow_viz,annotated,1,642416.7,5162768.214,0.0234571426391601,0.038098095703125,0.2424019043,164.8328108,16.07232896,945,7.159090909,90900,0.245330811,0.217233568,0,5
3434202,2022,dry,annotated,0,642326.0455,5162603.523,0.0612,0.152009094238281,0.08435985107,185.2259355,1.797583111,315,5.351351351,90900,-0.084442139,0,0,5
3434520,2022,dry,annotated,0,642392.7115,5162829.087,0.0693913452148437,0.153874035644531,0.09438172607,187.2118223,0.350715724,666,6.24,90900,-0.160583496,0.002683363,0,5
3435005,2022,dry,annotated,0,642533.3955,5162644.701,0.065515673828125,0.148086572265625,0.09163879395,187.0601681,0.505678443,423,7.444444444,90900,-0.164276123,0,0,5
3425812,2022,shallow_viz,annotated,1,639039.0234,5159382.352,0.0319703125,0.065259375,0.1038898438,174.0115378,7.516156275,1107,7.111111111,9900,0.115234375,0.026094455,0,5
3425282,2022,dry,annotated,0,638903.1848,5159381.967,0.0754402160644531,0.166160864257813,0.03603477783,116.5499214,20.66071913,171,5.75,9900,-0.218719482,0,0,5
3425933,2022,dry,annotated,0,639066,5159328.491,0.0725745483398438,0.149681823730469,0.02539000244,182.4834581,2.010652275,144,6.111111111,9900,-0.225860596,5.05e-4,0,5
3426084,2022,dry,annotated,0,639087.2222,5159383.667,0.05705,0.113457409667969,0.0155,180.2286628,3.028981356,324,3.52173913,9900,-0.174835205,0.014619884,0,5
3419835,2022,em_veg,random_draw,0,636956.7371,5159303.768,0.070636083984375,0.173006188964844,0.1358463989,167.9673311,9.67588768,234,6.326086957,7200,-0.265930176,0.020061299,0,5
3420016,2022,em_veg,random_draw,0,637049.709,5159256.47,0.0492970153808594,0.115314929199219,0.1753984985,166.0289318,5.368513857,315,4.369565217,7200,-0.018188477,0.023983531,0,5
3393077,2022,dry,annotated,0,629855.3774,5159103.906,0.0746716979980469,0.189577355957031,0.03910187988,182.0508828,13.45559617,126,4.676470588,900,-0.020355225,0.012310569,0,5
3387637,2022,dry,annotated,0,628526.5811,5158839.743,0.0706207214355469,0.23863603515625,0.04566125488,155.575057,6.708459141,468,6.66,212400,-0.26651001,0.031508688,0,5
3387639,2022,dry,annotated,0,628525.9643,5158688.393,0.0501619049072266,0.162083337402344,0.1268369019,148.83655,7.511281524,756,5.727272727,212400,-0.047943115,0.090773806,0,5
3387684,2022,dry,annotated,0,628533.9958,5158387.223,0.066720166015625,0.284657153320312,0.07493444824,176.0731284,3.243053249,387,6.611111111,212400,-0.234161377,0.025176201,0,5
3385608,2022,dry,annotated,0,627956.9071,5159349.863,0.0583610595703125,0.184433630371094,0.09096461182,175.3341302,70.70494165,1017,6.519230769,82800,-0.014892578,0.0598935,0,5
3385610,2022,dry,annotated,0,627950.7233,5159076.481,0.0672873779296875,0.187955334472656,0.1275970825,173.0505686,2.318205606,621,5.327586207,82800,-0.081390381,0.085573018,0,5
3386240,2022,dry,annotated,0,628109.3333,5159196.278,0.0503518524169922,0.14435185546875,0.1467962891,173.4882447,4.676798519,270,3.52173913,82800,0.02444458,0.129137501,0,5
3385505,2022,dry,annotated,0,627930.0126,5158628.181,0.068120166015625,0.264288232421875,0.04609831543,165.1100063,5.00568769,549,6.375,45900,-0.133422852,0.010874938,0,5
3385525,2022,dry,annotated,0,627926.5851,5158839.894,0.0648563842773437,0.211574462890625,0.07957128906,160.1330003,4.324294694,846,5.222222222,45900,-0.076202393,0.071976215,0,5
3385652,2022,dry,annotated,0,627959.3242,5158746.214,0.0580208801269531,0.196984619140625,0.09726704102,148.4445005,10.0424096,819,5.46,45900,-0.064117432,0.071751781,0,5
3497730,2022,dry,annotated,0,655069.1966,5165968.365,0.09399775390625,0.194376403808594,0.02374156494,148.8120223,14.20193428,378,4.603448276,14400,-0.249816895,0,0,5
3498291,2022,dry,annotated,0,655110.9808,5165890.904,0.0622192321777344,0.168921154785156,0.03328461914,153.5412922,43.20453575,423,6.5,14400,0.142913818,0,0,5
3383583,2022,dry,annotated,0,627416.4375,5158716.938,0.05558125,0.192585412597656,0.1001552124,176.3583097,3.041088713,864,5.333333333,140400,-0.109771729,0.067435317,0,5
3384541,2022,dry,annotated,0,627650.5396,5158845.609,0.0674247497558594,0.209511889648438,0.0783465332,168.7355762,1.913237339,909,6.3125,140400,-0.133544922,0.092709273,0,5
3384677,2022,dry,annotated,0,627689.7923,5158543.038,0.0541307678222656,0.150916918945313,0.1201876953,149.117098,226.2105216,585,4.875,140400,-0.132598877,0.060139865,0.025384616,5
3376733,2022,shallow_viz,annotated,1,625526.7222,5158896.139,0.0327175933837891,0.0479361114501953,0.1689870331,132.9942319,28.29551819,972,6.48,45900,0.11038208,0.129032254,0,5
3376775,2022,shallow_viz,annotated,1,625526.9602,5158772.164,0.0302283172607422,0.0469761047363281,0.1767141541,144.2586484,36.1869743,1017,7.369565217,45900,0.188537598,0.173303828,0,5
3376692,2022,dry,annotated,0,625520.7065,5158953.783,0.101421740722656,0.238669555664063,0.05121630859,167.1446281,35.84482662,216,4.928571429,45900,-0.706115723,0.05267356,0,5
3377063,2022,dry,annotated,0,625590.1667,5158746.5,0.0730541687011719,0.17095278320312501,0.0783666748,124.9009446,273.6445335,225,4.153846154,45900,-0.259063721,0.037074372,0,5
3377733,2022,dry,annotated,0,625704.2671,5158897.582,0.0615,0.154491784667969,0.04081917725,142.0375005,146.3191623,549,4.760869565,45900,-0.280853271,0.107821472,0,5
3375457,2022,dry,annotated,0,625260,5160128.571,0.0611761901855469,0.12349404296875,0.05011071777,167.0213938,15.87276684,108,6.3,63000,-0.12701416,0.002380952,0,5
3375569,2022,dry,annotated,0,625287.876,5159972.94,0.0575703979492187,0.113503198242188,0.04831519775,150.8153528,31.19547765,657,6.944444444,63000,-0.309051514,0.059935831,0,5
3375913,2022,dry,annotated,0,625347.7963,5160125.315,0.0612703674316406,0.1346345703125,0.03209753418,158.3535903,71.20816205,108,5.282608696,63000,-0.115539551,0.009259259,0,5
3376301,2022,dry,annotated,0,625439.4744,5159976.936,0.0563256408691406,0.13339658203125,0.07412819824,141.1299279,12.64906629,882,7.02,135000,-0.135742188,0.050899267,0,5
3376904,2022,dry,annotated,0,625557.0577,5160213.663,0.0568596130371094,0.138605773925781,0.1191826782,189.469201,1.755148391,216,7.428571429,135000,-0.252929688,0,0,5
3377061,2022,dry,annotated,0,625588.2391,5159949.796,0.0573582580566406,0.131219128417969,0.05514434814,155.8821943,9.020821111,909,7.5,135000,-0.097015381,0.094946913,0,5
3373842,2022,co_precise,annotated,1,624839.4231,5160489.894,0.0326634613037109,0.04675,0.08112211914,177.1424407,9.359835334,936,7.090909091,198000,0.08883667,0.114610963,0,5
3373946,2022,shallow_viz,annotated,1,624870.0714,5160396.186,0.0311866668701172,0.0457809509277344,0.1757038147,172.9065764,13.84131168,945,6.847826087,198000,0.041381836,0.096774191,0,5
3373619,2022,dry,annotated,0,624774.1909,5160456.655,0.057657275390625,0.120100903320312,0.04063182373,161.4082042,19.31247597,297,6.346153846,198000,-0.195007324,0.023915462,0,5
3373775,2022,dry,annotated,0,624811.0673,5160306.779,0.0611173095703125,0.122289428710937,0.05237979736,162.5002781,20.60362592,486,7.428571429,198000,-0.325592041,0.052283652,0,5
3375095,2022,dry,annotated,0,625193.076,5160519.924,0.0584744018554687,0.133195202636719,0.05573439941,171.8714475,19.57372538,315,6.696428571,198000,-0.295806885,0.010758621,0,5
3373277,2022,shallow_viz,annotated,1,624678.8306,5160667.773,0.0371347106933594,0.0795157043457031,0.1333099243,184.6246966,1.244195706,1044,6.482142857,16200,-0.025054932,0.145856336,0,5
3373318,2022,shallow_viz,annotated,1,624691.1507,5160760.397,0.0373609588623047,0.0817582214355469,0.1017136963,184.31199229999999,2.310021915,1314,7.551724138,16200,-0.009735107,0.13352482,0,5
3373252,2022,dry,annotated,0,624656.0921,5160605.408,0.0688328918457031,0.147431579589844,0.01879605713,183.062359,2.166802624,216,3.931034483,16200,-0.189025879,0.033008169,0,5
3373067,2022,shallow_viz,annotated,1,624601.9884,5160493.314,0.0420674407958984,0.0687821716308594,0.05476433716,179.2545414,6.19659279,1161,7.166666667,18900,0.047149658,0.09562102,0,5
3373177,2022,shallow_viz,annotated,1,624654.012,5160432.948,0.0397007995605469,0.0740056030273438,0.05866560059,136.2654183,101.3361095,1125,6.696428571,18900,-0.009307861,0.068404302,0,5
3372691,2022,dry,annotated,0,624505.9655,5160513.052,0.0715163818359375,0.148067236328125,0.0362258667,165.0523512,40.21262735,216,6.214285714,18900,-0.291320801,0,0,5
3373087,2022,dry,annotated,0,624616.7727,5160539.795,0.0825727294921875,0.180136364746094,0.08886136475,175.1278289,19.22278052,126,2.538461538,18900,-0.095947266,0.011363637,0,5
3373135,2022,dry,annotated,0,624630.6818,5160395.264,0.0603627258300781,0.121266369628906,0.04192908936,144.2368644,21.71150285,342,6.875,18900,-0.237121582,0.023030303,0,5
3372367,2022,shallow_viz,annotated,1,624411.4914,5160702.828,0.0414879302978516,0.0744258605957031,0.07150344849,91.82296663,33.7088728,819,6.692307692,9900,0.014556885,0.089978449,0,5
3372514,2022,shallow_viz,annotated,1,624451.1471,5160631.735,0.0385470581054687,0.06407548828125,0.1160303955,93.67526902,30.87705556,765,6.12,9900,0.080932617,0.130635351,0,5
3372303,2022,dry,annotated,0,624388.4643,5160731.786,0.0611083312988281,0.120266662597656,0.01730714111,102.3767469,75.14952917,342,6,9900,-0.170471191,0.042410713,0,5
3372482,2022,dry,annotated,0,624447.5348,5160598.317,0.0611060852050781,0.120289562988281,0.01970174561,82.38760163,23.74584974,135,6.160714286,9900,-0.262878418,0.03898051,0,5
3372755,2022,dry,annotated,0,624515.3065,5160636.855,0.0593838684082031,0.123453759765625,0.0266612915,107.1310799,69.09919273,243,5.8125,9900,-0.319915771,0.040154357,0,5
3369622,2022,dry,annotated,0,623783.6429,5160789.405,0.0670730163574219,0.135616662597656,0.04569285889,156.2103706,15.11455874,117,7,10800,-0.383117676,0.014739228,0,5
3369771,2022,dry,annotated,0,623794.3295,5160724.67,0.0657431823730469,0.128344323730469,0.04352044678,154.5957511,12.27795511,216,5.5,10800,-0.324127197,0.031926412,0,5
3369818,2022,dry,annotated,0,623817.3991,5160572.161,0.0629229370117187,0.126763305664062,0.02862476807,155.416452,23.06230565,576,6.8125,10800,-0.264068604,0.054799818,0,5
3365269,2022,dry,annotated,0,622743.7188,5160762.469,0.0663072937011719,0.188654162597656,0.0587885376,176.698068,97.85272766,495,5.333333333,216000,-0.224456787,0.05208334,0,5
3366087,2022,dry,annotated,0,622955.6212,5160788.409,0.0681737365722656,0.144980810546875,0.07745151367,169.1868563,10.15681892,468,5.303571429,216000,-0.14453125,0.074074075,0,5
3367344,2022,dry,annotated,0,623226.8824,5160660,0.0570813720703125,0.118927453613281,0.149194104,169.8459025,15.09185115,918,6.954545455,216000,-0.201538086,0.07016591,0,5
3363469,2022,dry,annotated,0,622182.464,5162045.277,0.0883129516601562,0.18826474609375,0.09476763916,188.9041576,0.250360872,423,6.95,27900,-0.267059326,0,0,5
3361683,2022,shallow_viz,annotated,1,621597.39,5162252.46,0.0325350006103516,0.0768090026855469,0.2155690002,187.8338052,0.123122016,900,6.52173913,39600,0.014862061,0.015336258,0,5
3361821,2022,shallow_viz,annotated,1,621630.0149,5162318.955,0.0304098999023437,0.0509188110351562,0.2280435669,188.0767339,0.053039694,909,6.886363636,39600,0.09262085,0.033303175,0,5
3361544,2022,dry,annotated,0,621551.5,5162360.814,0.0848752380371094,0.186456188964844,0.1088009399,187.9887153,0.013899945,693,6.057692308,39600,-0.130645752,0,0,5
3362072,2022,dry,annotated,0,621694.05,5162335.8,0.0713525024414062,0.16568125,0.1370975098,187.9925312,0.006651079,693,3.529411765,39600,-0.103088379,0,0,5
3362800,2022,dry,annotated,0,621939.2857,5162286.381,0.0955872985839844,0.20991826171875,0.1104984131,187.2017084,0.195321603,621,7,1800,-0.035461426,0,0,5
3362108,2022,shallow_viz,annotated,1,621715.9478,5162645.306,0.0326007476806641,0.0434156707763672,0.2141962677,190.1985994,0.189535252,1206,8.04,63000,0.123626709,0.0340796,0,5
3362624,2022,shallow_viz,annotated,1,621871.4639,5162499.307,0.0437337341308594,0.0865289184570313,0.1629891479,188.9038122,0.620068558,738,5.1875,63000,-0.024108887,0.013554217,0,5
3361859,2022,dry,annotated,0,621641.2917,5162655.5,0.0787361083984375,0.173225,0.109043042,189.7633336,0.225912355,495,3.857142857,63000,-0.147583008,0,0,5
3362211,2022,dry,annotated,0,621759.5,5162582.741,0.0772344848632812,0.174465515136719,0.1116229858,189.9706167,0.024507531,513,5.019230769,63000,-0.150878906,0,0,5
3362481,2022,dry,annotated,0,621836.1094,5162611.969,0.0703671875,0.1523734375,0.1104515625,189.9664532,0.027522776,369,3.428571429,63000,-0.15447998,0,0,5
3362404,2022,shallow_viz,annotated,1,621809.1885,5162826.959,0.0406491790771484,0.0697196716308594,0.145867218,189.9834382,0.028204796,963,6.777777778,27900,0.0128479,0.009518773,0,5
3362655,2022,shallow_viz,annotated,1,621896.7703,5162670.581,0.0378441436767578,0.0752765747070313,0.1721918823,190.2666235,0.178881694,801,6.66,27900,-0.010406494,0.021677928,0,5
3362501,2022,dry,annotated,0,621843.3,5162741.856,0.0791918518066406,0.172222216796875,0.09736889648,190.0273447,0.033242792,171,7.232142857,27900,-0.205657959,0,0,5
3362807,2022,dry,annotated,0,621953.0455,5162669.318,0.065501513671875,0.14425302734375,0.1126984863,190.000106,1.06e-4,243,3.807692308,27900,-0.174468994,0.016862169,0,5
3363051,2022,dry,annotated,0,622023.2857,5162674.31,0.0688706359863281,0.161284130859375,0.1043317383,170.7628789,76.81024931,342,4.846153846,27900,-0.172515869,0.009672619,0,5
3364017,2022,shallow_viz,annotated,1,622320.9565,5162792.022,0.0347971008300781,0.0586202880859375,0.07316376343,131.4229323,18.55584391,567,8.28,1800,-0.008483887,0.016173426,0.015700484,5
3363843,2022,dry,annotated,0,622287.3611,5162765.778,0.0691898132324219,0.140824072265625,0.02950185547,179.5149742,37.07604453,225,6,1800,-0.333770752,0,0,5
3358928,2022,shallow_viz,annotated,1,620553.2182,5163457.227,0.0422072723388672,0.0773063659667969,0.04408999634,140.1679988,12.32854927,639,6.6,3600,0.004241943,0,0,5
3359020,2022,shallow_viz,annotated,1,620601.0728,5163419.053,0.0421281555175781,0.0825640747070313,0.0591786438,151.5145165,22.88313119,819,5.722222222,3600,0.006103516,0,0,5
3358045,2022,shallow_viz,annotated,1,620279.3727,5163702.382,0.0350590911865234,0.0811336364746094,0.1222409119,173.1471685,3.528271824,909,7.173913043,6300,0.226348877,0.088510975,0,5
3357718,2022,dry,annotated,0,620190.1829,5163692.341,0.0702695129394531,0.253196337890625,0.04906464844,172.5571719,5.170897565,198,5.125,6300,-0.133544922,0,0,5
3357949,2022,dry,annotated,0,620249.7712,5163752.161,0.0691,0.334413549804688,0.03257966309,178.6794856,0.877722168,234,6.807692308,6300,-0.253875732,0,0,5
3358215,2022,dry,annotated,0,620319.9304,5163726.703,0.0587683532714844,0.285183544921875,0.08906328125,172.5804291,4.220713659,288,4.232142857,6300,-0.183319092,0,0,5
3357698,2022,shallow_viz,annotated,1,620186.0593,5163641.441,0.0414457641601563,0.0908627136230469,0.0413499939,107.1583172,9.428199055,954,6.321428571,8100,-0.068267822,0,0,5
3357903,2022,shallow_viz,annotated,1,620246.8083,5163641.944,0.0331443603515625,0.0514556396484375,0.06315714111,115.8661636,5.308009117,1134,7.673076923,8100,0.124420166,0.03068015,0,5
3358106,2022,dry,annotated,0,620306.5685,5163627.925,0.0588794494628906,0.124508215332031,0.008926025391,94.77946046,20.35576261,225,4.5625,8100,-0.16973877,0.007305936,0,5
3356129,2022,shallow_viz,annotated,1,619743.1525,5163725.72,0.0446135589599609,0.0931550842285156,0.03431101685,120.8449904,7.436972595,468,6.807692308,900,0.033935547,0,0,5
3356183,2022,dry,annotated,0,619770.661,5163752.619,0.0572161010742187,0.118688977050781,0.01934490967,120.9004616,6.091783674,207,7.08,900,-0.139221191,0,0,5
3356528,2022,shallow_viz,annotated,1,619860.6696,5163728.438,0.0345473205566406,0.06750625,0.1587571411,129.2938918,12.86215318,1008,7.636363636,10800,0.00668335,0.016614245,0,5
3356838,2022,dry,annotated,0,619952.5857,5163749.843,0.0711190490722656,0.295560009765625,0.02421713867,179.1321206,1.221768002,144,6.3,10800,-0.164367676,0,0,5
3356920,2022,dry,annotated,0,619974.9848,5163698.742,0.0583393920898437,0.214089892578125,0.06710405273,176.7389081,2.996399918,441,5.5,10800,0.008361816,0,0,5
3353434,2022,shallow_viz,annotated,1,618927.2674,5163485.477,0.0386930236816406,0.0563488342285156,0.1203907043,171.6664271,4.219787426,1161,7.442307692,6300,0.025177002,0.049176358,0,5
3353497,2022,shallow_viz,annotated,1,618956.1408,5163544.121,0.0424893218994141,0.0696980590820312,0.1292621338,175.4504352,5.030240614,324,6.4375,6300,-0.003692627,0.051274274,0,5
3352290,2022,dry,annotated,0,618567.2419,5163545.903,0.0508854827880859,0.1056,0.1058145264,139.796004,19.6601031,171,3.72,9000,-0.208831787,0.037145652,0,5
3350833,2022,dry,annotated,0,618293.7632,5163573.395,0.0467434204101563,0.104157897949219,0.1088368286,144.8706014,74.80872789,243,4.071428571,2700,-0.200805664,0.041795667,0,5
3350908,2022,shallow_viz,annotated,1,618299.2714,5163725.157,0.0279390472412109,0.0387590484619141,0.1456361908,166.0342656,10.01323224,144,7.159090909,7200,0.183258057,0.164528593,0,5
3351241,2022,shallow_viz,annotated,1,618357.8571,5163699.214,0.026725,0.03731875,0.1547678589,166.6595725,14.51577689,1008,7.636363636,7200,0.214660645,0.166379184,0,5
3350840,2022,dry,annotated,0,618296.528,5163654.472,0.0622314697265625,0.152764331054688,0.08710700684,158.2386335,61.57868069,171,6.5,7200,-0.425018311,0.023447141,0,5
3349562,2022,shallow_viz,annotated,1,618093.9048,5163542,0.0358349212646484,0.0817920654296875,0.1570769775,156.9356274,87.65201207,792,7.56,9000,0.15612793,0.006122449,0,5
3348998,2022,dry,annotated,0,618006.81,5163585.12,0.0559330017089844,0.172568994140625,0.05630200195,81.85559989,392.0466946,666,6,9000,-0.160827637,0.066857144,0.03809524,5
3349187,2022,dry,annotated,0,618036.8289,5163513.316,0.0777802612304687,0.22522763671875,0.06188024902,172.2474618,61.73710556,405,4.56,9000,-0.191162109,0.008166249,0.019480519,5
3349760,2022,dry,annotated,0,618122.7966,5163552.254,0.0619779663085938,0.143934741210937,0.09419746094,180.8668085,26.85577738,378,6.321428571,9000,-0.245635986,0,0,5
3348586,2022,shallow_viz,annotated,1,617940.934,5163669.34,0.0317924530029297,0.0460660369873047,0.128924527,178.4199297,8.439753021,954,7.571428571,24300,0.234954834,0.144007489,0.080233611,5
3349513,2022,shallow_viz,annotated,1,618089.3226,5163752.903,0.0327951599121094,0.0628653198242188,0.1436451538,163.1768474,40.70384408,1116,7.44,24300,-0.061950684,0.069915392,0,5
3348979,2022,terrain,annotated,0,618004.1512,5163638.756,0.0615534912109375,0.200296508789062,0.07568023682,147.7537949,145.1838342,603,5.375,24300,-0.199188232,0.022591362,0,5
3349062,2022,dry,annotated,0,618029.16,5163662.49,0.0713900024414063,0.194753002929688,0.05140600586,169.7842572,82.59246597,468,5.357142857,24300,-0.220397949,0,0.014500001,5
3349460,2022,dry,annotated,0,618087.4223,5163720.073,0.0550611633300781,0.128353393554688,0.09769125977,179.3454607,22.8813047,441,6.4375,24300,-0.252929688,0.031843275,0,5
3349828,2022,dry,annotated,0,618144.7821,5163785.449,0.0646632507324219,0.142919653320313,0.08176411133,184.3205753,19.90627326,189,6.051724138,24300,-0.412902832,0.010878011,0,5
3347225,2022,shallow_viz,annotated,1,617759.9848,5163936.864,0.0394868682861328,0.086880810546875,0.08879898682,177.2469761,8.819470577,450,7.071428571,18000,0.013763428,0.060926732,0.031265032,5
3347594,2022,shallow_viz,annotated,1,617816.7783,5163842.439,0.0359565216064453,0.0718382629394531,0.08847999268,172.948298,5.208220671,747,7.1875,18000,0.05682373,0.082321979,0.074025974,5
3348080,2022,dry,annotated,0,617880.6429,5163942.348,0.0553223205566406,0.13033125,0.07874018555,177.7223452,29.89712554,477,6.461538462,18000,-0.257141113,4.83e-4,0,5
3348137,2022,dry,annotated,0,617883.4266,5163844.83,0.0551495422363281,0.119886242675781,0.05388898926,166.5652596,5.910075878,360,6.8125,18000,-0.311248779,0.010357409,0,5
3340837,2022,deep_viz,annotated,0,616618.8495,5163432.51,0.0394805816650391,0.0334378631591797,0.01941262512,22.66147425,238.1007148,927,6.717391304,1744200,0.045684814,1,1,2.320388317
3342744,2022,em_veg,annotated,0,616956.4697,5163369.288,0.0511555541992188,0.0973040405273438,0.05203535156,103.3554728,640.5853331,711,5.303571429,1744200,0.034515381,0.602232039,0.670033693,4.404040337
3342823,2022,em_veg,annotated,0,616979.796,5163458.868,0.0488055999755859,0.0984,0.09140480347,134.7322061,291.9504894,1107,6.465517241,1744200,0.040588379,0.359030306,0.641904771,4.920000076
3342907,2022,deep_viz,annotated,0,616994.9409,5163425.776,0.0417952758789063,0.0696118103027344,0.04820315552,88.78655818,628.556345,1143,6.568965517,1744200,0.04486084,0.903017938,0.922759712,4.055118084
3343207,2022,dry,annotated,0,617042.7667,5163475.033,0.0711755554199219,0.163728894042969,0.07943554688,158.1315518,49.25393328,180,2.327586207,1744200,-0.093933105,0.246226966,0.131216943,5
3343433,2022,deep_viz,annotated,0,617096.6811,5163429.508,0.0334433074951172,0.0365244079589844,0.008066143799,6.258273576,60.8180159,1143,7.62,1744200,0.045684814,0.976139367,1,2.787401676
3344198,2022,em_veg,annotated,0,617216.4857,5163342.643,0.0404657135009766,0.07583857421875,0.029712854,83.30236439,277.540959,432,4.772727273,1744200,0.02456665,0.705714226,0.65142858,3.757142782
3344505,2022,dry,annotated,0,617280.3375,5163333.488,0.0879087524414063,0.167509997558594,0.01627874756,169.3648656,69.59573573,351,5.714285714,1744200,-0.90335083,0.130344823,0.180625007,4.887499809
3344440,2022,dry,annotated,0,617270.2759,5163644.845,0.0579896545410156,0.23188447265625,0.0506767334,176.9946166,3.460087067,954,6.444444444,6300,0.010650635,0.02878518,0.108784899,5
3343257,2022,shallow_viz,annotated,1,617069.4184,5163664.724,0.0369775512695312,0.0772115661621094,0.07033265991,117.368161,10.04832198,189,7.875,900,-0.057159424,0.029405875,0.070294783,5
3342736,2022,shallow_viz,annotated,1,616958.6575,5163695.87,0.0378496063232422,0.0717669311523438,0.06942441406,138.2233024,26.5713539,603,7.055555556,900,-0.003875732,0.004894659,0.032211885,5
3338480,2022,dry,annotated,0,616236.8226,5163717.565,0.0754655883789063,0.221635473632812,0.05155913086,152.534113,31.47638376,495,4.65,116100,-0.458221436,0,0,5
3338498,2022,deep_viz,annotated,0,616227.8628,5163631.845,0.0251460174560547,0.038613275146484403,0.02423981934,4.806960861,28.66885858,1017,7.0625,116100,0.167877197,0.860552132,0.788775027,3
3338913,2022,deep_viz,annotated,0,616321.1087,5163660.039,0.0273,0.0456443481445312,0.0377982605,78.83454341,182.8856646,1035,6.9,116100,0.163787842,0.617076695,0.413844407,3.956521749
3339224,2022,em_veg,annotated,0,616381.2,5163601.867,0.0577866638183594,0.135412219238281,0.1021099976,158.7555771,32.07090117,432,4.090909091,116100,-0.017425537,0.120521568,0,5
3340832,2022,dry,annotated,0,616619.3692,5163853.136,0.066646728515625,0.143205603027344,0.03397756348,145.1648505,6.307830578,495,6.173076923,116100,-0.254150391,0.005872695,0,5
3338618,2022,em_veg,random_draw,0,616254.7778,5163560.444,0.0586981506347656,0.134993518066406,0.06500926514,133.6454329,301.9524861,540,6.230769231,900,0.014526367,0.205904022,0.057915758,4.787036896
3337363,2022,shallow_viz,annotated,1,616007.6053,5163546.711,0.0390052642822266,0.0940578918457031,0.109560907,153.0652197,24.63850394,270,7.388888889,900,-0.013977051,0.031322625,0.044754744,5
3331798,2022,em_veg,random_draw,0,615021.1154,5161938.346,0.0670853149414063,0.164939855957031,0.1131014038,168.9437009,99.63374152,225,6.128571429,7200,-0.293548584,0.005827506,0,5
3332043,2022,em_veg,random_draw,0,615060.2027,5161812.284,0.0667432434082031,0.171390539550781,0.07679188232,175.6259099,18.08436234,243,3.46875,7200,-0.427001953,0,0,5
3327351,2022,em_veg,annotated,0,614464.4118,5160680.779,0.080013232421875,0.179277941894531,0.05557498779,149.7062433,33.6884783,360,3.290322581,43200,-0.318481445,0.37606734000000003,0.21470587,4.397058964
3328924,2022,em_veg,annotated,0,614633.7759,5160782.017,0.0812517211914063,0.1923,0.04863679199,156.2264708,38.48658355,144,4.078125,43200,-0.381256104,0.10261593,0.055172414,4.816092014
3329289,2022,em_veg,annotated,0,614663.1867,5160692.078,0.0841060241699219,0.193146984863281,0.03116385498,152.4315678,52.09455795,369,4.446428571,43200,-0.303375244,0.138761953,0.049397592,4.506023884
2714550,2022,em_veg,random_draw,0,613794.3,5160249.736,0.0619127258300781,0.20073818359375,0.08165090332,171.6739799,10.72745961,396,3.4375,4500,-0.292663574,0.011229946,0,5
2715314,2022,em_veg,random_draw,0,613883.9643,5160265.75,0.0597214294433594,0.135695239257812,0.1469511963,141.6212526,28.83497026,594,4.666666667,4500,-0.008178711,0.291210413,0.011904762,4.738095284
2702180,2022,deep_water,random_draw,0,612033.4888,5160456.084,0.0351314605712891,0.0504269653320312,0.03526292114,95.26864666,267.2970785,801,5.5625,138600,0.009124756,0.703787565,0.730041325,3.80898881
2702259,2022,deep_water,random_draw,0,612061.0526,5160361.316,0.0355964904785156,0.0537640380859375,0.01991929321,53.19811996,222.5341527,855,6.333333333,138600,0.009124756,0.811572731,0.70450139,3.359649181
2702794,2022,deep_water,random_draw,0,612149.7692,5160398.365,0.0301096160888672,0.0332557678222656,0.00683557739299999,4.695741962,35.85492908,936,7.428571429,138600,0.009124756,1,0.961538434,2
2702841,2022,deep_water,random_draw,0,612162.3191,5160610.117,0.0589,0.120465954589844,0.08486383057,156.5188474,21.23614309,765,4.40625,138600,0.009124756,0.148686856,0,5
2703354,2022,deep_water,random_draw,0,612273.1552,5160700.552,0.0330137939453125,0.0414784484863281,0.01243534546,19.77846433,73.53497441,1044,6.96,138600,0.009124756,0.940993428,0.914184928,3.267241478
2703357,2022,deep_water,random_draw,0,612271.3624,5160486.124,0.0298963317871094,0.0323724761962891,0.007304586792,0,0,981,7.785714286,138600,0.009124756,1,1,2
2703601,2022,deep_water,random_draw,0,612331.2778,5160397.972,0.0588268493652344,0.134475,0.04910185547,168.1484824,46.21568464,324,6.230769231,138600,-0.250335693,0.139784947,0.126984134,5
2703624,2022,deep_water,random_draw,0,612333.1111,5160577.222,0.0301814819335938,0.0343018524169922,0.004478701782,0,0,972,7.363636364,138600,0.009124756,1,1,1
2704157,2022,deep_water,random_draw,0,612445.9382,5160609.051,0.0558415710449219,0.129938208007813,0.06788876953,160.1569867,15.99257729,666,4.603448276,138600,-0.020080566,0.22199522,0.252808988,4.494381905
2704292,2022,deep_water,random_draw,0,612457.2736,5160731.575,0.0326452819824219,0.0458066040039063,0.01814811401,34.20376322,122.4882932,954,7.227272727,138600,0.009124756,0.892535269,0.912092626,2.5
2701984,2022,deep_water,random_draw,0,612001.8529,5160150.229,0.0634517639160156,0.177787060546875,0.05892705078,166.8632603,70.76396575,225,5.3125,10800,0.080993652,0.009487665,0,5
2702078,2022,deep_water,random_draw,0,612026.5235,5160256.994,0.0816294128417969,0.197482348632812,0.01621882324,182.2588846,27.81852541,189,4.553571429,10800,-0.38482666,0.052941177,0.013003096,5
2702797,2022,deep_water,random_draw,0,612152.25,5160249.333,0.0335962951660156,0.0605870361328125,0.01437592773,42.42421326,200.8810935,927,6.48,10800,0.046356201,0.766014457,0.47196281,3.833333254
2700412,2022,deep_water,random_draw,0,611759.4211,5160070,0.0295307006835938,0.0503394744873047,0.02022806702,15.16310713,111.97023540000001,1026,7.125,78300,0.06439209,0.809427381,0.530648232,3.412280798
2700565,2022,deep_water,random_draw,0,611781.9324,5159799.365,0.0437297302246094,0.0849630615234375,0.03418919678,97.50056692,203.0470926,423,5.74137931,78300,-0.021240234,0.741715014,0.431619287,3.828828812
2700779,2022,deep_water,random_draw,0,611822.194,5159949.358,0.0363738800048828,0.0688664184570312,0.02340969849,89.03274599,388.4430917,1098,7.178571429,78300,-0.079223633,0.818078935,0.644989312,3.753731251
2701004,2022,deep_water,random_draw,0,611852.8274,5160183.491,0.0256035400390625,0.0402610626220703,0.01135752258,0.528549309,0.095750544,1017,7.369565217,78300,0.077789307,0.933517873,0.667404115,2.592920303
2701307,2022,deep_water,random_draw,0,611895.8182,5160050.636,0.0677651489257813,0.171315148925781,0.03695001221,163.5393184,139.6945767,171,3.535714286,78300,-0.152923584,0.19685182,0.079966329,4.71212101
2701409,2022,deep_water,random_draw,0,611910.4626,5159855.453,0.0302953277587891,0.0498364471435547,0.01721121521,9.298448376,131.5275157,963,6.97826087,78300,0.070373535,0.85126555,0.591381073,3.317756891
2702055,2022,deep_water,random_draw,0,612023.3118,5159954.347,0.0633917663574219,0.155703527832031,0.01383411865,165.6716564,66.2745624,522,4.396551724,78300,-0.253936768,0.212956771,0.089273363,4.988235474
2694231,2022,shallow_viz,annotated,1,610593.8864,5160249.614,0.0470848480224609,0.0774128784179687,0.3152250061,133.1688491,54.34009248,1188,7.615384615,4500,-0.013702393,0.069059163,0,5
2694232,2022,shallow_viz,annotated,1,610592.5949,5160179.157,0.0462970794677734,0.0770065673828125,0.2279467285,117.1384043,42.7797894,315,7.903846154,4500,-0.043457031,0.0464499,0,5
2694442,2022,dry,annotated,0,610623.1923,5160255.538,0.064294873046875,0.125894873046875,0.1320807617,123.7747155,45.98240921,189,4.178571429,4500,-0.302703857,0.008413462,0,5
2690359,2022,deep_water,random_draw,0,609964.2521,5160455.715,0.0475685943603516,0.118951245117188,0.2099148682,180.1218381,33.28330275,207,7.5625,1800,-0.186065674,0.037217967,0,5
2690708,2022,shallow_viz,annotated,1,610019.7326,5160069.849,0.0525100769042969,0.0803992248535156,0.09665116577,172.6253571,29.29733459,693,7.166666667,3600,0.081481934,0.015503876,0,5
2691292,2022,dry,annotated,0,610079.5968,5160035.532,0.0606376342773437,0.14009677734375,0.09900966797,148.7702983,202.6766023,297,6.065217391,3600,-0.315643311,0.028813971,0,5
2685587,2022,shallow_viz,annotated,1,609391.875,5160129.867,0.05223515625,0.0961375,0.0853046875,172.6163677,19.02964299,486,6.620689655,5400,-0.042938232,0.011402028,0,5
2685931,2022,shallow_viz,annotated,1,609420.7642,5160032.406,0.0520509460449219,0.0884056579589844,0.1010415161,171.6029593,22.09504505,495,6.625,5400,0.004730225,0.02272387,0,5
2683109,2022,shallow_viz,annotated,1,609096.6905,5159944.976,0.0422753967285156,0.0782611083984375,0.1425706299,176.7130291,6.911686198,1134,7.56,13500,0.005340576,0.173316181,0,5
2683133,2022,shallow_viz,annotated,1,609100.2931,5160099.776,0.041294482421875,0.0835213806152344,0.1182048279,167.8642568,9.839882923,1296,7.767857143,13500,-0.010284424,0.059961684,0,5
2678083,2022,shallow_viz,annotated,1,608132.725,5159922.125,0.0474600006103516,0.0656108337402344,0.1272774963,167.0606925,11.74840717,1080,7.2,6300,0.090209961,0.248611107,0,5
2676478,2022,dry,annotated,0,607778.8939,5160274.47,0.0820303039550781,0.189166662597656,0.09808686523,175.8573205,5.192084562,405,4.95,1800,-0.30871582,0.018086268,0,5
2676438,2022,shallow_viz,annotated,1,607769.2725,5160119.254,0.0425898193359375,0.0739652709960937,0.08768203125,94.43816398,5.496226617,342,8.080645161,3600,-0.101165771,0.071365334,0.010342951,5
2671544,2022,shallow_viz,annotated,1,606923.4507,5160261.782,0.0533753540039063,0.094404931640625,0.1521950653,108.2754775,59.65678506,675,7.1,900,0.031402588,0.016005121,0,5
2671456,2022,dry,annotated,0,606902.0714,5160250.857,0.0720190490722656,0.148516662597656,0.1414166626,135.0165938,41.00044365,180,2.625,900,-0.247070313,0.014430014,0,5
2663659,2022,shallow_viz,annotated,1,605640.2034,5160161.949,0.052135595703125,0.0946940673828125,0.02640424194,162.6810086,19.76211048,468,6.807692308,1800,-0.048461914,0.012241054,0,5
2664029,2022,shallow_viz,annotated,1,605703.3871,5160159.532,0.0525491943359375,0.089776611328125,0.06096532593,165.0331985,20.9717238,369,6.642857143,1800,0.037658691,0.008936356,0,5
2663826,2022,dry,annotated,0,605672.625,5160150.911,0.0718035705566406,0.137189282226562,0.01327856445,176.4723408,13.11672244,270,3.111111111,1800,-0.330627441,0.014653046,0,5
2662649,2022,deep_water,random_draw,0,605460.1337,5160698.837,0.0306039611816406,0.0355891082763672,0.02189900818,70.94105047,357.4982099,909,7.214285714,25200,0.032714844,0.702426493,0.543204308,4.396039486
2663157,2022,deep_water,random_draw,0,605554.3378,5160609.122,0.0284279266357422,0.0348,0.05436936646,172.6054291,11.74238283,999,7.568181818,25200,0.032714844,0.374593109,0.23218675,5
2663747,2022,deep_water,random_draw,0,605642.9455,5160546.082,0.0567854553222656,0.111447277832031,0.05826635742,180.9935979,4.195909698,279,6.6,25200,-0.330780029,0.060519483,0,5
2662253,2022,dry,annotated,0,605366.58,5160342.78,0.0656866638183594,0.154685339355469,0.07322398682,181.7445559,4.899585825,117,4.5,10800,-0.55279541,0.062549017,0,5
2662716,2022,dry,annotated,0,605460.2647,5160339.559,0.05827451171875,0.106827453613281,0.06475882568,170.6897674,22.45690937,225,3.825,10800,-0.421569824,0.164167628,0,5
2661492,2022,shallow_viz,annotated,1,605184.0564,5160155.898,0.055411279296875,0.0936481201171875,0.1159541321,122.5460755,89.82532261,882,7.125,1800,-0.015014648,0.36176157,0.045796312,5
2661491,2022,em_veg,random_draw,0,605180.6625,5160299.925,0.0610224975585937,0.15966875,0.08018625488,168.6011721,7.601139648,342,5.217391304,1800,-0.058837891,0.086363636,0,5
2660255,2022,dry,annotated,0,604804.5,5160273.45,0.0701474975585937,0.178821252441406,0.09852750244,182.6471432,16.80371214,540,4,52200,-0.354370117,0,0,5
2660303,2022,dry,annotated,0,604827.3,5160388.14,0.0857590026855469,0.25056298828125,0.0407920166,170.8109716,3.764934378,333,6,52200,-1.660064697,0.012086022,0,5
2660492,2022,deep_viz,annotated,0,604891.3037,5160248.621,0.0364560760498047,0.0406822418212891,0.01744205627,124.1372362,32.03244119,963,6.97826087,52200,0.086242676,0.782420039,0,4.084112167
2660640,2022,deep_viz,annotated,0,604929.2019,5160398.106,0.0356096160888672,0.0389807678222656,0.02102115479,101.0402918,68.14247486,936,6.5,52200,0.086273193,0.937381923,0,3.980769157
2660807,2022,dry,annotated,0,604983.1,5160336.725,0.0829866638183594,0.217663330078125,0.04594499512,168.9515952,4.028075345,459,6,52200,-1.965942383,0.123484842,0,5
2657275,2022,dry,annotated,0,603957.7,5160122.35,0.0731733337402344,0.134769995117188,0.0682083313,180.8401476,14.24803461,153,3.461538462,4500,-0.349273682,0.036559138,0,5
2655388,2022,em_veg,random_draw,0,603259.3816,5160426.553,0.0664289489746094,0.136471057128906,0.07347762451,149.1442206,347.6188946,180,4.956521739,900,0.039855957,0.047270954,0,5
2651279,2022,shallow_viz,annotated,1,602306.4643,5159886.696,0.0549026794433594,0.0868741088867187,0.05993035889,158.6869688,26.87146749,765,6.222222222,8100,-0.109008789,0.180431545,0.022321431,5
2651758,2022,shallow_viz,annotated,1,602374.3261,5159859.739,0.0494347839355469,0.074818115234375,0.1090260864,135.4382936,10.9274346,1089,7.666666667,8100,0.047058105,0.128229365,0.043823328,5
2651645,2022,dry,annotated,0,602354.5769,5159815.115,0.0681974365234375,0.128502563476562,0.01658205566,173.2542202,30.61273737,117,3,8100,-0.256530762,0.042395104,0.004884005,5
2648774,2022,dry,annotated,0,601762.9194,5160043.274,0.05769892578125,0.208955908203125,0.07967849121,141.8344811,23.68515113,180,5.58,10800,-0.504486084,0.036939964,0.029185869,5
2645377,2022,deep_water,random_draw,0,601050.7619,5160379.262,0.0323349212646484,0.0493682525634766,0.04007301941,44.52114285,353.3652303,477,7.269230769,7200,6.1e-5,0.392993957,0.304081619,4.579365253
2643533,2022,deep_water,random_draw,0,600787.1667,5160340.5,0.0580244445800781,0.10965888671875,0.08964333496,136.2593038,596.3926243,153,3.139534884,9900,-0.121398926,0.438100666,0.064132556,4.811110973
2644417,2022,deep_water,random_draw,0,600903.4266,5160315.317,0.0354339447021484,0.0588055053710937,0.0326743103,33.19789736,257.3511413,378,5.839285714,9900,0.023376465,0.754247308,0.268107176,3.651376247
2639041,2022,dry,annotated,0,600059.4878,5159948.89,0.0589682922363281,0.159073168945313,0.1428548828,165.0805645,15.52587143,252,4.730769231,9900,-0.089385986,0.024390243,0.01736881,5
2638625,2022,dry,annotated,0,599999.3901,5160166.467,0.0732692321777344,0.177015380859375,0.1301725342,181.8955954,20.5336055,360,5.6875,1800,0.145446777,0,0,5
2638792,2022,em_veg,annotated,0,600029.4847,5160147.905,0.0514801513671875,0.12997099609375,0.1798229126,180.901976,13.57335379,594,7.557692308,1800,0.00479126,0,0,5
2629570,2022,dry,annotated,0,598672.6739,5160066.087,0.0739420288085938,0.193524633789063,0.1070267944,165.1697389,170.4988263,126,7.666666667,1800,-0.34677124,0.014450128,0,5
2629861,2022,em_veg,annotated,0,598710.5806,5160037.185,0.0531080627441406,0.112299194335938,0.1888056458,164.36765,208.2898516,522,6.642857143,1800,0.568756104,0.160887092,0.014919355,5
2628425,2022,dry,annotated,0,598473.2177,5160155.226,0.0650588684082031,0.294629833984375,0.05764516602,181.4073319,4.285153092,351,6.888888889,1800,-0.860565186,0,0,5
2626803,2022,shallow_viz,annotated,1,598112.9492,5160189.076,0.0527169494628906,0.0912754211425781,0.0902932251,150.7545634,34.41233657,765,6.321428571,3600,-0.074798584,0.033902261,0.00464084,5
2626802,2022,dry,annotated,0,598106.5781,5160215.719,0.073646875,0.140828125,0.04766875,184.3171788,9.956415127,216,3.428571429,3600,-0.20098877,0,0.017857142,5
2626925,2022,dry,annotated,0,598142.95,5160155.65,0.0711,0.135181665039063,0.03560167236,173.1032544,47.16839211,117,3.103448276,3600,-0.231903076,0.006190476,0,5
2626388,2022,shallow_viz,annotated,1,598022.9819,5160002.386,0.0428024108886719,0.0682873474121094,0.1146493958,172.5301445,15.85862157,864,8.892857143,1800,-0.097198486,0.127796903,0,5
2626594,2022,dry,annotated,0,598057.6829,5160003.915,0.0655341491699219,0.12440244140625,0.01711950684,175.2193174,13.43496915,180,4.1,1800,-0.28817749,0.020905923,0,5
2625943,2022,dry,annotated,0,597870.6212,5159796.5,0.0585575744628906,0.115708081054687,0.09421010132,184.2554807,3.271019529,306,5.94,9000,-0.138214111,0,0,5
2626075,2022,dry,annotated,0,597927,5159889.346,0.0643717956542969,0.128644873046875,0.05810512695,187.676616,0.3738106,243,4.333333333,9000,-0.191833496,0,0,5
2626009,2022,shallow_viz,annotated,1,597902.9056,5160136.395,0.0472,0.0712468505859375,0.1845748291,159.1740938,30.19191136,540,7.396551724,2700,0.1355896,0.036237657,0,5
2625941,2022,dry,annotated,0,597871.3696,5160095.761,0.0690579711914062,0.202968115234375,0.06287246094,169.6652671,15.389457,144,3.45,2700,-0.597686768,0.007246377,0,5
2620580,2022,dry,annotated,0,596670.3434,5160118.898,0.0627421691894531,0.124749401855469,0.03725061035,143.8377241,74.78668553,171,5.1875,2700,-0.255615234,0.00532362,0,5
2619792,2022,dry,annotated,0,596433.475,5160369.85,0.0571516662597656,0.109616662597656,0.03296833496,73.97936299,9.823027257,540,7.5,9000,-0.296325684,0.024277663,0.095075764,5
2619980,2022,dry,annotated,0,596493.9643,5160366.929,0.0600702392578125,0.116467858886719,0.03878452148,166.4144306,75.71459576,171,5.25,9000,-0.17755127,0.01183418,0.024350651,5
2619845,2022,shallow_viz,annotated,1,596461.75,5160032.173,0.0497134613037109,0.104858337402344,0.1776083252,164.2734291,46.40638005,270,5.441860465,900,0.153686523,0.005799756,0,5
2619830,2022,dry,annotated,0,596452.5723,5160003.524,0.0656771057128906,0.147049401855469,0.08593613281,175.4198181,22.3159993,189,4.293103448,900,-0.152893066,0,0,5
2619289,2022,shallow_viz,annotated,1,596283.0984,5160126.59,0.035761474609375,0.0688827880859375,0.1261819702,158.9895537,30.01582807,648,7.625,1800,-0.086395264,0.049765479,0,5
2619239,2022,shallow_viz,annotated,1,596276.0669,5159975.28,0.0377291351318359,0.0915740173339844,0.2018015686,169.9666415,36.28545278,333,7.055555556,1800,-0.032623291,0.143842652,0,5
2616160,2022,dry,annotated,0,595676.3354,5160193.842,0.0801582275390625,0.199227844238281,0.09099366455,173.4632335,8.359366181,207,4.9375,11700,-0.291931152,0.011140722,0,5
2616396,2022,em_veg,annotated,0,595712.25,5160250.076,0.0346532623291016,0.068204345703125,0.03403478394,68.86909055,199.0948497,513,6,11700,0.022033691,0.51299113,0.499054849,3.869565248
2616751,2022,em_veg,annotated,0,595770.6058,5160279.375,0.0351740386962891,0.0571461547851563,0.02515769043,59.72580448,240.1800366,540,6.24,11700,0.02835083,0.581165671,0.635033429,3.778846264
2616801,2022,em_veg,annotated,0,595774.3286,5160187.471,0.0338419036865234,0.0609361877441406,0.04041714478,60.71589348,368.5827058,765,6.847826087,11700,0.017669678,0.649228156,0.590062141,3.666666746
2615625,2022,em_veg,random_draw,0,595597.1875,5160094.708,0.0419791656494141,0.105491662597656,0.0664284668,175.5244572,23.82751119,1071,7.448275862,4500,0.079711914,0.267390102,0.003787879,5
2614011,2022,shallow_viz,annotated,1,595329.45,5160219.03,0.0409769989013672,0.0796710021972656,0.08130500488,187.2944136,4.764948749,585,6.52173913,2700,0.082366943,0,0,5
2613279,2022,dry,annotated,0,595199.9824,5159954.135,0.0589647033691406,0.253621166992188,0.08027294922,181.3983881,6.819045764,387,5.3125,900,0.038024902,0,0,5
2612684,2022,dry,annotated,0,595079.9132,5159857.153,0.0671429748535156,0.219419018554688,0.05578513184,171.3174264,21.59972219,198,6.482142857,900,-0.127838135,0.011019284,0,5
2608564,2022,dry,annotated,0,594391.8117,5159798.786,0.0623766235351563,0.21431298828125,0.07682597656,169.8829213,5.088589985,693,5.775,36000,-0.071929932,0,0,5
2608661,2022,dry,annotated,0,594417.4091,5159916.015,0.0605626281738281,0.196943432617187,0.08184140625,173.0688389,3.710739273,360,5.94,36000,0.289825439,0.031840142,0,5
2608703,2022,dry,annotated,0,594422.1043,5160399.183,0.0577057556152344,0.123374816894531,0.08996619873,166.7975925,15.21470122,576,7.189655172,22500,-0.100860596,0.149454221,0,5
2604309,2022,dry,annotated,0,593783.3609,5159913.378,0.0779173889160156,0.148237390136719,0.04823565063,164.9700853,19.22940704,171,6.9,2700,-0.38381958,0.014065362,0,5
2603060,2022,dry,annotated,0,593543.5345,5160038.466,0.0665379333496094,0.153798852539063,0.06394827881,153.609882,38.43953315,243,3.954545455,3600,-0.534515381,0.048275866,0,5
2602714,2022,dry,annotated,0,593456.25,5159854.656,0.047471875,0.114561462402344,0.1622166626,177.6297767,83.38066427,684,4.965517241,12600,0.030975342,0.122467406,0.009469698,5
2602815,2022,deep_viz,annotated,0,593479.8556,5159792.922,0.0332311096191406,0.0789674072265625,0.1895644531,103.0240047,656.5009438,1215,6.532258065,12600,0.456604004,0.312618434,3.37e-4,5
2602927,2022,dry,annotated,0,593511.6913,5159758.839,0.0719930419921875,0.235775659179688,0.07159042969,176.5513392,60.54958353,207,5.564516129,12600,-0.40725708,0.008088979,0,5
2602513,2022,shallow_viz,annotated,1,593402.3571,5160397.071,0.051794287109375003,0.0535476196289063,0.1389123779,160.4702618,13.91457736,945,7.5,64800,0.221801758,0.262578577,0,4.82857132
2602763,2022,shallow_viz,annotated,1,593461.875,5160398.475,0.0485700012207031,0.0646291687011719,0.1360258362,153.338979,60.20262306,612,7.826086957,64800,0.064453125,0.135521889,0,5
2601752,2022,dry,annotated,0,593229.2294,5160391.712,0.061337646484375,0.1134494140625,0.03284117432,179.5753911,21.23609815,189,4.722222222,64800,-0.549499512,0.026398852,0.002139037,5
2602436,2022,dry,annotated,0,593391.26,5160474.38,0.0719066650390625,0.129318664550781,0.03692266846,181.7228573,24.54266358,351,4.017857143,64800,-0.486907959,0,0,5
2600462,2022,dry,annotated,0,592954.9444,5159887.917,0.0554166687011719,0.1178,0.03808148193,155.2807029,24.75474444,162,6.48,12600,-0.477783203,0,0,5
2601136,2022,dry,annotated,0,593099.9867,5159960.535,0.0590902648925781,0.112255749511719,0.02914689941,172.8278235,18.33190405,378,6.519230769,12600,-0.234619141,0,0,5
2598712,2022,dry,annotated,0,592501.5732,5160056.671,0.0756666687011719,0.151057727050781,0.02481137695,92.75229002,4.76282192,882,7.096153846,13500,-0.197235107,0,0,5
2597003,2022,dry,annotated,0,591787.0789,5159889.211,0.06080964965820309,0.269857006835937,0.03108771973,151.5975577,5.212092947,144,6.84,108900,-0.442169189,0.010526316,0,5
2597121,2022,dry,annotated,0,591841.8281,5159734.992,0.060840625,0.1964,0.08038984375,164.5568418,7.608865635,864,5.647058824,108900,0.016204834,0.022185955,0,5
2597286,2022,dry,annotated,0,591893.6613,5159792.129,0.074751611328125,0.157420971679687,0.1134016113,171.6856237,18.90609239,153,6.2,108900,0.204711914,0.112412825,0,5
2597447,2022,terrain,annotated,0,591936.2308,5159679.485,0.04680615234375,0.158588464355469,0.1390376831,173.3142987,6.443151035,1170,7.222222222,108900,0.089355469,0.067253061,0,5
2597548,2022,terrain,annotated,0,591962.2586,5159915.948,0.0470793090820312,0.148673559570313,0.1300195557,175.7600838,3.66923145,783,6.214285714,108900,0.179748535,0.048934013,0,5
2597462,2022,em_veg,annotated,0,591934.7845,5160041.172,0.0504767242431641,0.114538793945312,0.06388448486,168.7951858,36.48484067,567,6.692307692,3600,0.0078125,0.117634952,0.02586207,5
2597601,2022,em_veg,annotated,0,592000.2551,5160062.112,0.0501918365478516,0.102166326904297,0.06685714111,176.6682962,20.75630002,351,5.88,3600,0.031738281,0.136624128,0.00255102,5
2592998,2022,dry,annotated,0,590854.8,5159567.4,0.0922460021972656,0.171409997558594,0.03552399902,181.4614944,21.02240743,126,2.678571429,131400,-0.523193359,0.02518964,0,5
2588286,2022,dry,annotated,0,589993.9068,5160089.034,0.0653745788574219,0.150407629394531,0.08554915771,175.1886181,10.50165432,918,5.057142857,26100,-0.131195068,0.127753377,0,5
2588424,2022,dry,annotated,0,590015.2683,5160011.488,0.090601220703125,0.193468298339844,0.07276341553,175.1910843,14.98687985,171,4.92,26100,-0.436401367,0.079521298,0,5
2588491,2022,dry,annotated,0,590036.6809,5160145.213,0.0748712768554688,0.1447404296875,0.1176319092,173.6021575,2.764803657,486,6.714285714,26100,-0.306945801,0.093649805,0,5
2587101,2022,dry,annotated,0,589740.1709,5160296.791,0.0657012634277344,0.152879748535156,0.08588988037,176.8297456,28.13708943,180,3.385714286,57600,-0.448486328,0.030873727,0,5
2587311,2022,dry,annotated,0,589796.5513,5160024.987,0.0945264953613281,0.202445300292969,0.03387947998,187.4381119,2.382455366,126,6.051724138,57600,-1.14666748,0.040433925,0,5
2587004,2022,dry,annotated,0,589717.1757,5159819.473,0.0685702697753906,0.133043237304688,0.03416757813,165.8485449,21.08388599,117,2.3125,42300,-0.185241699,0.059986815,0,5
2587630,2022,dry,annotated,0,589860,5159951.667,0.0574416687011719,0.120755554199219,0.0579694458,164.6490162,67.54442616,648,3.483870968,42300,0.046112061,0.442298055,0,4.888888836
2587995,2022,deep_viz,annotated,0,589923.9571,5159915.9,0.0283619049072266,0.0390752380371094,0.06948761597,30.12830068,270.3513909,945,6.5625,42300,0.157592773,0.680677176,0.056665476,4.714285851
2588147,2022,dry,annotated,0,589949.0769,5159895.837,0.0478028839111328,0.092825,0.07733557129,138.0448224,270.4903956,531,5.777777778,42300,0.093994141,0.546361566,0.01007326,4.538461685
2589719,2022,em_veg,annotated,0,590283.4806,5158925.869,0.0227456314086914,0.0262970886230469,0.0263524231,5.389412528,104.1049467,531,7.357142857,60300,0.141967773,0.83907032,0.616862535,3.427184582
2589883,2022,em_veg,annotated,0,590313.478,5158807.764,0.02809560546875,0.0409604400634766,0.03443296814,22.8772342,232.1597202,711,5.934782609,60300,0.127349854,0.753070831,0.498438418,3.747252703
2590014,2022,em_veg,annotated,0,590340.629,5158895.79,0.0244075271606445,0.0299096771240234,0.03498709412,20.55599065,354.7224959,837,6.642857143,60300,0.128234863,0.821306586,0.582053244,3
2591261,2022,dry,annotated,0,590569.5984,5158923.959,0.0698213134765625,0.131381970214844,0.05053607178,151.9000495,25.70385288,270,3.05,60300,-0.353942871,0.028103044,0,5
2591453,2022,dry,annotated,0,590597.3852,5159106.369,0.0754327880859375,0.138214758300781,0.04941639404,169.1526739,27.09620485,189,2.691176471,60300,-0.3309021,0.010855657,0,5
2589033,2022,shallow_viz,annotated,1,590153.7429,5158423.543,0.036255712890625,0.0629400024414063,0.10048142090000001,152.6549522,33.38665299,360,7.5,7200,-0.055969238,0.083928332,9.74e-4,4.978571415
2589340,2022,shallow_viz,annotated,1,590217.1452,5158446.75,0.0303846771240234,0.0406112915039063,0.1019241943,142.2217581,26.84502187,1116,7.44,7200,0.065216064,0.213360772,0,5
2584359,2022,em_veg,random_draw,0,589217.2297,5158359.932,0.0647905395507812,0.1198337890625,0.07794459229,167.4495836,50.51276852,639,4.625,58500,0.14831543,0.233649194,0,5
2584669,2022,em_veg,random_draw,0,589286.7458,5158505.873,0.0545771179199219,0.086035595703125,0.05018474121,112.2177105,302.9563958,1062,7.08,58500,0.125030518,0.344632775,0.133740559,5
2584871,2022,em_veg,random_draw,0,589319.1711,5158606.382,0.0470421051025391,0.11322236328125,0.1846644775,166.495667,57.2299302,684,5.428571429,58500,-0.215118408,0.02406932,0,5
2584991,2022,em_veg,random_draw,0,589341.1017,5158415.568,0.0596016967773437,0.122262707519531,0.09381524658,159.4729251,42.44389832,1062,6.555555556,58500,0.069244385,0.122320801,0,5
2585050,2022,em_veg,random_draw,0,589346.4231,5158716.885,0.0629782043457031,0.1295,0.03349871826,180.7520916,10.38961804,171,5.086956522,58500,-0.591308594,5.96e-4,0,5
2585460,2022,em_veg,random_draw,0,589413.225,5158572.113,0.0522575012207031,0.120788745117187,0.1054762451,163.1367153,49.66425629,270,5.714285714,58500,-0.186248779,0.03577381,0,5
2585487,2022,em_veg,random_draw,0,589417.5366,5158476.476,0.0506804870605469,0.115262194824219,0.08952805176,163.5818948,49.45214666,126,5.857142857,58500,-0.109283447,0.00148721,0,5
2585565,2022,em_veg,random_draw,0,589438.797,5158749.728,0.0453950500488281,0.0953316833496094,0.09170692749,187.6305156,1.184672313,153,6.3125,58500,-0.102844238,0,0,5
2579479,2022,dry,annotated,0,588576.4487,5158449.295,0.0775658142089844,0.153025646972656,0.03580683594,180.0241087,10.03014826,639,6.75,9900,-1.080657959,0,0,5
2579675,2022,em_veg,annotated,0,588623.5769,5158388.038,0.0315230773925781,0.0556504272460938,0.04690427246,44.31105384,280.635587,846,6.5,9900,0.127105713,0.558508456,0.309790224,4.803418636
2579795,2022,em_veg,annotated,0,588633.2938,5158442.211,0.0337690734863281,0.0627288635253906,0.05157628784,92.64010319,398.3553804,873,5.82,9900,0.127105713,0.458495855,0.148748159,4.804123878
2578618,2022,em_veg,random_draw,0,588303.1364,5158389.558,0.0640768615722656,0.130763635253906,0.05801818848,170.988245,34.67434606,369,6.722222222,900,0.466308594,0.001690458,0,5
2572355,2022,dry,annotated,0,587036.8944,5158394.514,0.0651154907226563,0.121480285644531,0.09089859619,171.6772178,23.31361913,225,3.55,9900,-0.343353271,0.024566,0,5
2572932,2022,dry,annotated,0,587131.8621,5158359.466,0.0616431030273437,0.124341381835938,0.04170517578,161.3604646,30.11676263,189,3.625,9900,-0.324981689,0.017642342,0,5
2567900,2022,deep_water,random_draw,0,586525.1667,5158385.944,0.0337527770996094,0.0685814819335937,0.0243166687,43.05999691,257.8958955,270,6,28800,0.039886475,0.728956223,0.887323618,4.10185194
2568868,2022,deep_water,random_draw,0,586630.8962,5158558.047,0.0833358520507813,0.188990563964844,0.08169810791,178.5511871,17.19648496,171,2.74137931,28800,-0.4949646,0.024442539,0.02695418,5
2569325,2022,deep_water,random_draw,0,586652.9754,5158386.492,0.0287967224121094,0.0446286895751953,0.03297622986,17.63374537,100.5237142,1098,7.038461538,28800,0.0418396,0.949485362,0.921311438,3.196721315
2565709,2022,dry,annotated,0,586344.5455,5158286.557,0.0650170471191406,0.136529541015625,0.1653102295,183.2378085,8.401260327,342,2.808510638,1800,-0.258789063,0.10570395,0,5
2554482,2022,deep_water,random_draw,0,584850.1452,5158958.274,0.0495268829345703,0.102782800292969,0.1535333374,139.4173007,360.1893815,837,6.065217391,44100,-1.345458984,0.071729459,0.00514259,5
2554590,2022,deep_water,random_draw,0,584879.4569,5159052.543,0.0571939636230469,0.161579309082031,0.06049224854,159.5552001,253.1956742,126,6.96,44100,-2.164489746,0.027733803,0,5
2554989,2022,deep_water,random_draw,0,584971.1667,5159162.738,0.0530753967285156,0.14801904296875,0.04574523926,159.0017315,252.415136,1134,7.56,44100,-1.692901611,0.103673056,0.062471654,5
2555138,2022,deep_water,random_draw,0,585000.2184,5159259.568,0.0588174743652344,0.137139807128906,0.09052232666,139.0828615,440.7140468,486,5.942307692,44100,-1.239807129,0.009939899,0,5
2544365,2022,dry,annotated,0,582008.8676,5160039.485,0.0636514709472656,0.157263232421875,0.1879779541,104.052551,35.76773433,594,4.434782609,38700,-0.285736084,0.015606241,0,5
2544705,2022,dry,annotated,0,582092.5336,5159909.836,0.0574126037597656,0.12520419921875,0.1247773193,174.8250123,16.09908999,531,6.611111111,38700,0.304534912,0.087813094,0,5
2544742,2022,dry,annotated,0,582093.7771,5159979.018,0.0561204833984375,0.121472290039062,0.1172204834,174.7840204,11.41132123,747,5.1875,38700,0.209381104,0.209557608,0,5
2544389,2022,em_veg,random_draw,0,582025.8545,5159706.927,0.0483254547119141,0.108591821289063,0.1289154541,171.438224,17.46270085,630,7.5,3600,0.128509521,0.203227639,0.009090909,5
2539390,2022,dry,annotated,0,581105.3636,5159889.091,0.08405302734375,0.187465148925781,0.04536060791,173.1755358,23.67874325,162,3.3,4500,-0.386077881,0.006342495,0,5
2538566,2022,em_veg,random_draw,0,580848.439,5159523.256,0.0665743896484375,0.147496337890625,0.04570732422,166.6833076,15.68568479,684,3.416666667,1800,0.02230835,0.34657526,0.018583043,5
2535202,2022,em_veg,annotated,0,579721.875,5159796.402,0.0469205352783203,0.111602673339844,0.071175,163.9665189,196.6075144,558,6,9900,-0.016662598,0.426811188,0.43835035,4.705357075
2535407,2022,em_veg,annotated,0,579783.4327,5159805.75,0.0325471160888672,0.0649653869628906,0.07783557739,71.36569368,736.6080081,891,6.782608696,9900,0.046966553,0.934976757,0.841575086,4.038461685
2535534,2022,em_veg,annotated,0,579841.0116,5159765.965,0.035768603515625,0.0678779052734375,0.04142325439,6.608310398,108.9616316,405,5.375,9900,-0.041503906,0.687907219,0.539313376,3.720930338
2535634,2022,dry,annotated,0,579904.8243,5159793.068,0.0697063049316406,0.15388017578125,0.1493639648,156.9237192,8.671894251,171,5.55,9900,-0.174987793,0.129608229,0,5
2535493,2022,dry,annotated,0,579819.544,5160035.027,0.0768384643554687,0.178630773925781,0.07935823975,178.674433,8.178247231,648,5.25,32400,-0.477996826,0.016866853,0,5
2535632,2022,em_veg,annotated,0,579904,5160006.375,0.0441625,0.101734375,0.0711104126,125.1792146,300.6754356,864,6.260869565,32400,0.094116211,0.745855391,0.341269851,4.208333492
2535723,2022,em_veg,annotated,0,579959.6066,5160037.992,0.0446245910644531,0.097911474609375,0.06012623291,129.5351679,107.7201619,1098,7.625,32400,0.103668213,0.620187163,0.188524589,4.483606339
2535766,2022,dry,annotated,0,579966.6379,5159954.81,0.0718540222167969,0.159708044433594,0.1077517212,155.3571524,19.91450927,198,4.660714286,32400,-0.137756348,0.132533893,0.008757526,5
2535857,2022,em_veg,annotated,0,580000.2087,5160098.636,0.0589922302246094,0.148081555175781,0.09988155518,166.8257668,12.29365827,837,6.18,32400,-0.206665039,0.172498211,0,5
2529475,2022,dry,annotated,0,578283,5156699.394,0.06937021484375,0.170976599121094,0.06418404541,163.304032,58.25869631,216,4.40625,110700,-0.484649658,0.58997792,0.617553234,4.478723526
2529708,2022,em_veg,annotated,0,578346.5385,5157185.808,0.0579294860839844,0.136466662597656,0.08344615479,170.2089899,13.9410385,522,4.875,110700,-0.055450439,0.105735734,0.048840053,5
2529893,2022,dry,annotated,0,578400.1071,5156946.804,0.0970214294433594,0.182366076660156,0.01718034668,180.9953274,4.89712669,180,3,110700,-1.232727051,0.013551666,0,5
2529971,2022,dry,annotated,0,578412.7314,5156826.36,0.0818975219726562,0.24471240234375,0.04505371094,166.8960993,16.99796375,225,6.05,110700,-1.041931152,0.159957886,0.186934277,4.793388367
2530000,2022,deep_viz,annotated,0,578425.7206,5156795.868,0.0388602935791016,0.0776235290527344,0.04459412231,80.88124672,203.0718057,612,4.25,110700,0.135925293,0.803042173,0.908263266,3.926470518
2530356,2022,deep_viz,annotated,0,578493.9184,5156648.878,0.0206551025390625,0.0223244903564453,0.01414285583,16,0,882,6.681818182,110700,0.140808105,0.98426616199999994,1,1.387755156
2530539,2022,deep_viz,annotated,0,578525.2385,5156744.977,0.0412123077392578,0.0920461547851562,0.05852614746,85.65624283,229.8890277,180,3.9,110700,-0.038513184,0.585237026,0.707692325,3.692307711
2531158,2022,shallow_viz,annotated,1,578761.883,5157152.489,0.0339563842773438,0.0741893615722656,0.1806521179,173.605829,12.26933824,846,5.64,24300,0.435516357,0.263520449,0.042973679,5
2531271,2022,shallow_viz,annotated,1,578794.8564,5157004.916,0.0436673278808594,0.0932811889648438,0.1243257446,121.3597075,18.39144655,342,5.611111111,24300,0.421142578,0.045952719,0.033753376,5
2531049,2022,dry,annotated,0,578711.2,5157062.15,0.0696349975585937,0.142755004882813,0.06365666504,176.375737,3.515314306,297,3.6,24300,-0.430511475,0,0,5
2531269,2022,dry,annotated,0,578792.9242,5157216.742,0.0665121215820313,0.143192932128906,0.08642525635,176.1673166,3.907654493,738,5.94,24300,-0.628234863,0.003732982,0,5
2531621,2022,em_veg,random_draw,0,578892.5313,5156921.188,0.0555041687011719,0.123245837402344,0.0932510376,166.1886617,37.88249509,117,5.142857143,1800,-0.209228516,0.025,0,5
2531480,2022,dry,annotated,0,578852.6512,5157189.558,0.0636453491210937,0.147110461425781,0.1034220825,180.3864461,4.427544065,486,5.16,17100,-0.06262207,0.035069093,0.021670191,5
2531987,2022,dry,annotated,0,579008.6327,5156438.724,0.0583030639648437,0.136504077148438,0.1370683838,163.8752636,28.9505631,477,4.454545455,900,-0.032867432,0.274460554,0.025753157,5
2532073,2022,em_veg,annotated,0,579026.2385,5156442.577,0.0401076934814453,0.0973369201660156,0.1125430847,145.767458,113.9846042,342,3.611111111,900,0.080841064,0.549910545,0.343589753,4.646153927
2531973,2022,dry,annotated,0,578996.2426,5156024.599,0.0783316833496094,0.157472277832031,0.08632178955,181.7204457,3.23067383,342,5.410714286,26100,-0.555389404,0.035208736,0,5
2530980,2022,em_veg,random_draw,0,578696.8594,5155029.516,0.04343125,0.11486640625,0.09190078125,163.4378138,70.2784751,216,7.384615385,6300,0.029968262,0.047554351,0,5
2528330,2022,dry,annotated,0,577951.4714,5153749.529,0.0492419036865234,0.116695239257812,0.08812856445,136.8681547,63.88483892,792,5.431034483,64800,-0.255340576,0.170599684,0,5
2529417,2022,dry,annotated,0,578251.8243,5153885.554,0.0647013488769531,0.144568920898438,0.05040135498,181.3864814,12.58837921,162,3.964285714,64800,-0.396942139,0.099844038,0.001175088,5
2529856,2022,dry,annotated,0,578402.3354,5153819.032,0.0556949340820313,0.121055700683594,0.06531645508,173.7986898,65.10399238,288,4.086206897,64800,-0.315673828,0.092839792,0,5
2523961,2022,shallow_viz,annotated,1,577142.5784,5153075.108,0.0448673217773437,0.105138562011719,0.07262156982,108.0653229,2.948347534,558,7.65,10800,-0.007202148,0.008104575,0,5
2524391,2022,shallow_viz,annotated,1,577207.7609,5153199.696,0.0336760864257813,0.0808913024902344,0.105255072,114.3736677,2.396028216,1233,7.666666667,10800,-0.003631592,0.056253109,0,5
2523942,2022,dry,annotated,0,577135.9426,5153172.32,0.0674524597167969,0.152496716308594,0.03059672852,114.8158867,9.032504548,162,3.155172414,10800,-0.127838135,0.005785921,0,5
2524392,2022,dry,annotated,0,577210.2216,5153140.129,0.0640484558105469,0.149735046386719,0.04077423096,117.605546,4.471679044,144,5.017241379,10800,-0.184692383,0.004948453,0,5
2519411,2022,dry,annotated,0,576478.8913,5153246.622,0.0711113037109375,0.163794787597656,0.1502347778,99.59050904,2.412986158,486,6.9,9900,-0.102661133,0.017497027,0.03427536,5
2519888,2022,dry,annotated,0,576546.4726,5153198.116,0.0471821929931641,0.113146569824219,0.2489356323,100.1285843,2.600572806,657,4.760869565,9900,0.054382324,0.029520756,0.053447492,5
2519277,2022,dry,annotated,0,576455.2813,5153406.156,0.0506239593505859,0.151984375,0.1313083252,168.0893154,15.52785009,864,5.538461538,50400,0.278106689,0.068553582,0.008680556,5
2519992,2022,dry,annotated,0,576546.283,5153506.189,0.0676094360351562,0.272299047851563,0.06189057617,174.4741348,3.811222728,936,6.115384615,50400,-0.157348633,0.022448882,0,4.999999523
2516131,2022,dry,annotated,0,575973.7051,5153199.372,0.0476615386962891,0.117114526367187,0.08777607422,165.629517,7.794151265,171,7.02,4500,-0.248718262,0.020297963,0.006245891,5
2511981,2022,deep_water,random_draw,0,575374.8803,5153322.275,0.0340873229980469,0.0830436645507812,0.1219718384,167.6155752,96.39342586,576,4.4375,9000,0.044555664,0.327858806,0.12677449,5
2504993,2022,co_precise,annotated,1,574355.5935,5153136.322,0.0324084106445313,0.075333642578125,0.1015672974,171.7465849,10.91602774,963,6.97826087,13500,0.043762207,0.084940545,0.151609555,5
2504673,2022,dry,annotated,0,574292.0238,5153139.929,0.0540650817871094,0.119246032714844,0.05560952148,166.8682204,17.12511041,369,4.295454545,13500,-0.074615479,0.051050186,0.055496916,5
2505031,2022,dry,annotated,0,574360.8673,5153195.663,0.0571163269042969,0.130632653808594,0.03359285889,165.8427028,12.46851394,882,6.125,13500,-0.062255859,0.026526803,0.096683525,5
2505112,2022,dry,annotated,0,574383.1602,5153108.432,0.0571669921875,0.131961169433594,0.05521746826,175.0911893,12.0827635,270,6.18,13500,0.009613037,0.018591201,0.043149944,5
2500909,2022,shallow_viz,annotated,1,573725.1667,5153469.803,0.0331383850097656,0.0855555541992187,0.08662727051,175.2206179,12.14120444,837,6.456521739,5400,-0.033355713,0.020035135,0.015873017,5
2501319,2022,shallow_viz,annotated,1,573782.9722,5153438.278,0.0284203704833984,0.0786027770996094,0.0971555603,181.9715946,5.98781508,315,7.043478261,5400,0.015472412,0.016203705,0.015313391,5
2498693,2022,shallow_viz,annotated,1,573453.1753,5153162.435,0.0298740264892578,0.0880857116699219,0.1232052063,164.8688231,24.13151784,468,7.451612903,7200,0.171417236,0.089872599,0,5
2499310,2022,shallow_viz,annotated,1,573515.5673,5153195.538,0.0351721160888672,0.104075964355469,0.1794634644,181.39996060000001,0.965390883,936,6.5,7200,0.052856445,0.073170729,0,5
2498917,2022,dry,annotated,0,573483.9516,5153221.984,0.0717903198242188,0.202025805664063,0.08468925781,178.0739956,5.555666357,243,4.810344828,7200,-0.265960693,0.041719828,0,5
2499153,2022,dry,annotated,0,573514.5411,5153130.514,0.0621068481445312,0.169995886230469,0.1279178101,179.900026,1.516444773,261,3.532258065,7200,-0.207824707,0.083280034,0,5
2496202,2022,dry,annotated,0,573125.9026,5153405.864,0.0557402587890625,0.142884411621094,0.1917714233,169.1829233,10.98225517,504,4.125,7200,-0.163818359,0.093824543,0.041847043,5
2487250,2022,em_veg,annotated,0,571738.2879,5152893.167,0.0889404052734375,0.211330297851562,0.10034646,173.0013321,5.998517877,891,4.640625,261900,-0.198944092,0.044204675,0,5
2487466,2022,em_veg,annotated,0,571772.6443,5152887.974,0.0873948425292969,0.207647412109375,0.1173732178,170.2678862,6.975205803,873,6.0625,261900,-0.148925781,0.027491409,0,5
2488607,2022,dry,annotated,0,571985.8846,5153202.321,0.0546589721679688,0.204369226074219,0.08712050781,162.036035,12.68198399,738,6.75,261900,0.035491943,0.084652051,0,5
2489563,2022,dry,annotated,0,572165.4252,5153139.014,0.0445140197753906,0.170038317871094,0.1835859741,148.5070715,37.57513797,963,6.97826087,261900,0.064544678,0.069377355,0.014454056,5
2490114,2022,glint,annotated,0,572268.225,5153030.963,0.0936962524414062,0.191375,0.01983874512,135.4405577,15.3038917,189,2.857142857,261900,-1.793304443,0.003977273,0,5
2490215,2022,em_veg,annotated,0,572257.7188,5153163.625,0.074475,0.17859375,0.1079708252,173.7685926,4.663098823,864,6.260869565,261900,0.346984863,0.034778453,0,5
2490222,2022,dry,annotated,0,572270.6958,5153250.388,0.0593118896484375,0.15988251953125,0.1060482422,176.8414289,28.15609398,576,6.919354839,261900,0.521575928,0.023886986,0,5
2486282,2022,deep_water,random_draw,0,571562.9681,5153282.681,0.0687478698730469,0.189154260253906,0.08591700439,171.0298879,85.52009229,261,5.222222222,6300,-0.389770508,0.021828618,0,5
2486451,2022,deep_water,random_draw,0,571583.0941,5153386.975,0.0428098999023437,0.0868197998046875,0.01476237793,19.51778953,221.2940224,603,5.826923077,6300,0.050994873,0.489459753,0.435643584,3.504950523
2470417,2022,shallow_viz,annotated,1,569222.5256,5153168.782,0.0238786331176758,0.0533461547851563,0.2028487183,144.4111564,16.88574885,1053,7.630434783,11700,0.098144531,0.177493185,0.135918826,5
2470228,2022,dry,annotated,0,569199,5153127.415,0.0497191497802734,0.114232983398438,0.04434255371,153.1525823,56.1661746,225,5.035714286,11700,-0.16796875,0.02417795,0.011563367,5
2470263,2022,dry,annotated,0,569196.1324,5153230.147,0.0495838226318359,0.148958825683594,0.1362235352,160.9582577,17.70433979,477,3.923076923,11700,-0.009368896,0.098389357,0.031918451,5
2470985,2022,dry,annotated,0,569286.5893,5153201.786,0.0419526794433594,0.1101875,0.03976517334,155.4690792,15.58088907,270,5.793103448,11700,0.096740723,0.068704493,0.075871594,5
2465928,2022,shallow_viz,annotated,1,568653.544,5153048.39,0.0469747253417969,0.105735168457031,0.07015494385,122.1160718,19.01816711,531,6.204545455,27900,-0.023193359,0.031814527,0.021500239,5
2467145,2022,dry,annotated,0,568825.0667,5153226.367,0.0581355529785156,0.201536669921875,0.04982333984,167.3615961,10.69835834,135,5.4,27900,-0.125457764,0.054054052,0.008333334,5
2463409,2022,dry,annotated,0,568325.1906,5153018.644,0.0904474792480469,0.196525183105469,0.05708850098,184.4727135,1.119794213,234,7.189655172,1800,0.402038574,0,0,5
2445845,2022,dry,annotated,0,566183.8208,5153282.632,0.0572301879882813,0.136230822753906,0.06513962402,108.8919043,4.74424779,549,7.95,900,-0.082458496,0.129887819,0,5
2441767,2022,dry,annotated,0,565768.1667,5153230.167,0.0634666687011719,0.155361108398438,0.0736472168,171.87540190000001,33.73238927,162,2.571428571,28800,0.034484863,0.125000015,0,5.000000477
2441796,2022,dry,annotated,0,565765.9945,5153349.148,0.0477186798095703,0.0959087890625,0.06110109863,84.2236737,10.72237992,261,5.055555556,28800,-0.127075195,0.068769939,0.0167727,5
2444431,2022,dry,annotated,0,566039.8043,5153241.587,0.0522,0.14309130859375,0.12486521,154.3600999,79.57747627,279,4.14,28800,0.041473389,0.064412236,0,5
2444964,2022,em_veg,annotated,0,566090.711,5152986.757,0.0434541290283203,0.121111010742187,0.1582302734,177.0787392,81.06909609,171,6.8125,47700,-0.087799072,0.114341453,0,5
2445393,2022,em_veg,annotated,0,566133.5909,5153163.53,0.0402979797363281,0.104642419433594,0.1112262573,162.9666009,124.5967132,549,5.94,47700,-0.039306641,0.14859505,0.057449494,5
2446336,2022,dry,annotated,0,566232.5,5153050.024,0.0501730163574219,0.120873010253906,0.03760318604,128.6161052,14.1854204,432,3.15,47700,-0.156311035,0.096371889,0.001058201,5
2446756,2022,dry,annotated,0,566280.4412,5153132.515,0.0759897033691406,0.18682646484375,0.04845,123.816135,16.39750022,198,3.923076923,47700,-0.457550049,0.053571433,0,5
2447556,2022,dry,annotated,0,566402.0934,5153118.412,0.0573538452148437,0.198975830078125,0.05120878906,151.6127959,43.28532003,297,4.875,47700,-0.4168396,0.062553637,0,5
1976892,2022,dry,annotated,0,542121.9586,5135702.628,0.0765240600585937,0.259972192382812,0.08065712891,160.3719346,39.37504545,405,5.115384615,3600,-0.408172607,0.012083781,0,5
1976893,2022,terrain,annotated,0,542129.122,5135674.226,0.0585658508300781,0.184260363769531,0.175735376,169.0587191,21.16862976,720,7.235294118,3600,0.06539917,0.030292064,0,5
1967227,2022,dry,annotated,0,540315.2767,5133743.316,0.08535048828125,0.17155048828125,0.06431844482,68.83222385,17.03773439,297,5.15,20700,-0.283172607,0,0,5
1963513,2022,em_veg,annotated,0,539678.9312,5133430.087,0.0555697265625,0.142801831054687,0.1494596436,176.3916605,8.935357673,981,6.288461538,9000,0.197174072,0.275326431,0,4.999999523
1963616,2022,dry,annotated,0,539706.75,5133396.797,0.073375,0.16781875,0.0620625,177.6337042,23.22811432,117,3.2,9000,-0.585235596,0.045138888,0,5
1956278,2022,dry,annotated,0,538502.7743,5131977.013,0.0636628295898437,0.175876110839844,0.1685999878,186.5465919,1.254784554,252,4.708333333,7200,-0.232086182,0.032317191,0,5
1956576,2022,em_veg,annotated,0,538556.9082,5131956.031,0.0844244873046875,0.203577551269531,0.1334898071,180.839276,3.294898385,252,2.94,7200,-0.320556641,0,0,5
1956960,2022,dry,annotated,0,538632.3934,5132033.705,0.0656672119140625,0.189550817871094,0.1034500122,166.3423058,42.95354536,603,4.463414634,7200,-0.228820801,0.027245015,0,5
1957969,2022,dry,annotated,0,538770.0773,5130057.015,0.0606525756835938,0.20759794921875,0.06125567627,173.5231331,138.4113017,711,5.82,21600,-0.228424072,0.052735925,0,5
1958428,2022,em_veg,annotated,0,538839.2213,5129965.303,0.0601778686523438,0.148181970214844,0.07026802979,173.6317164,85.33668844,324,6.777777778,21600,-0.546875,0.073770493,0,5
1958466,2022,em_veg,annotated,0,538845.4333,5130030,0.0528,0.131027783203125,0.1421677734,152.8337523,265.4331928,801,5.625,21600,0.018615723,0.563991725,0,4.011111259
1958957,2022,em_veg,annotated,0,538927.6429,5130030.262,0.0502888885498047,0.120599206542969,0.1327896851,138.7346284,350.0691608,1026,7,21600,0.205535889,0.539569497,0,4.095238209
1949415,2022,dry,annotated,0,537514.6364,5125653.034,0.0584386352539063,0.110675,0.1438170471,70.10352188,27.45879046,279,5.739130435,20700,-0.262207031,0.056818184,0.006944444,5
4964026,2022,dry,annotated,0,536371.94,5118906.18,0.0524386657714844,0.133807995605469,0.1411680054,174.8589771,9.127988647,378,3.879310345,60300,-5.49e-4,0.115876928,0,5
4964027,2022,dry,annotated,0,536377.5,5118847.716,0.0559567016601562,0.132896911621094,0.1544360718,180.4349168,37.40981242,747,6.0625,60300,-0.113830566,0.218508974,0,5
4964697,2022,dry,annotated,0,536491.3095,5118749.643,0.06800634765625,0.14679365234375,0.1812968262,185.9746143,1.84751792,360,2.953125,60300,-0.233612061,0.260210603,0,5
4964108,2022,em_veg,random_draw,0,536379.5308,5116903.823,0.0555461547851563,0.13029384765625,0.1319876953,166.6445384,165.8719205,450,3.9,45000,0.034057617,0.740942955,0.13096647,4.230769157
4964387,2022,em_veg,random_draw,0,536443.0565,5116998.274,0.0281660858154297,0.0726739135742187,0.0837,83.10860358,740.7851813,126,6.388888889,45000,0.22644043,0.59958595,0.324319184,5
4964496,2022,em_veg,random_draw,0,536467.1484,5116788.117,0.03865,0.0885421875,0.08136328125,90.90750392,559.8586188,837,6.620689655,45000,0.241699219,0.676541328,0.319539875,4.25
4964639,2022,em_veg,random_draw,0,536471.3205,5116894.526,0.0633521362304687,0.147732482910156,0.1705846069,175.3654683,46.9559402,1053,6.75,45000,-0.188018799,0.305668533,0.064814813,4.811965942
4965317,2022,em_veg,random_draw,0,536565.9643,5116970.625,0.0410375,0.107124108886719,0.2327946411,181.8968895,4.764548638,837,5.793103448,45000,-0.042358398,0,0,5
4965451,2022,em_veg,random_draw,0,536588.1512,5116778.43,0.0789093017578125,0.180856591796875,0.1430914795,178.1228856,11.17189687,243,6.45,45000,-0.199798584,0.182998747,0,5
4965810,2022,em_veg,random_draw,0,536638.6935,5116884.952,0.0403290313720703,0.0882806457519531,0.1526172058,138.6530669,396.2165421,558,5.166666667,45000,0.096801758,0.397138298,0,5
4966680,2022,dry,annotated,0,536798.2385,5110604.515,0.0552523071289062,0.184392309570312,0.08584615479,183.4902014,2.443188222,171,4.0625,18000,-0.1300354,0.052942891,0,5
4967621,2022,dry,annotated,0,536971.8038,5110610.297,0.0866797485351563,0.227482275390625,0.049278479,147.5650504,75.11927873,252,4.086206897,18000,-0.213867188,0.049143709,0,5
4966089,2022,shallow_viz,annotated,1,536684.0841,5108509.447,0.0521177001953125,0.12954248046875,0.1562132813,150.5706794,36.92946694,999,6.277777778,2700,0.00592041,0.065762684,0,5
4966088,2022,dry,annotated,0,536681.2143,5108546.643,0.0593933349609375,0.151973327636719,0.119180957,148.3355743,71.34808166,495,5.833333333,2700,-0.014709473,0.046594985,0,5
4966404,2022,dry,annotated,0,536738.837,5108511.685,0.0700847839355469,0.16865869140625,0.1112032715,179.9069477,16.40681315,108,6,2700,-0.269958496,0.004347826,0,5
4965514,2022,shallow_viz,annotated,1,536586.6654,5108033.109,0.0480872192382812,0.0824473693847656,0.08735939331,168.0803703,21.79989147,855,7.388888889,4500,-0.004852295,0.206713319,0,5
4965433,2022,dry,annotated,0,536585.7318,5108078.414,0.0871033142089844,0.184713903808594,0.05919205322,186.3442368,8.670813444,171,6.661764706,4500,-0.657928467,0.02009959,0,5
4965963,2022,terrain,annotated,0,536648.6613,5108029.306,0.059351611328125,0.107748388671875,0.1400128906,173.5997181,120.3367838,207,2.447368421,4500,0.400695801,0.290868849,0,5
4995343,2022,dry,annotated,0,541159.9286,5100198.095,0.0605658752441406,0.1481626953125,0.08463649902,178.9709667,11.47297659,927,5.558823529,24300,-0.280761719,0.147656724,0,5
4995781,2022,dry,annotated,0,541224.3837,5100170.314,0.0986558166503906,0.194981396484375,0.009975195313,135.2954583,217.5161893,171,5.528571429,24300,-0.454681396,0,0,5
4997078,2022,dry,annotated,0,541350.118,5100128.713,0.0720269653320312,0.146448315429688,0.09276967773,177.3448756,10.69730218,441,4.944444444,24300,-0.208679199,0.046718575,0,5
4996471,2022,hugo_precise,annotated,1,541296.551,5100167.633,0.03273367309570312,0.07390203857421875,0.2086520386,177.9724261,8.787884382,882,6.681818182,24300,-0.026672363,0.136523575,0,5
4989399,2022,dry,annotated,0,540420.084,5093394.3,0.0947288024902344,0.189411206054688,0.05356560059,179.8993524,26.81815017,558,6.696428571,59400,-0.224121094,0.016910344,0,5
5336497,2022,em_veg,annotated,0,538779.7131,5083521.664,0.053134423828125,0.14383115234375,0.1439704834,176.2239032,3.489811257,513,3.155172414,16200,0.024169922,0.043645337,0,5
5336711,2022,em_veg,annotated,0,538809.335,5083669.063,0.0497805816650391,0.141481555175781,0.1501213501,171.6693998,6.362813382,918,6.717391304,16200,-0.038696289,0.085764498,0,5
5336777,2022,dry,annotated,0,538827.1333,5083541.333,0.0706577758789062,0.254297778320312,0.06851223145,178.5866463,2.753927868,423,4.821428571,16200,-0.202697754,0.016845878,0,5
5337148,2022,em_veg,annotated,0,538865.4886,5083661.114,0.0509829559326172,0.165634094238281,0.1439068237,177.5890876,1.979585357,279,5.076923077,16200,0.009643555,0.044070013,0,5
5361311,2022,dry,annotated,0,541963.3333,5078161.333,0.119564819335938,0.21149814453125,0.1101796265,82.28390606,23.44344224,207,4.764705882,12600,-0.268249512,0,0,5
5364855,2022,glint,annotated,0,542380.669,5066665.077,0.0848070434570312,0.104952111816406,0.08465070801,50.23570331,0.913092898,153,3.944444444,94500,-0.409881592,0.053350411,0.013145541,5
5364986,2022,em_veg,annotated,0,542382.5,5066211.37,0.0554405822753906,0.122144921875,0.1883869629,83.89007678,7.065610181,513,4.3125,94500,0.032012939,0.114305764,0,5
5365462,2022,em_veg,annotated,0,542442.1875,5066561.491,0.0581196411132813,0.132740173339844,0.2236348267,82.55562358,10.54818506,972,6.222222222,94500,0.032012939,0.123403355,0,5
5365623,2022,glint,annotated,0,542458.2313,5066430.425,0.0383805969238281,0.0775850769042969,0.2470283508,92.21683861,18.15466219,603,5.025,94500,0.032012939,0.196707994,0,5
5365668,2022,glint,annotated,0,542480.6373,5066697.912,0.1557,0.195064050292969,0.011122229,65.74903164,29.9643712,1071,4.882978723,94500,-0.128723145,0.171717167,0,5
5365760,2022,em_veg,annotated,0,542473.2568,5066328.122,0.0626621643066406,0.134170275878906,0.2145441284,80.54886371,24.72513065,117,6.166666667,94500,0.032012939,0.062481835,0,5
5366104,2022,dry,annotated,0,542517.7857,5066417.357,0.108606127929688,0.237075512695312,0.06588571777,111.0582519,62.55915823,315,6.890625,94500,0.032012939,0.102889337,0,5
5364764,2022,em_veg,annotated,0,542366.0294,5065815.682,0.065188232421875,0.175579675292969,0.1340288696,102.2775196,18.27495612,1431,7.791666667,9900,0.037322998,0.085578747,0,5
5365132,2022,em_veg,annotated,0,542409.2419,5065971.823,0.0568,0.125278491210938,0.1183333252,99.33165032,39.92235397,135,4.810344828,9900,-0.080718994,0.027956991,0,5
5365179,2022,dry,annotated,0,542408.868,5065842.276,0.0754648010253906,0.2823248046875,0.02439519043,90.01684015,56.05977755,252,6.696428571,9900,-0.704528809,0.014933335,0,5
5363238,2022,dry,annotated,0,542191.5,5064678.531,0.0737799987792969,0.25744921875,0.04596152344,80.81430505,26.83910517,261,3.611111111,7200,-0.263305664,0.116331935,0,5
5363001,2022,dry,annotated,0,542162.4057,5062274.066,0.0715754699707031,0.161516979980469,0.07696791992,73.67007992,40.45582413,135,3.057692308,5400,-0.254180908,0.033296335,0,4.999999523
5366107,2022,co_precise,annotated,1,542521.9962,5062185.936,0.0322796997070312,0.0627676696777344,0.1906774475,88.49005804,18.37208555,1179,7.125,18000,-0.029846191,0.273026317,0,5
5365868,2022,dry,annotated,0,542487.5377,5062270.217,0.056379248046875,0.148818872070312,0.1087641357,107.0860497,35.21397832,198,3.18,18000,-0.027984619,0.04116638,0,5
5366531,2022,dry,annotated,0,542557.8297,5062097.852,0.0691725280761719,0.141448352050781,0.07813297119,105.3315191,19.22946956,108,5.25,18000,-0.217346191,0.024725275,0,5
5367222,2022,dry,annotated,0,542645.5938,5062211.656,0.06653125,0.143145837402344,0.0822322876,94.98498331,22.65811891,270,6,18000,-0.332641602,0.01082221,0,5.000000477
5363840,2022,em_veg,annotated,0,542262.1705,5061113.489,0.0590238647460938,0.127289770507813,0.0786750061,63.92875215,3.494377882,198,3.882352941,1800,-0.129730225,0.028409092,0,4.999999523
5361508,2022,em_veg,random_draw,0,541982.8571,5060380.357,0.070190478515625,0.1857,0.07989643555,105.1392662,35.65934184,477,4.846153846,59400,-0.0184021,0.181243226,0,5
5362408,2022,em_veg,random_draw,0,542078.7273,5060297.83,0.0552465881347656,0.146130676269531,0.1214613647,97.55252857,17.36470268,792,5.5,59400,0.145477295,0.189149544,0,5
5362488,2022,em_veg,random_draw,0,542102.5833,5060446.708,0.0599756958007812,0.224659033203125,0.1105243042,93.93220619,9.982055577,1188,7.714285714,59400,-0.009216309,0.0625,0,5
5363331,2022,em_veg,random_draw,0,542197.0556,5060344.806,0.0617787048339844,0.15817314453125,0.1040703857,101.9853497,19.01687801,783,6.48,59400,0.134368896,0.200169265,0,5.000000477
5363457,2022,em_veg,random_draw,0,542211.9255,5060604.383,0.108692553710938,0.225030859375,0.02131384277,59.14810836,13.59896274,108,4.7,59400,-0.484436035,0.007978723,0,5
5363922,2022,em_veg,random_draw,0,542259.431,5060444.776,0.06198505859375,0.159501147460937,0.1003954102,99.90234532,24.32540021,783,5.019230769,59400,0.131958008,0.174267709,0,5
5366613,2022,em_veg,random_draw,0,542582.8875,5062483.688,0.0801162475585938,0.174872497558594,0.2274962524,96.58508521,7.18270225,720,4.285714286,6300,-0.013214111,0.243725568,0,5
11086026,2022,dry,annotated,0,569678.4574,5009843.777,0.0501946807861328,0.110871276855469,0.07991383057,85.32901764,10.51351357,387,6.130434783,18000,-0.010101318,0.023541525,0.019888993,5
11086219,2022,dry,annotated,0,569703,5009968.3,0.0503088897705078,0.108830004882812,0.06460222168,81.73722839,5.066541195,261,5.625,18000,-0.197174072,0.011111111,0.014009662,5
11046850,2022,shallow_viz,annotated,1,565382.1829,5009663.524,0.0441617889404297,0.0854731689453125,0.1032455322,146.4537659,1.352152705,981,7.096153846,19800,-0.010314941,0.018035365,0.029525032,5
11047436,2022,hugo_precise,annotated,1,565442.5513,5009788.192,0.0405350433349609,0.0718230773925781,0.1022957214,146.4940643,1.02536118,864,7.02,19800,-0.020751953,0.040187627,0.017568851,5
11046945,2022,dry,annotated,0,565389.431,5009763.638,0.0598045959472656,0.12568505859375,0.1172471191,121.4504089,10.68660927,189,4.5,19800,-0.114318848,0.006189213,0,5
11046946,2022,dry,annotated,0,565386.1923,5009635.885,0.06883974609375,0.145411535644531,0.1042640991,126.1240005,6.276072025,216,5.086956522,19800,-0.218505859,0.006583507,0.012820513,5
11047756,2022,dry,annotated,0,565473.5609,5009667.378,0.0602017395019531,0.127319128417969,0.1166426147,92.31755066,18.76636314,162,5.75,19800,-0.149047852,0.004230318,0,5
11038102,2022,shallow_viz,annotated,1,564333.9653,5009634.163,0.0513455444335938,0.0966475219726562,0.09470693359,147.1984711,0.734247923,909,7.214285714,168300,-0.270385742,0.108286887,0.035832155,5
11038288,2022,shallow_viz,annotated,1,564366.3053,5009760.093,0.0448177001953125,0.0864672546386719,0.1081699036,146.2350616,0.863191247,1017,6.78,168300,-0.362243652,0.047281925,0.045454543,5
11037718,2022,dry,annotated,0,564299.1303,5009724.013,0.0625310913085937,0.142687390136719,0.07296723022,145.4033356,0.774552524,351,6.611111111,168300,-0.5,0.014087988,0.014896868,5
11038621,2022,dry,annotated,0,564394.7673,5009633.837,0.0658237609863281,0.137858410644531,0.04379505615,143.140274,1.621212244,153,6.06,168300,-0.564117432,0.017051706,0.008015088,5
11038688,2022,dry,annotated,0,564395.9231,5009756.808,0.062244873046875,0.133441027832031,0.08169871826,145.8257141,0.943546176,153,4.875,168300,-0.495758057,0.006959707,0.00990676,5
11013505,2022,shallow_viz,annotated,1,561577.0461,5010077.961,0.0413177642822266,0.0968184204101562,0.1531842163,33.26379395,3.893703699,1089,7.35483871,1800,9.77e-4,0.028490404,0.101817049,5
11013824,2022,dry,annotated,0,561608.1702,5010083.521,0.0594893615722656,0.1373904296875,0.2053627686,60.54140091,12.56536579,117,5.035714286,1800,0.07232666,0.004609929,0.019756839000000002,5
10508537,2022,dry,annotated,0,540603.1753,5009937.838,0.0794623352050781,0.222676611328125,0.04750128174,133.3567352,29.52450371,180,4.125,6300,-0.487609863,0.070644498,0,5
10508569,2022,dry,annotated,0,540633.4444,5009818.028,0.0853101867675781,0.198872216796875,0.02939630127,132.3448944,10.67638969,108,5.586206897,6300,-0.478057861,0.002222222,0,5
10507781,2022,co_precise,annotated,1,540242.1043,5010237.831,0.0569359741210938,0.13366474609375,0.1832043213,147.1353912,2.263814449,1044,7.446428571,15300,0.016174316,0.167406499,0,5
10507854,2022,shallow_viz,annotated,1,540275.3017,5010205.267,0.0553646545410156,0.141373278808594,0.1745327576,146.5572815,1.863003254,1044,6.96,15300,0.047180176,0.118534476,0,5
10507748,2022,dry,annotated,0,540212.7532,5010240.778,0.0751126586914063,0.201918981933594,0.1670468445,144.6315613,2.985454082,108,4.74,15300,-0.121124268,0.03575569,0,5
10507827,2022,dry,annotated,0,540274.4684,5010131.668,0.0742368408203125,0.195740002441406,0.04151473389,142.8291168,9.820028305,171,4.596774194,15300,-0.154541016,0.006178489,0,5
10507221,2022,dry,annotated,0,540038.135,5009574.077,0.0833138671875,0.190797814941406,0.1186605896,145.6551208,7.508124352,171,6.044117647,27000,-0.160705566,0.00798788,0,5
10503934,2022,shallow_viz,annotated,1,538959.4245,5009694.057,0.0415396240234375,0.103342456054688,0.09093583984,146.9307404,1.720743418,783,6.625,132300,0.015167236,0.064146265,0,4.999999523
10504138,2022,shallow_viz,annotated,1,539021.7203,5009814,0.0346338989257812,0.0789364379882812,0.1228525391,146.8692169,2.902712584,1062,8.045454545,132300,0.044342041,0.139830515,0,5
10503668,2022,dry,annotated,0,538864.7857,5009810,0.0803476196289063,0.167590478515625,0.07007142334,147.4829865,4.373943329,207,2.032258065,132300,-0.019165039,0.054357596,0,5
10504299,2022,dry,annotated,0,539075.5909,5009927.264,0.0604299987792969,0.146309997558594,0.09883726807,145.776062,1.934165835,945,5.322580645,132300,-0.042785645,0.033090379,0,5
10504341,2022,dry,annotated,0,539073.2473,5009844.016,0.0651538452148438,0.153515380859375,0.09782416992,146.9997711,1.109475136,252,5.055555556,132300,-0.0418396,0.017328827,0,5
10499658,2022,shallow_viz,annotated,1,537427.6339,5010030.348,0.0467767852783203,0.115854467773437,0.1207276855,143.1700745,2.69914794,486,5.793103448,6300,2.14e-4,0.002046131,0,5
10499715,2022,shallow_viz,annotated,1,537431.3611,5010120.556,0.0418453704833984,0.100581481933594,0.1511213074,141.0944977,1.324194074,531,6.48,6300,2.44e-4,0.029411767,0,5
10499585,2022,dry,annotated,0,537387.8538,5010095.469,0.0702430786132812,0.16128154296875,0.1075922974,146.4556732,0.987939835,162,3.482142857,6300,-0.023864746,0.008144797,0,5
10498783,2022,dry,annotated,0,537078.1591,5009600.636,0.0772287902832031,0.176719702148437,0.08756287842,140.9198151,2.087127209,153,7.333333333,18000,-0.196655273,0.170051575,0,4.901515007
10498810,2022,dry,annotated,0,537089.8977,5009870.148,0.0767465881347656,0.174857958984375,0.102278418,139.6539917,2.473727942,324,5.076923077,18000,-0.17489624,0.186959982,0,5
10498799,2022,shallow_viz,annotated,1,537092.8217,5010087.64,0.0444377624511719,0.0955895080566406,0.1899153809,132.4498749,3.750241995,747,7.944444444,6300,0.058654785,0.038572859,0,5
10498882,2022,shallow_viz,annotated,1,537122.2869,5010035.189,0.0517672119140625,0.10321884765625,0.2010795105,135.2077332,22.90374947,918,7.32,6300,0.156066895,0.162116483,0,5
10498978,2022,dry,annotated,0,537154.5706,5010014.241,0.0815305908203125,0.219868237304687,0.1674682373,107.8156967,54.55299377,342,3.863636364,6300,-0.201171875,0.078039408,0,5
10498996,2022,dry,annotated,0,537154.2025,5010086.368,0.0782371887207031,0.191978515625,0.1737355347,127.0908279,33.05669022,270,4.321428571,6300,-0.189056396,0.015707066,0,5
10466029,2022,dry,annotated,0,530984.3955,5009363.799,0.0797805969238281,0.236011206054688,0.05277387695,75.64175415,6.255467892,162,6.483870968,196200,-0.093322754,0.029411765,0,5
10421907,2022,em_veg,random_draw,0,520177.2273,5017616.932,0.0920659118652344,0.282986352539063,0.04418635254,105.0560837,11.91443253,153,2.64,20700,-0.577667236,0.036398288,0,5
10422710,2022,em_veg,random_draw,0,520305.875,5017673.9,0.0489591674804688,0.0965599975585938,0.09973166504,121.127037,10.62308311,1062,7.5,20700,0.022216797,0.210796222,0,5
10422723,2022,em_veg,random_draw,0,520319.2326,5017553.547,0.104551159667969,0.229867431640625,0.04598719482,122.7293777,4.099550247,180,3.486486486,20700,-0.366027832,0.026009791,0,5
10394622,2022,dry,annotated,0,516257.0571,5019706.414,0.0522471435546875,0.168098571777344,0.1727328674,89.45677948,4.606315613,576,4.565217391,99000,0.002929688,0.026890755,0,5
10394624,2022,dry,annotated,0,516271.9898,5019468.673,0.079280615234375,0.250884692382813,0.05685715332,84.49072266,7.102149963,567,5.88,99000,-0.528137207,0.005102041,0,5
10394992,2022,dry,annotated,0,516398.6111,5019394.189,0.0496177764892578,0.177546667480469,0.1812088928,86.09883118,5.101225376,288,6.75,99000,-0.087341309,0.006971678,0,5
10392396,2022,dry,annotated,0,515790.0526,5019749.184,0.0786868408203125,0.198887719726562,0.02840087891,103.1678543,13.51569653,315,5.516129032,9000,-0.279876709,0.00877193,0,5
10383354,2022,shallow_viz,annotated,1,513820.3636,5019928.2,0.0384899993896484,0.0900345458984375,0.1291381836,125.250206,25.22417259,990,6.875,30600,0.036437988,0.044784073,0,5
10383782,2022,shallow_viz,annotated,1,513912.4636,5019922.827,0.0397509094238281,0.0900636352539062,0.1187254517,128.7929535,9.83863163,990,7.5,30600,0.001525879,0.050330684,0,5
10382992,2022,dry,annotated,0,513729.5388,5019928.791,0.0582543701171875,0.139675732421875,0.09779512939,114.2959366,10.02793789,927,5.722222222,30600,0.203521729,0.031778499,0,5
10383983,2022,dry,annotated,0,513972.8774,5019867.311,0.0704075500488281,0.155979248046875,0.02857169189,128.5251007,3.587880611,135,3.456521739,30600,-0.086975098,0.008844339,0.020215632,4.999999523
10300006,2022,deep_water,random_draw,0,494680.8939,5017101.227,0.0474696960449219,0.0730747497558594,0.04380303345,54.47522736,28.42734528,792,6.456521739,100800,-0.081268311,0.725243509,0.591540396,4.111111164
10300208,2022,deep_water,random_draw,0,494735.5875,5016927.6,0.0744450012207031,0.160865002441406,0.06946873779,119.5681305,25.90721703,108,4.8,100800,-1.141693115,0.027272727,0,5
10300377,2022,deep_water,random_draw,0,494767.7328,5017044.543,0.0491853454589844,0.054622412109375,0.01337499695,15.57706547,8.351696968,1044,7.25,100800,0.092102051,0.992162943,1,1.586206913
10300728,2022,deep_water,random_draw,0,494832.4904,5016956.077,0.0501586547851562,0.0561394226074219,0.02764903564,26.85735703,20.08530998,936,7.428571429,100800,0.092102051,0.97702682,1,2.625
10300881,2022,deep_water,random_draw,0,494888.0538,5016867.577,0.0543353820800781,0.118276928710938,0.04325230713,128.7352753,22.2402668,243,3.611111111,100800,-0.555847168,0.128506795,0.127472535,4.969230652
10300967,2022,deep_water,random_draw,0,494892.6176,5017077.706,0.0502313720703125,0.0568205871582031,0.02469509583,41.93475342,17.55278778,918,6.652173913,100800,0.092102051,0.970588326,1,2
10301152,2022,deep_water,random_draw,0,494946.7632,5016985.737,0.0523228088378906,0.0608719299316406,0.02752456055,47.72665787,22.98451996,1026,7.125,100800,0.092102051,0.96802485,1,2.552631617
10296907,2022,deep_water,random_draw,0,494072.9839,5016546.242,0.0774419372558594,0.228586010742188,0.0206,83.591629029999993,15.39599514,171,4.65,91800,-1.215026855,0.005837173,0,5
10297183,2022,deep_water,random_draw,0,494125.6169,5016191.357,0.0837662353515625,0.207918188476562,0.04947661133,103.7615585,10.52781773,171,5.5,91800,-0.991119385,0.157302588,0.109956719,4.753246784
10297344,2022,deep_water,random_draw,0,494160.385,5016413.535,0.0872380554199219,0.225931860351563,0.01812299805,98.05505371,14.02243614,558,5.65,91800,-1.164215088,0.098178856,0,4.946902752
10297397,2022,deep_water,random_draw,0,494169.6136,5016528.102,0.0433613647460937,0.0933170471191406,0.02701591187,117.6202164,18.36194038,747,5.739130435,91800,-0.084625244,0.401298702,0.074269481,4.840909004
10297551,2022,deep_water,random_draw,0,494193.6429,5016265.429,0.0815142883300781,0.207815478515625,0.04348691406,97.47693634,6.921197891,297,4.064516129,91800,-0.954986572,0.272389054,0.101473927,4.511904716
10297696,2022,deep_water,random_draw,0,494208.1542,5016113.621,0.0598102783203125,0.0697186889648437,0.02752897034,17.95358658,0.807441115,963,6.42,91800,0.340270996,0.993769467,1,1.205607533
10286345,2022,terrain,annotated,0,492138.1277,5016420.734,0.0579531921386719,0.169936169433594,0.04601915283,88.07904816,4.596042156,459,5.875,14400,-0.166534424,0.034591354,0,5
10286452,2022,terrain,annotated,0,492158.4375,5016482.969,0.054175,0.1244625,0.0570708313,89.00969696,5.182021618,477,5.76,14400,0.047424316,0.158840254,0,5
10286612,2022,dry,annotated,0,492206.8953,5016452.965,0.0754837219238281,0.236556982421875,0.05357093506,102.3180084,7.846462727,774,4.607142857,14400,-1.028045654,0.091694355,0.055403553,5
10266644,2022,deep_viz,annotated,0,488167.53370000003,5016200.882,0.0369112365722656,0.0584157287597656,0.00981572876,54.553936,46.68359375,801,6.068181818,781200,0.00668335,0.86261493,0.784911692,3.584269285
10267291,2022,dry,annotated,0,488264.8099,5016325.542,0.08263662109375,0.21803662109375,0.1322929565,127.8358307,30.4052906,468,5.325,781200,-0.806243896,0,0,5
10267623,2022,dry,annotated,0,488338.7333,5016366.5,0.0965211120605469,0.26157666015625,0.04935888672,106.1308517,20.34496307,144,3.552631579,781200,-1.397460938,0,0,5
10267874,2022,deep_viz,annotated,0,488382.375,5016234.563,0.0515020812988281,0.0835166687011719,0.0487072937,30.61360741,0.568018973,864,7.2,781200,0.093688965,1,1,1
10268037,2022,deep_viz,annotated,0,488412.36,5016175.8,0.0545880004882813,0.0870830017089844,0.04924000244,28.07679749,0.280740947,900,6.52173913,781200,0.093688965,1,1,1
10268635,2022,dry,annotated,0,488525.8707,5016234.776,0.0814939636230469,0.236378442382812,0.01946896973,79.68682861,17.77190781,234,6.214285714,781200,-2.977600098,0.205248475,0.192118227,4.775862217
10248850,2022,dry,annotated,0,484565.97,5015968.41,0.0833659973144531,0.170914001464844,0.04450200195,130.1025238,4.826159477,234,5,19800,-1.062988281,0.187199995,0,4.6199998859999996
10249051,2022,dry,annotated,0,484596.6959,5015797.16,0.0703061828613281,0.148606188964844,0.05201751709,119.6165771,8.003214836,153,4.693548387,8100,-0.86618042,0.10667862,0,4.649484634
10249271,2022,dry,annotated,0,484608.2288,5015632.602,0.0813559326171875,0.163757629394531,0.0348711792,116.2434387,18.99015236,144,2.85483871,8100,-1.237365723,0.169491529,0.02259887,4.457627296
10794576,2022,em_veg,random_draw,0,492885.8429,4950404.729,0.0432514282226562,0.103584765625,0.1915390381,120.9979324,17.70534134,909,5.431034483,14400,-0.020355225,0.250804335,0,5
10790748,2022,dry,annotated,0,491314.117,4944822.702,0.0787617004394531,0.264113818359375,0.05549360352,118.7560654,12.91785049,117,4.7,8100,-0.560211182,0.036980748,0,5
10790936,2022,shallow_viz,annotated,1,491407.5252,4944015.29,0.0763436950683594,0.144732775878906,0.1249252075,114.9781723,18.19298744,1071,6.865384615,7200,0.129211426,0.39299199,0,5
10791042,2022,shallow_viz,annotated,1,491456.9022,4943456.054,0.080075,0.130714135742187,0.09443260498,131.7815857,6.786103725,828,5.75,6300,0.136260986,0.185331225,0,5
10791110,2022,dry,annotated,0,491496.1296,4943413.093,0.0644629638671875,0.145569140625,0.09234196777,129.0806885,8.659009933,207,5.282608696,6300,-0.232757568,0.050965495,0,5
14599080,2022,hugo_precise,annotated,1,494231.5515,4837327.036,0.0370876281738281,0.0726711364746094,0.2058134064,20.68778992,7.635494232,873,5.82,45000,0.045074463,0.559208632,0.885385036,4.958763123
14599097,2022,dry,annotated,0,494257.8717,4837355.695,0.0654513244628906,0.303747778320313,0.1206256592,102.2634048,11.47242832,234,6.519230769,45000,-1.362731934,0.03089186,0.160853729,5
14599170,2022,dry,annotated,0,494346.6532,4837292.516,0.0640508056640625,0.317350805664062,0.1010491943,104.3360519,25.00936508,468,7.153846154,45000,-1.475891113,0.039650537,0.159076542,5
14599205,2022,dry,annotated,0,494388.9684,4837165.12,0.0558303771972656,0.244825317382812,0.2009265869,47.41743851,12.3710165,180,3.95,45000,-0.54107666,0.088860087,0.762824774,5
14907887,2022,co_precise,annotated,1,661458.4048,4821196.071,0.0456587310791016,0.103179370117188,0.0475333374,34.06049347,2.645800829,1134,7,62100,0.00112915,0.118361272,0.991181672,5
14907655,2022,dry,annotated,0,661316.8393,4821158.491,0.08835,0.448041064453125,0.2090696289,109.6927261,7.98641634,396,5.793103448,62100,-0.046417236,0.004960318,0.126116067,5
14907872,2022,dry,annotated,0,661431.7069,4821061.19,0.0781620666503906,0.326217236328125,0.08649655762,99.96750641,4.426544666,324,4.5,62100,-0.485931396,0.03940887,0.419540226,5
14907892,2022,dry,annotated,0,661468.2065,4821130.761,0.0674695678710937,0.2266423828125,0.05124890137,79.44553375,9.925976753,738,4.451612903,62100,0.00112915,0.120255344,0.903381646,5
14276116,2022,em_veg,random_draw,0,657203.1522,4906862.674,0.0534521728515625,0.143939135742188,0.04370435791,85.36218262,14.32622242,216,4.704545455,1800,-0.114990234,0.153043479,0.093397744,5
12355340,2022,shallow_viz,annotated,1,629507.5377,4978605.613,0.0426515716552734,0.0816723266601563,0.01092390137,151.3240967,6.469948292,1107,7.227272727,5400,0.098571777,0.043659501,0,5
12354806,2022,dry,annotated,0,629452.8158,4978628.526,0.0932596496582031,0.232976318359375,0.02316403809,89.20333099,7.270236492,252,5.896551724,5400,-0.848754883,0.011386817,0,5
12372134,2022,dry,annotated,0,631199.199,4978723.471,0.0845805847167969,0.216513598632812,0.06764952393,96.59156036,14.32936954,333,4.828125,58500,-2.495727539,0.228403986,0.305825233,4.640776634
12373020,2022,deep_viz,annotated,0,631319.5619,4978702.181,0.037878759765625,0.0385707977294922,0.003650442505,13.88374043,0.223976433,1017,6.78,58500,0.136779785,0.977015495,1,1
12373876,2022,dry,annotated,0,631440.0319,4978770.67,0.0842276611328125,0.213806372070313,0.001152124023,107.5160294,5.543787956,180,4.7,58500,-1.136047363,0.103908956,0.101757638,4.787233829
12374080,2022,deep_viz,annotated,0,631439.2732,4978668.139,0.0410185577392578,0.0437536071777344,0.002229898071,13.91814518,0.201221406,873,6.613636364,58500,0.136779785,0.998561502,1,1.061855674
12375346,2022,dry,annotated,0,631588.8113,4978690.953,0.071626416015625,0.27595849609375,0.01870849609,113.59552,2.515711546,171,5.678571429,58500,-0.958984375,0.170854017,0.152658671,4.820754528
12376986,2022,deep_viz,annotated,0,631739.2059,4978672.324,0.0374803924560547,0.0413068634033203,0.009677450562,14.36407471,0.300040841,918,6.652173913,58500,0.136779785,0.979971111,1,1.529411793
12495597,2022,dry,annotated,0,666861.2107,4989377.665,0.0755289245605469,0.255728930664062,0.0871652832,103.0646362,1.654990435,945,6.980769231,39600,-0.225708008,0,0,5
12495660,2022,dry,annotated,0,666918.8445,4989226.954,0.0683949584960938,0.226741186523437,0.1038714355,97.2486496,2.228152752,1071,6.155172414,39600,0.056335449,0.023479979,0,5
12495547,2022,em_veg,random_draw,0,666812.9754,4990658.484,0.0771901611328125,0.189370495605469,0.09054918213,92.978683470000007,2.645271063,180,3.97826087,1800,-0.007507324,0.020491803,0.090163931,5
12495706,2022,em_veg,random_draw,0,666954.839,4990761.864,0.0402542358398437,0.112717797851562,0.1031406738,66.96714783,11.8583374,1062,6.807692308,9000,0.005249023,0.0625,0.238172859,5
12495741,2022,em_veg,random_draw,0,666966,4990667.559,0.0415019622802734,0.12252451171875,0.07899509277,70.25476074,17.15003586,126,6.12,9000,0.036682129,0.198391035,0.444193065,5
12497268,2022,dry,annotated,0,667656.4375,4990534.625,0.0677760437011719,0.183601037597656,0.0896010376,119.1827316,6.31634903,675,5.538461538,17100,-0.068237305,0.054786142,0.072916664,5
12497282,2022,em_veg,annotated,0,667680.6667,4990613.083,0.0502347229003906,0.121402783203125,0.1053486084,80.83518219,9.440434456,648,2.918918919,17100,-0.048217773,0.090488218,0.106150806,4.916666508
12497710,2022,dry,annotated,0,667794.8115,4990585.377,0.0740245910644531,0.19891884765625,0.09458116455,115.0358276,7.950979233,234,3.267857143,17100,-0.128540039,0.023674242,0.071428575,5
12502473,2022,em_veg,annotated,0,669348.4318,4990662.295,0.034448486328125,0.092375,0.03041817627,44.68558884,15.18777084,729,7.071428571,1800,0.001342773,0.453871101,0.296620041,4.386363506
12505358,2022,dry,annotated,0,669984.3649,4990841.473,0.0451,0.11514189453125,0.03296216431,71.94972992,52.02874756,666,4.44,80100,-0.544555664,1,1,3
12505686,2022,deep_viz,annotated,0,670016.7245,4990818,0.0278561218261719,0.0386561218261719,0.006766326904,22.53820992,2.188381195,882,7.35,80100,-0.004394531,1,1,1.673469424
12506265,2022,deep_viz,annotated,0,670104.587,4991003.387,0.0300826080322266,0.0564678283691406,0.009452172852,18.89449692,3.514466286,981,7.1875,80100,0.14251709,0.877257526,0.746392787,2.104347944
12506872,2022,deep_viz,annotated,0,670192.0979,4990965.201,0.0360597930908203,0.0693762878417969,0.02582164917,32.04646683,18.56693077,873,6.326086957,80100,-0.022033691,0.913325667,0.865979373,3.268041134
12507304,2022,dry,annotated,0,670233.3934,4990815.393,0.0708811462402344,0.223428686523438,0.04132214355,79.22666168,4.763755798,396,6.535714286,80100,-2.377380371,0.10128805,0.073770493,4.639344215
12509166,2022,dry,annotated,0,670497.2436,4990676.064,0.0787153869628906,0.236005981445313,0.04051623535,82.48560333,1.541497111,243,7.3125,5400,-1.22869873,0.047008548,0,5
12510039,2022,dry,annotated,0,670680.4063,4990937.813,0.0684489562988281,0.249004174804688,0.05363959961,85.53894806,3.456347704,360,6,900,-0.505615234,0.139583334,0.179315478,5
12526729,2022,em_veg,annotated,0,674001.6028,4990971.715,0.0592626159667969,0.146008410644531,0.102781311,94.85527039,20.73354721,207,5.732142857,7200,-0.012390137,0.051748008,0.049447749,4.98130846
12526955,2022,dry,annotated,0,674067.4254,4991028.963,0.0673492553710937,0.172386572265625,0.1283850586,84.67371368,4.933822632,297,3.865384615,7200,-0.078491211,0.085682698,0,5
12527095,2022,em_veg,annotated,0,674098.3407,4990969.978,0.0506168151855469,0.115125659179688,0.1033301025,86.73762512,32.9764061,567,5.467741935,7200,-0.00604248,0.313113868,0.452064902,4.610619545
12528552,2022,dry,annotated,0,674458.6364,4990759.636,0.0667257568359375,0.181727270507813,0.02941062012,94.1000061,40.75540924,324,4.304347826,900,-0.328857422,0.037617557,0,5
9529194,2022,shallow_viz,annotated,1,694481.0098,5036222.853,0.0365470581054688,0.0717307189941406,0.04985359497,134.469101,6.762699127,1377,7.913793103,27900,0.123748779,0.05882353,0.241103843,5
9530002,2022,dry,annotated,0,694612.0385,5036171.06,0.0875406616210938,0.183147253417969,0.07067912598,131.9240417,6.520396709,819,5.055555556,27900,0.178833008,0.044036847,0.437118441,5
9517524,2022,deep_water,random_draw,0,692874.1216,5040044.905,0.0513828857421875,0.112174780273437,0.06746575928,114.3784637,22.10235405,252,6.403846154,76500,-0.729675293,0.006156156,0.020720722,5
9517703,2022,deep_water,random_draw,0,692900.9054,5040245.5,0.04873603515625,0.110007202148437,0.05272072754,134.6212311,3.006563425,297,6.166666667,76500,-0.582000732,0,0,5
9517916,2022,deep_water,random_draw,0,692931.7903,5040149.952,0.0463913970947266,0.0934924743652344,0.1151559143,110.7381134,28.45936775,837,5.365384615,76500,-0.294342041,0.262302339,0.33010754,4.956989288
9518339,2022,deep_water,random_draw,0,692963.2826,5039975.674,0.0626313049316406,0.137422607421875,0.02970695801,131.2673798,5.459166527,189,6.634615385,76500,-1.046844482,0,0,5
9519464,2022,deep_water,random_draw,0,693084.2241,5040209.431,0.0659471252441406,0.144062072753906,0.04059195557,130.8657074,7.57891798,270,5.673913043,76500,-0.969696045,0,0.151724145,5.000000477
9519513,2022,deep_water,random_draw,0,693111.5,5039913.46,0.0552133361816406,0.109764001464844,0.09948800049,87.22132874,94.5189209,387,4.326923077,76500,-0.036193848,0.349809378,0.338666677,4.586666584
9519536,2022,deep_water,random_draw,0,693111.0138,5040036.867,0.0351513763427734,0.0530660522460938,0.06659725342,51.09603882,52.49152756,981,6.54,76500,0.423583984,0.875840962,0.738532126,3.660550356
9520106,2022,deep_water,random_draw,0,693168.7268,5040131.737,0.0508628875732422,0.116871130371094,0.081465979,116.0437469,25.3361187,792,6.0625,76500,-0.618469238,0.006701031,0.181443289,5
9520658,2022,deep_water,random_draw,0,693234.25,5039977.333,0.0484157409667969,0.108037963867188,0.07055462646,130.3406982,11.50071812,126,6.230769231,76500,-0.848815918,0.019444445,0.037962966,5
9500267,2022,dry,annotated,0,690471.0773,5039673.603,0.0601505126953125,0.122639172363281,0.09627938232,142.7280884,0.92910713,441,6.326086957,5400,-0.59753418,0,0,5
9473773,2022,dry,annotated,0,685463.3478,5039795.576,0.0556326110839844,0.119410864257812,0.04618479004,128.3663025,9.043656349,135,5.75,1800,-0.101226807,0,0.031159421,5
9473848,2022,dry,annotated,0,685477.7791,5039739.105,0.0629232543945313,0.211041870117188,0.0498883667,85.67230988,11.22597599,504,5.16,1800,-0.137512207,0.050089449,0.16511628,5
9459306,2022,dry,annotated,0,683031.5,5041535.75,0.0668731506347656,0.145863891601562,0.04103703613,121.9232254,10.02987003,153,7.043478261,1800,-0.395263672,0,0,5
9457987,2022,shallow_viz,annotated,1,682789.8692,5047332.346,0.0552015380859375,0.122160766601562,0.00842923584,130.0871582,8.032201767,1152,6.964285714,11700,0.06539917,0,0.139160842,5
9457973,2022,dry,annotated,0,682771.9125,5047301.55,0.0885349975585937,0.189298754882813,0.04434250488,124.817337,12.21505547,333,5,11700,-0.266357422,0,0,5
9458052,2022,dry,annotated,0,682793.9643,5047384.071,0.0703976196289063,0.143875,0.05464880371,126.1598053,11.09322357,558,5.04,11700,-0.052825928,0,0,5
9458563,2022,shallow_viz,annotated,1,682910.302,5053565.748,0.0330574249267578,0.063417822265625,0.1297197998,145.5162659,15.73377037,909,6.886363636,42300,0.012390137,0.075710133,0.181818187,5
9458716,2022,shallow_viz,annotated,1,682941,5053506,0.0300489990234375,0.0619859985351563,0.115502002,147.0403748,3.705665827,900,7.5,42300,0.01739502,0.074074075,0.197454542,5
9458275,2022,dry,annotated,0,682847.1429,5053505.893,0.056484521484375,0.141065478515625,0.0608916626,110.0855789,18.14918518,558,4.846153846,42300,-0.188781738,0.054487184,0.003968254,5
9458454,2022,dry,annotated,0,682881.9688,5053657.156,0.0530666687011719,0.110291662597656,0.0827166748,136.483902,9.941454887,126,5.538461538,42300,-0.29119873,0.01121795,0.013257576,5
9455232,2022,dry,annotated,0,682296.3462,5059628.885,0.054755126953125,0.122521789550781,0.07955385742,150.0454407,2.280465364,180,4.5,3600,-0.103302002,0.068850897,0.021367522,5
9032765,2022,dry,annotated,0,682548.3718,5063574.526,0.0583470092773438,0.130145300292969,0.0781769165,67.35014518,69.09127684,585,7.630434783,15300,0.054199219,0.04356217,0.067663819,5
9035999,2022,dry,annotated,0,682963.8,5076792.63,0.0847190002441406,0.193153002929688,0.046225,124.5974686,10.35711783,900,6.52173913,20700,-0.113830566,0,0.083333336,5
9037289,2022,dry,annotated,0,683115.7021,5076788.809,0.0670382995605469,0.150552124023438,0.05353830566,60.92704947,75.27839773,846,6.130434783,20700,0.043518066,0.006447454,0,5
9034638,2022,dry,annotated,0,682771.8882,5077431.229,0.0743458801269531,0.200794116210938,0.04547530518,97.87885478,63.41415229,288,4.553571429,2700,-0.254425049,4.06e-4,0,5
9035093,2022,dry,annotated,0,682853.6958,5077635.766,0.0820097900390625,0.185749645996094,0.05127623291,122.6445497,6.142910169,1215,6.5,23400,-0.323852539,0,0,5
9035743,2022,dry,annotated,0,682931.6691,5077653.441,0.0878948547363281,0.207532348632813,0.0293654541,118.9494558,9.932477593,846,6.580645161,23400,-0.32913208,0,0,5
9035839,2022,dry,annotated,0,682942.8803,5077715.092,0.0675704223632812,0.199371826171875,0.03729719238,104.418059,27.32274241,576,4.26,23400,-0.311035156,0,0,5
9034651,2022,dry,annotated,0,682783.6714,5085749.986,0.101419049072266,0.206959057617187,0.1076647705,16.70505058,57.31091878,486,6.057692308,75600,0.293731689,0,0.045238096,5
9035989,2022,glint,annotated,0,682966.5,5085815.468,0.0993430114746094,0.192010754394531,0.06901290283,42.56334148,57.69087059,333,4.810344828,75600,0.257873535,0,0.041218638,5
7782542,2022,dry,annotated,0,679280.0893,5109270.804,0.0635982116699219,0.135040173339844,0.03725982666,171.6600065,7.526735798,369,6.72,3600,-0.191589355,0,0,5
3445412,2022,dry,annotated,0,644969.0854,5162309.927,0.0803621948242187,0.224224389648437,0.06273415527,154.6799439,13.18431763,360,4.730769231,38700,-0.786682129,0.043426529,0,5
3445526,2022,dry,annotated,0,645002.3421,5162526.395,0.0673859619140625,0.160333337402344,0.1445263062,157.1097813,6.412040195,117,3.053571429,38700,-0.050872803,0.025341131,0,5
3445975,2022,dry,annotated,0,645090.325,5162461.175,0.0535058349609375,0.167280004882812,0.08232416992,113.9235026,327.324293,504,6,38700,-0.172393799,0.02076412,0.050877195,5
3388809,2022,dry,annotated,0,628829.7273,5159194.534,0.0650522705078125,0.167227270507812,0.1598647705,187.3578827,2.041694742,540,5.739130435,18900,-0.045898438,0.003342246,0,5
3388942,2022,dry,annotated,0,628860.6848,5159037.457,0.0640923889160156,0.172626086425781,0.03595001221,139.1169038,209.443374,324,5.52,18900,-0.129882813,0.023017902,0.031578947,5
3389191,2022,dry,annotated,0,628920.4286,5159072.405,0.0590190490722656,0.153736511230469,0.08839920654,163.9165788,307.9696148,279,7,18900,-0.020019531,0.020261856,0.021825397,5
3357254,2022,dry,annotated,0,620052.7927,5163455.012,0.0665845520019531,0.136947155761719,0.010269104,158.0662091,14.9139553,1107,7.096153846,50400,-0.172241211,0,0,5
3357376,2022,dry,annotated,0,620093.6507,5163512.712,0.0749986328125,0.158934936523437,0.03230684814,189.6679231,0.151537307,360,6.083333333,50400,-0.233184814,0,0,5
2588430,2022,dry,annotated,0,590012.8889,5159885.556,0.0714166687011719,0.128305554199219,0.06057592773,165.7607779,48.98511621,117,3.681818182,4500,-0.596496582,0.00617284,0,5
2456638,2022,shallow_viz,annotated,1,567518.6765,5153525.324,0.0326705871582031,0.0962225463867188,0.1092696167,168.2709156,3.568891578,918,6.652173913,66600,-0.075378418,0.127188668,0,5
2457345,2022,shallow_viz,annotated,1,567600.2459,5153586.074,0.0269106567382813,0.0748491821289062,0.1826098267,171.2847921,7.722135087,1098,7.038461538,66600,0.055267334,0.187285364,0.011979824,5
2456582,2022,dry,annotated,0,567513.0789,5153585.921,0.049174560546875,0.142628942871094,0.08245001221,109.2844292,46.29065914,198,7.434782609,66600,-0.810455322,0.071603514,0,5
2457524,2022,dry,annotated,0,567608.6311,5153735.139,0.0511213104248047,0.142696716308594,0.1312967285,182.2979303,3.625885033,315,3.155172414,66600,-0.172821045,0.114473864,0,5
2457812,2022,dry,annotated,0,567643.2222,5153316.75,0.0638472229003906,0.171285180664063,0.1453638855,172.8452991,5.574327561,126,4.909090909,66600,-0.042297363,0.107240416,0,5
4996930,2022,hugo_precise,annotated,1,541362.2405,5099995.477,0.0502954193115234,0.105458020019531,0.06938243408,56.63658013,10.59505001,990,5.171052632,3600,0.099334717,0.09270183,0,5
4997254,2022,dry,annotated,0,541391.625,5100021.563,0.0910881225585938,0.197802502441406,0.02037687988,86.8420997,57.02527238,153,5.714285714,3600,-0.431335449,0.016098486,0,5
5693472,2022,shallow_viz,annotated,1,542499.1861,5056332.909,0.0627518249511719,0.151845251464844,0.1778467102,120.1886327,16.59585642,1179,7.339285714,9900,0.043029785,0.171657696,0,5
5693459,2022,dry,annotated,0,542483.4783,5056281.163,0.0884586975097656,0.214422827148437,0.1916152283,97.24444124,17.25328991,243,5.111111111,9900,-0.011535645,0.121212125,0,5
5693551,2022,dry,annotated,0,542531.3788,5056355.5,0.104190905761719,0.233753540039063,0.1082606201,98.23867482,19.43571135,108,4.790322581,9900,0.089080811,0.073761806,0,5
5693615,2022,dry,annotated,0,542560.2532,5056260.152,0.0772107604980469,0.184226586914062,0.1875873474,97.05527589,16.73937098,1278,7.40625,9900,-0.010925293,0.147115946,0,5
10991470,2022,co_precise,annotated,1,557672.1154,5009757.654,0.0550008544921875,0.112187182617188,0.1045025635,139.7741241,2.98076129,585,7.02,3600,-0.034484863,0.117307693,0.02415459,5
10991446,2022,dry,annotated,0,557669.4167,5009821.472,0.0701537048339844,0.157093518066406,0.1142731567,120.9300385,7.480206966,144,5.785714286,3600,-0.153686523,0.022685185,0,5
10991783,2022,dry,annotated,0,557732.7947,5009756.605,0.06439052734375,0.144122106933594,0.1136999878,136.1858215,3.0989151,153,5.277777778,3600,-0.138671875,0.068157896,0,5
10990816,2022,co_precise,annotated,1,557526.7188,5009906.781,0.0508333343505859,0.0638645812988281,0.1898656189,56.88013077,7.647596359,864,5.538461538,4500,0.022186279,0.231294468,0.044556592,5
10420846,2022,dry,annotated,0,520031.94,5012962.05,0.112907995605469,0.236546997070312,0.05877199707,110.4992447,3.759293318,144,5,9900,-0.433746338,0.010000001,0,5
10347544,2022,dry,annotated,0,505850.8483,5019222.017,0.0738460693359375,0.162814611816406,0.1023696655,118.9812164,4.876019001,108,5.134615385,102600,-0.261047363,0,0,5
10347748,2022,dry,annotated,0,505892.9189,5019296.514,0.0592108093261719,0.137122973632813,0.1258594482,124.4622574,3.572942734,216,4.625,102600,-0.077667236,0,0,5
10348131,2022,dry,annotated,0,505994.2941,5019503.853,0.0666852966308594,0.149786279296875,0.1055725342,115.3768463,5.509690285,603,5.666666667,102600,-0.140594482,0,0,5
10338823,2022,co_precise,annotated,1,504161.5693,5019859.767,0.0602029724121094,0.119325744628906,0.1395960327,105.9319992,7.158470631,648,6.06,3600,-0.021118164,0,0,4.999999523
10338934,2022,dry,annotated,0,504192.1667,5019825.867,0.077895556640625,0.184497778320312,0.100406665,93.18714142,6.784767151,117,3.857142857,3600,-0.270904541,0.009318996,0,5
10328036,2022,shallow_viz,annotated,1,502659.2594,5019822.079,0.0650721801757812,0.128119543457031,0.1686428528,115.3322983,12.78249264,1071,7.673076923,9000,0.063446045,0.265211433,0,5
10328266,2022,shallow_viz,annotated,1,502691.6855,5019870.798,0.0639572570800781,0.114226611328125,0.1842516113,142.1361237,6.252817154,1116,7.153846154,9000,0.057128906,0.20707266,0,5
10328400,2022,dry,annotated,0,502705.2143,5019817.5,0.0734380981445313,0.168034924316406,0.07000950928,121.8601685,13.64995289,171,3.634615385,9000,-0.260253906,0.04074074,0,5
10320360,2022,dry,annotated,0,501170.88,5019864.15,0.0711929992675781,0.168436999511719,0.1926539917,127.02455139999999,8.050634384,900,6,125100,0.170043945,0.026168833,0,5
10320497,2022,dry,annotated,0,501201.123,5019825.738,0.0642467224121094,0.146109020996094,0.1867868774,120.38311,41.94293976,981,5.903225806,125100,0.258422852,0.010478076,0,5
10320647,2022,dry,annotated,0,501225.5132,5019865.816,0.0612394714355469,0.140064477539063,0.2339973633,123.9670563,9.498747826,684,4.56,125100,0.197967529,0.013569079,0,5
10314359,2022,dry,annotated,0,500017.9675,5019937.188,0.0758026000976563,0.166444152832031,0.09735064697,133.489151,16.85347939,162,3.3,5400,-0.111755371,0.021357633,0,5
10314473,2022,terrain,annotated,0,500052.7683,5019833.5,0.060681298828125,0.149008947753906,0.0784894165,122.647583,18.7126503,252,6.833333333,5400,-0.064788818,0.037198111,0,5
10306983,2022,shallow_viz,annotated,1,496479.8465,5016684.698,0.0684920776367187,0.133137622070312,0.08294951172,134.5818024,5.58908844,612,6.06,3600,-0.013000488,0.021119451,0,5
10306835,2022,dry,annotated,0,496431.9063,5016628.344,0.079815625,0.1972,0.0501729248,88.28572845,12.35164261,342,6,3600,-0.151733398,0.015684186,0,5
10305416,2022,shallow_viz,annotated,1,496033.47120000003,5016654.663,0.0637817321777344,0.111097119140625,0.101041333,85.46631622,3.378318548,900,7.090909091,4500,-0.005096436,0.142728359,0.093891405,5
10307309,2022,shallow_viz,annotated,1,496591.6,5016387.8,0.0594924987792969,0.114724169921875,0.1278699951,136.9390106,3.339224339,594,6.666666667,9000,-0.09085083,0.016176471,0,5
10307559,2022,shallow_viz,annotated,1,496659.3947,5016444,0.078476318359375,0.114742102050781,0.09805088501,140.6227112,2.078680277,954,7.434782609,9000,0.175201416,0.202171877,0,5
10307436,2022,dry,annotated,0,496630.4053,5016447.932,0.0753473693847656,0.13385263671875,0.08777893066,126.1935043,7.092729568,387,5.480769231,9000,-0.102233887,0.038796991,0,5
10300680,2022,dry,annotated,0,494829.4524,5016632.071,0.0670539672851563,0.202626989746094,0.05155714111,100.8277512,13.4055357,171,3.634615385,5400,-0.993652344,0.016754851,0,5
10299025,2022,dry,annotated,0,494451.96,5016683.07,0.0711960021972656,0.158897998046875,0.08006799316,108.1348953,13.15752316,153,5.172413793,9900,-0.949279785,0.018888889,0,5
10284812,2022,dry,annotated,0,491798.434,5016687.255,0.0596311340332031,0.240376416015625,0.121772644,89.4890976,6.181294918,288,5.888888889,5400,-0.111480713,0,0,5
10271909,2022,hugo_precise,annotated,1,489164.6813,5016479.588,0.0588037475585938,0.104325,0.1610337402,123.0809097,4.741314888,1125,7.741935484,10800,-0.102111816,0.047092248,0,5
10271722,2022,dry,annotated,0,489120.9878,5016356.305,0.0688780517578125,0.135014636230469,0.1553731567,134.8574371,8.56018734,261,2.365384615,10800,-0.178771973,0.068866566,0,5
10272059,2022,dry,annotated,0,489184.6935,5016378.403,0.0795268798828125,0.168548388671875,0.1132860107,128.5985718,2.107481003,153,4.359375,10800,-0.414276123,0.010445468,0,5
10272174,2022,dry,annotated,0,489195.8529,5016475.029,0.078962744140625,0.165927453613281,0.1117313599,133.0467834,1.901883006,162,2.55,10800,-0.26574707,0.020761246,0,5
10267641,2022,dry,annotated,0,488344.2216,5016740.242,0.0718597961425781,0.256149487304688,0.03114638672,99.90781403,10.38109875,108,4.85,21600,-0.620758057,0.003748829,0,5
10250431,2022,dry,annotated,0,484782,5016443.417,0.0609824096679688,0.258397216796875,0.04537592773,86.33506775,6.048817158,378,6.48,13500,-0.988861084,0,0,4.999999523
10251283,2022,dry,annotated,0,484897.7581,5016508.145,0.0625408630371094,0.242884936523438,0.06116774902,93.3295517,8.595202446,522,5.365384615,13500,-0.683197021,9.35e-4,0,5
10249105,2022,co_precise,annotated,1,484599.3231,5013474.069,0.0548538452148438,0.08885,0.09857692871,147.8724365,3.344263554,936,7.8,7200,-0.074401855,0.255435914,0,5
10250470,2022,dry,annotated,0,484781.2955,5011820.091,0.0761651489257812,0.252817431640625,0.02680759277,88.88424683,6.619658947,135,7.071428571,8100,-0.482330322,0.013927739,0,5
10266433,2022,dry,annotated,0,488135.8388,5010152.417,0.0729611572265625,0.25780166015625,0.01852727051,86.60903168,8.617847443,135,6.05,7200,-0.656494141,0,0,5
10278603,2022,co_precise,annotated,1,490454.4915,5006448.407,0.0479423736572266,0.146901696777344,0.1592474609,113.7290344,13.71297264,846,6.807692308,1800,0.290985107,0.201894328,0,5
10278669,2022,dry,annotated,0,490479.54,5006423.73,0.0753140014648438,0.307515991210937,0.03550498047,91.97775269,2.110131264,243,6.25,1800,-0.862335205,0,0,5
10277237,2022,co_precise,annotated,1,490151.7923,5003339.954,0.0620453857421875,0.107613073730469,0.1265761597,133.2085266,5.994544029,522,6.964285714,900,-0.005737305,0,0,5
10278109,2022,shallow_viz,annotated,1,490360.8309,5001958.103,0.0414066162109375,0.0675838256835938,0.2317419067,101.8356705,4.94678688,1170,7.555555556,14400,-0.062683105,0.111088581,0,5
10278585,2022,hugo_precise,annotated,1,490451.8902,5001956.695,0.0449349578857422,0.05987886352539059,0.2154959412,103.596077,14.98643875,729,6.833333333,14400,0.123077393,0.185086936,0.066916823,5
10277881,2022,dry,annotated,0,490327.7059,5001930.676,0.061287255859375,0.1424,0.1513774414,114.5256653,7.529437542,342,6.12,14400,-0.460601807,0.031575389,0,5
10278039,2022,dry,annotated,0,490356.0556,5001986.333,0.06575,0.139235180664063,0.1644018555,106.191124,10.03295994,207,3.857142857,14400,-0.365570068,0.075308643,0,5
10278435,2022,dry,annotated,0,490420.4516,5002046.226,0.0644532287597656,0.136080639648438,0.120795166,106.083107,27.76623344,306,3.321428571,14400,-0.613647461,0,0,5
10561368,2022,co_precise,annotated,1,491559.4835,4971450.558,0.0316471069335938,0.106319006347656,0.2154661255,83.40008545,12.45388508,423,6.722222222,900,0.239532471,0.02948403,0,5
10561369,2022,dry,annotated,0,491558.9048,4971407,0.0694785705566406,0.230395239257812,0.02856508789,86.90373993,114.8845673,126,7,900,-0.651885986,0.003217503,0,5
10563463,2022,shallow_viz,annotated,1,492668.5,4971770.625,0.025753125,0.048434375,0.03874895935,138.5305023,7.012878895,666,6.260869565,31500,-0.016174316,0.509620965,0.041666672,5
10563464,2022,co_precise,annotated,1,492669.1893,4971713.84,0.0277378631591797,0.0516398071289062,0.04160388489,136.7879486,4.277801037,756,6.717391304,31500,-0.065216064,0.455084831,0.050970875,5
10563418,2022,dry,annotated,0,492645.6196,4971861.587,0.0751630432128906,0.2482673828125,0.02173476563,109.1166153,17.91103554,216,4.928571429,31500,-0.915466309,0.007050529,0,5
10563447,2022,dry,annotated,0,492663.2055,4971588.37,0.0676068481445312,0.278936303710938,0.0405253418,93.08079529,16.3050499,126,6.636363636,31500,-0.941436768,0.002820306,0,5
10563606,2022,deep_viz,annotated,0,492728.986,4971828.799,0.0293738311767578,0.0454224304199219,0.02514859619,80.37666321,7.862132072,963,7.295454545,31500,0.298339844,0.98008424,0.414135516,1.635514021
10563634,2022,dry,annotated,0,492748.0412,4971904.994,0.118437646484375,0.292063525390625,0.05708000488,138.9515228,11.08685112,279,5.3125,31500,-0.664611816,0.109258674,0.011764706,5
10795343,2022,shallow_viz,annotated,1,493306.1441,4969302.966,0.0355864410400391,0.0722872863769531,0.1713228943,92.24440002,7.30145359,1053,7.08,34200,0.166168213,0.208241314,0.044256121,5
10795394,2022,co_precise,annotated,1,493329.3151,4969475.408,0.0346226898193359,0.0613806701660156,0.1791487488,86.16362762,9.497580528,1071,7.4375,34200,0.156890869,0.223289326,0.030345472,5
10795252,2022,dry,annotated,0,493272.3,4969538.825,0.0538625,0.179450830078125,0.08098916016,91.59214783,10.18192768,144,6,34200,-0.034393311,0.00360986,0,5
10795327,2022,dry,annotated,0,493309.6143,4969419.186,0.0513428588867188,0.186334289550781,0.05628665771,85.04572296,4.95435667,900,6.057692308,34200,-0.019287109,0.033737939,0,5
10795648,2022,dry,annotated,0,493425.8036,4969572.321,0.0621142883300781,0.2137375,0.05421071777,107.172142,16.52558708,414,3.652173913,34200,-0.33001709,0.023610549,0,5
10795147,2022,dry,annotated,0,493209.3673,4967330.296,0.0883275512695312,0.230312255859375,0.02481938477,108.062706,36.53393555,162,5.068965517,27000,-0.966644287,0.004591837,0,5
10790404,2022,shallow_viz,annotated,1,491194.7538,4942608.231,0.0660130798339844,0.148816149902344,0.07743538818,120.8754654,7.107784271,1170,7.5,9000,0.044830322,0.043640528,0,5
10790302,2022,dry,annotated,0,491152.1044,4942607.72,0.104482421875,0.23303955078125,0.09677802734,113.6875305,8.194971085,234,4.875,9000,-0.314025879,0.009580164,0,5
10790483,2022,dry,annotated,0,491232.4884,4942545.837,0.0996639526367188,0.231308129882812,0.0605848877,102.7321625,10.95479488,171,3,9000,-0.599975586,0.013714968,0,5
13422536,2022,co_precise,annotated,1,483437.1522,4936472.25,0.0570211975097656,0.125732067871094,0.1138233643,137.0922546,14.00533676,801,8.625,900,-6.1e-5,0.178980604,0,5
13433950,2022,dry,annotated,0,483493.9724,4908024.65,0.104826770019531,0.2566763671875,0.04216772461,120.5639877,22.25605011,675,6.803571429,9000,-0.003112793,0,0,5
14604877,2022,co_precise,annotated,1,497408.6591,4834479.636,0.0451454559326172,0.101593182373047,0.1690515198,24.34022141,0.71697396,945,7.92,137700,-0.111602783,0.019720262,0.977272749,5
14604968,2022,dry,annotated,0,497428.9239,4834055.152,0.066325,0.151429345703125,0.1801206635,31.95305061,2.077628851,369,5.307692308,137700,-0.281311035,0.005643813,0.672101438,5
14605027,2022,dry,annotated,0,497436.8438,4834359.906,0.07585625,0.255211450195312,0.1138187378,99.80990601,23.7127285,207,6.260869565,137700,-0.899414063,0.022646604,0.232230395,5
14605498,2022,dry,annotated,0,497527.8143,4834031.243,0.110659997558594,0.232001904296875,0.1991904755,56.21562958,9.465476036,351,5.625,137700,-0.344238281,0.028337825,0.586243391,5
14680130,2022,co_precise,annotated,1,501998.8909,4811488.773,0.0358627258300781,0.0648136352539063,0.1893963623,31.10473251,0.808036268,990,6.875,35100,-0.097137451,0.042982087,1,5
14680252,2022,dry,annotated,0,502095.9138,4811516.397,0.0706666687011719,0.277168969726563,0.2414965454,128.3632965,23.89813995,450,4.833333333,35100,-0.418151855,0.008860154,0.57809329,5
14680463,2022,dry,annotated,0,502281.6325,4811539.319,0.0737951782226562,0.213556616210937,0.212302417,57.5812912,22.96135139,531,3.1125,35100,-0.146606445,0.043146703,0.749271572,5
14686207,2022,dry,annotated,0,513096.8077,4813326,0.0862403869628906,0.207561547851563,0.02373269043,87.03617859,9.377195358,135,2.516129032,3600,-0.942260742,0.044091061,0.042510118,5
14360809,2022,shallow_viz,annotated,1,656456.1818,4851884.659,0.0262090911865234,0.0335443176269531,0.01088295593,54.60621643,5.416504383,792,6.6,149400,0.010986328,0.050956938,1,5
14361082,2022,shallow_viz,annotated,1,656546.3468,4851984.581,0.0320959686279297,0.061525,0.04284838867,65.9017868,8.266699791,1116,7.44,149400,0.010986328,0.046849649,0.965437829,5
14360604,2022,dry,annotated,0,656400.0294,4851933.735,0.0771637268066406,0.200086279296875,0.02973626709,98.73189545,23.4155159,342,4.371428571,149400,-0.132995605,0,0.371148467,5
14361613,2022,dry,annotated,0,656717.4886,4851628.091,0.0803295471191406,0.246930688476562,0.04188066406,109.5675507,13.96516418,333,5.5,149400,-0.202819824,0,0.257034659,5
14361685,2022,dry,annotated,0,656733.0246,4851918.516,0.0502262298583984,0.126680322265625,0.03011639404,91.73843384,27.62283897,477,3.267857143,149400,0.009277344,0.044823125,0.74785322,5
14057999,2022,em_veg,annotated,0,657233.8333,4922827.106,0.063951513671875,0.190516162109375,0.1273282837,57.62986374,10.20392323,234,4.5,4500,0.019897461,0.101907969,0.205387205,5
14058186,2022,em_veg,annotated,0,657267.8659,4922909.939,0.05286748046875,0.152656909179687,0.1022276398,53.47993469,7.39773035,297,6.362068966,4500,0.02734375,0.169219837,0.308401108,5
14058637,2022,dry,annotated,0,657330.4545,4922852.5,0.0700606079101563,0.183284851074219,0.1093681763,104.3403015,21.29236221,270,3.666666667,4500,-0.146697998,0.189225599,0.31096682,5
14058139,2022,em_veg,annotated,0,657246.8017,4922783.871,0.0534784484863281,0.153093103027344,0.0951508667,72.73538208,6.076757908,513,6.214285714,11700,0.039855957,0.061302681,0.183820963,5
14058590,2022,terrain,annotated,0,657334.2931,4922802.155,0.068372412109375,0.126365515136719,0.05638621216,72.77205658,55.3343544,261,2.175,11700,0.024932861,0.45029372,0.38916254,5
14059088,2022,em_veg,annotated,0,657443.5213,4922761.532,0.0480872344970703,0.111793615722656,0.06170637817,62.92549515,8.941018105,486,5.875,11700,-0.081939697,0.260992914,0.409090906,5
14059142,2022,dry,annotated,0,657465.6875,4922799.5,0.06445,0.145595837402344,0.0588666687,73.95251465,37.18057632,117,2.666666667,11700,-0.142272949,0.226508617,0.294507593,5
12362384,2022,shallow_viz,annotated,1,630206.2007,4978634.398,0.0462613128662109,0.0924364990234375,0.04697663574,132.054245,5.222840309,1224,7.339285714,17100,0.21496582,0.152197555,0.071665555,5
12495283,2022,em_veg,random_draw,0,666683.6413,4989794.348,0.0488391296386719,0.127123913574219,0.1075260864,97.97257996,6.357572556,207,5.75,900,-0.031433105,0.016149068,0.052795038,5
9016872,2022,dry,annotated,0,680327.2875,5087841.225,0.0828587524414063,0.240342504882813,0.04708999023,174.0900722,58.74706427,252,4.615384615,900,-0.071502686,0,0,5
4035403,2022,em_veg,annotated,0,680361.4231,5126340.09,0.0458632476806641,0.0837521362304687,0.02014615479,28.07908035,139.4592065,1053,7.977272727,8100,0.101013184,0.772304296,0.954933941,3.74358964
4035934,2022,dry,annotated,0,680426.875,5126373.625,0.0693510437011719,0.220088549804688,0.0329708374,131.0913161,75.74328487,540,6.857142857,8100,0.168762207,0.338169634,0.434895843,4.375
3529158,2022,dry,annotated,0,658105.9857,5166518.671,0.0791561889648437,0.162048571777344,0.02979143066,183.1279953,0.829778183,945,5.25,77400,-0.164398193,0,0.004285715,5
3529476,2022,dry,annotated,0,658135.596,5166453.012,0.0746247985839844,0.151039196777344,0.03097840576,182.2200027,1.104954498,657,6.944444444,77400,-0.155975342,0,0.024800001,5
3531401,2022,dry,annotated,0,658376.1735,5166517.837,0.0707479614257813,0.143652038574219,0.05670612793,183.5204345,0.945133662,882,6.391304348,77400,-0.027252197,0,0,5
3517388,2022,dry,annotated,0,656628.4432,5166365.08,0.0976090881347656,0.1736375,0.2014193115,118.2146711,78.29859797,477,5.076923077,77400,-0.569732666,0.056818176,0,5
3518247,2022,dry,annotated,0,656696.378,5166601.72,0.119728454589844,0.221561791992188,0.1027357666,167.4162111,27.63134432,306,7.096153846,77400,-0.806274414,0.008130081,0,5
3518693,2022,dry,annotated,0,656726.35,5166493.35,0.0938466674804688,0.174561669921875,0.2395266602,106.2402705,33.55902276,396,3.6,77400,-0.356079102,0.0561748,0,5
3494061,2022,dry,annotated,0,654593.3491,5166186.821,0.0589613220214844,0.124968872070313,0.1246717041,186.4778946,0.356296979,954,6.625,1070100,-0.381774902,0,0,5
3494797,2022,dry,annotated,0,654687.1019,5166158.869,0.0718281555175781,0.152694177246094,0.09603883057,184.8158269,1.340731887,927,5.517857143,1070100,-0.370117188,0,0,5
3496243,2022,dry,annotated,0,654890.458,5166335.307,0.0753277282714844,0.267493286132812,0.09107897949,164.9542732,87.16251726,801,6.375,1070100,-0.514282227,0,0,5
3449072,2022,dry,annotated,0,645801.3493,5162890.952,0.0736191772460938,0.152231506347656,0.07199041748,135.6091101,13.00718814,135,2.807692308,18000,-0.15032959,0.012333319,0,5
3421487,2022,shallow_viz,annotated,1,637651.0979,5159192.242,0.0376536071777344,0.0980216491699219,0.2091876282,178.5151049,2.338268538,360,5.596153846,3600,0.149078369,0.059718207,0,5
3421420,2022,dry,annotated,0,637619.9727,5159139.791,0.062019091796875,0.343354541015625,0.06822910156,179.8859195,2.285891737,396,6.875,3600,-0.120635986,0,0,5
3421560,2022,terrain,annotated,0,637680.0326,5159139.261,0.0515891296386719,0.2009,0.2084695557,183.4649121,0.739544923,306,6,3600,-0.007843018,0,0,5
3376863,2022,dry,annotated,0,625557.2791,5159822.267,0.066518603515625,0.141534887695313,0.05874417725,145.158106,7.071498296,315,5.16,32400,0.030303955,0.064173713,0,5
3377016,2022,dry,annotated,0,625588.7089,5159704.272,0.0719797485351562,0.163252526855469,0.142785437,148.7022378,12.21674628,1107,7.64516129,32400,0.193237305,0.117435686,0,5
3377910,2022,dry,annotated,0,625752.1053,5159566,0.069674560546875,0.184431579589844,0.1740807007,163.245267,4.176185928,873,5.181818182,32400,-0.196411133,0.118051246,0,5
1996602,2022,co_precise,annotated,1,545315.8125,5128949.143,0.0451580352783203,0.0553232116699219,0.2260839417,146.6908905,108.7321708,1008,7,16200,-0.023193359,0.108637579,0,5
1996655,2022,dry,annotated,0,545316.8571,5129126.857,0.0727321411132812,0.150501196289062,0.04670356445,123.9879673,71.81982336,108,6,16200,-0.561889648,0.018398268,0,5
1944059,2022,dry,annotated,0,536729.2669,5123996.741,0.0691406005859375,0.140448120117187,0.06925187988,68.07769314,13.74910875,945,7.125,7200,-0.213348389,0.041514214,0,5
1943153,2022,dry,annotated,0,536585.9681,5123737.5,0.070285107421875,0.144446813964844,0.07868084717,155.9922938,74.40302931,252,2.82,6300,-0.172363281,0.019217569,0,5
1943070,2022,shallow_viz,annotated,1,536584.1429,5122878.524,0.0582087280273437,0.104410314941406,0.0587444458,40.97878747,52.05992387,693,7,15300,-0.330596924,0.055788983,0,5
1943786,2022,terrain,annotated,0,536676.4186,5122852.779,0.0785825561523437,0.114073254394531,0.1303814087,148.3592182,238.4432349,126,4.961538462,15300,0.172332764,0.28199473,0,5
1944275,2022,dry,annotated,0,536765.7329,5122498.829,0.0529301391601563,0.133546569824219,0.2170178101,184.2621424,3.403907823,360,4.38,5400,-0.251831055,0.036073059,0,5
1944506,2022,dry,annotated,0,536790.3,5122411.731,0.0883415405273437,0.20604306640625,0.1426569336,180.6589067,3.053014243,180,4.0625,5400,-0.5440979,0.02120761,0,5
1944213,2022,dry,annotated,0,536755.939,5120991.915,0.0769756103515625,0.174012194824219,0.05240487061,120.512674,107.8165221,252,3.416666667,8100,-0.222839355,0.029097371,0,5
1944436,2022,dry,annotated,0,536785.8611,5119873.694,0.07695,0.150031481933594,0.0182722168,116.660797,52.18210046,450,3.857142857,10800,-0.209991455,0.032937832,0.037654322,5
4967454,2022,dry,annotated,0,536939.2013,5119638.799,0.0724415588378906,0.146385717773438,0.02565843506,143.0597766,50.21905638,351,3.85,15300,-0.18963623,0.052328907,0,5
4964902,2022,dry,annotated,0,536519.7857,5119538.786,0.0862702392578125,0.173598803710937,0.06080715332,170.6652929,63.96617033,171,3.5,13500,-0.392242432,0.017857144,0.037301589,5
1943264,2022,dry,annotated,0,536607.125,5120563.083,0.0747805541992188,0.154966662597656,0.08912501221,150.2915109,82.93236095,396,3.375,2700,-0.142211914,0.016762452,0,5
4966436,2022,dry,annotated,0,536759.984,5116332.622,0.0671287231445312,0.264112231445312,0.08718032227,157.0731235,28.67176273,702,7.621621622,42300,-0.180786133,0.017045828,0,5
4967132,2022,glint,annotated,0,536885.6447,5116330.539,0.185344738769531,0.30414736328125,0.0631434082,180.6029772,5.771703413,684,5.181818182,42300,-0.078308105,0.231275305,0,5
4966437,2022,glint,annotated,0,536738.8448,5116147.914,0.0838431030273438,0.166653442382812,0.2175413757,176.5664602,20.76680379,414,4.578947368,1800,0.023101807,0.136741981,0,5
11042534,2022,shallow_viz,annotated,1,564844.1087,5010214.057,0.0434826080322266,0.0958278259277344,0.1466721741,128.5816956,6.553107262,1035,6.9,45900,8.54e-4,0,0,5
11043503,2022,shallow_viz,annotated,1,564966.2478,5010176.622,0.0415634796142578,0.0834295654296875,0.1328512939,104.437851,12.98469353,1035,6.634615385,45900,-0.010650635,0.016425122,0,5
11042229,2022,dry,annotated,0,564793.2308,5010242.231,0.0624628234863281,0.137544873046875,0.115805127,110.8012085,8.16455555,279,4.875,45900,-0.050140381,0,0,5
11042715,2022,dry,annotated,0,564870.2184,5010264.015,0.0547339782714844,0.123313586425781,0.1186961304,106.3181229,8.978240013,333,5.942307692,45900,-0.026031494,0,0,5
11043937,2022,dry,annotated,0,565019.3427,5010180.185,0.0582730346679688,0.118837072753906,0.08895169678,104.3868713,15.10125637,180,6.068181818,45900,-0.061157227,0,0,5
11035985,2022,dry,annotated,0,564099.5,5010236.093,0.0642617309570312,0.150275305175781,0.05864937744,113.3286057,5.943145275,207,4.86,54900,-0.149200439,0.013874193,0,5
11036211,2022,dry,annotated,0,564124.8173,5010077.971,0.0527509643554687,0.124340380859375,0.1179932617,106.7774124,10.77812576,603,6,54900,-0.217803955,0,0,5
11036526,2022,dry,annotated,0,564152.6818,5010148.227,0.0502858581542969,0.111911108398438,0.1331484863,114.2961731,4.943076611,702,5.94,54900,-0.164794922,0,0,5
10521252,2022,dry,annotated,0,546122.4706,5010088.588,0.0813333312988281,0.177418627929687,0.04233724365,151.7987061,1.292599678,702,6.375,19800,-0.199279785,0.00752394,0,5
10520281,2022,dry,annotated,0,545751.3077,5010237.154,0.0785474365234375,0.185307690429688,0.02027692871,76.47975922,14.67177677,135,4.5,31500,-0.180603027,0.009364549,0,5
10520522,2022,dry,annotated,0,545855.8333,5010185.167,0.0827462951660156,0.193853698730469,0.003937036133,117.5456238,40.83248901,180,2.382352941,31500,-0.195159912,0.016149871,0,5
10467972,2022,dry,annotated,0,531455.1475,5009600.191,0.0852805725097656,0.26943525390625,0.2107913757,72.76042938,4.784489155,1251,6.95,279000,-0.081817627,0.028571431,0,5
10468178,2022,dry,annotated,0,531499.9722,5009370.028,0.0925444458007812,0.293456469726562,0.1765786987,98.2379837,13.00907707,504,6.48,279000,-0.159973145,0.068511918,0,5
10420347,2022,dry,annotated,0,519947.1818,5015357.682,0.0731136352539063,0.243036352539063,0.06586970215,113.9196167,12.09754658,495,3.3,14400,-0.107025146,0,0,5
10420562,2022,dry,annotated,0,519980.9651,5015291.128,0.0835139526367187,0.192427905273438,0.07844882813,135.8693848,8.285879135,108,2.58,14400,-0.132537842,0,0,5
10389904,2022,shallow_viz,annotated,1,515262.4556,5019541.211,0.0439533325195312,0.0831748168945313,0.1805977661,128.3307953,6.951423645,1215,8.1,8100,-0.004943848,0.082751326,0,5
10382782,2022,dry,annotated,0,513696.5426,5019858.862,0.0665574462890625,0.188436169433594,0.1028808472,106.6878204,24.2621212,189,2.711538462,18000,-0.120056152,0.014462202,0,5
10363158,2022,dry,annotated,0,509072.2579,5019635.005,0.0695178955078125,0.224123168945313,0.1373168457,103.9618759,28.32331085,360,5.7,15300,-0.37487793,0.012383902,0,5
10363329,2022,dry,annotated,0,509108.4796,5019594.49,0.0581785705566406,0.273789794921875,0.1337918457,97.01187134,50.69295502,207,5.444444444,15300,-0.28894043,0.03555968,0,5
10343777,2022,em_veg,annotated,0,505128.0161,5019628.403,0.0523193542480469,0.117926879882813,0.1347376465,122.0487823,13.42621708,414,4.810344828,89100,-0.301147461,0.023053246,0,5
10344105,2022,dry,annotated,0,505202.8274,5019680.456,0.0723238952636719,0.159250439453125,0.1360787598,100.3177643,3.3293414119999998,1017,6.78,89100,-0.081359863,0.242050648,0,5
10344112,2022,dry,annotated,0,505199.1706,5019293.594,0.07672470703125,0.1688505859375,0.09121293945,107.754631,16.31172371,396,6.071428571,89100,0.036132813,0.379084975,0,5
10344125,2022,em_veg,annotated,0,505214.0339,5019714.331,0.0480271179199219,0.11357373046875,0.1443,116.0485001,15.14118099,711,5.363636364,89100,-0.27935791,0.084745765,0,5
10344409,2022,dry,annotated,0,505248.9286,5019568.036,0.0585702392578125,0.12501904296875,0.1044488037,103.3165817,12.87997723,756,5.47826087,89100,-0.161529541,0.024860943,0,5
10344579,2022,em_veg,annotated,0,505298.2083,5019737.542,0.0534263916015625,0.12175,0.1418833252,110.9471893,13.82130814,477,4.5,89100,-0.383331299,0,0,5
10338431,2022,dry,annotated,0,504059.0745,5019706.755,0.0728574462890625,0.151695739746094,0.07652767334,126.7870255,4.622298241,216,3.204545455,15300,-0.170013428,0.009973404,0,5
10375137,2022,shallow_viz,annotated,1,512050.7935,5019683.413,0.0424423919677734,0.111226086425781,0.1533271851,98.28874207,12.62730217,720,6,10800,-0.013214111,0.006884058,0,5
10375269,2022,shallow_viz,annotated,1,512102.0739,5019718.396,0.041859130859375,0.1066365234375,0.2079704346,116.0185852,16.53666306,1035,6.388888889,10800,0.170562744,0.030751292,0,5
10375136,2022,dry,annotated,0,512054.6653,5019774.88,0.0520818176269531,0.154674377441406,0.1358347046,92.25099182,11.20783997,666,6.980769231,10800,-0.046783447,0.023022432,0,5
10375371,2022,dry,annotated,0,512135.2556,5019774.789,0.06630888671875,0.199431115722656,0.07547183838,94.27143097,19.72334862,252,5.625,10800,-0.300201416,0.014560063,0,5
10375385,2022,dry,annotated,0,512134.5,5019698.022,0.0644076110839844,0.186055432128906,0.09406087646,99.2438736,28.71496391,621,4.058823529,10800,-0.164031982,0.016721303,0,5
10304657,2022,dry,annotated,0,495846.5,5016601.397,0.0674310363769531,0.193051721191406,0.064788513180000007,88.23439026,25.07971001,171,5.019230769,12600,-0.347869873,0.061420932,0,5
10304728,2022,dry,annotated,0,495854.3936,5016508.947,0.0753553161621094,0.141657446289062,0.03077340088,119.8734818,3.803513288,405,6.409090909,12600,-0.240570068,0.08662615,0,5
10271014,2022,dry,annotated,0,488982.6389,5016560.861,0.0742231506347656,0.13952685546875,0.1321064697,124.0217896,20.33876038,747,6,1800,-0.106811523,0.059979837,0,5
10248562,2022,dry,annotated,0,484537.7581,5014796.339,0.0644666687011719,0.13959677734375,0.1093483887,127.1850967,6.542240143,288,5.8125,6300,-0.729217529,0.115913972,0,4.967741966
10249102,2022,co_precise,annotated,1,484601.925,5014817.8,0.05395416870117187,0.09492166748046876,0.09899832764,147.8480072,1.438802123,1080,7.2,6300,0.063201904,0.376923084,0,4.108333111
10249545,2022,co_precise,annotated,1,484653.7441,5014286.374,0.0614299194335938,0.103008666992187,0.1295566956,139.379364,6.202987671,1143,7.326923077,13500,0.183227539,0.283241451,0,5
10249789,2022,dry,annotated,0,484671.0517,5014422.672,0.072327587890625,0.185682763671875,0.08845516357,124.0432663,15.15135384,180,2.416666667,13500,-0.335632324,0.135172412,0,5
10249103,2022,co_precise,annotated,1,484602.813,5014043.599,0.0541870239257813,0.0867091613769531,0.1210473328,147.3449707,1.99222827,1098,7.017857143,5400,0.084564209,0.278269738,0,5
10253060,2022,deep_water,random_draw,0,485145.6122,5009782.929,0.0540551025390625,0.101571429443359,0.02180204468,46.34524918,27.17580414,882,6.391304348,292500,0.002990723,1,0.916666687,3.275510311
10253081,2022,deep_water,random_draw,0,485157.6176,5009933.353,0.0568294128417969,0.10552451171875,0.02291862793,44.91376495,22.73590279,792,6.652173913,292500,0.004394531,0.431372553,0.536953211,3.352941275
10253257,2022,deep_water,random_draw,0,485197.0794,5010052.668,0.0606411193847656,0.126727099609375,0.03420280151,39.42520905,26.57449341,738,5.35,292500,0.005706787,0.540554047,0.584420264,4.028037548
10253258,2022,deep_water,random_draw,0,485197.8882,5009682.3,0.0618094116210937,0.1003505859375,0.02279411621,42.17246628,55.84424591,765,4.722222222,292500,0.006744385,0.792156875,0.978431344,4
10253820,2022,deep_water,random_draw,0,485291.5345,5009726.509,0.0531732788085938,0.0806698303222656,0.03576465759,31.49933434,0.611519456,1044,6.96,292500,0.007598877,1,1,1.465517282
10254039,2022,deep_water,random_draw,0,485318.7447,5009966.138,0.0531489379882812,0.0812510620117187,0.0376212738,33.57024765,0.85458684,846,7.05,292500,0.007598877,1,1,2
10254188,2022,deep_water,random_draw,0,485348.5515,5009874.851,0.052263916015625,0.0800814453125,0.03585670166,31.63925743,0.687838733,873,6.613636364,292500,0.007598877,1,1,1.835051537
10254565,2022,deep_water,random_draw,0,485414.9348,5010056.413,0.0503495666503906,0.111280004882813,0.03796435547,32.36944962,3.494720459,639,6.388888889,292500,0.007598877,0.617391288,0.617391288,3.713043451
10254869,2022,deep_water,random_draw,0,485444.8889,5009906.528,0.05845,0.100019445800781,0.03363703613,34.29494858,10.56611919,972,7.363636364,292500,0.007598877,1,1,2.972222328
10254873,2022,deep_water,random_draw,0,485442.2478,5009723.126,0.0582695678710937,0.1106634765625,0.04343130493,34.47677994,8.610831261,1035,6.9,292500,0.007598877,1,1,2.939130545
10564737,2022,shallow_viz,annotated,1,493365.9107,4971231.509,0.0647526794433594,0.0968955383300781,0.1569571472,145.4096832,2.382057428,882,7,3600,0.118011475,0.114839464,0.061309528,5
10795747,2022,shallow_viz,annotated,1,493475.3049,4967892.768,0.0535943115234375,0.0925886169433594,0.1483146301,157.4164276,0.398651749,306,7.096153846,1800,-0.04284668,0.080894314,0,5
10794715,2022,co_precise,annotated,1,492966.3418,4950795.456,0.0565816467285156,0.112678479003906,0.08713544922,126.4987793,5.989001274,1278,7.9,5400,-0.015899658,0.129147097,0,5
10794681,2022,dry,annotated,0,492930.6212,4950791.379,0.0734828308105469,0.177682824707031,0.1004262573,112.6696472,16.7808094,378,3.7125,5400,-0.295623779,0.087121211,0,5
10794361,2022,dry,annotated,0,492825.6692,4950535.454,0.0580230773925781,0.120169226074219,0.137267688,145.1135559,9.603798866,108,3.14516129,15300,-0.162750244,0.099000759,0,5
10794431,2022,dry,annotated,0,492843.54,4950647.52,0.0581099975585938,0.131181994628906,0.1161020142,143.5440979,3.566454411,234,2.586206897,15300,-0.170135498,0.249848485,0,4.9600000380000004
14678969,2022,em_veg,random_draw,0,499604.1575,4811473.541,0.0964191772460938,0.23890546875,0.04158425293,87.8287735,26.53695869,153,6.083333333,900,-0.043273926,0.111872144,7.21e-4,5
14806629,2022,shallow_viz,annotated,1,550115.0192,4793633.625,0.0294076934814453,0.0677625,0.2082605652,45.72302628,43.91050339,936,6.782608696,69300,3.05e-5,0.118006073,1,5
14806726,2022,hugo_precise,annotated,1,550205.7424,4793576.045,0.0312242431640625,0.0669909118652344,0.1779363617,43.01485443,31.70191574,891,6.456521739,69300,6.1e-5,0.143274859,1,5
14806588,2022,dry,annotated,0,550080.6,4793483.571,0.0549714294433594,0.14181142578125,0.1960628662,56.73054886,23.53569221,378,4.038461538,69300,3.05e-5,0.068402447,0.693358421,5
14806925,2022,dry,annotated,0,550381.9918,4793603.139,0.047888525390625,0.152762292480469,0.1732049072,33.73127365,6.26116991,225,3.66,69300,3.05e-5,0.056901686,0.565573752,5
14715330,2022,co_precise,annotated,1,538745.9758,4798976.419,0.0337475799560547,0.0744725830078125,0.1742435577,34.97951889,22.01576042,1116,7.153846154,33300,0,0.234095454,0.991086543,5
14715527,2022,shallow_viz,annotated,1,538809.2383,4799065.893,0.033659814453125,0.0863915893554688,0.2026953156,38.63774872,11.78415012,918,6.97826087,33300,0,0.202028707,0.969175279,5
14715170,2022,dry,annotated,0,538689.5233,4799072.93,0.0651662780761719,0.330769775390625,0.2361279114,87.59600067,9.433675766,207,5.608695652,33300,-2.14e-4,0.017441861,0.175030589,5
14715285,2022,dry,annotated,0,538741.736,4799064.725,0.0549224731445312,0.202565173339844,0.2289471985,33.89522171,11.08722305,621,5.34,33300,0,0.110473081,0.764636338,5
14715593,2022,dry,annotated,0,538829.4398,4799092.211,0.0507698791503906,0.184602404785156,0.2417180725,33.79281616,10.90602016,675,4.98,33300,0,0.140562251,0.87761575,5
14671605,2022,terrain,annotated,0,542442,4825656.111,0.0464157409667969,0.119505554199219,0.04233148193,95.67723083,6.162401676,531,5.586206897,9000,-0.002349854,0.141505629,0,5
14671635,2022,dry,annotated,0,542463.4895,4825751.289,0.0761210510253906,0.34779052734375,0.1127421143,93.56803131,3.642684698,243,5.277777778,9000,-0.164733887,0.050103791,0,5
14780136,2022,deep_water,random_draw,0,585183.6,4822111.555,0.104625451660156,0.0974745483398438,0.03924909668,20.90706253,0.503378093,873,6.346153846,251100,0.071502686,0.886704385,0.968484819,2.154545546
14780203,2022,deep_water,random_draw,0,585242.3077,4822021.904,0.110026928710937,0.187794226074219,0.02546538086,37.57283783,25.75293159,108,3.545454545,251100,-0.654815674,0.45294258,0.915865362,3.730769157
14780247,2022,deep_water,random_draw,0,585274.0882,4822120.971,0.102777453613281,0.0810676452636719,0.03970588074,19.71270752,0.303253502,918,6.954545455,251100,0.071502686,1,1,1
14780301,2022,deep_water,random_draw,0,585330.8077,4821962.538,0.104364428710937,0.124309619140625,0.0312750061,27.69190598,20.07033539,792,6.5,251100,0.029876709,0.816016912,0.846153855,2.25
14780317,2022,deep_water,random_draw,0,585360.8762,4822059.817,0.104981188964844,0.0826564331054687,0.03989405823,20.88201904,0.512226462,909,6.3125,251100,0.071502686,0.986190736,1,1
14780352,2022,deep_water,random_draw,0,585443.3125,4821955.781,0.107391662597656,0.125470837402344,0.0364395874,34.41837692,19.4571991,216,4.64516129,251100,0.012939453,0.783067822,0.883771896,3.375
14363819,2022,dry,annotated,0,657229.8,4851343.714,0.0525971435546875,0.145232861328125,0.07592714844,94.28864288,4.771059513,513,4.565217391,17100,-0.038879395,0,0,5
14368092,2022,em_veg,random_draw,0,658228.5,4860022.024,0.070998779296875,0.20674267578125,0.06356586914,93.67327118,8.854636192,198,4.730769231,9000,-0.075592041,0,0,5
14368540,2022,em_veg,random_draw,0,658341,4860016.788,0.0678980773925781,0.185969226074219,0.07626346436,88.61901093,19.98972321,405,3.391304348,9000,0.037322998,0,0,5
14377837,2022,dry,annotated,0,661106.9286,4865118.071,0.0695920654296875,0.352810327148438,0.08644763184,89.35871124,5.813710213,396,7.269230769,7200,-0.530914307,0,0.044091709,5
14387862,2022,dry,annotated,0,664469.26,4869016.3,0.07676533203125,0.185394665527344,0.02535333252,86.92403412,13.05816555,279,3.75,3600,-0.13104248,0.079365075,0.045925926,5
14387871,2022,em_veg,annotated,0,664487.2333,4868966.367,0.0493922210693359,0.124553332519531,0.03501444092,74.51951599,15.86747742,234,4.5,3600,0.00201416,0.057777777,0.046913579,4.999999523
9529061,2022,deep_water,random_draw,0,694461.0664,5039942.535,0.0609663696289063,0.21452919921875,0.02456193848,112.8620605,53.34322357,135,6.053571429,282600,-4.238006592,0.180251524,0.132743359,4.867256641
9529576,2022,deep_water,random_draw,0,694547.4527,5040120.486,0.0503452697753906,0.134845275878906,0.02744257813,113.8495407,78.71120453,621,7.655172414,282600,-2.805267334,0.487553328,0.531756759,4.033783913
9529689,2022,deep_water,random_draw,0,694551.6714,5040004.7,0.0486104766845703,0.0356857147216797,0.0208323822,10.97223759,0.95621866,945,6.847826087,282600,0.419586182,1,1,1
9530030,2022,deep_water,random_draw,0,694609.9904,5040303.462,0.0570490356445313,0.0393317321777344,0.02586634521,11.237611770000001,1.044766903,936,6.24,282600,0.5262146,1,1,1.615384579
9530253,2022,deep_water,random_draw,0,694641.2596,5040213.981,0.0586019226074219,0.043534616088867203,0.01200961304,12.45319271,2.786015511,936,6.5,282600,0.447479248,1,1,1.557692289
9530320,2022,deep_water,random_draw,0,694641.8333,5040065.015,0.0555393920898438,0.0379818176269531,0.009751513672,10.92389584,0.88912183,891,6.1875,282600,0.321411133,1,1,1
9530445,2022,deep_water,random_draw,0,694670.6518,5039936.33,0.0589151794433594,0.0536723205566406,0.02379374695,12.25076294,4.367877007,1008,7,282600,0.180450439,1,1,2.821428537
9531215,2022,deep_water,random_draw,0,694787.3289,5039998.934,0.0607776306152344,0.0827171081542969,0.00651447143599999,64.67959595,44.44862747,684,4.956521739,282600,-1.53326416,0.971606612,0.946052611,3.539473772
9454870,2022,deep_water,random_draw,0,682247.4569,5051251.241,0.0341,0.0418637939453125,0.01082758789,11.40604305,2.673101664,1044,6.96,90900,0.025054932,0.956521749,1,1
9455143,2022,deep_water,random_draw,0,682279.217,5051348.972,0.0310339630126953,0.0535613220214844,0.03463490601,40.96802521,26.17896652,900,6.625,90900,0.015899658,0.845518887,0.562893093,2.886792421
9455473,2022,deep_water,random_draw,0,682343.0263,5051163,0.0429324554443359,0.0656342102050781,0.02774824219,28.73532677,16.81477928,405,6.576923077,90900,0.024200439,0.795219243,0.63011694,2.605263233
9455672,2022,deep_water,random_draw,0,682373.2706,5051315.463,0.0327550445556641,0.0551210998535156,0.04595504761,45.02297974,45.48756409,981,5.839285714,90900,-0.010284424,0.726391494,0.504587173,3.284403563
9456191,2022,deep_water,random_draw,0,682433.4851,5051193.201,0.0588985046386719,0.140929846191406,0.08145970459,96.28343964,54.23922729,324,4.568181818,90900,-0.077026367,0.607761204,0.099502496,4.134328365
9456347,2022,deep_water,random_draw,0,682464.1957,5051312.57,0.026477392578125,0.0332608703613281,0.001477392578,9.689078331,1.529616356,1035,7.840909091,90900,0.026092529,1,0.833333254,1
9456737,2022,deep_water,random_draw,0,682546.0922,5051405.985,0.0537427185058594,0.138723303222656,0.09697669678,105.2938538,54.49097443,378,4.983870968,90900,-0.044555664,0.167299852,0.043689322,4.912621498
9457091,2022,deep_water,random_draw,0,682610.9118,5051248.676,0.0543141174316406,0.132588232421875,0.06138470459,85.49629211,40.20572281,198,4.553571429,90900,0.008758545,0.242788494,0.162745088,4.741176605
3473503,2022,dry,annotated,0,650653.2662,5167238.474,0.0635597412109375,0.147427270507813,0.06842468262,167.3099646,15.94318034,693,4.62,535500,0.192932129,0,0,5
3473925,2022,dry,annotated,0,650712.5577,5166337.058,0.0678717956542969,0.140140380859375,0.03450577393,155.3653345,81.64747283,1098,6.5,535500,-0.400756836,0,0,5
3474288,2022,dry,annotated,0,650761.0962,5166662.163,0.0610884643554687,0.121591345214844,0.0212855835,185.5442314,0.486875755,936,6.5,535500,-0.142913818,0,0,5
3467110,2022,dry,annotated,0,649850.066,5166939.226,0.0688094360351563,0.146568872070312,0.006491503906,166.7275409,66.12520862,954,6.625,1287900,-0.050842285,0.003949101,0,5
3472161,2022,dry,annotated,0,650456.9587,5167086.096,0.0633990844726563,0.12870458984375,0.02366879883,147.9446515,266.3132453,810,7.108695652,1287900,-0.036651611,0,0,5
3434397,2022,dry,annotated,0,642357.6923,5162531.923,0.0535141052246094,0.119335900878906,0.02058588867,158.8686221,41.15734705,279,5.086956522,15300,-0.22177124,0.027235767,0,5
3434398,2022,dry,annotated,0,642359.3966,5162434.879,0.061942529296875,0.143864367675781,0.013518396,186.5335074,2.470113586,189,5.673913043,15300,-0.351745605,0,0,5
3434881,2022,dry,annotated,0,642487.2766,5162496.894,0.068,0.140596813964844,0.008623400879,178.4893937,3.90883715,180,5.875,15300,-0.437805176,0.009073989,0,5
3368018,2022,dry,annotated,0,623429.597,5160781.881,0.0817089538574219,0.165835070800781,0.05642687988,178.9581538,2.779737544,252,7.444444444,80100,-0.17376709,0.015478164,0,5
3368495,2022,dry,annotated,0,623543.8412,5160731.524,0.072211767578125,0.147652941894531,0.05787999268,171.0691555,12.38658644,144,5.3125,80100,-0.168395996,0.014479638,0,5
3368813,2022,dry,annotated,0,623635.0645,5160642.629,0.0663241943359375,0.133461291503906,0.08902095947,173.3157414,9.932345999,117,3.206896552,80100,-0.087738037,0.016611047,0,5
2139511,2022,hugo_precise,annotated,1,566462.2714,5199516.786,0.0504819061279297,0.108360949707031,0.06689523926,141.1240929,9.012593528,540,7.159090909,100800,0.383758545,0.024242423,0,5
2140523,2022,shallow_viz,annotated,1,566673.1531,5199692.816,0.0518989807128906,0.106007141113281,0.07279387817,152.2680584,53.57677289,882,6.681818182,100800,0.355041504,0.077230088,0,5
2139091,2022,dry,annotated,0,566373.1471,5199896.971,0.118337255859375,0.228765698242188,0.05836766357,172.0117814,0.522446786,792,4.935483871,100800,-3.053833008,0,0,5
2139096,2022,dry,annotated,0,566370.2739,5199959.465,0.105653918457031,0.21628173828125,0.055496521,170.1940818,1.052872547,792,6.634615385,100800,-3.716003418,0,0,5
2139268,2022,dry,annotated,0,566406.4219,5199687.211,0.09836640625,0.19943671875,0.0419171875,172.4345884,0.317183216,792,6.620689655,100800,-0.785797119,0,0,5
2138600,2022,hugo_precise,annotated,1,566253.1957,5198192.446,0.0552282592773437,0.0827336975097656,0.09430977783,117.7068158,7.213488148,828,6.272727273,33300,0.129730225,0.209718674,0,5
2138710,2022,shallow_viz,annotated,1,566283.9836,5198289.811,0.0508778686523437,0.0932721313476562,0.07334016724,121.1270653,2.366177757,1098,7.32,33300,-0.016601563,0.188524589,0,5
2138968,2022,dry,annotated,0,566345.6591,5198354.83,0.0655784118652344,0.176431823730469,0.07657386475,183.0271557,22.62486538,567,5.076923077,33300,-0.226470947,0.025826447,0,5
22306631,2023,co_precise,annotated,1,609426.2692,4806033.936,0.0494076934814453,0.0451529907226563,0.007320510864,11.86009312,0.255379498,1053,7.02,287100,0.004852295,0.753846169,1,4.230769157
22305914,2023,dry,annotated,0,609119.5179,4805954.571,0.0990571411132812,0.209483935546875,0.164130365,18.33951187,7.613441944,261,2.709677419,287100,0.004852295,0.399801582,0.748958349,4.946428776
22306324,2023,deep_viz,annotated,0,609300.1364,4805907.136,0.0452040405273438,0.0291050506591797,0.01051616211,11.93167973,0.200428143,891,7.425,287100,0.004852295,1,1,1
22306570,2023,deep_viz,annotated,0,609393.3396,4805969.066,0.0450283020019531,0.0294933959960938,0.012728302,11.9268055,0.148377255,954,7.571428571,287100,0.004852295,1,1,1
22306571,2023,deep_viz,annotated,0,609393,4805877,0.0447720001220703,0.0287820007324219,0.01277999878,11.93201923,0.14496094,900,7.5,287100,0.004852295,1,1,1
22306586,2023,dry,annotated,0,609403.4368,4806089.668,0.0740178955078125,0.136124206542969,0.0927673645,13.69978905,1.867704988,855,4.913793103,287100,0.004882813,0.056578949,0.873684227,5
22306775,2023,dry,annotated,0,609499.5,4806015.291,0.124917907714844,0.195797009277344,0.1526701447,31.15587044,11.24957275,135,2.716216216,287100,0.004852295,0.079284944,0.071182549,5
22296029,2023,co_precise,annotated,1,603726.473,4812060.716,0.0683567565917969,0.113018017578125,0.03463693848,9.247882843,1.14264822,684,5.946428571,18000,0,0.58032465,0.631293058,4.891891956
22624815,2023,shallow_viz,annotated,1,619016.7893,4810912.798,0.0451842987060547,0.0981363647460938,0.06398016663,21.962276459999998,2.269416571,1089,7.26,37800,0.010437012,0,0.309641898,5
22624877,2023,co_precise,annotated,1,619047.8438,4811011.477,0.04651015625,0.098859375,0.06453125,23.34974289,1.446614623,1152,8,37800,0.010437012,0,0.234090909,5
22624752,2023,dry,annotated,0,618987.8784,4810980.554,0.0664909912109375,0.145186486816406,0.1067180176,33.23693085,2.88181901,792,5.946428571,37800,0.010437012,0,0.15015015,5
22624798,2023,dry,annotated,0,619015.9385,4811043.438,0.06604384765625,0.140716149902344,0.1023207642,14.17424774,0.12736091,1170,6.09375,37800,0.010437012,0,0.146538466,5
22625195,2023,dry,annotated,0,619172.6282,4810916.654,0.102142736816406,0.26890341796875,0.1184606812,77.94387054,27.69982338,648,5.484375,37800,-0.352416992,0,0,5
21579250,2023,dry,annotated,0,732697.0152,4886590.712,0.133307067871094,0.272225244140625,0.007881811523,71.96747589,40.79214096,558,4.013513514,181800,-1.786621094,0,0.001496446,5
21579407,2023,dry,annotated,0,732720.5,4886873.1,0.130180004882813,0.256662670898437,0.01889733887,75.1651001,53.33168793,432,5.769230769,181800,-1.78125,0.253843188,0.244216517,4.653333187
21579686,2023,deep_viz,annotated,0,732770.0455,4886756.318,0.0663693176269531,0.0396079559326172,0.01790227356,10.33172894,5.94592905,792,5.739130435,181800,0.03918457,1,1,1
21580075,2023,dry,annotated,0,732863.8701,4886961.579,0.13056220703125,0.258354321289062,0.008007080078,74.47798157,41.66168594,297,5.772727273,181800,-1.941223145,0.097440951,0.197975263,4.740157604
21580359,2023,deep_viz,annotated,0,732918.1364,4886846.864,0.06539697265625,0.0365636352539062,0.01925959473,11.71129608,7.380143642,891,7.425,181800,0.03918457,1,1,1
21581001,2023,deep_viz,annotated,0,733040.5825,4886817.325,0.0658567016601563,0.0362195861816406,0.02220618896,14.25246525,7.695676804,873,7.275,181800,0.03918457,1,1,1
17975949,2023,hugo_precise,annotated,1,728961.8333,4964980.111,0.0335518524169922,0.0703648132324219,0.2084509338,120.5696793,14.71091557,972,5.785714286,558900,0.005432129,0,0,5
17975888,2023,dry,annotated,0,728952.4756,4964951.451,0.05740244140625,0.128230493164062,0.1805841309,134.2807312,7.44026947,738,5.590909091,558900,-0.051757813,0,0,5
17976617,2023,dry,annotated,0,729081.2182,4964946.3,0.0436963623046875,0.1050263671875,0.2195800049,132.0687256,7.761322021,990,6.346153846,558900,-0.171295166,0.223244146,0,5
17979376,2023,glint,annotated,0,729448.74,4964738.25,0.137041003417969,0.268496997070312,0.1386169922,99.31902313,25.61455345,900,4.545454545,558900,0.069915771,3.23e-4,0,5.000000477
17980993,2023,glint,annotated,0,729598.0278,4964985.278,0.178104626464844,0.300762963867187,0.0364166748,134.3983765,2.934432507,423,4.909090909,558900,-4.26953125,0,0,5
17982621,2023,dry,annotated,0,729800.5549,4964549.654,0.121153845214844,0.240185717773438,0.04411647949,139.6646576,7.935187817,819,5.25,558900,0.112792969,0.036424771,0,3.538461447
17893997,2023,shallow_viz,annotated,1,699321.7162,4958622.284,0.0504234222412109,0.132418017578125,0.1232261108,139.4233398,1.044839978,999,6.9375,25200,0.246795654,0,0,5
17894366,2023,hugo_precise,annotated,1,699420.587,4958708.717,0.0549021728515625,0.13933623046875,0.1146427612,139.672226,5.210926056,603,7.961538462,25200,0.203674316,0,0,5
17893721,2023,dry,annotated,0,699236.6949,4958649.839,0.10852880859375,0.22903388671875,0.05817965088,136.9176331,1.559881687,423,7.08,25200,-1.084411621,0,0,5
17894161,2023,dry,annotated,0,699372.4904,4958736.058,0.0913423095703125,0.204335571289062,0.07308172607,141.8609772,1.726843953,819,5.777777778,25200,-0.16696167,0,0,5
17894174,2023,dry,annotated,0,699381.1187,4958799.701,0.0875942443847656,0.200574096679688,0.1048705078,136.4151611,1.476806521,1251,7.446428571,25200,-0.24005127,0,0,5
20872221,2023,hugo_precise,annotated,1,673042.7596,4909291.731,0.0618326904296875,0.166656726074219,0.2116192261,80.77994537,1.937502384,342,5.777777778,13500,0.033477783,0,0,5
20870921,2023,dry,annotated,0,672897.24,4909187.73,0.0746039978027344,0.205548999023438,0.1415360107,87.70592499,2.100639105,378,6.52173913,13500,0.108703613,0.029444445,0,5.000000477
20871442,2023,dry,annotated,0,672951.0455,4909221.682,0.0787666687011719,0.214775756835937,0.1913348389,92.55280304,3.64902091,459,3.807692308,13500,0.002593994,0,0,5
20872306,2023,dry,annotated,0,673043.9674,4909251.065,0.0903891296386719,0.233068481445313,0.22989021,81.84732056,2.63175559,495,5.75,13500,-0.186035156,0,0,5
19770075,2023,co_precise,annotated,1,621726.9,4915501.814,0.0516200012207031,0.100178094482422,0.04208952026,30.43565559,0.487565547,765,5.833333333,246600,0.018066406,0.397261918,0.765079379,4.485714436
19766497,2023,deep_viz,annotated,0,621300.5198,4915410.104,0.0528960388183594,0.0469930694580078,0.01248316956,29.72829628,0.505037069,909,6.886363636,246600,0.188537598,0.927102625,1,1.247524738
19767657,2023,deep_viz,annotated,0,621444.5,4915350.227,0.0537282836914063,0.0430010101318359,0.01861211853,29.93052864,0.449813098,891,6.75,246600,0.270019531,0.923076928,1,2.494949579
19767774,2023,dry,annotated,0,621476.775,4915438.088,0.114073754882813,0.256161254882812,0.1641375061,68.03505707,21.17205429,432,4.444444444,246600,-0.560119629,0,0.453571439,5
19768580,2023,dry,annotated,0,621560.4655,4915078.948,0.130888500976562,0.266867822265625,0.06941495361,93.55008698,25.59245872,288,5.22,246600,-1.806640625,0.002873563,0.131800756,5
19769337,2023,deep_viz,annotated,0,621626.7647,4915320.324,0.0503803924560547,0.0412725494384766,0.01893627625,29.97927284,0.463838309,918,7.285714286,246600,0.149597168,0.944067419,1,2
19769662,2023,dry,annotated,0,621679.3571,4915115.357,0.0740916687011719,0.176996423339844,0.116838092,34.12520981,1.630730987,756,4.666666667,246600,-0.146240234,0,0.463492066,5
15381070,2023,co_precise,annotated,1,568125.4815,4960699.315,0.0418783935546875,0.0881925903320313,0.2129784058,140.2622681,6.44012022,1458,8.1,7200,0.125305176,0,0.076817557,5
15380969,2023,dry,annotated,0,568095.4592,4960663.867,0.0738785705566406,0.165775512695312,0.1295846924,98.97206879,7.523554802,882,4.59375,7200,-0.053375244,0,0,5
15381193,2023,dry,annotated,0,568147.0472,4960660.104,0.0741188659667969,0.181175476074219,0.118009436,100.7774429,6.985364914,171,2.74137931,7200,-0.091705322,0,0.008385744,5
14435022,2023,co_precise,annotated,1,543155.9388,4969919.786,0.0544683654785156,0.130456127929687,0.1944377563,88.73863983,3.006524324,882,5.25,44100,0.255218506,0.041064341,0,5
14434866,2023,em_veg,annotated,0,543128.0036,4969931.354,0.0718233581542969,0.171297814941406,0.1765525635,90.53843689,3.218024015,936,7.339285714,44100,-0.104553223,0.058380466,0,5
14434867,2023,dry,annotated,0,543128.7198,4969769.225,0.104164831542969,0.264689013671875,0.02153625488,102.4805756,15.14386082,315,4.265625,44100,-0.179016113,0.060096152,0,5
14435468,2023,dry,annotated,0,543237.9615,4969894.321,0.121460681152344,0.241046142578125,0.05669145508,94.18344116,4.749408245,450,5.661290323,44100,-0.154663086,0.083628051,0,5
14435493,2023,dry,annotated,0,543238.5,4969850.732,0.080126318359375,0.174668420410156,0.1453252563,87.54488373,5.417291164,792,5.089285714,44100,-0.08883667,0.039313138,0,4.957894802
14385232,2023,co_precise,annotated,1,532535.025,4968014.55,0.0594058349609375,0.126629162597656,0.1642058472,138.4157867,12.28994942,1080,6,8100,0.149810791,0.003809524,0,5
14384976,2023,dry,annotated,0,532483.3676,4968027.176,0.12932353515625,0.241457348632813,0.04996911621,99.04537201,12.06301785,306,3.517241379,8100,-0.095092773,0,0,5
14385148,2023,dry,annotated,0,532512.5562,4967986.365,0.0880044921875,0.179213488769531,0.1129258423,120.013092,18.57746506,774,3.708333333,8100,0.080993652,0,0,5
14385161,2023,dry,annotated,0,532524.771,4968040.304,0.0797831787109375,0.157323364257812,0.1456252441,95.9570694,22.75561714,963,4.863636364,8100,0.066223145,0.033275738,0,5
14313128,2023,hugo_precise,annotated,1,519962.5988,4968070.657,0.0511331390380859,0.102877905273438,0.2110401123,102.5622711,12.41673279,1413,7.371428571,29700,0.705535889,0.096650764,0,5
14312447,2023,dry,annotated,0,519849.4565,4968074.652,0.108796374511719,0.2312,0.03333261719,117.0938568,6.869729519,1125,6.677419355,29700,-0.345581055,0,0,5
14312747,2023,dry,annotated,0,519888.9393,4968000.014,0.0918990661621094,0.193169152832031,0.09185422363,121.3441849,24.42355156,540,4.0125,29700,0.583648682,0.007170054,0,5
14313338,2023,dry,annotated,0,520002.2671,4967953.829,0.0867479431152344,0.181813696289062,0.1029260254,76.89788055,10.57003212,468,3.65,29700,0.569854736,0.034210335,0,5
14312527,2023,shallow_viz,annotated,1,519852.5577,4967651.365,0.0804160278320313,0.128208337402344,0.1647390991,110.0889511,6.148604393,1278,7.3125,5400,0.044891357,0.283530593,0,4.089743614
14312079,2023,dry,annotated,0,519788.8019,4967665.896,0.0974056579589844,0.199150939941406,0.06173773193,130.3088074,9.246314049,144,2.65,5400,-0.158416748,0.081277221,0,4.698113441
14312410,2023,dry,annotated,0,519852.0441,4967616,0.0915691162109375,0.18345146484375,0.08328972168,138.4331665,2.727765322,414,3.1875,5400,-0.09262085,0.136940673,0,4.323529243
13756282,2023,co_precise,annotated,1,513647.1596,4973024.904,0.0606687927246094,0.140624816894531,0.132853186,102.6536179,4.125846386,1206,6.822580645,9000,0.052581787,0.151837528,0,4.156028271
13756448,2023,dry,annotated,0,513662.52,4972964.31,0.111605004882812,0.245036010742188,0.07953999023,102.0574036,4.897669315,540,5,9000,-0.162322998,0.029545456,0,4.949999809
13756705,2023,dry,annotated,0,513674.2373,4973043.483,0.103889831542969,0.224724584960938,0.08907709961,96.44924164,3.668929338,432,4.11627907,9000,-0.144256592,0.022342065,0,4.966101646
13757287,2023,dry,annotated,0,513725.0164,4972972.156,0.118432788085938,0.248200830078125,0.07654589844,102.917717,3.86156249,207,6.1,9000,-0.120239258,0.047317438,0,4.811475277
13745787,2023,hugo_precise,annotated,1,512629.6508,4974621.545,0.0379759765625,0.0712536315917969,0.2683011292,135.8270416,2.067167997,1530,8.136363636,6300,0.187866211,0.706320047,0,2.519553185
13745485,2023,dry,annotated,0,512584.3966,4974643.966,0.108003442382812,0.257437939453125,0.07970170898,100.7952652,8.742603302,315,3.107142857,6300,-0.295166016,0.276819915,0,4.206896782
13745849,2023,dry,annotated,0,512634.6234,4974561.058,0.0893824645996094,0.222884423828125,0.08935842285,88.71786499,28.6912632,873,6.243243243,6300,-0.691955566,0.234798551,0,5
13708620,2023,co_precise,annotated,1,509333.9286,4979600.071,0.0406261901855469,0.0745412719726563,0.2339158813,131.8356781,5.477446556,171,6.75,8100,0.159179688,0,0,5
13709053,2023,dry,annotated,0,509376.3409,4979688.273,0.0897704528808594,0.254995458984375,0.1202977295,91.52658844,3.488307238,252,4.888888889,8100,-0.573577881,0,0,5
13663783,2023,co_precise,annotated,1,505183.7523,4979630.229,0.0624149536132812,0.0842373840332031,0.2268551453,87.06568146,6.109964371,216,5.732142857,91800,0.218109131,0.806408584,0.017253775,3.28971982
13663553,2023,dry,annotated,0,505170.7388,4979723.284,0.11408955078125,0.246196264648437,0.1051320801,92.32019043,7.687664986,729,5.025,91800,0.122009277,0.461265087,0.282338321,4.335820675
13663957,2023,dry,annotated,0,505217.5851,4979831.649,0.187617016601562,0.279019140625,0.0921,95.59477997,12.68762684,423,2.9375,91800,-0.247619629,0.079027362,0,5
13664680,2023,deep_viz,annotated,0,505271.6429,4979719.357,0.0576457153320312,0.0454047607421875,0.08126761475,67.03499603,0.920387506,945,6.847826087,91800,0.469848633,1,1,1
13664938,2023,deep_viz,annotated,0,505298.4828,4979657.147,0.0579482788085938,0.0441172424316406,0.07921552124,49.82003403,2.165964365,1044,7.25,91800,0.469848633,1,1,1
13665585,2023,deep_viz,annotated,0,505362.2228,4979687.54,0.0571683166503906,0.0442475250244141,0.08227227478,50.67836761,2.90990448,909,7.214285714,91800,0.469848633,1,1,1
13667721,2023,dry,annotated,0,505569.3516,4979750.672,0.10446640625,0.241915625,0.024228125,71.96806335,2.034624815,171,6.4,91800,-1.005493164,0.01888587,0,5
14206539,2023,hugo_precise,annotated,1,501160.5563,4966604.869,0.0449356262207031,0.09424375,0.1290962402,109.0731354,14.01095867,936,6.315789474,6300,0.002075195,0.543713808,0,3.4937500950000002
14206656,2023,dry,annotated,0,501184.6059,4966555.147,0.0631788208007812,0.143028234863281,0.1037082397,119.0548935,49.43638992,126,4.903846154,6300,-0.091247559,0.279981405,0,4.364706039
14205827,2023,dry,annotated,0,500984.6642,4965977.664,0.115642541503906,0.243150756835938,0.04074030762,103.5831451,15.89121532,117,7.178571429,22500,-0.686737061,0.073653474,0,4.902985096
14205887,2023,dry,annotated,0,501005.6408,4966059.655,0.060781689453125,0.132338024902344,0.02308450928,77.17623138,12.9856329,396,3.55,22500,-0.006469727,0.200384125,0,4.394366264
14206657,2023,dry,annotated,0,501177.3421,4966060.816,0.0976333312988281,0.205107006835937,0.03565964355,69.54103851,5.303958893,261,2.85,22500,-0.400756836,0.282576084,0,4.491228104
14206344,2023,hugo_precise,annotated,1,501103.2353,4966027.809,0.03490882263183594,0.06460808715820313,0.02773015136999999,138.0914307,6.792277813,1224,7.846153846,22500,0.086730957,0.028132994,0,5
14220197,2023,hugo_precise,annotated,1,504102.0802,4957029.515,0.0476396942138672,0.0650618347167969,0.1617961731,129.2141418,4.78512001,1179,7.277777778,8100,6.71e-4,0.094191082,0,4.900763512
14220019,2023,dry,annotated,0,504060.6,4957024.886,0.078305712890625,0.160290002441406,0.06107427979,127.7686539,10.18910122,333,3.888888889,8100,-0.174316406,0.04896215,0,4.757143021
19128383,2023,co_precise,annotated,1,549452.025,4913195.6,0.049625,0.0510966674804688,0.0158541687,1.189733148,0.589908838,1080,6.206896552,64800,0.023925781,0.211391896,0.9074561,5
19131170,2023,co_precise,annotated,1,549814.0223,4913176.347,0.0447929931640625,0.0630745239257813,0.03128598938,2.567276001,0.601449192,1269,8.410714286,64800,0.023895264,0.028179888,0.932484031,5
19127429,2023,dry,annotated,0,549293.4,4913208.42,0.115985998535156,0.243856005859375,0.1792280029,45.52376556,45.6821785,144,2.5,64800,-0.070373535,0.016842104,0.621176481,5
19128184,2023,dry,annotated,0,549422.7119,4913056.023,0.142137084960937,0.306431787109375,0.224123175,102.0985413,35.01091003,441,5.807692308,64800,-0.746643066,0,0.057615895,5
19130551,2023,dry,annotated,0,549725.5213,4913213.904,0.109512768554688,0.213168090820312,0.1402425598,36.35157776,42.71331024,423,2.711538462,64800,0.003448486,0,0.893617034,5
19125319,2023,hugo_precise,annotated,1,548956.6071,4913973.471,0.0683071411132812,0.133701428222656,0.1015828583,3.685259104,1.703631759,1161,6.774193548,310500,0.032409668,0,0.965522885,5
19130322,2023,hugo_precise,annotated,1,549689.5909,4913708.7,0.0606054565429687,0.0840418151855469,0.05197817993,3.109645605,2.511246204,990,5.5,310500,-0.027587891,0.065085843,0.933306754,5
19127063,2023,dry,annotated,0,549235.5779,4913292.175,0.112251953125,0.256951953125,0.225448056,2.411377668,0.438577443,144,3.609375,310500,0.031280518,0,0.444614202,5
19127830,2023,em_veg,annotated,0,549362.8043,4913447.109,0.155523913574219,0.324804345703125,0.2694992737,70.86406708,55.1051178,126,5.175,310500,-0.229370117,0.003952569,0.058574878,5
19128595,2023,em_veg,annotated,0,549477.4576,4913583.432,0.140656774902344,0.299546606445313,0.2545347412,65.55812836,55.91232681,423,5.709677419,310500,-0.184051514,0.021791769,0.716560841,5
19129130,2023,deep_viz,annotated,0,549546.4737,4913282.895,0.0509771942138672,0.0429105255126953,0.01351403503,1.034801126,0.426160336,1026,6.576923077,310500,0.032409668,0.958720326,0.979686081,3.38596487
19130293,2023,em_veg,annotated,0,549683.5734,4913396.849,0.141335778808594,0.300611010742187,0.2484568848,77.63574982,24.16789436,234,3.802325581,310500,-0.392608643,0.010842369,0.338121682,5
19130388,2023,deep_viz,annotated,0,549690.0827,4913518.783,0.0508322845458984,0.0439220458984375,0.01721968384,1.549425006,0.681428969,1143,7.326923077,310500,-0.027587891,0.913154304,1,1.503937006
19130829,2023,deep_viz,annotated,0,549749.82,4913580.66,0.0517119995117188,0.0461339996337891,0.01929599915,2.569103479,1.176949382,900,6.52173913,310500,-0.027587891,0.985294104,1,1.519999981
19131778,2023,dry,annotated,0,549904.7683,4913656.768,0.152757727050781,0.30290244140625,0.06888862305,111.0183182,22.65890884,117,5.125,310500,-1.481201172,0.009214093,0.096747965,5
18495649,2023,hugo_precise,annotated,1,538505.6667,4922907.167,0.0327738098144531,0.0678365051269531,0.2690825378,108.6636505,8.316649437,468,7.56,3600,0.027008057,0,0,5
18495676,2023,hugo_precise,annotated,1,538506.9202,4922974.071,0.0357252105712891,0.0778176452636719,0.2641789856,107.8127518,7.179483414,270,7.760869565,3600,-0.030487061,0,0,5
19428613,2023,shallow_viz,annotated,1,559859.4697,4898937.894,0.0640787902832031,0.128641418457031,0.07123233032,146.1964264,4.121831894,891,6.1875,50400,0.037567139,0.05011655,0,5
19428830,2023,hugo_precise,annotated,1,559930.2453,4899026.321,0.0665283020019531,0.135779248046875,0.08553302307,145.3369904,2.783326149,954,6.625,50400,0.095153809,0.245597482,0.028825996,5
19428140,2023,dry,annotated,0,559649.1,4899083.778,0.0840443481445313,0.176760864257813,0.111447821,151.9589691,1.035830736,738,6.634615385,50400,-0.068054199,0,0,5
19428818,2023,dry,annotated,0,559923.8298,4899114,0.0798138305664062,0.167597875976563,0.113271283,140.6338043,4.038104057,792,6.130434783,50400,-0.046600342,0.017184943,0,5
19428984,2023,dry,annotated,0,559989.4231,4899119.679,0.0810487182617187,0.165119653320313,0.101593158,148.6083679,1.413365006,675,7.02,50400,-0.011047363,0.05751479,0,5
19428307,2023,co_precise,annotated,1,559723.3846,4895541.346,0.0683307678222656,0.137446154785156,0.07793076782,109.8759766,13.8807373,1134,7.222222222,5400,0.099243164,0.452158719,0.190418348,5
19428313,2023,dry,annotated,0,559726.6974,4895573.171,0.136907897949219,0.26895263671875,0.1654460571,122.0537872,12.90548038,405,3.454545455,5400,-0.067352295,0.221870705,0.094182827,5
19463091,2023,dry,annotated,0,570482.4699,4887438.011,0.0809105285644531,0.1565,0.1170105225,62.3897438,16.28602982,621,6.435483871,3679200,-0.883056641,0.317246914,0.375939846,4.466165543
19463134,2023,dry,annotated,0,570490.1038,4887304.472,0.105610375976563,0.271386791992188,0.02182546387,47.17271805,9.242256165,504,5.678571429,3679200,-3.935913086,0.084528305,0.250248253,5
19463817,2023,dry,annotated,0,570785.7857,4887144.459,0.0943438781738281,0.379832641601562,0.08154589844,46.08154678,6.43091774,225,5.444444444,3679200,-1.290374756,0.147496536,0.146168992,5
19464402,2023,co_precise,annotated,1,571053.6273,4886993.536,0.04280909118652343,0.04185727233886718,0.1742763702,46.51445389,2.757669926,990,7.5,3679200,1.16595459,0.616007924,0.636602879,4.127272606
22285757,2023,hugo_precise,annotated,1,597298.6513,4808787.063,0.0476915954589844,0.0680386535644531,0.2216840271,147.6162567,9.191257477,1071,7.14,4707000,-0.773284912,0.026260504,0,5
22285279,2023,dry,annotated,0,597113.2864,4808950.18,0.061858251953125,0.174713586425781,0.1210475708,107.804245,52.05279922,117,6.18,4707000,-1.740203857,0.334229648,0.194781557,5
22286368,2023,dry,annotated,0,597562.8418,4809184.462,0.0705531616210937,0.253213916015625,0.1026949463,84.26502991,45.25046921,216,4.557692308,4707000,-5.729736328,0.487453938,0.256329119,5
22286462,2023,dry,annotated,0,597607.0122,4809036.549,0.0700747985839844,0.278682934570313,0.09015690918,92.59915161,40.06164551,297,5.951612903,4707000,-2.692565918,0.224932253,0.173780486,4.731707096
22710195,2023,co_precise,annotated,1,637647.3689,4765235.656,0.0424475402832031,0.0805901611328125,0.08341967773,90.23692322,12.37395477,1098,6.777777778,50400,0.115020752,0.09176109,0,5
22710066,2023,dry,annotated,0,637543.5566,4765312.953,0.0794877380371094,0.159464147949219,0.02062453613,138.7312469,0.725340009,909,5.678571429,50400,-0.050445557,0,0,5
22710074,2023,em_veg,annotated,0,637550.5345,4765219.948,0.0792241394042969,0.163496557617188,0.03195976563,138.0652008,2.222962618,306,4.833333333,50400,-0.03515625,0,0,5
22710197,2023,em_veg,annotated,0,637651.1364,4765181.197,0.0767414123535156,0.21399697265625,0.07870202637,133.6525116,3.829924345,837,5.120689655,50400,-0.147674561,0,0,5
22710236,2023,dry,annotated,0,637707,4765163.018,0.07908818359375,0.214398193359375,0.06759362793,132.5071259,5.09852314,279,3.75,50400,-0.140930176,0,0,5
22710313,2023,em_veg,annotated,0,637762.4647,4765211.876,0.0632235290527344,0.16057646484375,0.09347412109,112.989151,16.63127518,486,4.112903226,50400,-0.094207764,0.001470588,0,4.999999523
22710373,2023,dry,annotated,0,637793.0323,4765278.629,0.0789717712402344,0.200383874511719,0.09279595947,101.5587921,31.72993088,666,5.314285714,50400,-0.933013916,0,0,5
22450681,2023,co_precise,annotated,1,612450.2411,4767627.804,0.0549446411132812,0.093825,0.05557142944,18.0134182,0.062411975,828,6.461538462,236700,0.008056641,0.699851215,0.848214269,4.258928776
22449688,2023,dry,annotated,0,612171.0854,4768161.963,0.120174792480469,0.279406494140625,0.08301137695,109.3192062,16.02238655,882,5.125,236700,-0.436187744,0,0.076332428,5
22449773,2023,dry,annotated,0,612202.4182,4767661.282,0.0800527282714844,0.150401818847656,0.1078899994,18.20235825,0.547307372,747,4.714285714,236700,0.008056641,0.68664372,0.728156745,4.245454311
22449778,2023,em_veg,annotated,0,612204.3553,4768076.743,0.0989059204101562,0.231446704101563,0.1787861755,52.00674057,5.124675751,135,6.333333333,236700,0.008056641,0.043174345,0.111068115,5
22450273,2023,dry,annotated,0,612359.5515,4767473.768,0.0701185546875,0.232191748046875,0.1871072113,19.06472778,0.598105609,621,5.596153846,236700,0.008026123,0.110824741,0.24742268,5
22450477,2023,glint,annotated,0,612413.3837,4767911.477,0.129848840332031,0.207150390625,0.1758961273,27.53529549,5.012200356,963,5.375,236700,0.008056641,0.475193799,0.452981681,4.899224758
22450680,2023,em_veg,annotated,0,612457.1538,4767833.798,0.115703845214844,0.272403857421875,0.09743846436,113.0662994,10.73149776,144,5.2,236700,-0.322052002,0.018099546,0.144796371,5
22450865,2023,em_veg,annotated,0,612515.4292,4768149.518,0.0999008850097656,0.23035576171875,0.01168850098,108.4048233,28.95171547,108,5.844827586,236700,-0.6456604,0.106194697,0.118836917,4.893805504
22894021,2023,co_precise,annotated,1,679317.0882,4800363.904,0.0314036773681641,0.0639441162109375,0.04155147095,23.19412422,3.985097647,1224,7.034482759,60300,0.041168213,0.27072832,0.128151268,4.830882549
22669264,2023,dry,annotated,0,679100.4615,4800487.115,0.0982961547851562,0.223533325195312,0.06369229736,87.02133179,16.66579247,162,3.162162162,60300,-0.115692139,0.065934069,0.166056171,5
22669290,2023,dry,annotated,0,679118.3919,4800436.054,0.0911689208984375,0.209601342773438,0.0621121582,85.50661469,16.1584053,540,5.045454545,60300,-0.059631348,0.158783793,0.189189196,5
22669358,2023,dry,annotated,0,679201.0574,4800547.697,0.0907688537597656,0.207644262695312,0.06663607178,53.27326965,16.23233795,315,3.155172414,60300,-0.091430664,0.003642987,0,5
22669374,2023,em_veg,annotated,0,679201.1579,4800333.105,0.0767280700683594,0.173210522460937,0.03384560547,80.38147736,13.68266296,657,5.896551724,60300,-0.160186768,0.12489558,0.296783626,5
22669383,2023,em_veg,annotated,0,679202.7289,4800272.042,0.0704361450195312,0.16188916015625,0.03344217529,72.80912018,27.02512932,504,6.225,60300,-0.008209229,0.134036154,0.20401606,5
22669470,2023,em_veg,annotated,0,679274.6647,4800368.806,0.0580470581054688,0.139883532714844,0.03794000244,62.90912628,16.42293549,765,5.795454545,60300,0.04296875,0.208431393,0.066890761000000007,4.752941132
22685187,2023,hugo_precise,annotated,1,620369.9241,4788743.962,0.0497,0.136295568847656,0.2960803589,103.6667786,9.186520576,1422,7.181818182,15300,-0.067901611,0,0,5
22685065,2023,dry,annotated,0,620305.0982,4788771.375,0.0775080383300781,0.355369653320313,0.05700268555,78.67664337,1.760033607,234,6.461538462,15300,-0.681854248,0,0,5
22685276,2023,dry,annotated,0,620413.7083,4788727.25,0.08586875,0.351501391601563,0.134499292,95.96853638,3.146756411,936,5.837837838,15300,-0.250274658,0,0,5
22685430,2023,dry,annotated,0,620457.2288,4788766.907,0.0793186462402344,0.366040673828125,0.03374746094,82.45985413,2.006408453,540,6.807692308,15300,-0.430938721,0,0,5
21164296,2023,co_precise,annotated,1,657086.9444,4851437.722,0.0293768524169922,0.0761,0.2122009277,84.83811951,7.967625141,972,6.48,25200,0.024597168,0.237179488,0,5.000000477
21164062,2023,dry,annotated,0,657053.6868,4851494.687,0.0703120849609375,0.191034069824219,0.1132593506,93.35858917,14.00292587,225,5.25,25200,-0.049987793,0,0,5
21165005,2023,dry,annotated,0,657182.3804,4851472.174,0.0835978271484375,0.203928259277344,0.0582956543,90.75830841,6.094008923,198,5.111111111,25200,-0.059997559,0,0,5
21165117,2023,dry,annotated,0,657207.6905,4851412.69,0.0585841247558594,0.144022216796875,0.0726,83.66840363,6.378142357,162,3.048387097,25200,-0.056213379,0.077097505,0,5
20743160,2023,dry,annotated,0,650971.0673,4901750.538,0.102260577392578,0.223401928710938,0.06157980957,90.51631927,37.15840149,342,4.875,609300,-0.766418457,0.283173054,0.243589744,5
20745359,2023,deep_viz,annotated,0,651145.2143,4901574.671,0.0521971435546875,0.0263219055175781,0.005749523926,9.487077713,0.402406931,945,6.5625,609300,0.139465332,1,1,1
20745607,2023,deep_viz,annotated,0,651175.5484,4901246.976,0.0534475830078125,0.0292854827880859,0.00959919433599999,10.17904949,0.274728596,1116,7.75,609300,0.139465332,1,1,1
20745758,2023,dry,annotated,0,651187.8506,4900999.344,0.101818182373047,0.233427270507813,0.1013675293,71.34802246,55.64652252,693,3.725806452,609300,-0.83770752,0.114149019,0.10814023,4.857142925
20746377,2023,deep_viz,annotated,0,651234.1286,4901514.786,0.0503123809814453,0.0248438095092773,0.009184761047,8.906450272,0.558717728,945,6.847826087,609300,0.139465332,1,1,1
20747668,2023,dry,annotated,0,651353.28,4901696.01,0.108546997070312,0.250172998046875,0.004639013672,78.5455246,2.243139267,360,5.555555556,609300,-6.062072754,0.244444445,0.141176477,4.599999905
20422054,2023,dry,annotated,0,623038.6552,4898056.836,0.107527587890625,0.2958,0.06978103027,73.03539276,14.72192955,639,3.70212766,49311900,-6.170715332,3.92e-4,0,5
20426201,2023,em_veg,annotated,0,623274.7889,4898070.656,0.102528149414063,0.242680004882812,0.09670963135,97.37243652,30.53725815,1215,6.982758621,49311900,-1.348083496,0.040881835,0,5
20428681,2023,em_veg,annotated,0,623403.5,4897972.016,0.0941032287597656,0.22119140625,0.08462794189,131.8926392,19.48463058,603,5.166666667,49311900,-1.354064941,0.012365592,0.008960574,5
20431366,2023,terrain,annotated,0,623566.3696,4897918.435,0.107960864257812,0.180965222167969,0.0601956543,46.21324158,12.3363266,108,2.875,49311900,-0.989807129,0.254830927,0.239840865,4.326086998
20432891,2023,deep_viz,annotated,0,623637.4907,4898064.799,0.077966357421875,0.0511,0.02686261749,16.69272423,0.449731022,963,7.295454545,49311900,0.014831543,1,1,1
20439459,2023,deep_viz,annotated,0,623997.1154,4898006.687,0.0731197814941406,0.0442274719238281,0.01894285583,16.20241165,0.407734662,819,6.5,49311900,0.014831543,1,1,1
20442899,2023,terrain,annotated,0,624184.2458,4897926.992,0.101342370605469,0.15052373046875,0.05109830933,40.92571259,12.09405804,522,3.54,49311900,-0.88659668,0.720339,0.769542873,4
20446267,2023,deep_viz,annotated,0,624356.7432,4897966.986,0.080945947265625,0.0459936950683594,0.01528648682,16.96085548,0.45395118,963,5.55,49311900,0.014831543,0.981981993,0.993447959,1.108108163
20465764,2023,em_veg,annotated,0,625416.3,4898057.813,0.100218127441406,0.184232495117188,0.1572424957,21.63941765,0.50060302,1440,5.454545455,49311900,0.014831543,0.031412341,0.353962064,5
20466666,2023,dry,annotated,0,625469.7115,4897953,0.111758654785156,0.267871142578125,0.173078833,83.76197052,21.02396584,225,4.588235294,49311900,-0.961608887,0.041666668,0,5
19355344,2023,hugo_precise,annotated,1,610952.5408,4926363.765,0.0407782318115234,0.0935748291015625,0.03715374146,66.0460434,1.203561187,1323,6.890625,2231100,-0.18737793,0.625747263,0.679648519,4.605442047
19353596,2023,dry,annotated,0,610809.6622,4926092.689,0.0977972961425781,0.317649560546875,0.06717026367,96.27870941,4.047656536,783,5.203125,2231100,-2.436096191,0,0,5
19361328,2023,deep_viz,annotated,0,611430.6429,4926601.762,0.0485595245361328,0.0379801574707031,0.004403173828,9.763784409,0.269979537,1134,7.875,2231100,0.076660156,1,1,1
19361403,2023,deep_viz,annotated,0,611433,4926423,0.0498299987792969,0.0351170013427734,0.005558001709,5.874446869,0.21708086100000001,900,7.5,2231100,0.076660156,1,1,1
19363566,2023,dry,annotated,0,611640.1309,4926517.178,0.104369128417969,0.245387915039062,0.02569194336,118.220047,11.72719002,234,5.881578947,2231100,-0.94732666,0.331543595,0.290633202,4.825503349
19366192,2023,dry,annotated,0,611882.7,4926439.658,0.102331579589844,0.25095263671875,0.0484010498,92.05696106,18.72155571,414,5.9375,2231100,-1.926208496,0.34074074,0.16842106,4.515789509
19367631,2023,deep_viz,annotated,0,612032.8636,4926600.136,0.0464070709228516,0.0348474761962891,0.006961618042,5.313832283,0.434243858,891,7.425,2231100,0.076660156,1,1,1
15081390,2023,co_precise,annotated,1,572554.2358,4995655.009,0.0530591186523438,0.104188684082031,0.1675578491,116.0545273,10.79885769,891,7.95,2700,0.006744385,0.016172508,0.029649597,5
8701893,2023,shallow_viz,annotated,1,545900.4762,5041653.048,0.04465,0.0746333312988281,0.1473992126,132.767108,1.74886916,1134,6.517241379,230400,0.01159668,0,0,5
8702143,2023,shallow_viz,annotated,1,545918.7478,5041926.624,0.0383769897460937,0.0484123901367187,0.139206189,138.2852253,3.412132225,1017,7.0625,230400,0.119110107,0.075487033,0,5
8701821,2023,dry,annotated,0,545887.7671,5041168.253,0.116718493652344,0.265489038085937,0.05089453125,138.0517181,137.5173992,612,4.977272727,230400,-0.342010498,0,0,5
8702471,2023,dry,annotated,0,545950.1061,5041293.167,0.0917303039550781,0.204351513671875,0.0463605957,153.1535313,4.743459161,549,5.303571429,230400,-0.077789307,0,0.001262626,5
8703675,2023,dry,annotated,0,546071.5574,5041171.844,0.167172131347656,0.214561474609375,0.04905163574,137.5440214,111.855264,531,7.038461538,230400,-0.137481689,0,0,5
8703769,2023,glint,annotated,0,546060.1132,5041692.17,0.160923583984375,0.29465,0.06038112793,144.2020611,0.993629607,126,4.96875,230400,-0.145843506,0,0,5
9410096,2023,dry,annotated,0,561761.9909,5066260.755,0.0891587890625,0.182890905761719,0.03890302734,154.7224677,1.671880954,1485,6.346153846,177300,-0.315338135,0.002150537,0,5
9413037,2023,dry,annotated,0,561959.7537,5066165.373,0.0948850769042969,0.183654479980469,0.04685523682,145.4813152,5.148491934,621,6.931034483,177300,-0.282196045,0,0,5
9417687,2023,dry,annotated,0,562288.8582,5066008.187,0.0935149230957031,0.184322387695313,0.04097910156,155.5518663,10.96099443,342,3.589285714,177300,-0.201385498,0.001399254,0,5
7257024,2023,co_precise,annotated,1,528754.6513,5094772.071,0.0562252075195313,0.0957025207519531,0.1228747986,146.9134913,8.158725141,855,6.155172414,56700,0.0987854,0.070765153,0,5
7255622,2023,glint,annotated,0,528606.3571,5094728,0.204708337402344,0.317665478515625,0.1205761963,147.6855219,8.912659674,126,6,56700,-0.231292725,0.008333334,0,5
7256872,2023,dry,annotated,0,528736.5625,5094729.813,0.0998229187011719,0.199672912597656,0.0366854126,149.3890088,14.15026617,414,3,56700,-0.175109863,0,0,5
7256880,2023,dry,annotated,0,528751.0221,5094836.084,0.107587609863281,0.21727080078125,0.04374602051,156.2657451,5.640161467,630,4.134146341,56700,-0.242370605,0,0,5
7257026,2023,glint,annotated,0,528758.9043,5094688.149,0.150869152832031,0.245825537109375,0.04575319824,144.4719025,15.64924177,675,4.272727273,56700,-0.213104248,0.013829787,0,5
7258660,2023,dry,annotated,0,528925.1695,5094882.28,0.0768932189941406,0.181593225097656,0.1478423584,153.3043566,1.467714256,1062,4.11627907,56700,-0.202178955,0.006933745,0,5
3159966,2023,shallow_viz,annotated,1,503318.2826,5129009.257,0.0594747802734375,0.0838991333007812,0.04546782227,95.38213856,3.483015782,1035,7.1875,56700,0.059265137,0.165926322,0,5
3160109,2023,hugo_precise,annotated,1,503319.4554,5128858.741,0.06021875,0.0926285705566406,0.03908839722,94.61224529,3.599996092,1008,7.304347826,56700,0.061584473,0.148600668,0,5
3158158,2023,dry,annotated,0,503172.5748,5129092.64,0.0702822448730469,0.206511206054688,0.06977478027,154.2203885,3.32023364,666,5.732142857,56700,-0.198547363,0,0,5
3159187,2023,dry,annotated,0,503258.1,5128860.457,0.0621756530761719,0.160833911132813,0.07452868652,147.5601744,18.71883941,792,6.634615385,56700,-0.008850098,0.17011936,0,5
3161375,2023,dry,annotated,0,503433.4,5128919.25,0.0764016662597656,0.140805834960937,0.2008324951,121.7096703,12.9211202,441,6.428571429,56700,-0.051696777,0.080833338,0,5
1258335,2023,shallow_viz,annotated,1,477405.4268,5153048.915,0.0531910583496094,0.14169755859375,0.2160414551,166.1383581,12.67109043,1053,6.833333333,21600,0.074462891,0,0,5
1258415,2023,co_precise,annotated,1,477409.4182,5152952.455,0.0443354553222656,0.0788354553222656,0.2786781799,152.8101825,31.22211486,990,7.173913043,21600,0.259033203,0.113606386,0,5
1258334,2023,dry,annotated,0,477404.5556,5153106.667,0.0693472229003906,0.232834252929688,0.05853427734,152.3607755,6.446432008,972,6.48,21600,-0.590515137,0,0,5
1259284,2023,dry,annotated,0,477473.9176,5152969.896,0.0766120849609375,0.191068127441406,0.1011241821,152.8946446,4.250635671,477,5.055555556,21600,-0.371337891,0,0,5
1114288,2023,co_precise,annotated,1,466926.0714,5167747.9,0.0463095245361328,0.0868819030761719,0.1804952454,171.7997236,12.00200377,945,6.5625,184500,-0.264099121,0.011674347,0.073809527,5
1114734,2023,dry,annotated,0,466961.302,5167756.322,0.0742851501464844,0.1928287109375,0.05992475586,171.0087993,2.475479035,891,5.611111111,184500,-0.748718262,0.018779943,0.04228548,4.97029686
1115305,2023,deep_viz,annotated,0,466995.1337,5167596.163,0.0414376251220703,0.0370594055175781,0.008003961182,0,0,909,7.214285714,184500,0.160217285,1,1,1
1115935,2023,deep_viz,annotated,0,467051.3056,5167956.389,0.0417129638671875,0.0424703704833984,0.00178333435099999,16.02188991,0.016464548,972,6.75,184500,0.160217285,1,1,1
1116604,2023,dry,annotated,0,467110.6892,5168072.932,0.0762990966796875,0.221701806640625,0.07091621094,161.3934593,3.794191991,396,5.946428571,184500,-2.552490234,0.065787561,0.036036037,5
1119331,2023,deep_viz,annotated,0,467294.8947,5167596.105,0.0420675445556641,0.0394307006835938,0.01053157959,4.86e-4,4.62e-4,1026,7.125,184500,0.160217285,1,1,1
1120431,2023,dry,annotated,0,467384.8125,5167662,0.0669625,0.194720837402344,0.0214416626,148.4217189,149.1923178,864,5.333333333,184500,-1.669494629,0.375997901,0.191582859,3.833333254
994280,2023,co_precise,annotated,1,457784.7632,5177495.795,0.0495799987792969,0.0876947387695313,0.176793689,137.3774643,24.11966673,855,5.9375,12600,-0.083007813,0.21138595,0,5
993505,2023,dry,annotated,0,457739.8636,5177463.227,0.0794742431640625,0.193866662597656,0.08035152588,170.582503,12.5474719,405,2.828571429,12600,-0.252258301,0.112462282,0,5
994281,2023,em_veg,annotated,0,457785.283,5177433.708,0.0692698120117188,0.13260283203125,0.08438208008,150.1728472,54.45231358,927,5.129032258,12600,0.082763672,0.086807325,0,5
995019,2023,dry,annotated,0,457818.0536,5177554.5,0.0905776794433594,0.225839282226562,0.07951339111,164.4529249,11.09123083,387,4.666666667,12600,-0.409667969,0.027115587,0,5
995137,2023,em_veg,annotated,0,457828.75,5177463.275,0.0738058349609375,0.140318334960938,0.04322583008,112.8734397,533.000166,927,5.142857143,12600,0.189758301,0.379684776,0.041319445,5
143847,2023,co_precise,annotated,1,439914.9497,5180726.938,0.0549585815429688,0.118662133789062,0.1501236572,177.1952506,14.85970935,1287,8.45,2700,0.124511719,0.007100592,0,5
143738,2023,dry,annotated,0,439885.1842,5180738.289,0.0852223693847656,0.22455263671875,0.0702,172.7859561,5.798678352,225,4.56,2700,-0.229309082,0.009398497,0,5
5848781,2023,shallow_viz,annotated,1,470478.1776,5096215.322,0.0433835540771484,0.0828177612304687,0.08525460205,168.6024005,52.44259133,1305,7.35483871,15300,0.090148926,0.147058815,0,5
5849445,2023,co_precise,annotated,1,470563.2638,5096149.594,0.0390141723632813,0.0650795288085937,0.1681409546,169.9988004,7.945037306,1143,6.568965517,15300,0.278869629,0.148940474,0,5
5849024,2023,dry,annotated,0,470510.5673,5096147.135,0.0789028869628906,0.154260571289063,0.03273365479,167.502777,25.6635237,927,5.379310345,15300,-0.321044922,0.030048076,0,5
5849816,2023,dry,annotated,0,470597.49,5096217.15,0.0661799987792969,0.137478002929688,0.06063199463,182.7355601,7.811172208,405,5.769230769,15300,-0.134460449,0.001176471,0,5
5850186,2023,dry,annotated,0,470631.2568,5096179.338,0.079090087890625,0.18880810546875,0.05640629883,176.9884333,3.496795953,594,5.203125,15300,-0.168762207,0.007507508,0,5
6498841,2023,co_precise,annotated,1,449452.074,5044771.855,0.0489390533447266,0.0977331359863281,0.2277437927,147.6766083,32.08959649,1116,8.177419355,1800,0.072753906,0.020172136,0,5
6498793,2023,dry,annotated,0,449454.6905,5044749.405,0.0818079345703125,0.170577783203125,0.1524031738,144.9103103,31.66050493,225,2.197674419,1800,-0.104431152,0,0,5
11838038,2023,co_precise,annotated,1,449964.865,5021576.814,0.0500613128662109,0.0942474426269531,0.1856853943,113.6864243,32.80780029,774,7.086206897,52200,0.675964355,0.021492293,0,5
11834019,2023,glint,annotated,0,449430.6064,5021563.564,0.165848937988281,0.274396801757813,0.04327553711,121.8910751,32.67205048,846,3.133333333,52200,0.106262207,0,0,5
11834703,2023,dry,annotated,0,449521.6748,5021579.782,0.0815825256347656,0.183298059082031,0.1109465942,114.6748962,92.68254089,459,5.722222222,52200,0.165588379,0,0,5
11835163,2023,glint,annotated,0,449578.725,5021564.738,0.302542504882812,0.37899375,0.1218175049,118.1320953,19.7247963,720,4.285714286,52200,-0.567871094,0,0,5
11836662,2023,glint,annotated,0,449768.34,5021561.46,0.286947998046875,0.351421997070313,0.08424799805,119.1323624,10.50411606,450,3.75,52200,0.823669434,0,0,5
11837121,2023,dry,annotated,0,449834.5476,5021544.643,0.123915075683594,0.239816674804687,0.05312299805,124.8557663,3.608580351,1134,6.517241379,52200,0.469787598,0,0,5
11859204,2023,co_precise,annotated,1,453431.9724,5021818.077,0.0512631896972656,0.0719846618652344,0.03284417114,140.1143646,4.199128151,1314,8.15,12600,0.053771973,0.092541173,0.099575281,5
11859148,2023,dry,annotated,0,453427.0714,5021852.357,0.0822690490722656,0.160652380371094,0.05712142334,88.6322937,33.13336182,117,2.1,12600,-0.317749023,0.016290726,0.023809524,5
11859418,2023,dry,annotated,0,453461.1176,5021726.471,0.0942764709472656,0.169335290527344,0.08492647705,121.3237305,18.4684639,135,2.125,12600,-0.566833496,0.049019612,0,5
11859604,2023,dry,annotated,0,453512.2582,5021813.918,0.112828576660156,0.218768139648437,0.04571539307,122.7743683,46.77827835,189,4.136363636,12600,-1.127502441,0.032967035,0,5
6633858,2023,co_precise,annotated,1,468822.5541,5032923.419,0.043854052734375,0.0632927917480469,0.1274576599,107.2825721,5.229701541,999,7.568181818,256500,0.510986328,0.08665809,0.475592762,5
6633345,2023,dry,annotated,0,468768.5968,5033219.113,0.0653774169921875,0.123589245605469,0.08038494873,151.4972972,12.85317561,387,4.810344828,256500,0.336791992,0.054395951,0,5
6633409,2023,dry,annotated,0,468784.8956,5033096.093,0.06839560546875,0.117161535644531,0.1113923218,117.9643148,77.90623926,819,5.6875,256500,-0.055969238,0.323010355,0.7671175,4.648351669
6637490,2023,dry,annotated,0,469274.6942,5033249.461,0.0826660217285156,0.170053393554687,0.06191942139,168.2651498,0.703090135,927,6.717391304,256500,-0.203613281,0,0,5
8125434,2023,co_precise,annotated,1,484761.08,5036742.78,0.0534760009765625,0.080614001464843807,0.1856133423,105.6828539,198.976654,963,7.258064516,40500,-0.382080078,0.45714283,0.721794903,4.900000095
8125507,2023,dry,annotated,0,484779.7623,5036467.5,0.0831475402832031,0.158593444824219,0.07524918213,136.4123205,26.10375664,405,3.66,40500,-1.389404297,0.04371585,0.46955508,4.918032646
8125885,2023,dry,annotated,0,484800.7308,5036735.654,0.110615380859375,0.2193294921875,0.0939769165,148.2165572,20.3113831,180,3.9,40500,-1.946594238,0,0.338264316,5
8127679,2023,dry,annotated,0,484966.4333,5036525.5,0.0729333312988281,0.133440002441406,0.1196822144,127.9412048,74.68803505,234,2.327586207,40500,-1.101867676,0.384126991,0.536507905,4.422222137
8125755,2023,shallow_viz,annotated,1,484782.1988,5042136.596,0.0487240966796875,0.1167072265625,0.237874707,162.6063649,5.242699913,747,5.659090909,15300,0.041809082,0.143239632,0,4.999999523
8126235,2023,co_precise,annotated,1,484838.0164,5042163.148,0.0401540985107422,0.083334423828125,0.2232368774,152.4409021,80.37708699,1098,7.32,15300,0.156616211,0.332690477,0,5
8126360,2023,dry,annotated,0,484851,5042219.563,0.0708645812988281,0.16376875,0.0951416748,164.1310043,28.56047847,189,2.571428571,15300,-0.381591797,0,0,5
8126486,2023,dry,annotated,0,484869.1944,5042102.389,0.0875046325683594,0.195594445800781,0.072647229,161.2969332,27.81355186,108,5.785714286,15300,-0.697937012,0.024691358,0,5
8163029,2023,co_precise,annotated,1,488382.875,5050289.95,0.0450649993896484,0.0891733337402344,0.07703833008,119.772662,22.40191215,1080,6.666666667,19800,0.138244629,0.565594375,0.033159722,4.516666889
8161812,2023,dry,annotated,0,488288.0333,5050379.967,0.0662777770996094,0.178075561523438,0.06215999756,152.5750012,9.231926824,225,2.5,19800,-0.193969727,0.109803922,0,5
8162897,2023,dry,annotated,0,488380.7234,5050376.617,0.0527287231445313,0.12702021484375,0.0853329834,152.5201484,4.426157524,549,5.64,19800,-0.132995605,0.134308517,0,4.989361763
8163980,2023,dry,annotated,0,488469.34620000003,5050334.687,0.0910945068359375,0.244081323242188,0.08987473145,133.055874,10.19448868,162,4.55,19800,-0.968261719,0.081447966,0,5.000000477
8328356,2023,shallow_viz,annotated,1,511991.3811,5032737.031,0.0280216796875,0.04933916015625,0.2326405518,147.989324,15.05042588,1287,8.58,49500,0.22946167,0.053442378,0,5
8329932,2023,hugo_precise,annotated,1,512138.0422,5032769.006,0.0350698791503906,0.07349638671875,0.2424734863,148.3631559,9.471013512,747,5.413043478,49500,0.145446777,0.05198497,0,5
8328415,2023,dry,annotated,0,512001.5571,5032894.329,0.0681,0.155626672363281,0.1488057007,147.5727743,5.662359697,945,5.625,49500,-0.057861328,0.025142858,0,5
8329053,2023,dry,annotated,0,512074.5845,5032849.542,0.0839197204589844,0.196556335449219,0.04679578857,141.4503483,9.928170989,585,3.672413793,49500,-0.218505859,0.044186383,0,5
8329738,2023,dry,annotated,0,512135.2857,5032903.167,0.0557722229003906,0.131979370117187,0.1554674561,147.5740226,22.61455948,1017,5.4,49500,0.018859863,0.040371299,0,5
8392957,2023,shallow_viz,annotated,1,518227.0448,5032710.61,0.0525806884765625,0.0892531005859375,0.1099062134,124.1154879,14.33638383,972,7.5,19800,0.075286865,0,0,5
8394246,2023,shallow_viz,annotated,1,518342.8279,5032746.32,0.0479795074462891,0.0914909851074219,0.1058835999,132.8821672,12.02378177,1098,6.535714286,19800,0.035919189,0.006071646,0,5
8393410,2023,dry,annotated,0,518265.0714,5032672.393,0.0809035705566406,0.170398803710937,0.05427022705,118.0121424,17.94650919,144,4.846153846,19800,-0.260986328,0.007763975,0,5
8393548,2023,dry,annotated,0,518289.163,5032759.598,0.114622827148437,0.23618369140625,0.05736412354,151.5731966,4.192022534,558,4.75862069,19800,-0.14932251,0,0,5
8394705,2023,dry,annotated,0,518378.2358,5032772.519,0.0754396240234375,0.159826416015625,0.04042452393,141.0601659,17.144748709999998,288,2.409090909,19800,-0.050384521,0,0,5
8387882,2023,co_precise,annotated,1,517775.4517,5034299.286,0.0340448272705078,0.0557737915039063,0.2299330933,135.9624356,5.631218625,1305,8.055555556,54900,0.424957275,0.041666668,0,5
8386617,2023,glint,annotated,0,517673.2041,5034291.796,0.16501123046875,0.283568359375,0.07420100098,102.9112152,5.456857708,117,5.25,54900,-0.148254395,0,0,5
8387517,2023,dry,annotated,0,517758.0517,5034260.716,0.0948862060546875,0.185373278808594,0.08505948486,116.5577531,74.8913513,414,5.272727273,54900,-0.09362793,0.006465518,0,5
8388427,2023,terrain,annotated,0,517842.629,5034251.758,0.0862806457519531,0.168764514160156,0.1244451538,147.4132646,25.87466168,261,1.722222222,54900,0.213317871,0,0.011730205,5
8388839,2023,dry,annotated,0,517855.8364,5034356.201,0.0817308410644531,0.176085046386719,0.1517972046,156.9739207,20.55179242,963,3.566666667,54900,0.084991455,0.017523365,0.026390743,5
8389664,2023,dry,annotated,0,517921.3512,5034336.483,0.102326446533203,0.227825610351563,0.06378596191,132.1353365,17.30613596,1089,5.85483871,54900,-0.461517334,0,0,5
13360140,2023,co_precise,annotated,1,536289.7817,5029413.148,0.0470725341796875,0.0808330993652344,0.2301669006,104.4014587,23.75687027,1098,6.870967742,3600,0.320556641,0,0,5
13360283,2023,dry,annotated,0,536322.1514,5029359.179,0.103155041503906,0.214719262695312,0.0842770752,74.63786316,24.58707809,594,2.919642857,3600,-0.101654053,0,0,5
13352785,2023,co_precise,annotated,1,535595.8884,5029501.054,0.0379256195068359,0.059333056640625,0.2458619873,104.792244,3.943617344,1089,6.482142857,20700,0.117523193,0,0,5
13353078,2023,co_precise,annotated,1,535622.6962,5029410.665,0.0380278472900391,0.0637120239257812,0.2460683472,101.4012375,3.33835268,1422,7.40625,20700,0.117492676,0,0,5
13352106,2023,dry,annotated,0,535530.4565,5029547.413,0.0792934753417969,0.184965222167969,0.1183152222,127.7067795,4.305295467,216,3,20700,-0.046325684,0,0,5
13352437,2023,dry,annotated,0,535569.5192,5029414.904,0.111348071289063,0.249986547851562,0.055,114.7242813,4.57865572,180,2.689655172,20700,-0.411712646,0,0,5
13353472,2023,dry,annotated,0,535640.1,5029492.689,0.123322106933594,0.250019995117187,0.06064631348,107.9928436,8.559709549,540,5.9375,20700,-0.845794678,0,0,5
13300094,2023,co_precise,annotated,1,531370.6391,5025989.374,0.0323476806640625,0.0641807922363281,0.2981039734,86.99417877,4.883814335,1269,7.810344828,64800,0.056640625,0.017564066,0,5
13298706,2023,dry,annotated,0,531218.25,5025890.063,0.0850349975585938,0.235016259765625,0.1402149902,81.79105377,2.955192804,621,4.137931034,64800,-0.464355469,0,0,5
13299816,2023,dry,annotated,0,531327.6639,5025957.32,0.070011474609375,0.173483605957031,0.2705606323,116.0912323,10.46584702,162,3.267857143,64800,-0.241607666,0.013412817,0,5
13300584,2023,dry,annotated,0,531410.1,5025763.371,0.0681957153320313,0.144585717773438,0.2368914307,101.0219116,18.07369232,423,3.75,64800,-0.199645996,0,0.001428571,5
13301901,2023,shallow_viz,annotated,1,531530.0238,5021714.897,0.0610201049804688,0.124991528320313,0.1176793701,114.7694473,7.740329266,1305,8.338235294,6300,0.114807129,0,0,5
13302565,2023,hugo_precise,annotated,1,531611.9857,5021685.671,0.0550609497070313,0.11641904296875,0.1179057129,121.2980576,4.80525589,1440,8.076923077,6300,0.114746094,0,0,5
13302261,2023,dry,annotated,0,531565.875,5021709.563,0.1111,0.212659375,0.014596875,131.1248322,4.229842663,279,1.846153846,6300,-0.133331299,0,0,5
13302484,2023,dry,annotated,0,531588.8704,5021636.537,0.185335803222656,0.357037036132813,0.1370086426,127.741188,4.26170826,198,3.573529412,6300,-0.416595459,0,0,5
13302741,2023,dry,annotated,0,531628.1,5021667.3,0.126776000976562,0.2504693359375,0.03828000488,129.988327,4.248891354,342,3.040540541,6300,-0.11114502,0,0,5
13231314,2023,glint,annotated,0,525194.5313,5019751.406,0.170453125,0.2799125,0.0960375,67.13464355,3.494758844,162,2.181818182,111600,0.017669678,0,0,5
13232329,2023,dry,annotated,0,525297.9074,5019877.981,0.0853,0.158953088378906,0.07556173096,117.4625854,14.24295425,729,5.522727273,111600,0.017700195,0.985704958,0.886200607,3
13232866,2023,glint,annotated,0,525335.4894,5020026.096,0.152875537109375,0.238484033203125,0.1052117065,66.68109894,11.0826807,180,3.916666667,111600,-0.349090576,0.182464436,0.047281329,4.840425491
13233182,2023,dry,annotated,0,525363.8898,5019872.924,0.08642373046875,0.141344067382812,0.09842033691,98.44252014,6.201967716,144,2.95,111600,0.017669678,0.286189288,0.136485279,4.44067812
13233517,2023,dry,annotated,0,525400.4388,5019758.745,0.112270751953125,0.218968701171875,0.1311455688,102.3093414,22.93149948,324,5.37804878,111600,0.00604248,0.331107438,0.23288317,4.503401279
13230809,2023,deep_viz,annotated,0,525155.7273,5019953.809,0.04547454528808593,0.04217999877929686,0.01857817992999999,35.03372192,0.538658321,990,6.875,111600,0.017669678,1,1,2
13231536,2023,deep_viz,annotated,0,525216.3785,5019862.949,0.0454233642578125,0.04469532775878906,0.01926355285999999,34.66836166,0.544007719,963,6.97826087,111600,0.017669678,1,1,2
13231839,2023,deep_viz,annotated,0,525249.6351,5020017.446,0.04678648681640625,0.04406576538085937,0.018054953,35.20107651,0.46019122,999,7.239130435,111600,0.017669678,1,1,1.990990996
13232735,2023,co_precise,annotated,1,525342.7134,5019861.329,0.05393414916992187,0.07555487670898436,0.04740853882,98.77336884,21.88888931,1386,7.235294118,111600,0.017669678,0.805884659,0.442192763,3.701219559
13200803,2023,shallow_viz,annotated,1,522609.5649,5019783.974,0.0347025970458984,0.0506486999511719,0.1776376526,129.6972198,3.410657167,1170,7.965517241,5400,0.003845215,0.11084915,0,5
13200692,2023,dry,annotated,0,522598.8684,5019803.447,0.053026318359375,0.109254382324219,0.111292981,128.0819702,4.362147808,162,3.166666667,5400,-0.190216064,0.012631579,0,5
13659765,2023,co_precise,annotated,1,504761.3667,4987699.883,0.0413183319091797,0.0959261108398438,0.1892138794,101.0522995,3.90173912,1521,8.4375,60300,0.630401611,0,0,5
13657099,2023,dry,annotated,0,504498.1721,4987637.631,0.116504919433594,0.280959008789062,0.05417539063,104.5597076,7.180830002,108,3.155172414,60300,-1.871063232,0,0,5
13659064,2023,dry,annotated,0,504685.9655,4987785.155,0.0715896545410156,0.165863793945313,0.06792067871,99.89930725,5.83700037,522,2.806451613,60300,0.561645508,0,0,5
13659088,2023,dry,annotated,0,504692.473,4987853.757,0.0823513488769531,0.208467578125,0.0474621582,98.24238586,3.661619902,666,3.083333333,60300,0.459075928,0,0,5
13661475,2023,glint,annotated,0,504914.5526,4987791.737,0.17514912109375,0.34795263671875,0.1377903564,123.2110901,2.016381025,1026,6.576923077,60300,-0.089569092,0,0,5
13686944,2023,shallow_viz,annotated,1,507368.5,4987408.394,0.0383751770019531,0.0768134765625,0.1323879395,121.2701263,26.61205673,945,7.553571429,27000,0.079681396,0.513997793,0,4.255319118
13688515,2023,co_precise,annotated,1,507519.0564,4987529.019,0.0395428558349609,0.07450751953125,0.1530932373,130.7403412,5.183472633,1197,6.879310345,27000,0.021881104,0.314844131,0,4
13687089,2023,dry,annotated,0,507395.9643,4987294.214,0.0810821411132813,0.17969404296875,0.07217619629,133.6825256,5.417776108,108,2.333333333,27000,-0.253417969,0.015873017,0,5
13688279,2023,dry,annotated,0,507485.7759,4987447.328,0.0614310363769531,0.123877014160156,0.1213402222,118.1182327,22.84278679,783,4.660714286,27000,-0.183441162,0.206896558,0,4.781609058
13689118,2023,dry,annotated,0,507571.9688,4987490.625,0.1292515625,0.2502375,0.0321390625,105.2691269,29.37558556,117,3.555555556,27000,-0.437866211,0,0,5
13710105,2023,co_precise,annotated,1,509462.1038,4988721.651,0.0572874206542969,0.128969177246094,0.2124402466,108.7256775,5.73893404,1431,8.224137931,6300,0.030303955,0,0,5
13710024,2023,dry,annotated,0,509445.5172,4988690.017,0.0940051696777344,0.214693115234375,0.09803791504,90.25333405,50.19669724,522,3.782608696,6300,-0.052001953,0,0,5
13710220,2023,dry,annotated,0,509470.0636,4988751.191,0.0754709106445312,0.192880004882813,0.1373290771,98.31336975,2.794098377,441,3.586956522,6300,0.007324219,0,0,5
13761906,2023,co_precise,annotated,1,514160.2181,4987517.074,0.0459968078613281,0.100407446289062,0.1718383057,97.38192749,13.19500065,999,8.545454545,1800,0.038421631,0.007184305,0,4.968085289
13761804,2023,dry,annotated,0,514139.1316,4987495.461,0.073573681640625,0.158186840820313,0.1095052734,129.9823303,8.506676674,288,3.931034483,1800,-0.036071777,0.070083804,0,4.4342103
13761856,2023,co_precise,annotated,1,514152.2189,4987084.159,0.0394027038574219,0.0769578369140625,0.2104837891,105.3947983,3.824786901,1404,8.671875,38700,0.046813965,0,0,5
13762061,2023,co_precise,annotated,1,514172.2178,4987308.046,0.038290185546875,0.0767564392089844,0.2189582825,114.1949158,6.77570343,1350,8.15,38700,0.037750244,0,0,5
13761985,2023,dry,annotated,0,514162.5,4987200.24,0.130765002441406,0.2706669921875,0.05201000977,108.8068542,12.62162113,261,4.6875,38700,-0.249176025,0.047727276,0,4.659999847
13762280,2023,dry,annotated,0,514185,4987273.21,0.10749677734375,0.210612915039062,0.1289177246,114.0640106,6.583612442,558,4.894736842,38700,-0.141143799,0,0,5
13763050,2023,dry,annotated,0,514257.5,4987184.682,0.0908909118652344,0.19369697265625,0.1360424316,119.993576,14.49544334,261,1.98,38700,-0.091003418,0,0,5
13763603,2023,co_precise,annotated,1,514330.12,4986682.18,0.0438526672363281,0.0937833312988281,0.1892019958,113.7175903,7.468589783,1314,7.03125,24300,0.123565674,0.238674477,0,4.193333149
13765325,2023,co_precise,annotated,1,514485.5724,4986791.309,0.0373118408203125,0.082836181640625,0.1892842041,134.6715088,7.870059967,1197,7.125,24300,0.255371094,0.029605264,0,5
13764369,2023,dry,annotated,0,514403.1667,4986754.833,0.0691888916015625,0.141514819335937,0.1165333252,125.2418823,8.001994133,171,2.382352941,24300,0.099853516,0.032748118,0,5
13764867,2023,dry,annotated,0,514459.9286,4986816.738,0.0703127014160156,0.18328095703125,0.1270047607,94.59277344,10.67467117,459,3.15,24300,0.064544678,0,0,5
13765925,2023,dry,annotated,0,514539.6935,4986800.855,0.109475268554688,0.2467978515625,0.059,79.76392365,9.210542679,540,4.359375,24300,-0.462463379,0.007168459,0,5
13828635,2023,co_precise,annotated,1,520422.8607,4990070.336,0.0370532775878906,0.0620180297851562,0.1476516479,149.2655945,1.805454969,1098,7.625,19800,0.266601563,0.095762931,0,5
13828800,2023,co_precise,annotated,1,520446.8622,4990007.823,0.0353259857177734,0.0660291320800781,0.2481141785,103.5191956,3.647180319,1143,7.055555556,19800,0.198669434,0.054938644,0,5
13828319,2023,dry,annotated,0,520386.4091,4990015.045,0.0850828308105469,0.201555554199219,0.1210454468,86.93334961,2.206444502,684,5.303571429,19800,-0.399078369,0,0,5
13829107,2023,dry,annotated,0,520475.1071,4989921.75,0.0819916687011719,0.20226904296875,0.1192619141,75.34873199,2.60312748,531,6,19800,-0.639038086,0.007326007,0,5
13829257,2023,dry,annotated,0,520508.2636,4989839.973,0.0728400024414062,0.15873818359375,0.1509436279,90.91340637,4.30239439,189,2.578125,19800,0.020751953,0.029033929,0,5
13830941,2023,co_precise,annotated,1,520718.881,4991723.333,0.0491777770996094,0.0781833312988281,0.1752444519,146.3749237,1.363966703,882,6.75,42300,0.190795898,0.041611724,0.007518798,4.793650627
13830528,2023,dry,annotated,0,520667.3226,4991778.581,0.0726677429199219,0.147140319824219,0.1134467651,115.7465286,12.30153084,522,2.818181818,42300,0.066833496,0,0,5
13830689,2023,dry,annotated,0,520690.3525,4991626.918,0.107980322265625,0.256978686523438,0.05139753418,85.31600952,4.971365452,1098,4.815789474,42300,-0.197845459,0,0,5
13832744,2023,dry,annotated,0,520904.617,4991721.16,0.149880847167969,0.298223413085938,0.04006171875,146.5652771,0.827305734,675,5.423076923,42300,0.404937744,0,0,5
13829280,2023,shallow_viz,annotated,1,520506.1258,4992026.913,0.0533741943359375,0.123777416992188,0.1625470947,108.7651215,3.418633461,837,7.75,15300,0.094696045,0,0,5
13830077,2023,co_precise,annotated,1,520609.2037,4991925.315,0.051491357421875,0.10774814453125,0.1795419678,120.7986984,4.370305061,729,4.5,15300,0.116699219,0.290960222,0,4.123456955
13829729,2023,dry,annotated,0,520568.0893,4992020.813,0.0925133911132812,0.1947875,0.06894106445,108.3971558,5.529171944,216,5.793103448,15300,-0.235168457,0,0,5
13829931,2023,dry,annotated,0,520598.9571,4991864.729,0.0633866638183594,0.141797143554688,0.1364495117,121.8375931,6.510375977,765,4.256756757,15300,0.086151123,0.050793655,0,4.857142925
13830252,2023,dry,annotated,0,520623.0556,4991932.778,0.0857537048339844,0.189229626464844,0.1019129761,106.5233078,10.77975368,450,2.892857143,15300,-0.002166748,0.040061727,0,4.944444656
13830842,2023,co_precise,annotated,1,520708.7973,4992090.932,0.0621990966796875,0.124836938476563,0.1415639648,142.6585388,3.852673531,567,5.203125,1800,0.029785156,0.010048511,0,5
13830783,2023,dry,annotated,0,520710.9217,4992073.464,0.0877831298828125,0.183655419921875,0.07240480957,131.233078,13.59981632,243,3.1125,1800,-0.016113281,0,0,5
13830686,2023,co_precise,annotated,1,520690.1719,4994658.492,0.043071875,0.10576171875,0.2097070313,93.1634903,3.591308117,1125,7.111111111,9000,0.031097412,0.040690105,0,5
13830936,2023,shallow_viz,annotated,1,520718.1863,4994690.676,0.0381869293212891,0.0834901977539062,0.2236039185,93.62580109,3.896182299,1377,7.65,9000,0.051818848,0.041666668,0,5
13830329,2023,dry,annotated,0,520640.91,4994694,0.068322998046875,0.170457995605469,0.1362089966,102.2989349,6.71248579,207,5.555555556,9000,-0.18157959,0.009583334,0,5
13830906,2023,dry,annotated,0,520725.3,4994637.54,0.0826659973144531,0.2332080078125,0.0884079834,88.26987457,3.121724844,135,2.884615385,9000,-0.065948486,0.012500001,0,5
13831477,2023,dry,annotated,0,520774.5275,4994687.491,0.09616513671875,0.288954125976563,0.05386972656,80.38266754,2.142426491,261,5.45,9000,-0.459777832,0,0,5
13830110,2023,hugo_precise,annotated,1,520617.1364,4998463.617,0.039606494140625,0.0714766235351563,0.1734649292,137.8829956,7.605192184,558,7.451612903,8100,0.028930664,0.339302123,0.02291826,4.597402573
13830092,2023,dry,annotated,0,520600.0227,4998510.273,0.0615272705078125,0.128427270507812,0.123195459,113.1580505,30.9420948,207,3,8100,-0.87979126,0.055023927,0,5
13830341,2023,dry,annotated,0,520662.569,4998407.121,0.082422412109375,0.170643103027344,0.01841551514,148.8865814,1.282191873,171,2.485714286,8100,-0.189849854,0.108019851,0,5
13830616,2023,dry,annotated,0,520682.7381,4998486.5,0.0701015869140625,0.133976196289062,0.06070158691,148.9570007,1.460723877,144,2.953125,8100,-0.161132813,0.101587296,0,4.746031761
13830133,2023,co_precise,annotated,1,520623.2717,4998947.02,0.0351157470703125,0.0567913391113281,0.1423362244,135.4079132,8.496006966,1062,7.055555556,51300,0.022888184,0.345199853,0.02610858,4.425196648
13831330,2023,dry,annotated,0,520775.1774,4999138.132,0.118598706054688,0.2272361328125,0.05075484619,126.4896545,5.567134857,108,5.961538462,51300,-0.43939209,0,0,5
13831474,2023,dry,annotated,0,520779.4817,4999195.032,0.0675981628417969,0.143527526855469,0.03024036865,141.6632233,1.721673846,666,3.027777778,51300,-0.345214844,0.057174556,0.030420087,4.889908314
13831829,2023,dry,annotated,0,520802.8091,4999012.936,0.103740002441406,0.184994543457031,0.009087268066,145.2086182,0.767725229,216,2.578125,51300,-0.32220459,0.091866031,0.046889953,5
13176640,2023,co_precise,annotated,1,520503.7051,5000248.91,0.042705126953125,0.0869521362304688,0.1047,138.3910828,3.336419821,270,6.5,16200,0.015045166,0.064717062,0.013495278,5
13829438,2023,shallow_viz,annotated,1,520533.0214,5000058.236,0.0440757141113281,0.0883935729980469,0.09971286011,136.3426971,6.585684776,738,7.5,16200,0.004882813,0.14458333,0,4.342857361
13176641,2023,dry,annotated,0,520502.7,5000210.85,0.0497716674804687,0.111926672363281,0.07933665771,141.9312134,1.989809632,324,3.214285714,16200,-0.027557373,0.023311546,0.001754386,5
13177283,2023,dry,annotated,0,520559.875,5000381.833,0.0669458312988281,0.129959716796875,0.1176027832,131.8490295,11.82870007,324,3.483870968,16200,0.118286133,0.104319856,0.002192982,5
13829800,2023,dry,annotated,0,520563.5211,5000022.995,0.07090947265625,0.12930947265625,0.1200989502,126.4049149,24.2083168,162,4.318181818,16200,0.019317627,0.147889584,0.038781162,4.915789604
13830396,2023,shallow_viz,annotated,1,520655.1957,4999957.413,0.0417405792236328,0.0757036254882812,0.1712739136,152.000946,0.672824383,1242,7.392857143,28800,-0.004302979,0.436452538,0.05259132,3.086956501
13830426,2023,co_precise,annotated,1,520660.76,5000091.18,0.0413473327636719,0.0750239990234375,0.1726306641,150.9218445,0.776410341,1350,7.75862069,28800,-0.024078369,0.44497034,0.050000001,3
13830008,2023,dry,annotated,0,520597.1216,5000008.338,0.0692189208984375,0.137489184570313,0.1485135254,114.7313766,23.95379639,828,5.74137931,28800,-0.192169189,0.23130548,0.051785998,4.171171188
13830066,2023,dry,annotated,0,520611.5323,4999922.274,0.0662080627441406,0.136729028320313,0.1742193604,137.8942261,18.29371643,306,3.206896552,28800,-0.060668945,0.124270357,0.041935485,4.451612949
13831040,2023,dry,annotated,0,520725.9231,5000032.038,0.0753961547851563,0.134076928710937,0.1181711426,149.7672729,0.928559542,324,2.689655172,28800,-0.040344238,0.230190858,0.050000001,3.923076868
13074345,2023,co_precise,annotated,1,510156.6037,5000434.427,0.0549536560058594,0.0894378051757812,0.1485999878,117.6740036,6.187333584,1260,7.935483871,8100,-0.054107666,0.040716685,0.013157895,5
13074192,2023,dry,annotated,0,510137.5658,5000342.487,0.0618907897949219,0.125056579589844,0.06513552246,130.4048309,3.201481104,387,3.677419355,8100,-0.115631104,0.015263157,0,5
12970838,2023,co_precise,annotated,1,498338.4706,5000332.147,0.0523977966308594,0.089625732421875,0.1733536865,100.7082138,7.429207802,909,7.285714286,3600,0.079650879,0.113817401,0,4.477941036
12970972,2023,shallow_viz,annotated,1,498371.7701,5000323.807,0.0545408752441406,0.106983215332031,0.1514313843,104.0615768,11.12447834,945,6.85,3600,0.078796387,0.049635038,0,4.905109406
12970856,2023,dry,annotated,0,498350.4706,5000399.824,0.127108825683594,0.204808813476562,0.06214118652,90.42326355,28.83166313,162,1.888888889,3600,-1.100128174,0,0,5
13562893,2023,co_precise,annotated,1,489965.069,4998977.638,0.0359258605957031,0.0923706909179688,0.1807611938,112.8306961,5.30018568,1035,6.214285714,22500,0.772338867,0.026272578,0,5
13561579,2023,dry,annotated,0,489793.0412,4998941.171,0.0781341186523438,0.193656469726563,0.100245874,99.19501495,5.33535099,576,3.109756098,22500,-0.397216797,0,0,4.999999523
13561939,2023,dry,annotated,0,489842.8107,4998956.49,0.0763446594238281,0.18661748046875,0.1139398193,98.71086884,4.545301437,927,4.175675676,22500,-0.383880615,0,0,5
13564144,2023,dry,annotated,0,490135,4999040.111,0.0777416687011719,0.181910180664063,0.1348333496,88.97466278,6.89576292,648,4.764705882,22500,0.911834717,0,0,5
13518384,2023,co_precise,annotated,1,485581.5,4998970.229,0.0419699249267578,0.097318798828125,0.182951886,138.5371094,16.20253181,999,7.98,16200,0.580322266,0,0,5
13518572,2023,shallow_viz,annotated,1,485601.693,4999030.921,0.0422274841308594,0.0956309936523438,0.1348304077,122.7172089,11.17154026,1350,7.328571429,16200,0.57711792,0.098014213,0,5
13518028,2023,dry,annotated,0,485552.0156,4999019.297,0.095715625,0.21036875,0.084403125,117.3410797,5.337272644,576,2.666666667,16200,0.174804688,0,0,5
13518759,2023,dry,annotated,0,485615.3692,4999094.93,0.123623364257813,0.262546728515625,0.09022149658,121.2666626,3.212393284,954,5.944444444,16200,-0.210388184,0,0,5
13518832,2023,dry,annotated,0,485618.5333,4998998.033,0.0594244445800781,0.128393334960937,0.1356966797,118.1611786,10.83156872,243,3.970588235,16200,0.524993896,0.078596063,0,5
13518052,2023,co_precise,annotated,1,485561.3774,4998915.835,0.0464957550048828,0.104646704101563,0.1887914978,120.0023422,20.59913063,1089,8.833333333,1800,0.026397705,0,0,5
13517976,2023,dry,annotated,0,485538.2222,4998896,0.121672216796875,0.250977783203125,0.1201740723,144.5231934,2.357637644,108,2.793103448,1800,-0.167907715,0,0,5
12490369,2023,co_precise,annotated,1,480636.1103,4998573.551,0.0606852966308594,0.121860290527344,0.1628705811,134.4219971,24.35961533,756,7.285714286,1800,0.048583984,0.05921052,0,5
12490604,2023,dry,annotated,0,480657.4481,4998579.136,0.07358701171875,0.160449353027344,0.1311039063,130.3614655,14.36492062,279,3.397058824,1800,-0.047729492,0.051264528,0,5
12652727,2023,dry,annotated,0,459082.9545,4947384.591,0.113525256347656,0.24132626953125,0.03781311035,103.7912598,21.08571053,135,4.5,12600,-0.976806641,0,0,5
12652957,2023,dry,annotated,0,459105.1842,4947465.921,0.0784771911621094,0.172814038085938,0.1121789551,125.1056213,17.59824562,135,2.948275862,12600,-0.417541504,0,0,5
12653532,2023,dry,annotated,0,459228.2368,4947375.395,0.0724894714355469,0.167008776855469,0.1620350708,102.1821365,28.54393005,342,2.671875,12600,-0.22052002,0.002063983,0.042105269,5
12653036,2023,co_precise,annotated,1,459128.3538,4947398.054,0.03421692199707031,0.07502692260742187,0.2268846252,103.0290451,9.254477501,1143,7.222222222,12600,0.102600098,0.011965812,0,5
12642177,2023,shallow_viz,annotated,1,457626.4927,4947089.091,0.0587956176757813,0.112402917480469,0.1681817505,138.9180298,5.041251659,1134,7.086206897,12600,0.073913574,0.048661802,0,5
12642417,2023,co_precise,annotated,1,457658.0111,4947114.856,0.0562451843261719,0.102694812011719,0.1738992554,133.5876007,7.606384754,1161,7.5,12600,0.181335449,0.088183433,0,5
12642176,2023,dry,annotated,0,457630.3947,4947125.553,0.0984210510253906,0.199636840820312,0.05121228027,139.8191376,31.18272209,126,2.671875,12600,-0.361694336,0.025730995,0,5
12642189,2023,dry,annotated,0,457632.2857,4947059.714,0.0688976196289063,0.142014282226563,0.1381722168,136.922821,6.649209023,1044,5.727272727,12600,-0.136535645,0.002645503,0,5
12642418,2023,dry,annotated,0,457662.2391,4947009.674,0.0966811584472656,0.197052172851563,0.05602172852,124.8106461,63.95207214,441,3.833333333,12600,-0.340698242,0,0,5
12641463,2023,co_precise,annotated,1,457516.3741,4943648.99,0.0456881134033203,0.0758811218261719,0.1511524475,140.7970276,14.09017372,1260,6.5,26100,0.175231934,0.044246193,0.249883458,5
12640192,2023,dry,annotated,0,457356.6711,4943703.276,0.108978942871094,0.228888159179687,0.06895131836,149.6956177,1.56210351,117,3.931034483,26100,-1.100708008,0,0.012218044,5
12641464,2023,dry,annotated,0,457514.9516,4943591.629,0.11850107421875,0.240134399414063,0.04606882324,148.2589569,2.287606955,108,4.982142857,26100,-1.250427246,0,0.008602151,5
12641727,2023,dry,annotated,0,457564.6111,4943654.222,0.091674072265625,0.197616662597656,0.05936851807,141.8694,5.573683739,171,3.115384615,26100,-0.672546387,0,0.046913583,5
12642950,2023,co_precise,annotated,1,457731.1486,4942901.23,0.03173603515625,0.0639198181152344,0.2077369446,91.65505219,13.66557503,747,6.9375,41400,0.013000488,0,0,5
12643450,2023,dry,annotated,0,457812.0714,4943345.398,0.0635380981445312,0.140606127929687,0.1233033936,91.06455994,23.80958748,999,5.653846154,41400,-0.013305664,0,0,5
12643635,2023,dry,annotated,0,457817.4153,4943110.347,0.0549677978515625,0.113172875976563,0.1541932373,96.7297821,25.32507706,135,3.277777778,41400,-0.073242188,0,0,5
12643800,2023,dry,annotated,0,457851.2089,4943002.044,0.0700924072265625,0.143326586914062,0.08532023926,95.08325195,16.93574905,153,3.95,41400,-0.077392578,0,0,5
21994686,2023,co_precise,annotated,1,538919.5376,4801450.5,0.0746947387695313,0.1006849609375,0.04823984985,20.94084167,0.963478744,567,7.125,36000,0.002075195,0.425179482,0.695777893,4.375939846
21994794,2023,dry,annotated,0,538954.7471,4801323.018,0.0837305908203125,0.159151770019531,0.1082988281,33.17099762,23.04786873,459,2.833333333,36000,0.002075195,0.496197283,0.843636334,4.411764622
21995021,2023,dry,annotated,0,539050.8846,4801443.115,0.0795179504394531,0.1640294921875,0.1243474396,21.03150749,0.732526004,306,4.034482759,36000,0.002075195,0.189743578,0.715628803,5
21995430,2023,dry,annotated,0,539188.7759,4801453.362,0.0750241394042969,0.138018395996094,0.09470920105,26.07544136,0.9281317,693,4.078125,36000,0.002075195,0.066956148,0.704790175,5
21994462,2023,co_precise,annotated,1,538836.4655,4798051.578,0.0512482788085937,0.0419862060546875,0.005484481812,19.70548058,12.5579052,1044,7.565217391,145800,0.004974365,0.552362204,1,5
21993135,2023,dry,annotated,0,538364.8077,4797691.346,0.0880987182617188,0.174303845214844,0.1301628204,47.3392601,10.43476486,630,3.342857143,145800,0.004974365,0,0.491645306,5
21993576,2023,dry,annotated,0,538530.1271,4797986.975,0.102759326171875,0.200922033691406,0.1519186432,65.49738312,8.469694138,495,2.95,145800,0.004974365,0.007532957,0.479734719,5
21993766,2023,glint,annotated,0,538587.3488,4798024.465,0.153266284179687,0.289318603515625,0.2436488373,74.54187012,18.09629631,774,3.909090909,145800,0.005004883,0.016133307,0.276162803,5
21994557,2023,dry,annotated,0,538877.1503,4798157.192,0.137341955566406,0.28305244140625,0.2329132813,54.19083786,10.90403938,972,6.703125,145800,0.004974365,0,0,5
21988646,2023,dry,annotated,0,536824.0758,4797507.167,0.114916162109375,0.3022,0.1390595947,73.43192291,50.3651886,243,4.013513514,51300,-1.021606445,0.159090906,0.404499531,5
21988863,2023,dry,annotated,0,536888.5435,4797667.5,0.06885,0.144723913574219,0.07158043823,25.45591927,11.67873573,405,2.875,51300,-0.134765625,0.649425268,0.87093997,4.847826004
21989185,2023,dry,annotated,0,536995.6837,4797814.378,0.0823489807128906,0.242485717773437,0.1428836792,28.31524086,16.35585785,162,2.227272727,51300,-0.835845947,0.022857143,0.548277795,5
21988927,2023,co_precise,annotated,1,536918.4265,4797787.632,0.04865294189453125,0.09099632568359375,0.03651029663,19.62231445,7.809807301,972,7.034482759,51300,-0.835876465,0.365712076,0.774776161,4.772058964
22032409,2023,co_precise,annotated,1,535768.9894,4789514.011,0.0423226959228516,0.0779553161621094,0.0353460968,11.10495758,0.560887873,1269,7.553571429,238500,-1.57220459,0.299954981,0.916386724,5
22032053,2023,dry,annotated,0,535393.1897,4789727.017,0.0882471252441406,0.249018383789062,0.129856311,67.72385406,46.54297256,108,4.35,238500,-2.595397949,0.235717118,0.212643683,4.045977116
22032663,2023,dry,annotated,0,536015.5446,4789561.098,0.0837678588867188,0.282485717773438,0.06997233887,71.35166168,4.810386658,162,6.461538462,238500,-4.759521484,0.087693363,0.071853742,5
22032843,2023,dry,annotated,0,536166.2191,4789726.972,0.101458428955078,0.228574145507812,0.1533887512,38.41820526,15.2247963,279,4.306451613,238500,-2.320343018,0.111460671,0.48317036,4.651685238
22033336,2023,deep_viz,annotated,0,536527.0321,4789697.656,0.04367247619628906,0.03427522888183593,0.00477706604,24.11791229,0.464014381,981,7.108695652,130500,0.67868042,1,1,3
22033402,2023,deep_viz,annotated,0,536557.6376,4789848.124,0.04333119201660156,0.03275321044921875,0.003051376343,22.36377144,0.632751584,981,7.785714286,130500,0.67868042,1,1,3
22033406,2023,dry,annotated,0,536571.0865,4789589.394,0.11442115478515626,0.257797119140625,0.09105096436,94.4695282,34.88448334,252,4.216216216,130500,-1.848846436,0.22300297,0.295304716,4.730769157
22033519,2023,co_precise,annotated,1,536603.2105,4790059.605,0.04622719421386719,0.07329035034179687,0.03287543945,20.03311348,0.78841579,1026,6.333333333,130500,-0.587615967,0.425008625,0.985797822,4.719298363
22033637,2023,deep_viz,annotated,0,536645.7056,4789969.921,0.03877944030761719,0.031553271484375,0.001342990112,20.14775848,0.38617754,963,7.642857143,130500,0.106781006,1,1,2
22033878,2023,dry,annotated,0,536816.1579,4790096.947,0.14871578369140626,0.3283622802734375,0.1888368408,121.8041992,34.83453369,261,5.34375,130500,-1.857299805,0,0.178070173,5
22033881,2023,dry,annotated,0,536833.5316,4789897.279,0.12961368408203125,0.2804610595703125,0.07968947754,106.4327164,35.13160324,117,4.596774194,130500,-2.101654053,0.060818713,0.338310242,5
